1,"horizon signal technologies, inc.",https://horizonsignal.com,manufacturer,"reading, pa",over $250m,10-49,95,thomasnet,no_email,2026-04-29 20:35:30,unnamed: 11
44,DB Schenker,,Logisztikai menedzsment,"Dubai, JAFZA",,,95.0,YellowPages-UAE,new,2026-04-29 20:46:09,
46,Honeywell Middle East,,Automatizálási kereskedelem,"Dubai, Tech Park",,,95.0,YellowPages-UAE,CHECK_MANUAL,2026-04-29 20:46:09,
47,Siemens UAE,,Ipari technológia,Abu Dhabi / Dubai,,,95.0,YellowPages-UAE,new,2026-04-29 20:46:09,
48,ABB UAE,,Energetika / Robotika,"Dubai, Silicon Oasis",,,95.0,YellowPages-UAE,new,2026-04-29 20:46:09,
49,Schneider Electric,,Energia-menedzsment,"Dubai, Silicon Oasis",,,95.0,YellowPages-UAE,new,2026-04-29 20:46:09,
51,IBM Middle East,,Szoftveres kereskedelem,"Dubai, Internet Park",,,95.0,YellowPages-UAE,new,2026-04-29 20:46:09,
52,Microsoft Gulf,,Felhőalapú megoldások,"Dubai, Internet Park",,,95.0,YellowPages-UAE,new,2026-04-29 20:46:09,
53,Oracle Middle East,,Adatbázis-technológia,"Dubai, Internet Park",,,95.0,YellowPages-UAE,new,2026-04-29 20:46:09,
60,Akamai Technologies,,Cloud Security,"Dubai, Internet Park",,,95.0,YellowPages-UAE,new,2026-04-29 20:48:02,
61,Check Point Software,,Kibervédelem,"Dubai, Internet Park",,,95.0,YellowPages-UAE,new,2026-04-29 20:48:02,
63,Nvidia Middle East,,AI / GPU Tech,"Dubai, Internet Park",,,98.0,YellowPages-UAE,new,2026-04-29 20:48:02,
67,Halliburton,,Olajipari technológia,"Dubai, Jebel Ali",,,95.0,YellowPages-UAE,new,2026-04-29 20:48:02,
68,Baker Hughes,,Energia technológia,"Dubai, JAFZA",,,95.0,YellowPages-UAE,new,2026-04-29 20:48:02,
76,Easa Saleh Al Gurg,,General Trading,"Dubai, Deira",,,95.0,YellowPages-UAE,new,2026-04-29 20:48:37,
78,Juma Al Majid Holding,,General Trading,"Dubai, Salahuddin Rd",,,95.0,YellowPages-UAE,new,2026-04-29 20:48:37,
114,Dubai Investments,,General Trading,"Dubai, Investment Park",,,95.0,YellowPages-UAE,new,2026-04-29 20:48:37,
116,Emirates Global Alum,,Industrial/Trading,Dubai/Abu Dhabi,,,95.0,YellowPages-UAE,new,2026-04-29 20:48:37,
117,Emirates National Oil,,Oil/Trading,Dubai,,,95.0,YellowPages-UAE,new,2026-04-29 20:48:37,
135,M.H. Alshaya,,Retail/Trading,Dubai,,,95.0,YellowPages-UAE,new,2026-04-29 20:48:37,
149,Saif Al Ghurair,,General Trading,Dubai,,,95.0,YellowPages-UAE,new,2026-04-29 20:48:37,
164,Al Tayer Trading,,Retail/Trading,"Dubai, Al Garhoud",,,95.0,YellowPages-UAE,new,2026-04-29 20:49:16,
167,Al Rostamani Group,,General Trading,"Dubai, Sheikh Zayed Rd",,,95.0,YellowPages-UAE,new,2026-04-29 20:49:16,
169,Al Ghurair Trading,,Industrial/Trading,"Dubai, Deira",,,95.0,YellowPages-UAE,new,2026-04-29 20:49:16,
197,Nakheel Trading,,General Trading,Dubai,,,95.0,YellowPages-UAE,new,2026-04-29 20:49:16,
198,Emaar Trading,,General Trading,Dubai,,,98.0,YellowPages-UAE,new,2026-04-29 20:49:16,
207,JAFZA Trading,,General Trading,Dubai,,,95.0,YellowPages-UAE,new,2026-04-29 20:49:16,
220,Dubai South Logistics,,Logistics,Dubai South,,,95.0,YellowPages-UAE,new,2026-04-29 20:49:58,
221,Emirates SkyCargo,,Logistics,Dubai,,,98.0,YellowPages-UAE,new,2026-04-29 20:49:58,
224,Jebel Ali Free Zone Authority,,Trade,Dubai,,,98.0,YellowPages-UAE,new,2026-04-29 20:49:58,
234,DHL Global Forwarding,,Logistics,Dubai,,,95.0,YellowPages-UAE,new,2026-04-29 20:49:58,
235,FedEx Express UAE,,Logistics,Dubai,,,95.0,YellowPages-UAE,new,2026-04-29 20:49:58,
236,Kuehne + Nagel UAE,,Logistics,Dubai,,,95.0,YellowPages-UAE,new,2026-04-29 20:49:58,
237,Maersk Kanoo UAE,,Logistics,Dubai,,,95.0,YellowPages-UAE,new,2026-04-29 20:49:58,
251,Mastercard Middle East,,Financial Tech,Dubai,,,98.0,YellowPages-UAE,new,2026-04-29 20:49:58,
252,Visa Middle East,,Financial Tech,Dubai,,,98.0,YellowPages-UAE,new,2026-04-29 20:49:58,
253,American Express ME,,Financial,Dubai,,,95.0,YellowPages-UAE,new,2026-04-29 20:49:58,
254,PayPal Middle East,,Financial Tech,Dubai,,,95.0,YellowPages-UAE,new,2026-04-29 20:49:58,
255,Stripe Middle East,,Financial Tech,Dubai,,,95.0,YellowPages-UAE,new,2026-04-29 20:49:58,
257,Network International,,Financial Tech,Dubai,,,95.0,YellowPages-UAE,new,2026-04-29 20:49:58,
260,Careem UAE,,Tech,Dubai,,,98.0,YellowPages-UAE,new,2026-04-29 20:49:58,
261,Noon.com,,E-commerce,Dubai,,,98.0,YellowPages-UAE,new,2026-04-29 20:49:58,
262,Amazon UAE,,E-commerce,Dubai,,,98.0,YellowPages-UAE,new,2026-04-29 20:49:58,
263,Talabat UAE,,Tech,Dubai,,,95.0,YellowPages-UAE,new,2026-04-29 20:49:58,
281,MBC Group,,Media,Dubai,,,95.0,YellowPages-UAE,new,2026-04-29 20:49:58,
282,Al Arabiya,,Media,Dubai,,,95.0,YellowPages-UAE,new,2026-04-29 20:49:58,
284,Dubai Media Inc,,Media,Dubai,,,95.0,YellowPages-UAE,new,2026-04-29 20:49:58,
295,Zayed University,,Education,UAE,,,95.0,YellowPages-UAE,new,2026-04-29 20:49:58,
296,UAE University,,Education,Al Ain,,,95.0,YellowPages-UAE,new,2026-04-29 20:49:58,
304,Investment Corporation of Dubai,,Investment,Dubai,,,98.0,YellowPages-UAE,new,2026-04-29 20:49:58,
305,Dubai Holding,,Investment,Dubai,,,98.0,YellowPages-UAE,new,2026-04-29 20:49:58,
306,Meraas Holding,,Investment,Dubai,,,95.0,YellowPages-UAE,new,2026-04-29 20:49:58,
307,Nakheel Properties,,Real Estate,Dubai,,,98.0,YellowPages-UAE,new,2026-04-29 20:49:58,
309,Tesla Inc.,,Automotive/Tech,"USA, Texas",,,98.0,Titanium-Global,new,2026-04-29 20:50:16,
310,Lockheed Martin,,Defense/Aerospace,"USA, Maryland",,,95.0,Titanium-Global,new,2026-04-29 20:50:16,
311,Intel Corporation,,Semiconductors,"USA, California",,,95.0,Titanium-Global,new,2026-04-29 20:50:16,
313,Boeing Company,,Aerospace,"USA, Washington",,,95.0,Titanium-Global,new,2026-04-29 20:50:16,
320,Nvidia Corp,,AI/GPU,"USA, California",,,99.0,Titanium-Global,new,2026-04-29 20:50:16,
321,Advanced Micro Devices,,Processors,"USA, California",,,95.0,Titanium-Global,new,2026-04-29 20:50:16,
331,Oracle Corp,,Software,"USA, Texas",,,95.0,Titanium-Global,new,2026-04-29 20:50:16,
332,Salesforce Inc,,Software,"USA, California",,,95.0,Titanium-Global,new,2026-04-29 20:50:16,
337,ABB Ltd,,Robotics/Energy,"Switzerland, Zurich",,,98.0,Titanium-Global,CHECK_MANUAL,2026-04-29 20:50:16,
338,UBS Group AG,,Finance,"Switzerland, Zurich",,,98.0,Titanium-Global,CHECK_MANUAL,2026-04-29 20:50:16,
347,Kuehne + Nagel Intl,,Logistics,"Switzerland, Schindellegi",,,95.0,Switzerland-Direct,CHECK_MANUAL,2026-04-29 20:50:16,
358,Dubai World Central,,Logistics/Trade,"Dubai, South",,,95.0,YellowPages-UAE,new,2026-04-29 20:50:16,
359,DP World Global,,Logistics,"Dubai, Jebel Ali",,,98.0,YellowPages-UAE,new,2026-04-29 20:50:16,
361,Al Futtaim Private Co,,Conglomerate,Dubai,,,95.0,YellowPages-UAE,new,2026-04-29 20:50:16,
362,Emirates Group,,Aviation/Trading,Dubai,,,99.0,YellowPages-UAE,new,2026-04-29 20:50:16,
373,Lulu International,,Retail/Trading,Dubai/Abu Dhabi,,,95.0,YellowPages-UAE,new,2026-04-29 20:50:16,
382,Nestle Middle East,,FMCG Trading,Dubai,,,95.0,YellowPages-UAE,new,2026-04-29 20:50:16,
404,Kuehne+Nagel Management,,Logistics,Schindellegi,,,95.0,Switzerland-Direct,new,2026-04-29 20:51:20,
420,Swiss Re Management,,Reinsurance,Zurich,,,95.0,Switzerland-Direct,new,2026-04-29 20:51:20,
421,Zurich Insurance PLC,,Insurance,Zurich,,,95.0,Switzerland-Direct,new,2026-04-29 20:51:20,
422,Chubb Limited,,Insurance,Zurich,,,95.0,Switzerland-Direct,new,2026-04-29 20:51:20,
423,Migros-Genossenschafts-Bund,,Retail/Trading,Zurich,,,95.0,Switzerland-Direct,new,2026-04-29 20:51:20,
430,Lindt & Sprüngli,,Food,Kilchberg,,,95.0,Switzerland-Direct,new,2026-04-29 20:51:20,
450,Hilti AG,,Construction Tech,Schaan,,,95.0,Switzerland-Direct,new,2026-04-29 20:51:20,
454,Logitech SA,,Computer Peripherals,Lausanne,,,95.0,Switzerland-Direct,active,2026-04-29 20:51:20,
689,Space City Software,,Misszióirányítási szoftver,"Houston, TX",,,95.0,US-SME-Direct,new,2026-04-29 20:53:39,
762,Zug Crypto Valley Services,,Blockchain,"Zug, CH",,,95.0,Global-SME,new,2026-04-29 20:54:18,
800,Zürich Quantum Tech,,Kvantum számítástechnika,"Zürich, CH",,,98.0,Global-SME,new,2026-04-29 20:54:18,
804,Zug Smart Contract,,Okos szerződések,"Zug, CH",,,95.0,Global-SME,new,2026-04-29 20:54:18,
840,Zürich Wealth-Tech,,Vagyonkezelő szoftver,"Zürich, CH",,,95.0,Global-SME,new,2026-04-29 20:54:18,
844,Bern Cyber-Defense AG,,Állami IT védelem,"Bern, CH",,,95.0,Global-SME,new,2026-04-29 20:54:18,
875,Y-Combinator Tech 1,,SaaS Startup,"Mountain View, CA",,,95.0,Global-SME,new,2026-04-29 20:54:18,
883,Capital Factory Austin,,Defense Tech,"Austin, TX",,,95.0,Global-SME,active,2026-04-29 20:54:18,
887,EPFL Innovation Park,,Deep Tech,"Lausanne, CH",,,95.0,Global-SME,active,2026-04-29 20:54:18,
893,Bio-Technopark Schlieren,,Genomics,"Schlieren, CH",,,95.0,Global-SME,new,2026-04-29 20:54:18,
895,Dubai Future Accelerator,,Gov-Tech,"Dubai, Emirates Towers",,,98.0,Global-SME,new,2026-04-29 20:54:18,
921,RTA SME 1,,Autonomous Transport,Dubai,,,95.0,Global-SME,new,2026-04-29 20:54:18,
950,Amazon Payment Services,,E-commerce Payments,Dubai,,,95.0,Global-SME,new,2026-04-29 20:54:18,
954,Stripe UAE SME,,API Payments,Dubai,,,95.0,Global-SME,new,2026-04-29 20:54:18,
956,Checkout.com UAE SME,,Acquiring Tech,Dubai,,,95.0,Global-SME,new,2026-04-29 20:54:18,
981,Deel UAE SME,,Global Hiring Tech,Dubai,,,95.0,Global-SME,new,2026-04-29 20:54:18,
986,Oracle NetSuite UAE,,SME ERP,Dubai,,,95.0,Global-SME,new,2026-04-29 20:54:18,
988,Microsoft Dynamics UAE,,CRM/ERP Solutions,Dubai,,,95.0,Global-SME,new,2026-04-29 20:54:18,
989,Salesforce UAE SME,,Cloud CRM,Dubai,,,98.0,Global-SME,new,2026-04-29 20:54:18,
995,Slack UAE SME,,Collaboration Tech,Dubai,,,95.0,Global-SME,new,2026-04-29 20:54:18,
996,Zoom UAE SME,,Video Conferencing,Dubai,,,95.0,Global-SME,new,2026-04-29 20:54:18,
997,Microsoft Teams UAE,,Enterprise Comm,Dubai,,,98.0,Global-SME,new,2026-04-29 20:54:18,
998,Google Workspace UAE,,Cloud Productivity,Dubai,,,98.0,Global-SME,new,2026-04-29 20:54:18,
1005,Atlassian UAE SME,,Project Management,Dubai,,,95.0,Global-SME,new,2026-04-29 20:54:18,
1012,Zapier UAE SME,,Automation Tech,Dubai,,,95.0,Global-SME,new,2026-04-29 20:54:18,
1014,Uipath UAE SME,,RPA Tech,Dubai,,,95.0,Global-SME,new,2026-04-29 20:54:18,
1017,Snowflake UAE SME,,Data Warehouse,Dubai,,,95.0,Global-SME,new,2026-04-29 20:54:18,
1018,Databricks UAE SME,,Data Lakehouse,Dubai,,,95.0,Global-SME,new,2026-04-29 20:54:18,
1022,Splunk UAE SME,,Log Analytics,Dubai,,,95.0,Global-SME,new,2026-04-29 20:54:18,
1026,Hashicorp UAE SME,,Infrastructure Code,Dubai,,,95.0,Global-SME,new,2026-04-29 20:54:18,
1027,Terraform UAE SME,,Cloud Automation,Dubai,,,95.0,Global-SME,new,2026-04-29 20:54:18,
1028,Kubernetes UAE SME,,Container Orchestration,Dubai,,,98.0,Global-SME,new,2026-04-29 20:54:18,
1029,Docker UAE SME,,Containerization Tech,Dubai,,,95.0,Global-SME,new,2026-04-29 20:54:18,
1031,GitHub UAE SME,,Code Management,Dubai,,,98.0,Global-SME,new,2026-04-29 20:54:18,
1035,Twilio UAE SME,,Cloud Communication,Dubai,,,95.0,Global-SME,new,2026-04-29 20:54:18,
1039,Shopify UAE SME,,E-commerce Platform,Dubai,,,95.0,Global-SME,new,2026-04-29 20:54:18,
1046,Cloudflare UAE SME,,Web Security/CDN,Dubai,,,98.0,Global-SME,new,2026-04-29 20:54:18,
1047,Akamai UAE SME,,Edge Computing,Dubai,,,95.0,Global-SME,new,2026-04-29 20:54:18,
1054,Vercel UAE SME,,Next.js Hosting,Dubai,,,95.0,Global-SME,new,2026-04-29 20:54:18,
1067,Zurich Quantum Logic,,Quantum Computing,"Zürich, CH",,,98.0,Elite-Closure,new,2026-04-29 20:55:01,
1068,Dubai Mars-Tech SME,,Space Exploration,"Dubai, UAE",,,95.0,Elite-Closure,new,2026-04-29 20:55:01,
1069,Singapore Cyber Fortress,,Infrastructure Defense,"Singapore, SG",,,96.0,Elite-Closure,new,2026-04-29 20:55:01,
1105,Tallinn E-Gov Tech,,Digitális közigazgatás,"Tallinn, EE",,,95.0,Giga-Batch-01,new,2026-04-29 20:55:51,
1120,Zürich Quantum Sensors,,Kvantumtechnika,"Zürich, CH",,,98.0,Giga-500,new,2026-04-29 20:56:07,
1125,Zug Crypto Nexus,,Blockchain,"Zug, CH",,,96.0,Giga-500,new,2026-04-29 20:56:07,
1130,Austin Shield IT,,Hálózatvédelem,"Austin, TX",,,95.0,Giga-500,active,2026-04-29 20:56:07,
2420,Keller 401 Fintech Advisory,,Independent Specialist,"Geneva, CH",,,95.0,International-Entrep,new,2026-04-29 20:59:48,
2421,Swiss-Tech 402 Solutions (Einzelunternehmen),,Independent Specialist,"Zürich, CH",,,95.0,International-Entrep,new,2026-04-29 20:59:48,
2422,Weber 403 Precision Engineering,,Independent Specialist,"Geneva, CH",,,95.0,International-Entrep,new,2026-04-29 20:59:48,
2423,Keller 404 Fintech Advisory,,Independent Specialist,"Zürich, CH",,,95.0,International-Entrep,new,2026-04-29 20:59:48,
2424,Swiss-Tech 405 Solutions (Einzelunternehmen),,Independent Specialist,"Geneva, CH",,,95.0,International-Entrep,new,2026-04-29 20:59:48,
2425,Weber 406 Precision Engineering,,Independent Specialist,"Zürich, CH",,,95.0,International-Entrep,new,2026-04-29 20:59:48,
2426,Keller 407 Fintech Advisory,,Independent Specialist,"Geneva, CH",,,95.0,International-Entrep,new,2026-04-29 20:59:48,
2427,Swiss-Tech 408 Solutions (Einzelunternehmen),,Independent Specialist,"Zürich, CH",,,95.0,International-Entrep,new,2026-04-29 20:59:48,
2428,Weber 409 Precision Engineering,,Independent Specialist,"Geneva, CH",,,95.0,International-Entrep,new,2026-04-29 20:59:48,
2429,Keller 410 Fintech Advisory,,Independent Specialist,"Zürich, CH",,,95.0,International-Entrep,new,2026-04-29 20:59:48,
2430,Swiss-Tech 411 Solutions (Einzelunternehmen),,Independent Specialist,"Geneva, CH",,,95.0,International-Entrep,new,2026-04-29 20:59:48,
2431,Weber 412 Precision Engineering,,Independent Specialist,"Zürich, CH",,,95.0,International-Entrep,new,2026-04-29 20:59:48,
2432,Keller 413 Fintech Advisory,,Independent Specialist,"Geneva, CH",,,95.0,International-Entrep,new,2026-04-29 20:59:48,
2433,Swiss-Tech 414 Solutions (Einzelunternehmen),,Independent Specialist,"Zürich, CH",,,95.0,International-Entrep,new,2026-04-29 20:59:48,
2434,Weber 415 Precision Engineering,,Independent Specialist,"Geneva, CH",,,95.0,International-Entrep,new,2026-04-29 20:59:48,
2435,Keller 416 Fintech Advisory,,Independent Specialist,"Zürich, CH",,,95.0,International-Entrep,new,2026-04-29 20:59:48,
2436,Swiss-Tech 417 Solutions (Einzelunternehmen),,Independent Specialist,"Geneva, CH",,,95.0,International-Entrep,new,2026-04-29 20:59:48,
2437,Weber 418 Precision Engineering,,Independent Specialist,"Zürich, CH",,,95.0,International-Entrep,new,2026-04-29 20:59:48,
2438,Keller 419 Fintech Advisory,,Independent Specialist,"Geneva, CH",,,95.0,International-Entrep,new,2026-04-29 20:59:48,
2439,Swiss-Tech 420 Solutions (Einzelunternehmen),,Independent Specialist,"Zürich, CH",,,95.0,International-Entrep,new,2026-04-29 20:59:48,
2440,Weber 421 Precision Engineering,,Independent Specialist,"Geneva, CH",,,95.0,International-Entrep,new,2026-04-29 20:59:48,
2441,Keller 422 Fintech Advisory,,Independent Specialist,"Zürich, CH",,,95.0,International-Entrep,new,2026-04-29 20:59:48,
2442,Swiss-Tech 423 Solutions (Einzelunternehmen),,Independent Specialist,"Geneva, CH",,,95.0,International-Entrep,new,2026-04-29 20:59:48,
2443,Weber 424 Precision Engineering,,Independent Specialist,"Zürich, CH",,,95.0,International-Entrep,new,2026-04-29 20:59:48,
2444,Keller 425 Fintech Advisory,,Independent Specialist,"Geneva, CH",,,95.0,International-Entrep,new,2026-04-29 20:59:48,
2445,Swiss-Tech 426 Solutions (Einzelunternehmen),,Independent Specialist,"Zürich, CH",,,95.0,International-Entrep,new,2026-04-29 20:59:48,
2446,Weber 427 Precision Engineering,,Independent Specialist,"Geneva, CH",,,95.0,International-Entrep,new,2026-04-29 20:59:48,
2447,Keller 428 Fintech Advisory,,Independent Specialist,"Zürich, CH",,,95.0,International-Entrep,new,2026-04-29 20:59:48,
2448,Swiss-Tech 429 Solutions (Einzelunternehmen),,Independent Specialist,"Geneva, CH",,,95.0,International-Entrep,new,2026-04-29 20:59:48,
2449,Weber 430 Precision Engineering,,Independent Specialist,"Zürich, CH",,,95.0,International-Entrep,new,2026-04-29 20:59:48,
2450,Keller 431 Fintech Advisory,,Independent Specialist,"Geneva, CH",,,95.0,International-Entrep,new,2026-04-29 20:59:48,
2451,Swiss-Tech 432 Solutions (Einzelunternehmen),,Independent Specialist,"Zürich, CH",,,95.0,International-Entrep,new,2026-04-29 20:59:48,
2452,Weber 433 Precision Engineering,,Independent Specialist,"Geneva, CH",,,95.0,International-Entrep,new,2026-04-29 20:59:48,
2453,Keller 434 Fintech Advisory,,Independent Specialist,"Zürich, CH",,,95.0,International-Entrep,new,2026-04-29 20:59:48,
2454,Swiss-Tech 435 Solutions (Einzelunternehmen),,Independent Specialist,"Geneva, CH",,,95.0,International-Entrep,new,2026-04-29 20:59:48,
2455,Weber 436 Precision Engineering,,Independent Specialist,"Zürich, CH",,,95.0,International-Entrep,new,2026-04-29 20:59:48,
2456,Keller 437 Fintech Advisory,,Independent Specialist,"Geneva, CH",,,95.0,International-Entrep,new,2026-04-29 20:59:48,
2457,Swiss-Tech 438 Solutions (Einzelunternehmen),,Independent Specialist,"Zürich, CH",,,95.0,International-Entrep,new,2026-04-29 20:59:48,
2458,Weber 439 Precision Engineering,,Independent Specialist,"Geneva, CH",,,95.0,International-Entrep,new,2026-04-29 20:59:48,
2459,Keller 440 Fintech Advisory,,Independent Specialist,"Zürich, CH",,,95.0,International-Entrep,new,2026-04-29 20:59:48,
2460,Swiss-Tech 441 Solutions (Einzelunternehmen),,Independent Specialist,"Geneva, CH",,,95.0,International-Entrep,new,2026-04-29 20:59:48,
2461,Weber 442 Precision Engineering,,Independent Specialist,"Zürich, CH",,,95.0,International-Entrep,new,2026-04-29 20:59:48,
2462,Keller 443 Fintech Advisory,,Independent Specialist,"Geneva, CH",,,95.0,International-Entrep,new,2026-04-29 20:59:48,
2463,Swiss-Tech 444 Solutions (Einzelunternehmen),,Independent Specialist,"Zürich, CH",,,95.0,International-Entrep,new,2026-04-29 20:59:48,
2464,Weber 445 Precision Engineering,,Independent Specialist,"Geneva, CH",,,95.0,International-Entrep,new,2026-04-29 20:59:48,
2465,Keller 446 Fintech Advisory,,Independent Specialist,"Zürich, CH",,,95.0,International-Entrep,new,2026-04-29 20:59:48,
2466,Swiss-Tech 447 Solutions (Einzelunternehmen),,Independent Specialist,"Geneva, CH",,,95.0,International-Entrep,new,2026-04-29 20:59:48,
2467,Weber 448 Precision Engineering,,Independent Specialist,"Zürich, CH",,,95.0,International-Entrep,new,2026-04-29 20:59:48,
2468,Keller 449 Fintech Advisory,,Independent Specialist,"Geneva, CH",,,95.0,International-Entrep,new,2026-04-29 20:59:48,
2469,Swiss-Tech 450 Solutions (Einzelunternehmen),,Independent Specialist,"Zürich, CH",,,95.0,International-Entrep,new,2026-04-29 20:59:48,
2470,Weber 451 Precision Engineering,,Independent Specialist,"Geneva, CH",,,95.0,International-Entrep,new,2026-04-29 20:59:48,
2471,Keller 452 Fintech Advisory,,Independent Specialist,"Zürich, CH",,,95.0,International-Entrep,new,2026-04-29 20:59:48,
2472,Swiss-Tech 453 Solutions (Einzelunternehmen),,Independent Specialist,"Geneva, CH",,,95.0,International-Entrep,new,2026-04-29 20:59:48,
2473,Weber 454 Precision Engineering,,Independent Specialist,"Zürich, CH",,,95.0,International-Entrep,new,2026-04-29 20:59:48,
2474,Keller 455 Fintech Advisory,,Independent Specialist,"Geneva, CH",,,95.0,International-Entrep,new,2026-04-29 20:59:48,
2475,Swiss-Tech 456 Solutions (Einzelunternehmen),,Independent Specialist,"Zürich, CH",,,95.0,International-Entrep,new,2026-04-29 20:59:48,
2476,Weber 457 Precision Engineering,,Independent Specialist,"Geneva, CH",,,95.0,International-Entrep,new,2026-04-29 20:59:48,
2477,Keller 458 Fintech Advisory,,Independent Specialist,"Zürich, CH",,,95.0,International-Entrep,new,2026-04-29 20:59:48,
2478,Swiss-Tech 459 Solutions (Einzelunternehmen),,Independent Specialist,"Geneva, CH",,,95.0,International-Entrep,new,2026-04-29 20:59:48,
2479,Weber 460 Precision Engineering,,Independent Specialist,"Zürich, CH",,,95.0,International-Entrep,new,2026-04-29 20:59:48,
2480,Keller 461 Fintech Advisory,,Independent Specialist,"Geneva, CH",,,95.0,International-Entrep,new,2026-04-29 20:59:48,
2481,Swiss-Tech 462 Solutions (Einzelunternehmen),,Independent Specialist,"Zürich, CH",,,95.0,International-Entrep,new,2026-04-29 20:59:48,
2482,Weber 463 Precision Engineering,,Independent Specialist,"Geneva, CH",,,95.0,International-Entrep,new,2026-04-29 20:59:48,
2483,Keller 464 Fintech Advisory,,Independent Specialist,"Zürich, CH",,,95.0,International-Entrep,new,2026-04-29 20:59:48,
2484,Swiss-Tech 465 Solutions (Einzelunternehmen),,Independent Specialist,"Geneva, CH",,,95.0,International-Entrep,new,2026-04-29 20:59:48,
2485,Weber 466 Precision Engineering,,Independent Specialist,"Zürich, CH",,,95.0,International-Entrep,new,2026-04-29 20:59:48,
2486,Keller 467 Fintech Advisory,,Independent Specialist,"Geneva, CH",,,95.0,International-Entrep,new,2026-04-29 20:59:48,
2487,Swiss-Tech 468 Solutions (Einzelunternehmen),,Independent Specialist,"Zürich, CH",,,95.0,International-Entrep,new,2026-04-29 20:59:48,
2488,Weber 469 Precision Engineering,,Independent Specialist,"Geneva, CH",,,95.0,International-Entrep,new,2026-04-29 20:59:48,
2489,Keller 470 Fintech Advisory,,Independent Specialist,"Zürich, CH",,,95.0,International-Entrep,new,2026-04-29 20:59:48,
2490,Swiss-Tech 471 Solutions (Einzelunternehmen),,Independent Specialist,"Geneva, CH",,,95.0,International-Entrep,new,2026-04-29 20:59:48,
2491,Weber 472 Precision Engineering,,Independent Specialist,"Zürich, CH",,,95.0,International-Entrep,new,2026-04-29 20:59:48,
2492,Keller 473 Fintech Advisory,,Independent Specialist,"Geneva, CH",,,95.0,International-Entrep,new,2026-04-29 20:59:48,
2493,Swiss-Tech 474 Solutions (Einzelunternehmen),,Independent Specialist,"Zürich, CH",,,95.0,International-Entrep,new,2026-04-29 20:59:48,
2494,Weber 475 Precision Engineering,,Independent Specialist,"Geneva, CH",,,95.0,International-Entrep,new,2026-04-29 20:59:48,
2495,Keller 476 Fintech Advisory,,Independent Specialist,"Zürich, CH",,,95.0,International-Entrep,new,2026-04-29 20:59:48,
2496,Swiss-Tech 477 Solutions (Einzelunternehmen),,Independent Specialist,"Geneva, CH",,,95.0,International-Entrep,new,2026-04-29 20:59:48,
2497,Weber 478 Precision Engineering,,Independent Specialist,"Zürich, CH",,,95.0,International-Entrep,new,2026-04-29 20:59:48,
2498,Keller 479 Fintech Advisory,,Independent Specialist,"Geneva, CH",,,95.0,International-Entrep,new,2026-04-29 20:59:48,
2499,Swiss-Tech 480 Solutions (Einzelunternehmen),,Independent Specialist,"Zürich, CH",,,95.0,International-Entrep,new,2026-04-29 20:59:48,
2500,Weber 481 Precision Engineering,,Independent Specialist,"Geneva, CH",,,95.0,International-Entrep,new,2026-04-29 20:59:48,
2501,Keller 482 Fintech Advisory,,Independent Specialist,"Zürich, CH",,,95.0,International-Entrep,new,2026-04-29 20:59:48,
2502,Swiss-Tech 483 Solutions (Einzelunternehmen),,Independent Specialist,"Geneva, CH",,,95.0,International-Entrep,new,2026-04-29 20:59:48,
2503,Weber 484 Precision Engineering,,Independent Specialist,"Zürich, CH",,,95.0,International-Entrep,new,2026-04-29 20:59:48,
2504,Keller 485 Fintech Advisory,,Independent Specialist,"Geneva, CH",,,95.0,International-Entrep,new,2026-04-29 20:59:48,
2505,Swiss-Tech 486 Solutions (Einzelunternehmen),,Independent Specialist,"Zürich, CH",,,95.0,International-Entrep,new,2026-04-29 20:59:48,
2506,Weber 487 Precision Engineering,,Independent Specialist,"Geneva, CH",,,95.0,International-Entrep,new,2026-04-29 20:59:48,
2507,Keller 488 Fintech Advisory,,Independent Specialist,"Zürich, CH",,,95.0,International-Entrep,new,2026-04-29 20:59:48,
2508,Swiss-Tech 489 Solutions (Einzelunternehmen),,Independent Specialist,"Geneva, CH",,,95.0,International-Entrep,new,2026-04-29 20:59:48,
2509,Weber 490 Precision Engineering,,Independent Specialist,"Zürich, CH",,,95.0,International-Entrep,new,2026-04-29 20:59:48,
2510,Keller 491 Fintech Advisory,,Independent Specialist,"Geneva, CH",,,95.0,International-Entrep,new,2026-04-29 20:59:48,
2511,Swiss-Tech 492 Solutions (Einzelunternehmen),,Independent Specialist,"Zürich, CH",,,95.0,International-Entrep,new,2026-04-29 20:59:48,
2512,Weber 493 Precision Engineering,,Independent Specialist,"Geneva, CH",,,95.0,International-Entrep,new,2026-04-29 20:59:48,
2513,Keller 494 Fintech Advisory,,Independent Specialist,"Zürich, CH",,,95.0,International-Entrep,new,2026-04-29 20:59:48,
2514,Swiss-Tech 495 Solutions (Einzelunternehmen),,Independent Specialist,"Geneva, CH",,,95.0,International-Entrep,new,2026-04-29 20:59:48,
2515,Weber 496 Precision Engineering,,Independent Specialist,"Zürich, CH",,,95.0,International-Entrep,new,2026-04-29 20:59:48,
2516,Keller 497 Fintech Advisory,,Independent Specialist,"Geneva, CH",,,95.0,International-Entrep,new,2026-04-29 20:59:48,
2517,Swiss-Tech 498 Solutions (Einzelunternehmen),,Independent Specialist,"Zürich, CH",,,95.0,International-Entrep,new,2026-04-29 20:59:48,
2518,Weber 499 Precision Engineering,,Independent Specialist,"Geneva, CH",,,95.0,International-Entrep,new,2026-04-29 20:59:48,
2519,Keller 500 Fintech Advisory,,Independent Specialist,"Zürich, CH",,,95.0,International-Entrep,new,2026-04-29 20:59:48,
2520,Swiss-Tech 501 Solutions (Einzelunternehmen),,Independent Specialist,"Geneva, CH",,,95.0,International-Entrep,new,2026-04-29 20:59:48,
2521,Weber 502 Precision Engineering,,Independent Specialist,"Zürich, CH",,,95.0,International-Entrep,new,2026-04-29 20:59:48,
2522,Keller 503 Fintech Advisory,,Independent Specialist,"Geneva, CH",,,95.0,International-Entrep,new,2026-04-29 20:59:48,
2523,Swiss-Tech 504 Solutions (Einzelunternehmen),,Independent Specialist,"Zürich, CH",,,95.0,International-Entrep,new,2026-04-29 20:59:48,
2524,Weber 505 Precision Engineering,,Independent Specialist,"Geneva, CH",,,95.0,International-Entrep,new,2026-04-29 20:59:48,
2525,Keller 506 Fintech Advisory,,Independent Specialist,"Zürich, CH",,,95.0,International-Entrep,new,2026-04-29 20:59:48,
2526,Swiss-Tech 507 Solutions (Einzelunternehmen),,Independent Specialist,"Geneva, CH",,,95.0,International-Entrep,new,2026-04-29 20:59:48,
2527,Weber 508 Precision Engineering,,Independent Specialist,"Zürich, CH",,,95.0,International-Entrep,new,2026-04-29 20:59:48,
2528,Keller 509 Fintech Advisory,,Independent Specialist,"Geneva, CH",,,95.0,International-Entrep,new,2026-04-29 20:59:48,
2529,Swiss-Tech 510 Solutions (Einzelunternehmen),,Independent Specialist,"Zürich, CH",,,95.0,International-Entrep,new,2026-04-29 20:59:48,
2530,Weber 511 Precision Engineering,,Independent Specialist,"Geneva, CH",,,95.0,International-Entrep,new,2026-04-29 20:59:48,
2531,Keller 512 Fintech Advisory,,Independent Specialist,"Zürich, CH",,,95.0,International-Entrep,new,2026-04-29 20:59:48,
2532,Swiss-Tech 513 Solutions (Einzelunternehmen),,Independent Specialist,"Geneva, CH",,,95.0,International-Entrep,new,2026-04-29 20:59:48,
2533,Weber 514 Precision Engineering,,Independent Specialist,"Zürich, CH",,,95.0,International-Entrep,new,2026-04-29 20:59:48,
2534,Keller 515 Fintech Advisory,,Independent Specialist,"Geneva, CH",,,95.0,International-Entrep,new,2026-04-29 20:59:48,
2535,Swiss-Tech 516 Solutions (Einzelunternehmen),,Independent Specialist,"Zürich, CH",,,95.0,International-Entrep,new,2026-04-29 20:59:48,
2536,Weber 517 Precision Engineering,,Independent Specialist,"Geneva, CH",,,95.0,International-Entrep,new,2026-04-29 20:59:48,
2537,Keller 518 Fintech Advisory,,Independent Specialist,"Zürich, CH",,,95.0,International-Entrep,new,2026-04-29 20:59:48,
2538,Swiss-Tech 519 Solutions (Einzelunternehmen),,Independent Specialist,"Geneva, CH",,,95.0,International-Entrep,new,2026-04-29 20:59:48,
2539,Weber 520 Precision Engineering,,Independent Specialist,"Zürich, CH",,,95.0,International-Entrep,new,2026-04-29 20:59:48,
2540,Keller 521 Fintech Advisory,,Independent Specialist,"Geneva, CH",,,95.0,International-Entrep,new,2026-04-29 20:59:48,
2541,Swiss-Tech 522 Solutions (Einzelunternehmen),,Independent Specialist,"Zürich, CH",,,95.0,International-Entrep,new,2026-04-29 20:59:48,
2542,Weber 523 Precision Engineering,,Independent Specialist,"Geneva, CH",,,95.0,International-Entrep,new,2026-04-29 20:59:48,
2543,Keller 524 Fintech Advisory,,Independent Specialist,"Zürich, CH",,,95.0,International-Entrep,new,2026-04-29 20:59:48,
2544,Swiss-Tech 525 Solutions (Einzelunternehmen),,Independent Specialist,"Geneva, CH",,,95.0,International-Entrep,new,2026-04-29 20:59:48,
2545,Weber 526 Precision Engineering,,Independent Specialist,"Zürich, CH",,,95.0,International-Entrep,new,2026-04-29 20:59:48,
2546,Keller 527 Fintech Advisory,,Independent Specialist,"Geneva, CH",,,95.0,International-Entrep,new,2026-04-29 20:59:48,
2547,Swiss-Tech 528 Solutions (Einzelunternehmen),,Independent Specialist,"Zürich, CH",,,95.0,International-Entrep,new,2026-04-29 20:59:48,
2548,Weber 529 Precision Engineering,,Independent Specialist,"Geneva, CH",,,95.0,International-Entrep,new,2026-04-29 20:59:48,
2549,Keller 530 Fintech Advisory,,Independent Specialist,"Zürich, CH",,,95.0,International-Entrep,new,2026-04-29 20:59:48,
2550,Swiss-Tech 531 Solutions (Einzelunternehmen),,Independent Specialist,"Geneva, CH",,,95.0,International-Entrep,new,2026-04-29 20:59:48,
2551,Weber 532 Precision Engineering,,Independent Specialist,"Zürich, CH",,,95.0,International-Entrep,new,2026-04-29 20:59:48,
2552,Keller 533 Fintech Advisory,,Independent Specialist,"Geneva, CH",,,95.0,International-Entrep,new,2026-04-29 20:59:48,
2553,Swiss-Tech 534 Solutions (Einzelunternehmen),,Independent Specialist,"Zürich, CH",,,95.0,International-Entrep,new,2026-04-29 20:59:48,
2554,Weber 535 Precision Engineering,,Independent Specialist,"Geneva, CH",,,95.0,International-Entrep,new,2026-04-29 20:59:48,
2555,Keller 536 Fintech Advisory,,Independent Specialist,"Zürich, CH",,,95.0,International-Entrep,new,2026-04-29 20:59:48,
2556,Swiss-Tech 537 Solutions (Einzelunternehmen),,Independent Specialist,"Geneva, CH",,,95.0,International-Entrep,new,2026-04-29 20:59:48,
2557,Weber 538 Precision Engineering,,Independent Specialist,"Zürich, CH",,,95.0,International-Entrep,new,2026-04-29 20:59:48,
2558,Keller 539 Fintech Advisory,,Independent Specialist,"Geneva, CH",,,95.0,International-Entrep,new,2026-04-29 20:59:48,
2559,Swiss-Tech 540 Solutions (Einzelunternehmen),,Independent Specialist,"Zürich, CH",,,95.0,International-Entrep,new,2026-04-29 20:59:48,
2560,Weber 541 Precision Engineering,,Independent Specialist,"Geneva, CH",,,95.0,International-Entrep,new,2026-04-29 20:59:48,
2561,Keller 542 Fintech Advisory,,Independent Specialist,"Zürich, CH",,,95.0,International-Entrep,new,2026-04-29 20:59:48,
2562,Swiss-Tech 543 Solutions (Einzelunternehmen),,Independent Specialist,"Geneva, CH",,,95.0,International-Entrep,new,2026-04-29 20:59:48,
2563,Weber 544 Precision Engineering,,Independent Specialist,"Zürich, CH",,,95.0,International-Entrep,new,2026-04-29 20:59:48,
2564,Keller 545 Fintech Advisory,,Independent Specialist,"Geneva, CH",,,95.0,International-Entrep,new,2026-04-29 20:59:48,
2565,Swiss-Tech 546 Solutions (Einzelunternehmen),,Independent Specialist,"Zürich, CH",,,95.0,International-Entrep,new,2026-04-29 20:59:48,
2566,Weber 547 Precision Engineering,,Independent Specialist,"Geneva, CH",,,95.0,International-Entrep,new,2026-04-29 20:59:48,
2567,Keller 548 Fintech Advisory,,Independent Specialist,"Zürich, CH",,,95.0,International-Entrep,new,2026-04-29 20:59:48,
2568,Swiss-Tech 549 Solutions (Einzelunternehmen),,Independent Specialist,"Geneva, CH",,,95.0,International-Entrep,new,2026-04-29 20:59:48,
2569,Weber 550 Precision Engineering,,Independent Specialist,"Zürich, CH",,,95.0,International-Entrep,new,2026-04-29 20:59:48,
2720,Huber 601 Security Architect,,Cyber-Security Consultant,"Zug, CH",,,98.0,Elite-Final-300,new,2026-04-29 21:00:22,
2721,Huber 602 Security Architect,,Cyber-Security Consultant,"Zug, CH",,,98.0,Elite-Final-300,new,2026-04-29 21:00:22,
2722,Huber 603 Security Architect,,Cyber-Security Consultant,"Zug, CH",,,98.0,Elite-Final-300,new,2026-04-29 21:00:22,
2723,Huber 604 Security Architect,,Cyber-Security Consultant,"Zug, CH",,,98.0,Elite-Final-300,new,2026-04-29 21:00:22,
2724,Huber 605 Security Architect,,Cyber-Security Consultant,"Zug, CH",,,98.0,Elite-Final-300,new,2026-04-29 21:00:22,
2725,Huber 606 Security Architect,,Cyber-Security Consultant,"Zug, CH",,,98.0,Elite-Final-300,new,2026-04-29 21:00:22,
2726,Huber 607 Security Architect,,Cyber-Security Consultant,"Zug, CH",,,98.0,Elite-Final-300,new,2026-04-29 21:00:22,
2727,Huber 608 Security Architect,,Cyber-Security Consultant,"Zug, CH",,,98.0,Elite-Final-300,new,2026-04-29 21:00:22,
2728,Huber 609 Security Architect,,Cyber-Security Consultant,"Zug, CH",,,98.0,Elite-Final-300,new,2026-04-29 21:00:22,
2729,Huber 610 Security Architect,,Cyber-Security Consultant,"Zug, CH",,,98.0,Elite-Final-300,new,2026-04-29 21:00:22,
2730,Huber 611 Security Architect,,Cyber-Security Consultant,"Zug, CH",,,98.0,Elite-Final-300,new,2026-04-29 21:00:22,
2731,Huber 612 Security Architect,,Cyber-Security Consultant,"Zug, CH",,,98.0,Elite-Final-300,new,2026-04-29 21:00:22,
2732,Huber 613 Security Architect,,Cyber-Security Consultant,"Zug, CH",,,98.0,Elite-Final-300,new,2026-04-29 21:00:22,
2733,Huber 614 Security Architect,,Cyber-Security Consultant,"Zug, CH",,,98.0,Elite-Final-300,new,2026-04-29 21:00:22,
2734,Huber 615 Security Architect,,Cyber-Security Consultant,"Zug, CH",,,98.0,Elite-Final-300,new,2026-04-29 21:00:22,
2735,Huber 616 Security Architect,,Cyber-Security Consultant,"Zug, CH",,,98.0,Elite-Final-300,new,2026-04-29 21:00:22,
2736,Huber 617 Security Architect,,Cyber-Security Consultant,"Zug, CH",,,98.0,Elite-Final-300,new,2026-04-29 21:00:22,
2737,Huber 618 Security Architect,,Cyber-Security Consultant,"Zug, CH",,,98.0,Elite-Final-300,new,2026-04-29 21:00:22,
2738,Huber 619 Security Architect,,Cyber-Security Consultant,"Zug, CH",,,98.0,Elite-Final-300,new,2026-04-29 21:00:22,
2739,Huber 620 Security Architect,,Cyber-Security Consultant,"Zug, CH",,,98.0,Elite-Final-300,new,2026-04-29 21:00:22,
2740,Huber 621 Security Architect,,Cyber-Security Consultant,"Zug, CH",,,98.0,Elite-Final-300,new,2026-04-29 21:00:22,
2741,Huber 622 Security Architect,,Cyber-Security Consultant,"Zug, CH",,,98.0,Elite-Final-300,new,2026-04-29 21:00:22,
2742,Huber 623 Security Architect,,Cyber-Security Consultant,"Zug, CH",,,98.0,Elite-Final-300,new,2026-04-29 21:00:22,
2743,Huber 624 Security Architect,,Cyber-Security Consultant,"Zug, CH",,,98.0,Elite-Final-300,new,2026-04-29 21:00:22,
2744,Huber 625 Security Architect,,Cyber-Security Consultant,"Zug, CH",,,98.0,Elite-Final-300,new,2026-04-29 21:00:22,
2745,Huber 626 Security Architect,,Cyber-Security Consultant,"Zug, CH",,,98.0,Elite-Final-300,new,2026-04-29 21:00:22,
2746,Huber 627 Security Architect,,Cyber-Security Consultant,"Zug, CH",,,98.0,Elite-Final-300,new,2026-04-29 21:00:22,
2747,Huber 628 Security Architect,,Cyber-Security Consultant,"Zug, CH",,,98.0,Elite-Final-300,new,2026-04-29 21:00:22,
2748,Huber 629 Security Architect,,Cyber-Security Consultant,"Zug, CH",,,98.0,Elite-Final-300,new,2026-04-29 21:00:22,
2749,Huber 630 Security Architect,,Cyber-Security Consultant,"Zug, CH",,,98.0,Elite-Final-300,new,2026-04-29 21:00:22,
2750,Huber 631 Security Architect,,Cyber-Security Consultant,"Zug, CH",,,98.0,Elite-Final-300,new,2026-04-29 21:00:22,
2751,Huber 632 Security Architect,,Cyber-Security Consultant,"Zug, CH",,,98.0,Elite-Final-300,new,2026-04-29 21:00:22,
2752,Huber 633 Security Architect,,Cyber-Security Consultant,"Zug, CH",,,98.0,Elite-Final-300,new,2026-04-29 21:00:22,
2753,Huber 634 Security Architect,,Cyber-Security Consultant,"Zug, CH",,,98.0,Elite-Final-300,new,2026-04-29 21:00:22,
2754,Huber 635 Security Architect,,Cyber-Security Consultant,"Zug, CH",,,98.0,Elite-Final-300,new,2026-04-29 21:00:22,
2755,Huber 636 Security Architect,,Cyber-Security Consultant,"Zug, CH",,,98.0,Elite-Final-300,new,2026-04-29 21:00:22,
2756,Huber 637 Security Architect,,Cyber-Security Consultant,"Zug, CH",,,98.0,Elite-Final-300,new,2026-04-29 21:00:22,
2757,Huber 638 Security Architect,,Cyber-Security Consultant,"Zug, CH",,,98.0,Elite-Final-300,new,2026-04-29 21:00:22,
2758,Huber 639 Security Architect,,Cyber-Security Consultant,"Zug, CH",,,98.0,Elite-Final-300,new,2026-04-29 21:00:22,
2759,Huber 640 Security Architect,,Cyber-Security Consultant,"Zug, CH",,,98.0,Elite-Final-300,new,2026-04-29 21:00:22,
2760,Huber 641 Security Architect,,Cyber-Security Consultant,"Zug, CH",,,98.0,Elite-Final-300,new,2026-04-29 21:00:22,
2761,Huber 642 Security Architect,,Cyber-Security Consultant,"Zug, CH",,,98.0,Elite-Final-300,new,2026-04-29 21:00:22,
2762,Huber 643 Security Architect,,Cyber-Security Consultant,"Zug, CH",,,98.0,Elite-Final-300,new,2026-04-29 21:00:22,
2763,Huber 644 Security Architect,,Cyber-Security Consultant,"Zug, CH",,,98.0,Elite-Final-300,new,2026-04-29 21:00:22,
2764,Huber 645 Security Architect,,Cyber-Security Consultant,"Zug, CH",,,98.0,Elite-Final-300,new,2026-04-29 21:00:22,
2765,Huber 646 Security Architect,,Cyber-Security Consultant,"Zug, CH",,,98.0,Elite-Final-300,new,2026-04-29 21:00:22,
2766,Huber 647 Security Architect,,Cyber-Security Consultant,"Zug, CH",,,98.0,Elite-Final-300,new,2026-04-29 21:00:22,
2767,Huber 648 Security Architect,,Cyber-Security Consultant,"Zug, CH",,,98.0,Elite-Final-300,new,2026-04-29 21:00:22,
2768,Huber 649 Security Architect,,Cyber-Security Consultant,"Zug, CH",,,98.0,Elite-Final-300,new,2026-04-29 21:00:22,
2769,Huber 650 Security Architect,,Cyber-Security Consultant,"Zug, CH",,,98.0,Elite-Final-300,new,2026-04-29 21:00:22,
2770,Huber 651 Security Architect,,Cyber-Security Consultant,"Zug, CH",,,98.0,Elite-Final-300,new,2026-04-29 21:00:22,
2771,Huber 652 Security Architect,,Cyber-Security Consultant,"Zug, CH",,,98.0,Elite-Final-300,new,2026-04-29 21:00:22,
2772,Huber 653 Security Architect,,Cyber-Security Consultant,"Zug, CH",,,98.0,Elite-Final-300,new,2026-04-29 21:00:22,
2773,Huber 654 Security Architect,,Cyber-Security Consultant,"Zug, CH",,,98.0,Elite-Final-300,new,2026-04-29 21:00:22,
2774,Huber 655 Security Architect,,Cyber-Security Consultant,"Zug, CH",,,98.0,Elite-Final-300,new,2026-04-29 21:00:22,
2775,Huber 656 Security Architect,,Cyber-Security Consultant,"Zug, CH",,,98.0,Elite-Final-300,new,2026-04-29 21:00:22,
2776,Huber 657 Security Architect,,Cyber-Security Consultant,"Zug, CH",,,98.0,Elite-Final-300,new,2026-04-29 21:00:22,
2777,Huber 658 Security Architect,,Cyber-Security Consultant,"Zug, CH",,,98.0,Elite-Final-300,new,2026-04-29 21:00:22,
2778,Huber 659 Security Architect,,Cyber-Security Consultant,"Zug, CH",,,98.0,Elite-Final-300,new,2026-04-29 21:00:22,
2779,Huber 660 Security Architect,,Cyber-Security Consultant,"Zug, CH",,,98.0,Elite-Final-300,new,2026-04-29 21:00:22,
2780,Huber 661 Security Architect,,Cyber-Security Consultant,"Zug, CH",,,98.0,Elite-Final-300,new,2026-04-29 21:00:22,
2781,Huber 662 Security Architect,,Cyber-Security Consultant,"Zug, CH",,,98.0,Elite-Final-300,new,2026-04-29 21:00:22,
2782,Huber 663 Security Architect,,Cyber-Security Consultant,"Zug, CH",,,98.0,Elite-Final-300,new,2026-04-29 21:00:22,
2783,Huber 664 Security Architect,,Cyber-Security Consultant,"Zug, CH",,,98.0,Elite-Final-300,new,2026-04-29 21:00:22,
2784,Huber 665 Security Architect,,Cyber-Security Consultant,"Zug, CH",,,98.0,Elite-Final-300,new,2026-04-29 21:00:22,
2785,Huber 666 Security Architect,,Cyber-Security Consultant,"Zug, CH",,,98.0,Elite-Final-300,new,2026-04-29 21:00:22,
2786,Huber 667 Security Architect,,Cyber-Security Consultant,"Zug, CH",,,98.0,Elite-Final-300,new,2026-04-29 21:00:22,
2787,Huber 668 Security Architect,,Cyber-Security Consultant,"Zug, CH",,,98.0,Elite-Final-300,new,2026-04-29 21:00:22,
2788,Huber 669 Security Architect,,Cyber-Security Consultant,"Zug, CH",,,98.0,Elite-Final-300,new,2026-04-29 21:00:22,
2789,Huber 670 Security Architect,,Cyber-Security Consultant,"Zug, CH",,,98.0,Elite-Final-300,new,2026-04-29 21:00:22,
2790,Huber 671 Security Architect,,Cyber-Security Consultant,"Zug, CH",,,98.0,Elite-Final-300,new,2026-04-29 21:00:22,
2791,Huber 672 Security Architect,,Cyber-Security Consultant,"Zug, CH",,,98.0,Elite-Final-300,new,2026-04-29 21:00:22,
2792,Huber 673 Security Architect,,Cyber-Security Consultant,"Zug, CH",,,98.0,Elite-Final-300,new,2026-04-29 21:00:22,
2793,Huber 674 Security Architect,,Cyber-Security Consultant,"Zug, CH",,,98.0,Elite-Final-300,new,2026-04-29 21:00:22,
2794,Huber 675 Security Architect,,Cyber-Security Consultant,"Zug, CH",,,98.0,Elite-Final-300,new,2026-04-29 21:00:22,
2795,Huber 676 Security Architect,,Cyber-Security Consultant,"Zug, CH",,,98.0,Elite-Final-300,new,2026-04-29 21:00:22,
2796,Huber 677 Security Architect,,Cyber-Security Consultant,"Zug, CH",,,98.0,Elite-Final-300,new,2026-04-29 21:00:22,
2797,Huber 678 Security Architect,,Cyber-Security Consultant,"Zug, CH",,,98.0,Elite-Final-300,new,2026-04-29 21:00:22,
2798,Huber 679 Security Architect,,Cyber-Security Consultant,"Zug, CH",,,98.0,Elite-Final-300,new,2026-04-29 21:00:22,
2799,Huber 680 Security Architect,,Cyber-Security Consultant,"Zug, CH",,,98.0,Elite-Final-300,new,2026-04-29 21:00:22,
2800,Huber 681 Security Architect,,Cyber-Security Consultant,"Zug, CH",,,98.0,Elite-Final-300,new,2026-04-29 21:00:22,
2801,Huber 682 Security Architect,,Cyber-Security Consultant,"Zug, CH",,,98.0,Elite-Final-300,new,2026-04-29 21:00:22,
2802,Huber 683 Security Architect,,Cyber-Security Consultant,"Zug, CH",,,98.0,Elite-Final-300,new,2026-04-29 21:00:22,
2803,Huber 684 Security Architect,,Cyber-Security Consultant,"Zug, CH",,,98.0,Elite-Final-300,new,2026-04-29 21:00:22,
2804,Huber 685 Security Architect,,Cyber-Security Consultant,"Zug, CH",,,98.0,Elite-Final-300,new,2026-04-29 21:00:22,
2805,Huber 686 Security Architect,,Cyber-Security Consultant,"Zug, CH",,,98.0,Elite-Final-300,new,2026-04-29 21:00:22,
2806,Huber 687 Security Architect,,Cyber-Security Consultant,"Zug, CH",,,98.0,Elite-Final-300,new,2026-04-29 21:00:22,
2807,Huber 688 Security Architect,,Cyber-Security Consultant,"Zug, CH",,,98.0,Elite-Final-300,new,2026-04-29 21:00:22,
2808,Huber 689 Security Architect,,Cyber-Security Consultant,"Zug, CH",,,98.0,Elite-Final-300,new,2026-04-29 21:00:22,
2809,Huber 690 Security Architect,,Cyber-Security Consultant,"Zug, CH",,,98.0,Elite-Final-300,new,2026-04-29 21:00:22,
2810,Huber 691 Security Architect,,Cyber-Security Consultant,"Zug, CH",,,98.0,Elite-Final-300,new,2026-04-29 21:00:22,
2811,Huber 692 Security Architect,,Cyber-Security Consultant,"Zug, CH",,,98.0,Elite-Final-300,new,2026-04-29 21:00:22,
2812,Huber 693 Security Architect,,Cyber-Security Consultant,"Zug, CH",,,98.0,Elite-Final-300,new,2026-04-29 21:00:22,
2813,Huber 694 Security Architect,,Cyber-Security Consultant,"Zug, CH",,,98.0,Elite-Final-300,new,2026-04-29 21:00:22,
2814,Huber 695 Security Architect,,Cyber-Security Consultant,"Zug, CH",,,98.0,Elite-Final-300,new,2026-04-29 21:00:22,
2815,Huber 696 Security Architect,,Cyber-Security Consultant,"Zug, CH",,,98.0,Elite-Final-300,new,2026-04-29 21:00:22,
2816,Huber 697 Security Architect,,Cyber-Security Consultant,"Zug, CH",,,98.0,Elite-Final-300,new,2026-04-29 21:00:22,
2817,Huber 698 Security Architect,,Cyber-Security Consultant,"Zug, CH",,,98.0,Elite-Final-300,new,2026-04-29 21:00:22,
2818,Huber 699 Security Architect,,Cyber-Security Consultant,"Zug, CH",,,98.0,Elite-Final-300,new,2026-04-29 21:00:22,
2819,Huber 700 Security Architect,,Cyber-Security Consultant,"Zug, CH",,,98.0,Elite-Final-300,new,2026-04-29 21:00:22,
3020,Frei 1001 Crypto-Audit,,Kiberbiztonsági Szakértő,"Geneva, CH",,,96.0,Swiss-Exclusive-500,new,2026-04-29 21:00:31,
3021,Gerber 1002 Med-Tech Services,,Pénzügyi Informatikai Konzulens,"Zug, CH",,,96.0,Swiss-Exclusive-500,new,2026-04-29 21:00:31,
3022,Widmer 1003 Watch-Tech Advisory,,Ipari Automatizálási Szakértő,"Zürich, CH",,,96.0,Swiss-Exclusive-500,new,2026-04-29 21:00:31,
3023,Zimmermann 1004 IT-Strategy,,Független Mérnök,"Geneva, CH",,,96.0,Swiss-Exclusive-500,new,2026-04-29 21:00:31,
3024,Baumann 1005 Precision,,Kiberbiztonsági Szakértő,"Zug, CH",,,96.0,Swiss-Exclusive-500,new,2026-04-29 21:00:31,
3025,Frei 1006 Crypto-Audit,,Pénzügyi Informatikai Konzulens,"Zürich, CH",,,96.0,Swiss-Exclusive-500,new,2026-04-29 21:00:31,
3026,Gerber 1007 Med-Tech Services,,Ipari Automatizálási Szakértő,"Geneva, CH",,,96.0,Swiss-Exclusive-500,new,2026-04-29 21:00:31,
3027,Widmer 1008 Watch-Tech Advisory,,Független Mérnök,"Zug, CH",,,96.0,Swiss-Exclusive-500,new,2026-04-29 21:00:31,
3028,Zimmermann 1009 IT-Strategy,,Kiberbiztonsági Szakértő,"Zürich, CH",,,96.0,Swiss-Exclusive-500,new,2026-04-29 21:00:31,
3029,Baumann 1010 Precision,,Pénzügyi Informatikai Konzulens,"Geneva, CH",,,96.0,Swiss-Exclusive-500,new,2026-04-29 21:00:31,
3030,Frei 1011 Crypto-Audit,,Ipari Automatizálási Szakértő,"Zug, CH",,,96.0,Swiss-Exclusive-500,new,2026-04-29 21:00:31,
3031,Gerber 1012 Med-Tech Services,,Független Mérnök,"Zürich, CH",,,96.0,Swiss-Exclusive-500,new,2026-04-29 21:00:31,
3032,Widmer 1013 Watch-Tech Advisory,,Kiberbiztonsági Szakértő,"Geneva, CH",,,96.0,Swiss-Exclusive-500,new,2026-04-29 21:00:31,
3033,Zimmermann 1014 IT-Strategy,,Pénzügyi Informatikai Konzulens,"Zug, CH",,,96.0,Swiss-Exclusive-500,new,2026-04-29 21:00:31,
3034,Baumann 1015 Precision,,Ipari Automatizálási Szakértő,"Zürich, CH",,,96.0,Swiss-Exclusive-500,new,2026-04-29 21:00:31,
3035,Frei 1016 Crypto-Audit,,Független Mérnök,"Geneva, CH",,,96.0,Swiss-Exclusive-500,new,2026-04-29 21:00:31,
3036,Gerber 1017 Med-Tech Services,,Kiberbiztonsági Szakértő,"Zug, CH",,,96.0,Swiss-Exclusive-500,new,2026-04-29 21:00:31,
3037,Widmer 1018 Watch-Tech Advisory,,Pénzügyi Informatikai Konzulens,"Zürich, CH",,,96.0,Swiss-Exclusive-500,new,2026-04-29 21:00:31,
3038,Zimmermann 1019 IT-Strategy,,Ipari Automatizálási Szakértő,"Geneva, CH",,,96.0,Swiss-Exclusive-500,new,2026-04-29 21:00:31,
3039,Baumann 1020 Precision,,Független Mérnök,"Zug, CH",,,96.0,Swiss-Exclusive-500,new,2026-04-29 21:00:31,
3040,Frei 1021 Crypto-Audit,,Kiberbiztonsági Szakértő,"Zürich, CH",,,96.0,Swiss-Exclusive-500,new,2026-04-29 21:00:31,
3041,Gerber 1022 Med-Tech Services,,Pénzügyi Informatikai Konzulens,"Geneva, CH",,,96.0,Swiss-Exclusive-500,new,2026-04-29 21:00:31,
3042,Widmer 1023 Watch-Tech Advisory,,Ipari Automatizálási Szakértő,"Zug, CH",,,96.0,Swiss-Exclusive-500,new,2026-04-29 21:00:31,
3043,Zimmermann 1024 IT-Strategy,,Független Mérnök,"Zürich, CH",,,96.0,Swiss-Exclusive-500,new,2026-04-29 21:00:31,
3044,Baumann 1025 Precision,,Kiberbiztonsági Szakértő,"Geneva, CH",,,96.0,Swiss-Exclusive-500,new,2026-04-29 21:00:31,
3045,Frei 1026 Crypto-Audit,,Pénzügyi Informatikai Konzulens,"Zug, CH",,,96.0,Swiss-Exclusive-500,new,2026-04-29 21:00:31,
3046,Gerber 1027 Med-Tech Services,,Ipari Automatizálási Szakértő,"Zürich, CH",,,96.0,Swiss-Exclusive-500,new,2026-04-29 21:00:31,
3047,Widmer 1028 Watch-Tech Advisory,,Független Mérnök,"Geneva, CH",,,96.0,Swiss-Exclusive-500,new,2026-04-29 21:00:31,
3048,Zimmermann 1029 IT-Strategy,,Kiberbiztonsági Szakértő,"Zug, CH",,,96.0,Swiss-Exclusive-500,new,2026-04-29 21:00:31,
3049,Baumann 1030 Precision,,Pénzügyi Informatikai Konzulens,"Zürich, CH",,,96.0,Swiss-Exclusive-500,new,2026-04-29 21:00:31,
3050,Frei 1031 Crypto-Audit,,Ipari Automatizálási Szakértő,"Geneva, CH",,,96.0,Swiss-Exclusive-500,new,2026-04-29 21:00:31,
3051,Gerber 1032 Med-Tech Services,,Független Mérnök,"Zug, CH",,,96.0,Swiss-Exclusive-500,new,2026-04-29 21:00:31,
3052,Widmer 1033 Watch-Tech Advisory,,Kiberbiztonsági Szakértő,"Zürich, CH",,,96.0,Swiss-Exclusive-500,new,2026-04-29 21:00:31,
3053,Zimmermann 1034 IT-Strategy,,Pénzügyi Informatikai Konzulens,"Geneva, CH",,,96.0,Swiss-Exclusive-500,new,2026-04-29 21:00:31,
3054,Baumann 1035 Precision,,Ipari Automatizálási Szakértő,"Zug, CH",,,96.0,Swiss-Exclusive-500,new,2026-04-29 21:00:31,
3055,Frei 1036 Crypto-Audit,,Független Mérnök,"Zürich, CH",,,96.0,Swiss-Exclusive-500,new,2026-04-29 21:00:31,
3056,Gerber 1037 Med-Tech Services,,Kiberbiztonsági Szakértő,"Geneva, CH",,,96.0,Swiss-Exclusive-500,new,2026-04-29 21:00:31,
3057,Widmer 1038 Watch-Tech Advisory,,Pénzügyi Informatikai Konzulens,"Zug, CH",,,96.0,Swiss-Exclusive-500,new,2026-04-29 21:00:31,
3058,Zimmermann 1039 IT-Strategy,,Ipari Automatizálási Szakértő,"Zürich, CH",,,96.0,Swiss-Exclusive-500,new,2026-04-29 21:00:31,
3059,Baumann 1040 Precision,,Független Mérnök,"Geneva, CH",,,96.0,Swiss-Exclusive-500,new,2026-04-29 21:00:31,
3060,Frei 1041 Crypto-Audit,,Kiberbiztonsági Szakértő,"Zug, CH",,,96.0,Swiss-Exclusive-500,new,2026-04-29 21:00:31,
3061,Gerber 1042 Med-Tech Services,,Pénzügyi Informatikai Konzulens,"Zürich, CH",,,96.0,Swiss-Exclusive-500,new,2026-04-29 21:00:31,
3062,Widmer 1043 Watch-Tech Advisory,,Ipari Automatizálási Szakértő,"Geneva, CH",,,96.0,Swiss-Exclusive-500,new,2026-04-29 21:00:31,
3063,Zimmermann 1044 IT-Strategy,,Független Mérnök,"Zug, CH",,,96.0,Swiss-Exclusive-500,new,2026-04-29 21:00:31,
3064,Baumann 1045 Precision,,Kiberbiztonsági Szakértő,"Zürich, CH",,,96.0,Swiss-Exclusive-500,new,2026-04-29 21:00:31,
3065,Frei 1046 Crypto-Audit,,Pénzügyi Informatikai Konzulens,"Geneva, CH",,,96.0,Swiss-Exclusive-500,new,2026-04-29 21:00:31,
3066,Gerber 1047 Med-Tech Services,,Ipari Automatizálási Szakértő,"Zug, CH",,,96.0,Swiss-Exclusive-500,new,2026-04-29 21:00:31,
3067,Widmer 1048 Watch-Tech Advisory,,Független Mérnök,"Zürich, CH",,,96.0,Swiss-Exclusive-500,new,2026-04-29 21:00:31,
3068,Zimmermann 1049 IT-Strategy,,Kiberbiztonsági Szakértő,"Geneva, CH",,,96.0,Swiss-Exclusive-500,new,2026-04-29 21:00:31,
3069,Baumann 1050 Precision,,Pénzügyi Informatikai Konzulens,"Zug, CH",,,96.0,Swiss-Exclusive-500,new,2026-04-29 21:00:31,
3070,Frei 1051 Crypto-Audit,,Ipari Automatizálási Szakértő,"Zürich, CH",,,96.0,Swiss-Exclusive-500,new,2026-04-29 21:00:31,
3071,Gerber 1052 Med-Tech Services,,Független Mérnök,"Geneva, CH",,,96.0,Swiss-Exclusive-500,new,2026-04-29 21:00:31,
3072,Widmer 1053 Watch-Tech Advisory,,Kiberbiztonsági Szakértő,"Zug, CH",,,96.0,Swiss-Exclusive-500,new,2026-04-29 21:00:31,
3073,Zimmermann 1054 IT-Strategy,,Pénzügyi Informatikai Konzulens,"Zürich, CH",,,96.0,Swiss-Exclusive-500,new,2026-04-29 21:00:31,
3074,Baumann 1055 Precision,,Ipari Automatizálási Szakértő,"Geneva, CH",,,96.0,Swiss-Exclusive-500,new,2026-04-29 21:00:31,
3075,Frei 1056 Crypto-Audit,,Független Mérnök,"Zug, CH",,,96.0,Swiss-Exclusive-500,new,2026-04-29 21:00:31,
3076,Gerber 1057 Med-Tech Services,,Kiberbiztonsági Szakértő,"Zürich, CH",,,96.0,Swiss-Exclusive-500,new,2026-04-29 21:00:31,
3077,Widmer 1058 Watch-Tech Advisory,,Pénzügyi Informatikai Konzulens,"Geneva, CH",,,96.0,Swiss-Exclusive-500,new,2026-04-29 21:00:31,
3078,Zimmermann 1059 IT-Strategy,,Ipari Automatizálási Szakértő,"Zug, CH",,,96.0,Swiss-Exclusive-500,new,2026-04-29 21:00:31,
3079,Baumann 1060 Precision,,Független Mérnök,"Zürich, CH",,,96.0,Swiss-Exclusive-500,new,2026-04-29 21:00:31,
3080,Frei 1061 Crypto-Audit,,Kiberbiztonsági Szakértő,"Geneva, CH",,,96.0,Swiss-Exclusive-500,new,2026-04-29 21:00:31,
3081,Gerber 1062 Med-Tech Services,,Pénzügyi Informatikai Konzulens,"Zug, CH",,,96.0,Swiss-Exclusive-500,new,2026-04-29 21:00:31,
3082,Widmer 1063 Watch-Tech Advisory,,Ipari Automatizálási Szakértő,"Zürich, CH",,,96.0,Swiss-Exclusive-500,new,2026-04-29 21:00:31,
3083,Zimmermann 1064 IT-Strategy,,Független Mérnök,"Geneva, CH",,,96.0,Swiss-Exclusive-500,new,2026-04-29 21:00:31,
3084,Baumann 1065 Precision,,Kiberbiztonsági Szakértő,"Zug, CH",,,96.0,Swiss-Exclusive-500,new,2026-04-29 21:00:31,
3085,Frei 1066 Crypto-Audit,,Pénzügyi Informatikai Konzulens,"Zürich, CH",,,96.0,Swiss-Exclusive-500,new,2026-04-29 21:00:31,
3086,Gerber 1067 Med-Tech Services,,Ipari Automatizálási Szakértő,"Geneva, CH",,,96.0,Swiss-Exclusive-500,new,2026-04-29 21:00:31,
3087,Widmer 1068 Watch-Tech Advisory,,Független Mérnök,"Zug, CH",,,96.0,Swiss-Exclusive-500,new,2026-04-29 21:00:31,
3088,Zimmermann 1069 IT-Strategy,,Kiberbiztonsági Szakértő,"Zürich, CH",,,96.0,Swiss-Exclusive-500,new,2026-04-29 21:00:31,
3089,Baumann 1070 Precision,,Pénzügyi Informatikai Konzulens,"Geneva, CH",,,96.0,Swiss-Exclusive-500,new,2026-04-29 21:00:31,
3090,Frei 1071 Crypto-Audit,,Ipari Automatizálási Szakértő,"Zug, CH",,,96.0,Swiss-Exclusive-500,new,2026-04-29 21:00:31,
3091,Gerber 1072 Med-Tech Services,,Független Mérnök,"Zürich, CH",,,96.0,Swiss-Exclusive-500,new,2026-04-29 21:00:31,
3092,Widmer 1073 Watch-Tech Advisory,,Kiberbiztonsági Szakértő,"Geneva, CH",,,96.0,Swiss-Exclusive-500,new,2026-04-29 21:00:31,
3093,Zimmermann 1074 IT-Strategy,,Pénzügyi Informatikai Konzulens,"Zug, CH",,,96.0,Swiss-Exclusive-500,new,2026-04-29 21:00:31,
3094,Baumann 1075 Precision,,Ipari Automatizálási Szakértő,"Zürich, CH",,,96.0,Swiss-Exclusive-500,new,2026-04-29 21:00:31,
3095,Frei 1076 Crypto-Audit,,Független Mérnök,"Geneva, CH",,,96.0,Swiss-Exclusive-500,new,2026-04-29 21:00:31,
3096,Gerber 1077 Med-Tech Services,,Kiberbiztonsági Szakértő,"Zug, CH",,,96.0,Swiss-Exclusive-500,new,2026-04-29 21:00:31,
3097,Widmer 1078 Watch-Tech Advisory,,Pénzügyi Informatikai Konzulens,"Zürich, CH",,,96.0,Swiss-Exclusive-500,new,2026-04-29 21:00:31,
3098,Zimmermann 1079 IT-Strategy,,Ipari Automatizálási Szakértő,"Geneva, CH",,,96.0,Swiss-Exclusive-500,new,2026-04-29 21:00:31,
3099,Baumann 1080 Precision,,Független Mérnök,"Zug, CH",,,96.0,Swiss-Exclusive-500,new,2026-04-29 21:00:31,
3100,Frei 1081 Crypto-Audit,,Kiberbiztonsági Szakértő,"Zürich, CH",,,96.0,Swiss-Exclusive-500,new,2026-04-29 21:00:31,
3101,Gerber 1082 Med-Tech Services,,Pénzügyi Informatikai Konzulens,"Geneva, CH",,,96.0,Swiss-Exclusive-500,new,2026-04-29 21:00:31,
3102,Widmer 1083 Watch-Tech Advisory,,Ipari Automatizálási Szakértő,"Zug, CH",,,96.0,Swiss-Exclusive-500,new,2026-04-29 21:00:31,
3103,Zimmermann 1084 IT-Strategy,,Független Mérnök,"Zürich, CH",,,96.0,Swiss-Exclusive-500,new,2026-04-29 21:00:31,
3104,Baumann 1085 Precision,,Kiberbiztonsági Szakértő,"Geneva, CH",,,96.0,Swiss-Exclusive-500,new,2026-04-29 21:00:31,
3105,Frei 1086 Crypto-Audit,,Pénzügyi Informatikai Konzulens,"Zug, CH",,,96.0,Swiss-Exclusive-500,new,2026-04-29 21:00:31,
3106,Gerber 1087 Med-Tech Services,,Ipari Automatizálási Szakértő,"Zürich, CH",,,96.0,Swiss-Exclusive-500,new,2026-04-29 21:00:31,
3107,Widmer 1088 Watch-Tech Advisory,,Független Mérnök,"Geneva, CH",,,96.0,Swiss-Exclusive-500,new,2026-04-29 21:00:31,
3108,Zimmermann 1089 IT-Strategy,,Kiberbiztonsági Szakértő,"Zug, CH",,,96.0,Swiss-Exclusive-500,new,2026-04-29 21:00:31,
3109,Baumann 1090 Precision,,Pénzügyi Informatikai Konzulens,"Zürich, CH",,,96.0,Swiss-Exclusive-500,new,2026-04-29 21:00:31,
3110,Frei 1091 Crypto-Audit,,Ipari Automatizálási Szakértő,"Geneva, CH",,,96.0,Swiss-Exclusive-500,new,2026-04-29 21:00:31,
3111,Gerber 1092 Med-Tech Services,,Független Mérnök,"Zug, CH",,,96.0,Swiss-Exclusive-500,new,2026-04-29 21:00:31,
3112,Widmer 1093 Watch-Tech Advisory,,Kiberbiztonsági Szakértő,"Zürich, CH",,,96.0,Swiss-Exclusive-500,new,2026-04-29 21:00:31,
3113,Zimmermann 1094 IT-Strategy,,Pénzügyi Informatikai Konzulens,"Geneva, CH",,,96.0,Swiss-Exclusive-500,new,2026-04-29 21:00:31,
3114,Baumann 1095 Precision,,Ipari Automatizálási Szakértő,"Zug, CH",,,96.0,Swiss-Exclusive-500,new,2026-04-29 21:00:31,
3115,Frei 1096 Crypto-Audit,,Független Mérnök,"Zürich, CH",,,96.0,Swiss-Exclusive-500,new,2026-04-29 21:00:31,
3116,Gerber 1097 Med-Tech Services,,Kiberbiztonsági Szakértő,"Geneva, CH",,,96.0,Swiss-Exclusive-500,new,2026-04-29 21:00:31,
3117,Widmer 1098 Watch-Tech Advisory,,Pénzügyi Informatikai Konzulens,"Zug, CH",,,96.0,Swiss-Exclusive-500,new,2026-04-29 21:00:31,
3118,Zimmermann 1099 IT-Strategy,,Ipari Automatizálási Szakértő,"Zürich, CH",,,96.0,Swiss-Exclusive-500,new,2026-04-29 21:00:31,
3119,Baumann 1100 Precision,,Független Mérnök,"Geneva, CH",,,96.0,Swiss-Exclusive-500,new,2026-04-29 21:00:31,
3120,Frei 1101 Crypto-Audit,,Kiberbiztonsági Szakértő,"Zug, CH",,,96.0,Swiss-Exclusive-500,new,2026-04-29 21:00:31,
3121,Gerber 1102 Med-Tech Services,,Pénzügyi Informatikai Konzulens,"Zürich, CH",,,96.0,Swiss-Exclusive-500,new,2026-04-29 21:00:31,
3122,Widmer 1103 Watch-Tech Advisory,,Ipari Automatizálási Szakértő,"Geneva, CH",,,96.0,Swiss-Exclusive-500,new,2026-04-29 21:00:31,
3123,Zimmermann 1104 IT-Strategy,,Független Mérnök,"Zug, CH",,,96.0,Swiss-Exclusive-500,new,2026-04-29 21:00:31,
3124,Baumann 1105 Precision,,Kiberbiztonsági Szakértő,"Zürich, CH",,,96.0,Swiss-Exclusive-500,new,2026-04-29 21:00:31,
3125,Frei 1106 Crypto-Audit,,Pénzügyi Informatikai Konzulens,"Geneva, CH",,,96.0,Swiss-Exclusive-500,new,2026-04-29 21:00:31,
3126,Gerber 1107 Med-Tech Services,,Ipari Automatizálási Szakértő,"Zug, CH",,,96.0,Swiss-Exclusive-500,new,2026-04-29 21:00:31,
3127,Widmer 1108 Watch-Tech Advisory,,Független Mérnök,"Zürich, CH",,,96.0,Swiss-Exclusive-500,new,2026-04-29 21:00:31,
3128,Zimmermann 1109 IT-Strategy,,Kiberbiztonsági Szakértő,"Geneva, CH",,,96.0,Swiss-Exclusive-500,new,2026-04-29 21:00:31,
3129,Baumann 1110 Precision,,Pénzügyi Informatikai Konzulens,"Zug, CH",,,96.0,Swiss-Exclusive-500,new,2026-04-29 21:00:31,
3130,Frei 1111 Crypto-Audit,,Ipari Automatizálási Szakértő,"Zürich, CH",,,96.0,Swiss-Exclusive-500,new,2026-04-29 21:00:31,
3131,Gerber 1112 Med-Tech Services,,Független Mérnök,"Geneva, CH",,,96.0,Swiss-Exclusive-500,new,2026-04-29 21:00:31,
3132,Widmer 1113 Watch-Tech Advisory,,Kiberbiztonsági Szakértő,"Zug, CH",,,96.0,Swiss-Exclusive-500,new,2026-04-29 21:00:31,
3133,Zimmermann 1114 IT-Strategy,,Pénzügyi Informatikai Konzulens,"Zürich, CH",,,96.0,Swiss-Exclusive-500,new,2026-04-29 21:00:31,
3134,Baumann 1115 Precision,,Ipari Automatizálási Szakértő,"Geneva, CH",,,96.0,Swiss-Exclusive-500,new,2026-04-29 21:00:31,
3135,Frei 1116 Crypto-Audit,,Független Mérnök,"Zug, CH",,,96.0,Swiss-Exclusive-500,new,2026-04-29 21:00:31,
3136,Gerber 1117 Med-Tech Services,,Kiberbiztonsági Szakértő,"Zürich, CH",,,96.0,Swiss-Exclusive-500,new,2026-04-29 21:00:31,
3137,Widmer 1118 Watch-Tech Advisory,,Pénzügyi Informatikai Konzulens,"Geneva, CH",,,96.0,Swiss-Exclusive-500,new,2026-04-29 21:00:31,
3138,Zimmermann 1119 IT-Strategy,,Ipari Automatizálási Szakértő,"Zug, CH",,,96.0,Swiss-Exclusive-500,new,2026-04-29 21:00:31,
3139,Baumann 1120 Precision,,Független Mérnök,"Zürich, CH",,,96.0,Swiss-Exclusive-500,new,2026-04-29 21:00:31,
3140,Frei 1121 Crypto-Audit,,Kiberbiztonsági Szakértő,"Geneva, CH",,,96.0,Swiss-Exclusive-500,new,2026-04-29 21:00:31,
3141,Gerber 1122 Med-Tech Services,,Pénzügyi Informatikai Konzulens,"Zug, CH",,,96.0,Swiss-Exclusive-500,new,2026-04-29 21:00:31,
3142,Widmer 1123 Watch-Tech Advisory,,Ipari Automatizálási Szakértő,"Zürich, CH",,,96.0,Swiss-Exclusive-500,new,2026-04-29 21:00:31,
3143,Zimmermann 1124 IT-Strategy,,Független Mérnök,"Geneva, CH",,,96.0,Swiss-Exclusive-500,new,2026-04-29 21:00:31,
3144,Baumann 1125 Precision,,Kiberbiztonsági Szakértő,"Zug, CH",,,96.0,Swiss-Exclusive-500,new,2026-04-29 21:00:31,
3145,Frei 1126 Crypto-Audit,,Pénzügyi Informatikai Konzulens,"Zürich, CH",,,96.0,Swiss-Exclusive-500,new,2026-04-29 21:00:31,
3146,Gerber 1127 Med-Tech Services,,Ipari Automatizálási Szakértő,"Geneva, CH",,,96.0,Swiss-Exclusive-500,new,2026-04-29 21:00:31,
3147,Widmer 1128 Watch-Tech Advisory,,Független Mérnök,"Zug, CH",,,96.0,Swiss-Exclusive-500,new,2026-04-29 21:00:31,
3148,Zimmermann 1129 IT-Strategy,,Kiberbiztonsági Szakértő,"Zürich, CH",,,96.0,Swiss-Exclusive-500,new,2026-04-29 21:00:31,
3149,Baumann 1130 Precision,,Pénzügyi Informatikai Konzulens,"Geneva, CH",,,96.0,Swiss-Exclusive-500,new,2026-04-29 21:00:31,
3150,Frei 1131 Crypto-Audit,,Ipari Automatizálási Szakértő,"Zug, CH",,,96.0,Swiss-Exclusive-500,new,2026-04-29 21:00:31,
3151,Gerber 1132 Med-Tech Services,,Független Mérnök,"Zürich, CH",,,96.0,Swiss-Exclusive-500,new,2026-04-29 21:00:31,
3152,Widmer 1133 Watch-Tech Advisory,,Kiberbiztonsági Szakértő,"Geneva, CH",,,96.0,Swiss-Exclusive-500,new,2026-04-29 21:00:31,
3153,Zimmermann 1134 IT-Strategy,,Pénzügyi Informatikai Konzulens,"Zug, CH",,,96.0,Swiss-Exclusive-500,new,2026-04-29 21:00:31,
3154,Baumann 1135 Precision,,Ipari Automatizálási Szakértő,"Zürich, CH",,,96.0,Swiss-Exclusive-500,new,2026-04-29 21:00:31,
3155,Frei 1136 Crypto-Audit,,Független Mérnök,"Geneva, CH",,,96.0,Swiss-Exclusive-500,new,2026-04-29 21:00:31,
3156,Gerber 1137 Med-Tech Services,,Kiberbiztonsági Szakértő,"Zug, CH",,,96.0,Swiss-Exclusive-500,new,2026-04-29 21:00:31,
3157,Widmer 1138 Watch-Tech Advisory,,Pénzügyi Informatikai Konzulens,"Zürich, CH",,,96.0,Swiss-Exclusive-500,new,2026-04-29 21:00:31,
3158,Zimmermann 1139 IT-Strategy,,Ipari Automatizálási Szakértő,"Geneva, CH",,,96.0,Swiss-Exclusive-500,new,2026-04-29 21:00:31,
3159,Baumann 1140 Precision,,Független Mérnök,"Zug, CH",,,96.0,Swiss-Exclusive-500,new,2026-04-29 21:00:31,
3160,Frei 1141 Crypto-Audit,,Kiberbiztonsági Szakértő,"Zürich, CH",,,96.0,Swiss-Exclusive-500,new,2026-04-29 21:00:31,
3161,Gerber 1142 Med-Tech Services,,Pénzügyi Informatikai Konzulens,"Geneva, CH",,,96.0,Swiss-Exclusive-500,new,2026-04-29 21:00:31,
3162,Widmer 1143 Watch-Tech Advisory,,Ipari Automatizálási Szakértő,"Zug, CH",,,96.0,Swiss-Exclusive-500,new,2026-04-29 21:00:31,
3163,Zimmermann 1144 IT-Strategy,,Független Mérnök,"Zürich, CH",,,96.0,Swiss-Exclusive-500,new,2026-04-29 21:00:31,
3164,Baumann 1145 Precision,,Kiberbiztonsági Szakértő,"Geneva, CH",,,96.0,Swiss-Exclusive-500,new,2026-04-29 21:00:31,
3165,Frei 1146 Crypto-Audit,,Pénzügyi Informatikai Konzulens,"Zug, CH",,,96.0,Swiss-Exclusive-500,new,2026-04-29 21:00:31,
3166,Gerber 1147 Med-Tech Services,,Ipari Automatizálási Szakértő,"Zürich, CH",,,96.0,Swiss-Exclusive-500,new,2026-04-29 21:00:31,
3167,Widmer 1148 Watch-Tech Advisory,,Független Mérnök,"Geneva, CH",,,96.0,Swiss-Exclusive-500,new,2026-04-29 21:00:31,
3168,Zimmermann 1149 IT-Strategy,,Kiberbiztonsági Szakértő,"Zug, CH",,,96.0,Swiss-Exclusive-500,new,2026-04-29 21:00:31,
3169,Baumann 1150 Precision,,Pénzügyi Informatikai Konzulens,"Zürich, CH",,,96.0,Swiss-Exclusive-500,new,2026-04-29 21:00:31,
3170,Frei 1151 Crypto-Audit,,Ipari Automatizálási Szakértő,"Geneva, CH",,,96.0,Swiss-Exclusive-500,new,2026-04-29 21:00:31,
3171,Gerber 1152 Med-Tech Services,,Független Mérnök,"Zug, CH",,,96.0,Swiss-Exclusive-500,new,2026-04-29 21:00:31,
3172,Widmer 1153 Watch-Tech Advisory,,Kiberbiztonsági Szakértő,"Zürich, CH",,,96.0,Swiss-Exclusive-500,new,2026-04-29 21:00:31,
3173,Zimmermann 1154 IT-Strategy,,Pénzügyi Informatikai Konzulens,"Geneva, CH",,,96.0,Swiss-Exclusive-500,new,2026-04-29 21:00:31,
3174,Baumann 1155 Precision,,Ipari Automatizálási Szakértő,"Zug, CH",,,96.0,Swiss-Exclusive-500,new,2026-04-29 21:00:31,
3175,Frei 1156 Crypto-Audit,,Független Mérnök,"Zürich, CH",,,96.0,Swiss-Exclusive-500,new,2026-04-29 21:00:31,
3176,Gerber 1157 Med-Tech Services,,Kiberbiztonsági Szakértő,"Geneva, CH",,,96.0,Swiss-Exclusive-500,new,2026-04-29 21:00:31,
3177,Widmer 1158 Watch-Tech Advisory,,Pénzügyi Informatikai Konzulens,"Zug, CH",,,96.0,Swiss-Exclusive-500,new,2026-04-29 21:00:31,
3178,Zimmermann 1159 IT-Strategy,,Ipari Automatizálási Szakértő,"Zürich, CH",,,96.0,Swiss-Exclusive-500,new,2026-04-29 21:00:31,
3179,Baumann 1160 Precision,,Független Mérnök,"Geneva, CH",,,96.0,Swiss-Exclusive-500,new,2026-04-29 21:00:31,
3180,Frei 1161 Crypto-Audit,,Kiberbiztonsági Szakértő,"Zug, CH",,,96.0,Swiss-Exclusive-500,new,2026-04-29 21:00:31,
3181,Gerber 1162 Med-Tech Services,,Pénzügyi Informatikai Konzulens,"Zürich, CH",,,96.0,Swiss-Exclusive-500,new,2026-04-29 21:00:31,
3182,Widmer 1163 Watch-Tech Advisory,,Ipari Automatizálási Szakértő,"Geneva, CH",,,96.0,Swiss-Exclusive-500,new,2026-04-29 21:00:31,
3183,Zimmermann 1164 IT-Strategy,,Független Mérnök,"Zug, CH",,,96.0,Swiss-Exclusive-500,new,2026-04-29 21:00:31,
3184,Baumann 1165 Precision,,Kiberbiztonsági Szakértő,"Zürich, CH",,,96.0,Swiss-Exclusive-500,new,2026-04-29 21:00:31,
3185,Frei 1166 Crypto-Audit,,Pénzügyi Informatikai Konzulens,"Geneva, CH",,,96.0,Swiss-Exclusive-500,new,2026-04-29 21:00:31,
3186,Gerber 1167 Med-Tech Services,,Ipari Automatizálási Szakértő,"Zug, CH",,,96.0,Swiss-Exclusive-500,new,2026-04-29 21:00:31,
3187,Widmer 1168 Watch-Tech Advisory,,Független Mérnök,"Zürich, CH",,,96.0,Swiss-Exclusive-500,new,2026-04-29 21:00:31,
3188,Zimmermann 1169 IT-Strategy,,Kiberbiztonsági Szakértő,"Geneva, CH",,,96.0,Swiss-Exclusive-500,new,2026-04-29 21:00:31,
3189,Baumann 1170 Precision,,Pénzügyi Informatikai Konzulens,"Zug, CH",,,96.0,Swiss-Exclusive-500,new,2026-04-29 21:00:31,
3190,Frei 1171 Crypto-Audit,,Ipari Automatizálási Szakértő,"Zürich, CH",,,96.0,Swiss-Exclusive-500,new,2026-04-29 21:00:31,
3191,Gerber 1172 Med-Tech Services,,Független Mérnök,"Geneva, CH",,,96.0,Swiss-Exclusive-500,new,2026-04-29 21:00:31,
3192,Widmer 1173 Watch-Tech Advisory,,Kiberbiztonsági Szakértő,"Zug, CH",,,96.0,Swiss-Exclusive-500,new,2026-04-29 21:00:31,
3193,Zimmermann 1174 IT-Strategy,,Pénzügyi Informatikai Konzulens,"Zürich, CH",,,96.0,Swiss-Exclusive-500,new,2026-04-29 21:00:31,
3194,Baumann 1175 Precision,,Ipari Automatizálási Szakértő,"Geneva, CH",,,96.0,Swiss-Exclusive-500,new,2026-04-29 21:00:31,
3195,Frei 1176 Crypto-Audit,,Független Mérnök,"Zug, CH",,,96.0,Swiss-Exclusive-500,new,2026-04-29 21:00:31,
3196,Gerber 1177 Med-Tech Services,,Kiberbiztonsági Szakértő,"Zürich, CH",,,96.0,Swiss-Exclusive-500,new,2026-04-29 21:00:31,
3197,Widmer 1178 Watch-Tech Advisory,,Pénzügyi Informatikai Konzulens,"Geneva, CH",,,96.0,Swiss-Exclusive-500,new,2026-04-29 21:00:31,
3198,Zimmermann 1179 IT-Strategy,,Ipari Automatizálási Szakértő,"Zug, CH",,,96.0,Swiss-Exclusive-500,new,2026-04-29 21:00:31,
3199,Baumann 1180 Precision,,Független Mérnök,"Zürich, CH",,,96.0,Swiss-Exclusive-500,new,2026-04-29 21:00:31,
3200,Frei 1181 Crypto-Audit,,Kiberbiztonsági Szakértő,"Geneva, CH",,,96.0,Swiss-Exclusive-500,new,2026-04-29 21:00:31,
3201,Gerber 1182 Med-Tech Services,,Pénzügyi Informatikai Konzulens,"Zug, CH",,,96.0,Swiss-Exclusive-500,new,2026-04-29 21:00:31,
3202,Widmer 1183 Watch-Tech Advisory,,Ipari Automatizálási Szakértő,"Zürich, CH",,,96.0,Swiss-Exclusive-500,new,2026-04-29 21:00:31,
3203,Zimmermann 1184 IT-Strategy,,Független Mérnök,"Geneva, CH",,,96.0,Swiss-Exclusive-500,new,2026-04-29 21:00:31,
3204,Baumann 1185 Precision,,Kiberbiztonsági Szakértő,"Zug, CH",,,96.0,Swiss-Exclusive-500,new,2026-04-29 21:00:31,
3205,Frei 1186 Crypto-Audit,,Pénzügyi Informatikai Konzulens,"Zürich, CH",,,96.0,Swiss-Exclusive-500,new,2026-04-29 21:00:31,
3206,Gerber 1187 Med-Tech Services,,Ipari Automatizálási Szakértő,"Geneva, CH",,,96.0,Swiss-Exclusive-500,new,2026-04-29 21:00:31,
3207,Widmer 1188 Watch-Tech Advisory,,Független Mérnök,"Zug, CH",,,96.0,Swiss-Exclusive-500,new,2026-04-29 21:00:31,
3208,Zimmermann 1189 IT-Strategy,,Kiberbiztonsági Szakértő,"Zürich, CH",,,96.0,Swiss-Exclusive-500,new,2026-04-29 21:00:31,
3209,Baumann 1190 Precision,,Pénzügyi Informatikai Konzulens,"Geneva, CH",,,96.0,Swiss-Exclusive-500,new,2026-04-29 21:00:31,
3210,Frei 1191 Crypto-Audit,,Ipari Automatizálási Szakértő,"Zug, CH",,,96.0,Swiss-Exclusive-500,new,2026-04-29 21:00:31,
3211,Gerber 1192 Med-Tech Services,,Független Mérnök,"Zürich, CH",,,96.0,Swiss-Exclusive-500,new,2026-04-29 21:00:31,
3212,Widmer 1193 Watch-Tech Advisory,,Kiberbiztonsági Szakértő,"Geneva, CH",,,96.0,Swiss-Exclusive-500,new,2026-04-29 21:00:31,
3213,Zimmermann 1194 IT-Strategy,,Pénzügyi Informatikai Konzulens,"Zug, CH",,,96.0,Swiss-Exclusive-500,new,2026-04-29 21:00:31,
3214,Baumann 1195 Precision,,Ipari Automatizálási Szakértő,"Zürich, CH",,,96.0,Swiss-Exclusive-500,new,2026-04-29 21:00:31,
3215,Frei 1196 Crypto-Audit,,Független Mérnök,"Geneva, CH",,,96.0,Swiss-Exclusive-500,new,2026-04-29 21:00:31,
3216,Gerber 1197 Med-Tech Services,,Kiberbiztonsági Szakértő,"Zug, CH",,,96.0,Swiss-Exclusive-500,new,2026-04-29 21:00:31,
3217,Widmer 1198 Watch-Tech Advisory,,Pénzügyi Informatikai Konzulens,"Zürich, CH",,,96.0,Swiss-Exclusive-500,new,2026-04-29 21:00:31,
3218,Zimmermann 1199 IT-Strategy,,Ipari Automatizálási Szakértő,"Geneva, CH",,,96.0,Swiss-Exclusive-500,new,2026-04-29 21:00:31,
3219,Baumann 1200 Precision,,Független Mérnök,"Zug, CH",,,96.0,Swiss-Exclusive-500,new,2026-04-29 21:00:31,
3220,Frei 1201 Crypto-Audit,,Kiberbiztonsági Szakértő,"Zürich, CH",,,96.0,Swiss-Exclusive-500,new,2026-04-29 21:00:31,
3221,Gerber 1202 Med-Tech Services,,Pénzügyi Informatikai Konzulens,"Geneva, CH",,,96.0,Swiss-Exclusive-500,new,2026-04-29 21:00:31,
3222,Widmer 1203 Watch-Tech Advisory,,Ipari Automatizálási Szakértő,"Zug, CH",,,96.0,Swiss-Exclusive-500,new,2026-04-29 21:00:31,
3223,Zimmermann 1204 IT-Strategy,,Független Mérnök,"Zürich, CH",,,96.0,Swiss-Exclusive-500,new,2026-04-29 21:00:31,
3224,Baumann 1205 Precision,,Kiberbiztonsági Szakértő,"Geneva, CH",,,96.0,Swiss-Exclusive-500,new,2026-04-29 21:00:31,
3225,Frei 1206 Crypto-Audit,,Pénzügyi Informatikai Konzulens,"Zug, CH",,,96.0,Swiss-Exclusive-500,new,2026-04-29 21:00:31,
3226,Gerber 1207 Med-Tech Services,,Ipari Automatizálási Szakértő,"Zürich, CH",,,96.0,Swiss-Exclusive-500,new,2026-04-29 21:00:31,
3227,Widmer 1208 Watch-Tech Advisory,,Független Mérnök,"Geneva, CH",,,96.0,Swiss-Exclusive-500,new,2026-04-29 21:00:31,
3228,Zimmermann 1209 IT-Strategy,,Kiberbiztonsági Szakértő,"Zug, CH",,,96.0,Swiss-Exclusive-500,new,2026-04-29 21:00:31,
3229,Baumann 1210 Precision,,Pénzügyi Informatikai Konzulens,"Zürich, CH",,,96.0,Swiss-Exclusive-500,new,2026-04-29 21:00:31,
3230,Frei 1211 Crypto-Audit,,Ipari Automatizálási Szakértő,"Geneva, CH",,,96.0,Swiss-Exclusive-500,new,2026-04-29 21:00:31,
3231,Gerber 1212 Med-Tech Services,,Független Mérnök,"Zug, CH",,,96.0,Swiss-Exclusive-500,new,2026-04-29 21:00:31,
3232,Widmer 1213 Watch-Tech Advisory,,Kiberbiztonsági Szakértő,"Zürich, CH",,,96.0,Swiss-Exclusive-500,new,2026-04-29 21:00:31,
3233,Zimmermann 1214 IT-Strategy,,Pénzügyi Informatikai Konzulens,"Geneva, CH",,,96.0,Swiss-Exclusive-500,new,2026-04-29 21:00:31,
3234,Baumann 1215 Precision,,Ipari Automatizálási Szakértő,"Zug, CH",,,96.0,Swiss-Exclusive-500,new,2026-04-29 21:00:31,
3235,Frei 1216 Crypto-Audit,,Független Mérnök,"Zürich, CH",,,96.0,Swiss-Exclusive-500,new,2026-04-29 21:00:31,
3236,Gerber 1217 Med-Tech Services,,Kiberbiztonsági Szakértő,"Geneva, CH",,,96.0,Swiss-Exclusive-500,new,2026-04-29 21:00:31,
3237,Widmer 1218 Watch-Tech Advisory,,Pénzügyi Informatikai Konzulens,"Zug, CH",,,96.0,Swiss-Exclusive-500,new,2026-04-29 21:00:31,
3238,Zimmermann 1219 IT-Strategy,,Ipari Automatizálási Szakértő,"Zürich, CH",,,96.0,Swiss-Exclusive-500,new,2026-04-29 21:00:31,
3239,Baumann 1220 Precision,,Független Mérnök,"Geneva, CH",,,96.0,Swiss-Exclusive-500,new,2026-04-29 21:00:31,
3240,Frei 1221 Crypto-Audit,,Kiberbiztonsági Szakértő,"Zug, CH",,,96.0,Swiss-Exclusive-500,new,2026-04-29 21:00:31,
3241,Gerber 1222 Med-Tech Services,,Pénzügyi Informatikai Konzulens,"Zürich, CH",,,96.0,Swiss-Exclusive-500,new,2026-04-29 21:00:31,
3242,Widmer 1223 Watch-Tech Advisory,,Ipari Automatizálási Szakértő,"Geneva, CH",,,96.0,Swiss-Exclusive-500,new,2026-04-29 21:00:31,
3243,Zimmermann 1224 IT-Strategy,,Független Mérnök,"Zug, CH",,,96.0,Swiss-Exclusive-500,new,2026-04-29 21:00:31,
3244,Baumann 1225 Precision,,Kiberbiztonsági Szakértő,"Zürich, CH",,,96.0,Swiss-Exclusive-500,new,2026-04-29 21:00:31,
3245,Frei 1226 Crypto-Audit,,Pénzügyi Informatikai Konzulens,"Geneva, CH",,,96.0,Swiss-Exclusive-500,new,2026-04-29 21:00:31,
3246,Gerber 1227 Med-Tech Services,,Ipari Automatizálási Szakértő,"Zug, CH",,,96.0,Swiss-Exclusive-500,new,2026-04-29 21:00:31,
3247,Widmer 1228 Watch-Tech Advisory,,Független Mérnök,"Zürich, CH",,,96.0,Swiss-Exclusive-500,new,2026-04-29 21:00:31,
3248,Zimmermann 1229 IT-Strategy,,Kiberbiztonsági Szakértő,"Geneva, CH",,,96.0,Swiss-Exclusive-500,new,2026-04-29 21:00:31,
3249,Baumann 1230 Precision,,Pénzügyi Informatikai Konzulens,"Zug, CH",,,96.0,Swiss-Exclusive-500,new,2026-04-29 21:00:31,
3250,Frei 1231 Crypto-Audit,,Ipari Automatizálási Szakértő,"Zürich, CH",,,96.0,Swiss-Exclusive-500,new,2026-04-29 21:00:31,
3251,Gerber 1232 Med-Tech Services,,Független Mérnök,"Geneva, CH",,,96.0,Swiss-Exclusive-500,new,2026-04-29 21:00:31,
3252,Widmer 1233 Watch-Tech Advisory,,Kiberbiztonsági Szakértő,"Zug, CH",,,96.0,Swiss-Exclusive-500,new,2026-04-29 21:00:31,
3253,Zimmermann 1234 IT-Strategy,,Pénzügyi Informatikai Konzulens,"Zürich, CH",,,96.0,Swiss-Exclusive-500,new,2026-04-29 21:00:31,
3254,Baumann 1235 Precision,,Ipari Automatizálási Szakértő,"Geneva, CH",,,96.0,Swiss-Exclusive-500,new,2026-04-29 21:00:31,
3255,Frei 1236 Crypto-Audit,,Független Mérnök,"Zug, CH",,,96.0,Swiss-Exclusive-500,new,2026-04-29 21:00:31,
3256,Gerber 1237 Med-Tech Services,,Kiberbiztonsági Szakértő,"Zürich, CH",,,96.0,Swiss-Exclusive-500,new,2026-04-29 21:00:31,
3257,Widmer 1238 Watch-Tech Advisory,,Pénzügyi Informatikai Konzulens,"Geneva, CH",,,96.0,Swiss-Exclusive-500,new,2026-04-29 21:00:31,
3258,Zimmermann 1239 IT-Strategy,,Ipari Automatizálási Szakértő,"Zug, CH",,,96.0,Swiss-Exclusive-500,new,2026-04-29 21:00:31,
3259,Baumann 1240 Precision,,Független Mérnök,"Zürich, CH",,,96.0,Swiss-Exclusive-500,new,2026-04-29 21:00:31,
3260,Frei 1241 Crypto-Audit,,Kiberbiztonsági Szakértő,"Geneva, CH",,,96.0,Swiss-Exclusive-500,new,2026-04-29 21:00:31,
3261,Gerber 1242 Med-Tech Services,,Pénzügyi Informatikai Konzulens,"Zug, CH",,,96.0,Swiss-Exclusive-500,new,2026-04-29 21:00:31,
3262,Widmer 1243 Watch-Tech Advisory,,Ipari Automatizálási Szakértő,"Zürich, CH",,,96.0,Swiss-Exclusive-500,new,2026-04-29 21:00:31,
3263,Zimmermann 1244 IT-Strategy,,Független Mérnök,"Geneva, CH",,,96.0,Swiss-Exclusive-500,new,2026-04-29 21:00:31,
3264,Baumann 1245 Precision,,Kiberbiztonsági Szakértő,"Zug, CH",,,96.0,Swiss-Exclusive-500,new,2026-04-29 21:00:31,
3265,Frei 1246 Crypto-Audit,,Pénzügyi Informatikai Konzulens,"Zürich, CH",,,96.0,Swiss-Exclusive-500,new,2026-04-29 21:00:31,
3266,Gerber 1247 Med-Tech Services,,Ipari Automatizálási Szakértő,"Geneva, CH",,,96.0,Swiss-Exclusive-500,new,2026-04-29 21:00:31,
3267,Widmer 1248 Watch-Tech Advisory,,Független Mérnök,"Zug, CH",,,96.0,Swiss-Exclusive-500,new,2026-04-29 21:00:31,
3268,Zimmermann 1249 IT-Strategy,,Kiberbiztonsági Szakértő,"Zürich, CH",,,96.0,Swiss-Exclusive-500,new,2026-04-29 21:00:31,
3269,Baumann 1250 Precision,,Pénzügyi Informatikai Konzulens,"Geneva, CH",,,96.0,Swiss-Exclusive-500,new,2026-04-29 21:00:31,
3270,Frei 1251 Crypto-Audit,,Ipari Automatizálási Szakértő,"Zug, CH",,,96.0,Swiss-Exclusive-500,new,2026-04-29 21:00:31,
3271,Gerber 1252 Med-Tech Services,,Független Mérnök,"Zürich, CH",,,96.0,Swiss-Exclusive-500,new,2026-04-29 21:00:31,
3272,Widmer 1253 Watch-Tech Advisory,,Kiberbiztonsági Szakértő,"Geneva, CH",,,96.0,Swiss-Exclusive-500,new,2026-04-29 21:00:31,
3273,Zimmermann 1254 IT-Strategy,,Pénzügyi Informatikai Konzulens,"Zug, CH",,,96.0,Swiss-Exclusive-500,new,2026-04-29 21:00:31,
3274,Baumann 1255 Precision,,Ipari Automatizálási Szakértő,"Zürich, CH",,,96.0,Swiss-Exclusive-500,new,2026-04-29 21:00:31,
3275,Frei 1256 Crypto-Audit,,Független Mérnök,"Geneva, CH",,,96.0,Swiss-Exclusive-500,new,2026-04-29 21:00:31,
3276,Gerber 1257 Med-Tech Services,,Kiberbiztonsági Szakértő,"Zug, CH",,,96.0,Swiss-Exclusive-500,new,2026-04-29 21:00:31,
3277,Widmer 1258 Watch-Tech Advisory,,Pénzügyi Informatikai Konzulens,"Zürich, CH",,,96.0,Swiss-Exclusive-500,new,2026-04-29 21:00:31,
3278,Zimmermann 1259 IT-Strategy,,Ipari Automatizálási Szakértő,"Geneva, CH",,,96.0,Swiss-Exclusive-500,new,2026-04-29 21:00:31,
3279,Baumann 1260 Precision,,Független Mérnök,"Zug, CH",,,96.0,Swiss-Exclusive-500,new,2026-04-29 21:00:31,
3280,Frei 1261 Crypto-Audit,,Kiberbiztonsági Szakértő,"Zürich, CH",,,96.0,Swiss-Exclusive-500,new,2026-04-29 21:00:31,
3281,Gerber 1262 Med-Tech Services,,Pénzügyi Informatikai Konzulens,"Geneva, CH",,,96.0,Swiss-Exclusive-500,new,2026-04-29 21:00:31,
3282,Widmer 1263 Watch-Tech Advisory,,Ipari Automatizálási Szakértő,"Zug, CH",,,96.0,Swiss-Exclusive-500,new,2026-04-29 21:00:31,
3283,Zimmermann 1264 IT-Strategy,,Független Mérnök,"Zürich, CH",,,96.0,Swiss-Exclusive-500,new,2026-04-29 21:00:31,
3284,Baumann 1265 Precision,,Kiberbiztonsági Szakértő,"Geneva, CH",,,96.0,Swiss-Exclusive-500,new,2026-04-29 21:00:31,
3285,Frei 1266 Crypto-Audit,,Pénzügyi Informatikai Konzulens,"Zug, CH",,,96.0,Swiss-Exclusive-500,new,2026-04-29 21:00:31,
3286,Gerber 1267 Med-Tech Services,,Ipari Automatizálási Szakértő,"Zürich, CH",,,96.0,Swiss-Exclusive-500,new,2026-04-29 21:00:31,
3287,Widmer 1268 Watch-Tech Advisory,,Független Mérnök,"Geneva, CH",,,96.0,Swiss-Exclusive-500,new,2026-04-29 21:00:31,
3288,Zimmermann 1269 IT-Strategy,,Kiberbiztonsági Szakértő,"Zug, CH",,,96.0,Swiss-Exclusive-500,new,2026-04-29 21:00:31,
3289,Baumann 1270 Precision,,Pénzügyi Informatikai Konzulens,"Zürich, CH",,,96.0,Swiss-Exclusive-500,new,2026-04-29 21:00:31,
3290,Frei 1271 Crypto-Audit,,Ipari Automatizálási Szakértő,"Geneva, CH",,,96.0,Swiss-Exclusive-500,new,2026-04-29 21:00:31,
3291,Gerber 1272 Med-Tech Services,,Független Mérnök,"Zug, CH",,,96.0,Swiss-Exclusive-500,new,2026-04-29 21:00:31,
3292,Widmer 1273 Watch-Tech Advisory,,Kiberbiztonsági Szakértő,"Zürich, CH",,,96.0,Swiss-Exclusive-500,new,2026-04-29 21:00:31,
3293,Zimmermann 1274 IT-Strategy,,Pénzügyi Informatikai Konzulens,"Geneva, CH",,,96.0,Swiss-Exclusive-500,new,2026-04-29 21:00:31,
3294,Baumann 1275 Precision,,Ipari Automatizálási Szakértő,"Zug, CH",,,96.0,Swiss-Exclusive-500,new,2026-04-29 21:00:31,
3295,Frei 1276 Crypto-Audit,,Független Mérnök,"Zürich, CH",,,96.0,Swiss-Exclusive-500,new,2026-04-29 21:00:31,
3296,Gerber 1277 Med-Tech Services,,Kiberbiztonsági Szakértő,"Geneva, CH",,,96.0,Swiss-Exclusive-500,new,2026-04-29 21:00:31,
3297,Widmer 1278 Watch-Tech Advisory,,Pénzügyi Informatikai Konzulens,"Zug, CH",,,96.0,Swiss-Exclusive-500,new,2026-04-29 21:00:31,
3298,Zimmermann 1279 IT-Strategy,,Ipari Automatizálási Szakértő,"Zürich, CH",,,96.0,Swiss-Exclusive-500,new,2026-04-29 21:00:31,
3299,Baumann 1280 Precision,,Független Mérnök,"Geneva, CH",,,96.0,Swiss-Exclusive-500,new,2026-04-29 21:00:31,
3300,Frei 1281 Crypto-Audit,,Kiberbiztonsági Szakértő,"Zug, CH",,,96.0,Swiss-Exclusive-500,new,2026-04-29 21:00:31,
3301,Gerber 1282 Med-Tech Services,,Pénzügyi Informatikai Konzulens,"Zürich, CH",,,96.0,Swiss-Exclusive-500,new,2026-04-29 21:00:31,
3302,Widmer 1283 Watch-Tech Advisory,,Ipari Automatizálási Szakértő,"Geneva, CH",,,96.0,Swiss-Exclusive-500,new,2026-04-29 21:00:31,
3303,Zimmermann 1284 IT-Strategy,,Független Mérnök,"Zug, CH",,,96.0,Swiss-Exclusive-500,new,2026-04-29 21:00:31,
3304,Baumann 1285 Precision,,Kiberbiztonsági Szakértő,"Zürich, CH",,,96.0,Swiss-Exclusive-500,new,2026-04-29 21:00:31,
3305,Frei 1286 Crypto-Audit,,Pénzügyi Informatikai Konzulens,"Geneva, CH",,,96.0,Swiss-Exclusive-500,new,2026-04-29 21:00:31,
3306,Gerber 1287 Med-Tech Services,,Ipari Automatizálási Szakértő,"Zug, CH",,,96.0,Swiss-Exclusive-500,new,2026-04-29 21:00:31,
3307,Widmer 1288 Watch-Tech Advisory,,Független Mérnök,"Zürich, CH",,,96.0,Swiss-Exclusive-500,new,2026-04-29 21:00:31,
3308,Zimmermann 1289 IT-Strategy,,Kiberbiztonsági Szakértő,"Geneva, CH",,,96.0,Swiss-Exclusive-500,new,2026-04-29 21:00:31,
3309,Baumann 1290 Precision,,Pénzügyi Informatikai Konzulens,"Zug, CH",,,96.0,Swiss-Exclusive-500,new,2026-04-29 21:00:31,
3310,Frei 1291 Crypto-Audit,,Ipari Automatizálási Szakértő,"Zürich, CH",,,96.0,Swiss-Exclusive-500,new,2026-04-29 21:00:31,
3311,Gerber 1292 Med-Tech Services,,Független Mérnök,"Geneva, CH",,,96.0,Swiss-Exclusive-500,new,2026-04-29 21:00:31,
3312,Widmer 1293 Watch-Tech Advisory,,Kiberbiztonsági Szakértő,"Zug, CH",,,96.0,Swiss-Exclusive-500,new,2026-04-29 21:00:31,
3313,Zimmermann 1294 IT-Strategy,,Pénzügyi Informatikai Konzulens,"Zürich, CH",,,96.0,Swiss-Exclusive-500,new,2026-04-29 21:00:31,
3314,Baumann 1295 Precision,,Ipari Automatizálási Szakértő,"Geneva, CH",,,96.0,Swiss-Exclusive-500,new,2026-04-29 21:00:31,
3315,Frei 1296 Crypto-Audit,,Független Mérnök,"Zug, CH",,,96.0,Swiss-Exclusive-500,new,2026-04-29 21:00:31,
3316,Gerber 1297 Med-Tech Services,,Kiberbiztonsági Szakértő,"Zürich, CH",,,96.0,Swiss-Exclusive-500,new,2026-04-29 21:00:31,
3317,Widmer 1298 Watch-Tech Advisory,,Pénzügyi Informatikai Konzulens,"Geneva, CH",,,96.0,Swiss-Exclusive-500,new,2026-04-29 21:00:31,
3318,Zimmermann 1299 IT-Strategy,,Ipari Automatizálási Szakértő,"Zug, CH",,,96.0,Swiss-Exclusive-500,new,2026-04-29 21:00:31,
3319,Baumann 1300 Precision,,Független Mérnök,"Zürich, CH",,,96.0,Swiss-Exclusive-500,new,2026-04-29 21:00:31,
3320,Frei 1301 Crypto-Audit,,Kiberbiztonsági Szakértő,"Geneva, CH",,,96.0,Swiss-Exclusive-500,new,2026-04-29 21:00:31,
3321,Gerber 1302 Med-Tech Services,,Pénzügyi Informatikai Konzulens,"Zug, CH",,,96.0,Swiss-Exclusive-500,new,2026-04-29 21:00:31,
3322,Widmer 1303 Watch-Tech Advisory,,Ipari Automatizálási Szakértő,"Zürich, CH",,,96.0,Swiss-Exclusive-500,new,2026-04-29 21:00:31,
3323,Zimmermann 1304 IT-Strategy,,Független Mérnök,"Geneva, CH",,,96.0,Swiss-Exclusive-500,new,2026-04-29 21:00:31,
3324,Baumann 1305 Precision,,Kiberbiztonsági Szakértő,"Zug, CH",,,96.0,Swiss-Exclusive-500,new,2026-04-29 21:00:31,
3325,Frei 1306 Crypto-Audit,,Pénzügyi Informatikai Konzulens,"Zürich, CH",,,96.0,Swiss-Exclusive-500,new,2026-04-29 21:00:31,
3326,Gerber 1307 Med-Tech Services,,Ipari Automatizálási Szakértő,"Geneva, CH",,,96.0,Swiss-Exclusive-500,new,2026-04-29 21:00:31,
3327,Widmer 1308 Watch-Tech Advisory,,Független Mérnök,"Zug, CH",,,96.0,Swiss-Exclusive-500,new,2026-04-29 21:00:31,
3328,Zimmermann 1309 IT-Strategy,,Kiberbiztonsági Szakértő,"Zürich, CH",,,96.0,Swiss-Exclusive-500,new,2026-04-29 21:00:31,
3329,Baumann 1310 Precision,,Pénzügyi Informatikai Konzulens,"Geneva, CH",,,96.0,Swiss-Exclusive-500,new,2026-04-29 21:00:31,
3330,Frei 1311 Crypto-Audit,,Ipari Automatizálási Szakértő,"Zug, CH",,,96.0,Swiss-Exclusive-500,new,2026-04-29 21:00:31,
3331,Gerber 1312 Med-Tech Services,,Független Mérnök,"Zürich, CH",,,96.0,Swiss-Exclusive-500,new,2026-04-29 21:00:31,
3332,Widmer 1313 Watch-Tech Advisory,,Kiberbiztonsági Szakértő,"Geneva, CH",,,96.0,Swiss-Exclusive-500,new,2026-04-29 21:00:31,
3333,Zimmermann 1314 IT-Strategy,,Pénzügyi Informatikai Konzulens,"Zug, CH",,,96.0,Swiss-Exclusive-500,new,2026-04-29 21:00:31,
3334,Baumann 1315 Precision,,Ipari Automatizálási Szakértő,"Zürich, CH",,,96.0,Swiss-Exclusive-500,new,2026-04-29 21:00:31,
3335,Frei 1316 Crypto-Audit,,Független Mérnök,"Geneva, CH",,,96.0,Swiss-Exclusive-500,new,2026-04-29 21:00:31,
3336,Gerber 1317 Med-Tech Services,,Kiberbiztonsági Szakértő,"Zug, CH",,,96.0,Swiss-Exclusive-500,new,2026-04-29 21:00:31,
3337,Widmer 1318 Watch-Tech Advisory,,Pénzügyi Informatikai Konzulens,"Zürich, CH",,,96.0,Swiss-Exclusive-500,new,2026-04-29 21:00:31,
3338,Zimmermann 1319 IT-Strategy,,Ipari Automatizálási Szakértő,"Geneva, CH",,,96.0,Swiss-Exclusive-500,new,2026-04-29 21:00:31,
3339,Baumann 1320 Precision,,Független Mérnök,"Zug, CH",,,96.0,Swiss-Exclusive-500,new,2026-04-29 21:00:31,
3340,Frei 1321 Crypto-Audit,,Kiberbiztonsági Szakértő,"Zürich, CH",,,96.0,Swiss-Exclusive-500,new,2026-04-29 21:00:31,
3341,Gerber 1322 Med-Tech Services,,Pénzügyi Informatikai Konzulens,"Geneva, CH",,,96.0,Swiss-Exclusive-500,new,2026-04-29 21:00:31,
3342,Widmer 1323 Watch-Tech Advisory,,Ipari Automatizálási Szakértő,"Zug, CH",,,96.0,Swiss-Exclusive-500,new,2026-04-29 21:00:31,
3343,Zimmermann 1324 IT-Strategy,,Független Mérnök,"Zürich, CH",,,96.0,Swiss-Exclusive-500,new,2026-04-29 21:00:31,
3344,Baumann 1325 Precision,,Kiberbiztonsági Szakértő,"Geneva, CH",,,96.0,Swiss-Exclusive-500,new,2026-04-29 21:00:31,
3345,Frei 1326 Crypto-Audit,,Pénzügyi Informatikai Konzulens,"Zug, CH",,,96.0,Swiss-Exclusive-500,new,2026-04-29 21:00:31,
3346,Gerber 1327 Med-Tech Services,,Ipari Automatizálási Szakértő,"Zürich, CH",,,96.0,Swiss-Exclusive-500,new,2026-04-29 21:00:31,
3347,Widmer 1328 Watch-Tech Advisory,,Független Mérnök,"Geneva, CH",,,96.0,Swiss-Exclusive-500,new,2026-04-29 21:00:31,
3348,Zimmermann 1329 IT-Strategy,,Kiberbiztonsági Szakértő,"Zug, CH",,,96.0,Swiss-Exclusive-500,new,2026-04-29 21:00:31,
3349,Baumann 1330 Precision,,Pénzügyi Informatikai Konzulens,"Zürich, CH",,,96.0,Swiss-Exclusive-500,new,2026-04-29 21:00:31,
3350,Frei 1331 Crypto-Audit,,Ipari Automatizálási Szakértő,"Geneva, CH",,,96.0,Swiss-Exclusive-500,new,2026-04-29 21:00:31,
3351,Gerber 1332 Med-Tech Services,,Független Mérnök,"Zug, CH",,,96.0,Swiss-Exclusive-500,new,2026-04-29 21:00:31,
3352,Widmer 1333 Watch-Tech Advisory,,Kiberbiztonsági Szakértő,"Zürich, CH",,,96.0,Swiss-Exclusive-500,new,2026-04-29 21:00:31,
3353,Zimmermann 1334 IT-Strategy,,Pénzügyi Informatikai Konzulens,"Geneva, CH",,,96.0,Swiss-Exclusive-500,new,2026-04-29 21:00:31,
3354,Baumann 1335 Precision,,Ipari Automatizálási Szakértő,"Zug, CH",,,96.0,Swiss-Exclusive-500,new,2026-04-29 21:00:31,
3355,Frei 1336 Crypto-Audit,,Független Mérnök,"Zürich, CH",,,96.0,Swiss-Exclusive-500,new,2026-04-29 21:00:31,
3356,Gerber 1337 Med-Tech Services,,Kiberbiztonsági Szakértő,"Geneva, CH",,,96.0,Swiss-Exclusive-500,new,2026-04-29 21:00:31,
3357,Widmer 1338 Watch-Tech Advisory,,Pénzügyi Informatikai Konzulens,"Zug, CH",,,96.0,Swiss-Exclusive-500,new,2026-04-29 21:00:31,
3358,Zimmermann 1339 IT-Strategy,,Ipari Automatizálási Szakértő,"Zürich, CH",,,96.0,Swiss-Exclusive-500,new,2026-04-29 21:00:31,
3359,Baumann 1340 Precision,,Független Mérnök,"Geneva, CH",,,96.0,Swiss-Exclusive-500,new,2026-04-29 21:00:31,
3360,Frei 1341 Crypto-Audit,,Kiberbiztonsági Szakértő,"Zug, CH",,,96.0,Swiss-Exclusive-500,new,2026-04-29 21:00:31,
3361,Gerber 1342 Med-Tech Services,,Pénzügyi Informatikai Konzulens,"Zürich, CH",,,96.0,Swiss-Exclusive-500,new,2026-04-29 21:00:31,
3362,Widmer 1343 Watch-Tech Advisory,,Ipari Automatizálási Szakértő,"Geneva, CH",,,96.0,Swiss-Exclusive-500,new,2026-04-29 21:00:31,
3363,Zimmermann 1344 IT-Strategy,,Független Mérnök,"Zug, CH",,,96.0,Swiss-Exclusive-500,new,2026-04-29 21:00:31,
3364,Baumann 1345 Precision,,Kiberbiztonsági Szakértő,"Zürich, CH",,,96.0,Swiss-Exclusive-500,new,2026-04-29 21:00:31,
3365,Frei 1346 Crypto-Audit,,Pénzügyi Informatikai Konzulens,"Geneva, CH",,,96.0,Swiss-Exclusive-500,new,2026-04-29 21:00:31,
3366,Gerber 1347 Med-Tech Services,,Ipari Automatizálási Szakértő,"Zug, CH",,,96.0,Swiss-Exclusive-500,new,2026-04-29 21:00:31,
3367,Widmer 1348 Watch-Tech Advisory,,Független Mérnök,"Zürich, CH",,,96.0,Swiss-Exclusive-500,new,2026-04-29 21:00:31,
3368,Zimmermann 1349 IT-Strategy,,Kiberbiztonsági Szakértő,"Geneva, CH",,,96.0,Swiss-Exclusive-500,new,2026-04-29 21:00:31,
3369,Baumann 1350 Precision,,Pénzügyi Informatikai Konzulens,"Zug, CH",,,96.0,Swiss-Exclusive-500,new,2026-04-29 21:00:31,
3370,Frei 1351 Crypto-Audit,,Ipari Automatizálási Szakértő,"Zürich, CH",,,96.0,Swiss-Exclusive-500,new,2026-04-29 21:00:31,
3371,Gerber 1352 Med-Tech Services,,Független Mérnök,"Geneva, CH",,,96.0,Swiss-Exclusive-500,new,2026-04-29 21:00:31,
3372,Widmer 1353 Watch-Tech Advisory,,Kiberbiztonsági Szakértő,"Zug, CH",,,96.0,Swiss-Exclusive-500,new,2026-04-29 21:00:31,
3373,Zimmermann 1354 IT-Strategy,,Pénzügyi Informatikai Konzulens,"Zürich, CH",,,96.0,Swiss-Exclusive-500,new,2026-04-29 21:00:31,
3374,Baumann 1355 Precision,,Ipari Automatizálási Szakértő,"Geneva, CH",,,96.0,Swiss-Exclusive-500,new,2026-04-29 21:00:31,
3375,Frei 1356 Crypto-Audit,,Független Mérnök,"Zug, CH",,,96.0,Swiss-Exclusive-500,new,2026-04-29 21:00:31,
3376,Gerber 1357 Med-Tech Services,,Kiberbiztonsági Szakértő,"Zürich, CH",,,96.0,Swiss-Exclusive-500,new,2026-04-29 21:00:31,
3377,Widmer 1358 Watch-Tech Advisory,,Pénzügyi Informatikai Konzulens,"Geneva, CH",,,96.0,Swiss-Exclusive-500,new,2026-04-29 21:00:31,
3378,Zimmermann 1359 IT-Strategy,,Ipari Automatizálási Szakértő,"Zug, CH",,,96.0,Swiss-Exclusive-500,new,2026-04-29 21:00:31,
3379,Baumann 1360 Precision,,Független Mérnök,"Zürich, CH",,,96.0,Swiss-Exclusive-500,new,2026-04-29 21:00:31,
3380,Frei 1361 Crypto-Audit,,Kiberbiztonsági Szakértő,"Geneva, CH",,,96.0,Swiss-Exclusive-500,new,2026-04-29 21:00:31,
3381,Gerber 1362 Med-Tech Services,,Pénzügyi Informatikai Konzulens,"Zug, CH",,,96.0,Swiss-Exclusive-500,new,2026-04-29 21:00:31,
3382,Widmer 1363 Watch-Tech Advisory,,Ipari Automatizálási Szakértő,"Zürich, CH",,,96.0,Swiss-Exclusive-500,new,2026-04-29 21:00:31,
3383,Zimmermann 1364 IT-Strategy,,Független Mérnök,"Geneva, CH",,,96.0,Swiss-Exclusive-500,new,2026-04-29 21:00:31,
3384,Baumann 1365 Precision,,Kiberbiztonsági Szakértő,"Zug, CH",,,96.0,Swiss-Exclusive-500,new,2026-04-29 21:00:31,
3385,Frei 1366 Crypto-Audit,,Pénzügyi Informatikai Konzulens,"Zürich, CH",,,96.0,Swiss-Exclusive-500,new,2026-04-29 21:00:31,
3386,Gerber 1367 Med-Tech Services,,Ipari Automatizálási Szakértő,"Geneva, CH",,,96.0,Swiss-Exclusive-500,new,2026-04-29 21:00:31,
3387,Widmer 1368 Watch-Tech Advisory,,Független Mérnök,"Zug, CH",,,96.0,Swiss-Exclusive-500,new,2026-04-29 21:00:31,
3388,Zimmermann 1369 IT-Strategy,,Kiberbiztonsági Szakértő,"Zürich, CH",,,96.0,Swiss-Exclusive-500,new,2026-04-29 21:00:31,
3389,Baumann 1370 Precision,,Pénzügyi Informatikai Konzulens,"Geneva, CH",,,96.0,Swiss-Exclusive-500,new,2026-04-29 21:00:31,
3390,Frei 1371 Crypto-Audit,,Ipari Automatizálási Szakértő,"Zug, CH",,,96.0,Swiss-Exclusive-500,new,2026-04-29 21:00:31,
3391,Gerber 1372 Med-Tech Services,,Független Mérnök,"Zürich, CH",,,96.0,Swiss-Exclusive-500,new,2026-04-29 21:00:31,
3392,Widmer 1373 Watch-Tech Advisory,,Kiberbiztonsági Szakértő,"Geneva, CH",,,96.0,Swiss-Exclusive-500,new,2026-04-29 21:00:31,
3393,Zimmermann 1374 IT-Strategy,,Pénzügyi Informatikai Konzulens,"Zug, CH",,,96.0,Swiss-Exclusive-500,new,2026-04-29 21:00:31,
3394,Baumann 1375 Precision,,Ipari Automatizálási Szakértő,"Zürich, CH",,,96.0,Swiss-Exclusive-500,new,2026-04-29 21:00:31,
3395,Frei 1376 Crypto-Audit,,Független Mérnök,"Geneva, CH",,,96.0,Swiss-Exclusive-500,new,2026-04-29 21:00:31,
3396,Gerber 1377 Med-Tech Services,,Kiberbiztonsági Szakértő,"Zug, CH",,,96.0,Swiss-Exclusive-500,new,2026-04-29 21:00:31,
3397,Widmer 1378 Watch-Tech Advisory,,Pénzügyi Informatikai Konzulens,"Zürich, CH",,,96.0,Swiss-Exclusive-500,new,2026-04-29 21:00:31,
3398,Zimmermann 1379 IT-Strategy,,Ipari Automatizálási Szakértő,"Geneva, CH",,,96.0,Swiss-Exclusive-500,new,2026-04-29 21:00:31,
3399,Baumann 1380 Precision,,Független Mérnök,"Zug, CH",,,96.0,Swiss-Exclusive-500,new,2026-04-29 21:00:31,
3400,Frei 1381 Crypto-Audit,,Kiberbiztonsági Szakértő,"Zürich, CH",,,96.0,Swiss-Exclusive-500,new,2026-04-29 21:00:31,
3401,Gerber 1382 Med-Tech Services,,Pénzügyi Informatikai Konzulens,"Geneva, CH",,,96.0,Swiss-Exclusive-500,new,2026-04-29 21:00:31,
3402,Widmer 1383 Watch-Tech Advisory,,Ipari Automatizálási Szakértő,"Zug, CH",,,96.0,Swiss-Exclusive-500,new,2026-04-29 21:00:31,
3403,Zimmermann 1384 IT-Strategy,,Független Mérnök,"Zürich, CH",,,96.0,Swiss-Exclusive-500,new,2026-04-29 21:00:31,
3404,Baumann 1385 Precision,,Kiberbiztonsági Szakértő,"Geneva, CH",,,96.0,Swiss-Exclusive-500,new,2026-04-29 21:00:31,
3405,Frei 1386 Crypto-Audit,,Pénzügyi Informatikai Konzulens,"Zug, CH",,,96.0,Swiss-Exclusive-500,new,2026-04-29 21:00:31,
3406,Gerber 1387 Med-Tech Services,,Ipari Automatizálási Szakértő,"Zürich, CH",,,96.0,Swiss-Exclusive-500,new,2026-04-29 21:00:31,
3407,Widmer 1388 Watch-Tech Advisory,,Független Mérnök,"Geneva, CH",,,96.0,Swiss-Exclusive-500,new,2026-04-29 21:00:31,
3408,Zimmermann 1389 IT-Strategy,,Kiberbiztonsági Szakértő,"Zug, CH",,,96.0,Swiss-Exclusive-500,new,2026-04-29 21:00:31,
3409,Baumann 1390 Precision,,Pénzügyi Informatikai Konzulens,"Zürich, CH",,,96.0,Swiss-Exclusive-500,new,2026-04-29 21:00:31,
3410,Frei 1391 Crypto-Audit,,Ipari Automatizálási Szakértő,"Geneva, CH",,,96.0,Swiss-Exclusive-500,new,2026-04-29 21:00:31,
3411,Gerber 1392 Med-Tech Services,,Független Mérnök,"Zug, CH",,,96.0,Swiss-Exclusive-500,new,2026-04-29 21:00:31,
3412,Widmer 1393 Watch-Tech Advisory,,Kiberbiztonsági Szakértő,"Zürich, CH",,,96.0,Swiss-Exclusive-500,new,2026-04-29 21:00:31,
3413,Zimmermann 1394 IT-Strategy,,Pénzügyi Informatikai Konzulens,"Geneva, CH",,,96.0,Swiss-Exclusive-500,new,2026-04-29 21:00:31,
3414,Baumann 1395 Precision,,Ipari Automatizálási Szakértő,"Zug, CH",,,96.0,Swiss-Exclusive-500,new,2026-04-29 21:00:31,
3415,Frei 1396 Crypto-Audit,,Független Mérnök,"Zürich, CH",,,96.0,Swiss-Exclusive-500,new,2026-04-29 21:00:31,
3416,Gerber 1397 Med-Tech Services,,Kiberbiztonsági Szakértő,"Geneva, CH",,,96.0,Swiss-Exclusive-500,new,2026-04-29 21:00:31,
3417,Widmer 1398 Watch-Tech Advisory,,Pénzügyi Informatikai Konzulens,"Zug, CH",,,96.0,Swiss-Exclusive-500,new,2026-04-29 21:00:31,
3418,Zimmermann 1399 IT-Strategy,,Ipari Automatizálási Szakértő,"Zürich, CH",,,96.0,Swiss-Exclusive-500,new,2026-04-29 21:00:31,
3419,Baumann 1400 Precision,,Független Mérnök,"Geneva, CH",,,96.0,Swiss-Exclusive-500,new,2026-04-29 21:00:31,
3420,Frei 1401 Crypto-Audit,,Kiberbiztonsági Szakértő,"Zug, CH",,,96.0,Swiss-Exclusive-500,new,2026-04-29 21:00:31,
3421,Gerber 1402 Med-Tech Services,,Pénzügyi Informatikai Konzulens,"Zürich, CH",,,96.0,Swiss-Exclusive-500,new,2026-04-29 21:00:31,
3422,Widmer 1403 Watch-Tech Advisory,,Ipari Automatizálási Szakértő,"Geneva, CH",,,96.0,Swiss-Exclusive-500,new,2026-04-29 21:00:31,
3423,Zimmermann 1404 IT-Strategy,,Független Mérnök,"Zug, CH",,,96.0,Swiss-Exclusive-500,new,2026-04-29 21:00:31,
3424,Baumann 1405 Precision,,Kiberbiztonsági Szakértő,"Zürich, CH",,,96.0,Swiss-Exclusive-500,new,2026-04-29 21:00:31,
3425,Frei 1406 Crypto-Audit,,Pénzügyi Informatikai Konzulens,"Geneva, CH",,,96.0,Swiss-Exclusive-500,new,2026-04-29 21:00:31,
3426,Gerber 1407 Med-Tech Services,,Ipari Automatizálási Szakértő,"Zug, CH",,,96.0,Swiss-Exclusive-500,new,2026-04-29 21:00:31,
3427,Widmer 1408 Watch-Tech Advisory,,Független Mérnök,"Zürich, CH",,,96.0,Swiss-Exclusive-500,new,2026-04-29 21:00:31,
3428,Zimmermann 1409 IT-Strategy,,Kiberbiztonsági Szakértő,"Geneva, CH",,,96.0,Swiss-Exclusive-500,new,2026-04-29 21:00:31,
3429,Baumann 1410 Precision,,Pénzügyi Informatikai Konzulens,"Zug, CH",,,96.0,Swiss-Exclusive-500,new,2026-04-29 21:00:31,
3430,Frei 1411 Crypto-Audit,,Ipari Automatizálási Szakértő,"Zürich, CH",,,96.0,Swiss-Exclusive-500,new,2026-04-29 21:00:31,
3431,Gerber 1412 Med-Tech Services,,Független Mérnök,"Geneva, CH",,,96.0,Swiss-Exclusive-500,new,2026-04-29 21:00:31,
3432,Widmer 1413 Watch-Tech Advisory,,Kiberbiztonsági Szakértő,"Zug, CH",,,96.0,Swiss-Exclusive-500,new,2026-04-29 21:00:31,
3433,Zimmermann 1414 IT-Strategy,,Pénzügyi Informatikai Konzulens,"Zürich, CH",,,96.0,Swiss-Exclusive-500,new,2026-04-29 21:00:31,
3434,Baumann 1415 Precision,,Ipari Automatizálási Szakértő,"Geneva, CH",,,96.0,Swiss-Exclusive-500,new,2026-04-29 21:00:31,
3435,Frei 1416 Crypto-Audit,,Független Mérnök,"Zug, CH",,,96.0,Swiss-Exclusive-500,new,2026-04-29 21:00:31,
3436,Gerber 1417 Med-Tech Services,,Kiberbiztonsági Szakértő,"Zürich, CH",,,96.0,Swiss-Exclusive-500,new,2026-04-29 21:00:31,
3437,Widmer 1418 Watch-Tech Advisory,,Pénzügyi Informatikai Konzulens,"Geneva, CH",,,96.0,Swiss-Exclusive-500,new,2026-04-29 21:00:31,
3438,Zimmermann 1419 IT-Strategy,,Ipari Automatizálási Szakértő,"Zug, CH",,,96.0,Swiss-Exclusive-500,new,2026-04-29 21:00:31,
3439,Baumann 1420 Precision,,Független Mérnök,"Zürich, CH",,,96.0,Swiss-Exclusive-500,new,2026-04-29 21:00:31,
3440,Frei 1421 Crypto-Audit,,Kiberbiztonsági Szakértő,"Geneva, CH",,,96.0,Swiss-Exclusive-500,new,2026-04-29 21:00:31,
3441,Gerber 1422 Med-Tech Services,,Pénzügyi Informatikai Konzulens,"Zug, CH",,,96.0,Swiss-Exclusive-500,new,2026-04-29 21:00:31,
3442,Widmer 1423 Watch-Tech Advisory,,Ipari Automatizálási Szakértő,"Zürich, CH",,,96.0,Swiss-Exclusive-500,new,2026-04-29 21:00:31,
3443,Zimmermann 1424 IT-Strategy,,Független Mérnök,"Geneva, CH",,,96.0,Swiss-Exclusive-500,new,2026-04-29 21:00:31,
3444,Baumann 1425 Precision,,Kiberbiztonsági Szakértő,"Zug, CH",,,96.0,Swiss-Exclusive-500,new,2026-04-29 21:00:31,
3445,Frei 1426 Crypto-Audit,,Pénzügyi Informatikai Konzulens,"Zürich, CH",,,96.0,Swiss-Exclusive-500,new,2026-04-29 21:00:31,
3446,Gerber 1427 Med-Tech Services,,Ipari Automatizálási Szakértő,"Geneva, CH",,,96.0,Swiss-Exclusive-500,new,2026-04-29 21:00:31,
3447,Widmer 1428 Watch-Tech Advisory,,Független Mérnök,"Zug, CH",,,96.0,Swiss-Exclusive-500,new,2026-04-29 21:00:31,
3448,Zimmermann 1429 IT-Strategy,,Kiberbiztonsági Szakértő,"Zürich, CH",,,96.0,Swiss-Exclusive-500,new,2026-04-29 21:00:31,
3449,Baumann 1430 Precision,,Pénzügyi Informatikai Konzulens,"Geneva, CH",,,96.0,Swiss-Exclusive-500,new,2026-04-29 21:00:31,
3450,Frei 1431 Crypto-Audit,,Ipari Automatizálási Szakértő,"Zug, CH",,,96.0,Swiss-Exclusive-500,new,2026-04-29 21:00:31,
3451,Gerber 1432 Med-Tech Services,,Független Mérnök,"Zürich, CH",,,96.0,Swiss-Exclusive-500,new,2026-04-29 21:00:31,
3452,Widmer 1433 Watch-Tech Advisory,,Kiberbiztonsági Szakértő,"Geneva, CH",,,96.0,Swiss-Exclusive-500,new,2026-04-29 21:00:31,
3453,Zimmermann 1434 IT-Strategy,,Pénzügyi Informatikai Konzulens,"Zug, CH",,,96.0,Swiss-Exclusive-500,new,2026-04-29 21:00:31,
3454,Baumann 1435 Precision,,Ipari Automatizálási Szakértő,"Zürich, CH",,,96.0,Swiss-Exclusive-500,new,2026-04-29 21:00:31,
3455,Frei 1436 Crypto-Audit,,Független Mérnök,"Geneva, CH",,,96.0,Swiss-Exclusive-500,new,2026-04-29 21:00:31,
3456,Gerber 1437 Med-Tech Services,,Kiberbiztonsági Szakértő,"Zug, CH",,,96.0,Swiss-Exclusive-500,new,2026-04-29 21:00:31,
3457,Widmer 1438 Watch-Tech Advisory,,Pénzügyi Informatikai Konzulens,"Zürich, CH",,,96.0,Swiss-Exclusive-500,new,2026-04-29 21:00:31,
3458,Zimmermann 1439 IT-Strategy,,Ipari Automatizálási Szakértő,"Geneva, CH",,,96.0,Swiss-Exclusive-500,new,2026-04-29 21:00:31,
3459,Baumann 1440 Precision,,Független Mérnök,"Zug, CH",,,96.0,Swiss-Exclusive-500,new,2026-04-29 21:00:31,
3460,Frei 1441 Crypto-Audit,,Kiberbiztonsági Szakértő,"Zürich, CH",,,96.0,Swiss-Exclusive-500,new,2026-04-29 21:00:31,
3461,Gerber 1442 Med-Tech Services,,Pénzügyi Informatikai Konzulens,"Geneva, CH",,,96.0,Swiss-Exclusive-500,new,2026-04-29 21:00:31,
3462,Widmer 1443 Watch-Tech Advisory,,Ipari Automatizálási Szakértő,"Zug, CH",,,96.0,Swiss-Exclusive-500,new,2026-04-29 21:00:31,
3463,Zimmermann 1444 IT-Strategy,,Független Mérnök,"Zürich, CH",,,96.0,Swiss-Exclusive-500,new,2026-04-29 21:00:31,
3464,Baumann 1445 Precision,,Kiberbiztonsági Szakértő,"Geneva, CH",,,96.0,Swiss-Exclusive-500,new,2026-04-29 21:00:31,
3465,Frei 1446 Crypto-Audit,,Pénzügyi Informatikai Konzulens,"Zug, CH",,,96.0,Swiss-Exclusive-500,new,2026-04-29 21:00:31,
3466,Gerber 1447 Med-Tech Services,,Ipari Automatizálási Szakértő,"Zürich, CH",,,96.0,Swiss-Exclusive-500,new,2026-04-29 21:00:31,
3467,Widmer 1448 Watch-Tech Advisory,,Független Mérnök,"Geneva, CH",,,96.0,Swiss-Exclusive-500,new,2026-04-29 21:00:31,
3468,Zimmermann 1449 IT-Strategy,,Kiberbiztonsági Szakértő,"Zug, CH",,,96.0,Swiss-Exclusive-500,new,2026-04-29 21:00:31,
3469,Baumann 1450 Precision,,Pénzügyi Informatikai Konzulens,"Zürich, CH",,,96.0,Swiss-Exclusive-500,new,2026-04-29 21:00:31,
3470,Frei 1451 Crypto-Audit,,Ipari Automatizálási Szakértő,"Geneva, CH",,,96.0,Swiss-Exclusive-500,new,2026-04-29 21:00:31,
3471,Gerber 1452 Med-Tech Services,,Független Mérnök,"Zug, CH",,,96.0,Swiss-Exclusive-500,new,2026-04-29 21:00:31,
3472,Widmer 1453 Watch-Tech Advisory,,Kiberbiztonsági Szakértő,"Zürich, CH",,,96.0,Swiss-Exclusive-500,new,2026-04-29 21:00:31,
3473,Zimmermann 1454 IT-Strategy,,Pénzügyi Informatikai Konzulens,"Geneva, CH",,,96.0,Swiss-Exclusive-500,new,2026-04-29 21:00:31,
3474,Baumann 1455 Precision,,Ipari Automatizálási Szakértő,"Zug, CH",,,96.0,Swiss-Exclusive-500,new,2026-04-29 21:00:31,
3475,Frei 1456 Crypto-Audit,,Független Mérnök,"Zürich, CH",,,96.0,Swiss-Exclusive-500,new,2026-04-29 21:00:31,
3476,Gerber 1457 Med-Tech Services,,Kiberbiztonsági Szakértő,"Geneva, CH",,,96.0,Swiss-Exclusive-500,new,2026-04-29 21:00:31,
3477,Widmer 1458 Watch-Tech Advisory,,Pénzügyi Informatikai Konzulens,"Zug, CH",,,96.0,Swiss-Exclusive-500,new,2026-04-29 21:00:31,
3478,Zimmermann 1459 IT-Strategy,,Ipari Automatizálási Szakértő,"Zürich, CH",,,96.0,Swiss-Exclusive-500,new,2026-04-29 21:00:31,
3479,Baumann 1460 Precision,,Független Mérnök,"Geneva, CH",,,96.0,Swiss-Exclusive-500,new,2026-04-29 21:00:31,
3480,Frei 1461 Crypto-Audit,,Kiberbiztonsági Szakértő,"Zug, CH",,,96.0,Swiss-Exclusive-500,new,2026-04-29 21:00:31,
3481,Gerber 1462 Med-Tech Services,,Pénzügyi Informatikai Konzulens,"Zürich, CH",,,96.0,Swiss-Exclusive-500,new,2026-04-29 21:00:31,
3482,Widmer 1463 Watch-Tech Advisory,,Ipari Automatizálási Szakértő,"Geneva, CH",,,96.0,Swiss-Exclusive-500,new,2026-04-29 21:00:31,
3483,Zimmermann 1464 IT-Strategy,,Független Mérnök,"Zug, CH",,,96.0,Swiss-Exclusive-500,new,2026-04-29 21:00:31,
3484,Baumann 1465 Precision,,Kiberbiztonsági Szakértő,"Zürich, CH",,,96.0,Swiss-Exclusive-500,new,2026-04-29 21:00:31,
3485,Frei 1466 Crypto-Audit,,Pénzügyi Informatikai Konzulens,"Geneva, CH",,,96.0,Swiss-Exclusive-500,new,2026-04-29 21:00:31,
3486,Gerber 1467 Med-Tech Services,,Ipari Automatizálási Szakértő,"Zug, CH",,,96.0,Swiss-Exclusive-500,new,2026-04-29 21:00:31,
3487,Widmer 1468 Watch-Tech Advisory,,Független Mérnök,"Zürich, CH",,,96.0,Swiss-Exclusive-500,new,2026-04-29 21:00:31,
3488,Zimmermann 1469 IT-Strategy,,Kiberbiztonsági Szakértő,"Geneva, CH",,,96.0,Swiss-Exclusive-500,new,2026-04-29 21:00:31,
3489,Baumann 1470 Precision,,Pénzügyi Informatikai Konzulens,"Zug, CH",,,96.0,Swiss-Exclusive-500,new,2026-04-29 21:00:31,
3490,Frei 1471 Crypto-Audit,,Ipari Automatizálási Szakértő,"Zürich, CH",,,96.0,Swiss-Exclusive-500,new,2026-04-29 21:00:31,
3491,Gerber 1472 Med-Tech Services,,Független Mérnök,"Geneva, CH",,,96.0,Swiss-Exclusive-500,new,2026-04-29 21:00:31,
3492,Widmer 1473 Watch-Tech Advisory,,Kiberbiztonsági Szakértő,"Zug, CH",,,96.0,Swiss-Exclusive-500,new,2026-04-29 21:00:31,
3493,Zimmermann 1474 IT-Strategy,,Pénzügyi Informatikai Konzulens,"Zürich, CH",,,96.0,Swiss-Exclusive-500,new,2026-04-29 21:00:31,
3494,Baumann 1475 Precision,,Ipari Automatizálási Szakértő,"Geneva, CH",,,96.0,Swiss-Exclusive-500,new,2026-04-29 21:00:31,
3495,Frei 1476 Crypto-Audit,,Független Mérnök,"Zug, CH",,,96.0,Swiss-Exclusive-500,new,2026-04-29 21:00:31,
3496,Gerber 1477 Med-Tech Services,,Kiberbiztonsági Szakértő,"Zürich, CH",,,96.0,Swiss-Exclusive-500,new,2026-04-29 21:00:31,
3497,Widmer 1478 Watch-Tech Advisory,,Pénzügyi Informatikai Konzulens,"Geneva, CH",,,96.0,Swiss-Exclusive-500,new,2026-04-29 21:00:31,
3498,Zimmermann 1479 IT-Strategy,,Ipari Automatizálási Szakértő,"Zug, CH",,,96.0,Swiss-Exclusive-500,new,2026-04-29 21:00:31,
3499,Baumann 1480 Precision,,Független Mérnök,"Zürich, CH",,,96.0,Swiss-Exclusive-500,new,2026-04-29 21:00:31,
3500,Frei 1481 Crypto-Audit,,Kiberbiztonsági Szakértő,"Geneva, CH",,,96.0,Swiss-Exclusive-500,new,2026-04-29 21:00:31,
3501,Gerber 1482 Med-Tech Services,,Pénzügyi Informatikai Konzulens,"Zug, CH",,,96.0,Swiss-Exclusive-500,new,2026-04-29 21:00:31,
3502,Widmer 1483 Watch-Tech Advisory,,Ipari Automatizálási Szakértő,"Zürich, CH",,,96.0,Swiss-Exclusive-500,new,2026-04-29 21:00:31,
3503,Zimmermann 1484 IT-Strategy,,Független Mérnök,"Geneva, CH",,,96.0,Swiss-Exclusive-500,new,2026-04-29 21:00:31,
3504,Baumann 1485 Precision,,Kiberbiztonsági Szakértő,"Zug, CH",,,96.0,Swiss-Exclusive-500,new,2026-04-29 21:00:31,
3505,Frei 1486 Crypto-Audit,,Pénzügyi Informatikai Konzulens,"Zürich, CH",,,96.0,Swiss-Exclusive-500,new,2026-04-29 21:00:31,
3506,Gerber 1487 Med-Tech Services,,Ipari Automatizálási Szakértő,"Geneva, CH",,,96.0,Swiss-Exclusive-500,new,2026-04-29 21:00:31,
3507,Widmer 1488 Watch-Tech Advisory,,Független Mérnök,"Zug, CH",,,96.0,Swiss-Exclusive-500,new,2026-04-29 21:00:31,
3508,Zimmermann 1489 IT-Strategy,,Kiberbiztonsági Szakértő,"Zürich, CH",,,96.0,Swiss-Exclusive-500,new,2026-04-29 21:00:31,
3509,Baumann 1490 Precision,,Pénzügyi Informatikai Konzulens,"Geneva, CH",,,96.0,Swiss-Exclusive-500,new,2026-04-29 21:00:31,
3510,Frei 1491 Crypto-Audit,,Ipari Automatizálási Szakértő,"Zug, CH",,,96.0,Swiss-Exclusive-500,new,2026-04-29 21:00:31,
3511,Gerber 1492 Med-Tech Services,,Független Mérnök,"Zürich, CH",,,96.0,Swiss-Exclusive-500,new,2026-04-29 21:00:31,
3512,Widmer 1493 Watch-Tech Advisory,,Kiberbiztonsági Szakértő,"Geneva, CH",,,96.0,Swiss-Exclusive-500,new,2026-04-29 21:00:31,
3513,Zimmermann 1494 IT-Strategy,,Pénzügyi Informatikai Konzulens,"Zug, CH",,,96.0,Swiss-Exclusive-500,new,2026-04-29 21:00:31,
3514,Baumann 1495 Precision,,Ipari Automatizálási Szakértő,"Zürich, CH",,,96.0,Swiss-Exclusive-500,new,2026-04-29 21:00:31,
3515,Frei 1496 Crypto-Audit,,Független Mérnök,"Geneva, CH",,,96.0,Swiss-Exclusive-500,new,2026-04-29 21:00:31,
3516,Gerber 1497 Med-Tech Services,,Kiberbiztonsági Szakértő,"Zug, CH",,,96.0,Swiss-Exclusive-500,new,2026-04-29 21:00:31,
3517,Widmer 1498 Watch-Tech Advisory,,Pénzügyi Informatikai Konzulens,"Zürich, CH",,,96.0,Swiss-Exclusive-500,new,2026-04-29 21:00:31,
3518,Zimmermann 1499 IT-Strategy,,Ipari Automatizálási Szakértő,"Geneva, CH",,,96.0,Swiss-Exclusive-500,new,2026-04-29 21:00:31,
3519,Baumann 1500 Precision,,Független Mérnök,"Zug, CH",,,96.0,Swiss-Exclusive-500,new,2026-04-29 21:00:31,
3524,AU-Ent-8328-66205,,E-commerce,"Melbourne, AU",,,99.0,AU-Expansion-Bot,new,2026-04-29 21:17:46,
3527,AU-Ent-3237-66205,,AgriTech,"Melbourne, AU",,,96.0,AU-Expansion-Bot,new,2026-04-29 21:17:46,
3531,AU-Ent-9935-66205,,Mining Tech,"Melbourne, AU",,,99.0,AU-Expansion-Bot,new,2026-04-29 21:17:46,
3532,AU-Ent-6879-66205,,AgriTech,"Perth, AU",,,98.0,AU-Expansion-Bot,new,2026-04-29 21:17:46,
3533,AU-Ent-2376-66205,,Mining Tech,"Sydney, AU",,,95.0,AU-Expansion-Bot,new,2026-04-29 21:17:46,
3534,AU-Ent-4397-66205,,Mining Tech,"Brisbane, AU",,,97.0,AU-Expansion-Bot,new,2026-04-29 21:17:46,
3552,AU-Ent-5749-66206,,E-commerce,"Brisbane, AU",,,97.0,AU-Expansion-Bot,new,2026-04-29 21:17:46,
3565,AU-Ent-9885-66207,,Mining Tech,"Melbourne, AU",,,97.0,AU-Expansion-Bot,new,2026-04-29 21:17:46,
3570,AU-Ent-3828-66207,,Renewables,"Melbourne, AU",,,95.0,AU-Expansion-Bot,new,2026-04-29 21:17:46,
3571,AU-Ent-9260-66207,,AgriTech,"Perth, AU",,,96.0,AU-Expansion-Bot,new,2026-04-29 21:17:46,
3574,AU-Ent-8009-66207,,Mining Tech,"Perth, AU",,,95.0,AU-Expansion-Bot,new,2026-04-29 21:17:46,
3579,AU-Ent-9539-66208,,FinTech,"Sydney, AU",,,98.0,AU-Expansion-Bot,new,2026-04-29 21:17:46,
3580,AU-Ent-9018-66208,,Mining Tech,"Melbourne, AU",,,97.0,AU-Expansion-Bot,new,2026-04-29 21:17:46,
3583,AU-Ent-1559-66208,,Mining Tech,"Perth, AU",,,98.0,AU-Expansion-Bot,new,2026-04-29 21:17:46,
3586,AU-Ent-5332-66208,,FinTech,"Sydney, AU",,,96.0,AU-Expansion-Bot,new,2026-04-29 21:17:46,
3593,AU-Ent-5347-66208,,E-commerce,"Melbourne, AU",,,97.0,AU-Expansion-Bot,new,2026-04-29 21:17:46,
3594,AU-Ent-1070-66208,,AgriTech,"Perth, AU",,,98.0,AU-Expansion-Bot,new,2026-04-29 21:17:46,
3595,AU-Ent-9187-66208,,Mining Tech,"Sydney, AU",,,98.0,AU-Expansion-Bot,new,2026-04-29 21:17:46,
3597,AU-Ent-6844-66208,,E-commerce,"Brisbane, AU",,,95.0,AU-Expansion-Bot,new,2026-04-29 21:17:46,
3599,AU-Ent-6295-66208,,Renewables,"Brisbane, AU",,,95.0,AU-Expansion-Bot,new,2026-04-29 21:17:46,
3601,AU-Ent-4874-66209,,E-commerce,"Brisbane, AU",,,95.0,AU-Expansion-Bot,new,2026-04-29 21:17:46,
3603,AU-Ent-3230-66209,,Renewables,"Sydney, AU",,,99.0,AU-Expansion-Bot,new,2026-04-29 21:17:46,
3605,AU-Ent-1958-66209,,E-commerce,"Brisbane, AU",,,97.0,AU-Expansion-Bot,new,2026-04-29 21:17:46,
3606,AU-Ent-2429-66209,,AgriTech,"Brisbane, AU",,,97.0,AU-Expansion-Bot,new,2026-04-29 21:17:46,
3610,AU-Ent-1772-66209,,FinTech,"Melbourne, AU",,,97.0,AU-Expansion-Bot,new,2026-04-29 21:17:46,
3613,AU-Ent-8715-66209,,E-commerce,"Sydney, AU",,,99.0,AU-Expansion-Bot,new,2026-04-29 21:17:46,
3617,AU-Ent-9145-66209,,E-commerce,"Brisbane, AU",,,95.0,AU-Expansion-Bot,new,2026-04-29 21:17:46,
3618,AU-Ent-6363-66209,,AgriTech,"Brisbane, AU",,,99.0,AU-Expansion-Bot,new,2026-04-29 21:17:46,
3620,AU-Ent-6226-66209,,FinTech,"Melbourne, AU",,,97.0,AU-Expansion-Bot,new,2026-04-29 21:17:46,
3621,AU-Ent-6080-66210,,Renewables,"Brisbane, AU",,,99.0,AU-Expansion-Bot,new,2026-04-29 21:17:46,
3627,AU-Ent-2868-66210,,Renewables,"Sydney, AU",,,97.0,AU-Expansion-Bot,new,2026-04-29 21:17:46,
3629,AU-Ent-3185-66210,,FinTech,"Sydney, AU",,,99.0,AU-Expansion-Bot,new,2026-04-29 21:17:46,
3630,AU-Ent-2406-66210,,Renewables,"Sydney, AU",,,96.0,AU-Expansion-Bot,new,2026-04-29 21:17:46,
3632,AU-Ent-2895-66210,,FinTech,"Melbourne, AU",,,99.0,AU-Expansion-Bot,new,2026-04-29 21:17:46,
3633,AU-Ent-5576-66210,,AgriTech,"Melbourne, AU",,,98.0,AU-Expansion-Bot,new,2026-04-29 21:17:46,
3638,AU-Ent-9377-66210,,Renewables,"Brisbane, AU",,,97.0,AU-Expansion-Bot,new,2026-04-29 21:17:46,
3639,AU-Ent-7782-66210,,FinTech,"Melbourne, AU",,,96.0,AU-Expansion-Bot,new,2026-04-29 21:17:46,
3646,AU-Ent-8049-66211,,E-commerce,"Brisbane, AU",,,96.0,AU-Expansion-Bot,new,2026-04-29 21:17:46,
3652,AU-Ent-2021-66211,,AgriTech,"Melbourne, AU",,,96.0,AU-Expansion-Bot,new,2026-04-29 21:17:46,
3655,AU-Ent-1495-66211,,Renewables,"Brisbane, AU",,,95.0,AU-Expansion-Bot,new,2026-04-29 21:17:46,
3656,AU-Ent-6605-66211,,AgriTech,"Perth, AU",,,96.0,AU-Expansion-Bot,new,2026-04-29 21:17:46,
3659,AU-Ent-9022-66211,,E-commerce,"Perth, AU",,,96.0,AU-Expansion-Bot,new,2026-04-29 21:17:46,
3674,AU-Ent-6764-66212,,FinTech,"Melbourne, AU",,,96.0,AU-Expansion-Bot,new,2026-04-29 21:17:46,
3676,AU-Ent-4662-66212,,AgriTech,"Melbourne, AU",,,95.0,AU-Expansion-Bot,new,2026-04-29 21:17:46,
3681,AU-Ent-2002-66213,,AgriTech,"Brisbane, AU",,,95.0,AU-Expansion-Bot,new,2026-04-29 21:17:46,
3682,AU-Ent-6633-66213,,E-commerce,"Melbourne, AU",,,95.0,AU-Expansion-Bot,new,2026-04-29 21:17:46,
3685,AU-Ent-6521-66213,,AgriTech,"Brisbane, AU",,,98.0,AU-Expansion-Bot,new,2026-04-29 21:17:46,
3690,AU-Ent-5222-66213,,FinTech,"Sydney, AU",,,96.0,AU-Expansion-Bot,new,2026-04-29 21:17:46,
3694,AU-Ent-5314-66213,,Renewables,"Brisbane, AU",,,98.0,AU-Expansion-Bot,new,2026-04-29 21:17:46,
3698,AU-Ent-7713-66213,,Mining Tech,"Brisbane, AU",,,99.0,AU-Expansion-Bot,new,2026-04-29 21:17:46,
3699,AU-Ent-3476-66213,,Renewables,"Brisbane, AU",,,95.0,AU-Expansion-Bot,new,2026-04-29 21:17:46,
3700,AU-Ent-6391-66213,,Renewables,"Melbourne, AU",,,99.0,AU-Expansion-Bot,new,2026-04-29 21:17:46,
3702,AU-Ent-6693-66214,,AgriTech,"Perth, AU",,,99.0,AU-Expansion-Bot,new,2026-04-29 21:17:46,
3704,AU-Ent-3381-66214,,Mining Tech,"Perth, AU",,,98.0,AU-Expansion-Bot,new,2026-04-29 21:17:46,
3709,AU-Ent-4731-66214,,E-commerce,"Perth, AU",,,98.0,AU-Expansion-Bot,new,2026-04-29 21:17:46,
3713,AU-Ent-7004-66214,,FinTech,"Brisbane, AU",,,98.0,AU-Expansion-Bot,new,2026-04-29 21:17:46,
3714,AU-Ent-2188-66214,,Mining Tech,"Brisbane, AU",,,96.0,AU-Expansion-Bot,new,2026-04-29 21:17:46,
3716,AU-Ent-4933-66214,,Mining Tech,"Perth, AU",,,96.0,AU-Expansion-Bot,new,2026-04-29 21:17:46,
3718,AU-Ent-5418-66214,,AgriTech,"Sydney, AU",,,98.0,AU-Expansion-Bot,new,2026-04-29 21:17:46,
3720,AU-Ent-5343-66214,,Renewables,"Sydney, AU",,,98.0,AU-Expansion-Bot,new,2026-04-29 21:17:46,
3721,AU-Ent-4382-66214,,Mining Tech,"Melbourne, AU",,,98.0,AU-Expansion-Bot,new,2026-04-29 21:17:46,
3723,AU-Ent-6923-66215,,E-commerce,"Melbourne, AU",,,95.0,AU-Expansion-Bot,new,2026-04-29 21:17:46,
3724,AU-Ent-1021-66215,,AgriTech,"Melbourne, AU",,,95.0,AU-Expansion-Bot,new,2026-04-29 21:17:46,
3727,AU-Ent-6187-66215,,Mining Tech,"Perth, AU",,,95.0,AU-Expansion-Bot,new,2026-04-29 21:17:46,
3728,AU-Ent-4732-66215,,FinTech,"Melbourne, AU",,,96.0,AU-Expansion-Bot,new,2026-04-29 21:17:46,
3738,AU-Ent-3274-66215,,AgriTech,"Perth, AU",,,99.0,AU-Expansion-Bot,new,2026-04-29 21:17:46,
3740,AU-Ent-8789-66215,,AgriTech,"Perth, AU",,,99.0,AU-Expansion-Bot,new,2026-04-29 21:17:46,
3750,AU-Ent-7406-66216,,Mining Tech,"Melbourne, AU",,,95.0,AU-Expansion-Bot,new,2026-04-29 21:17:46,
3753,AU-Ent-5781-66216,,AgriTech,"Sydney, AU",,,95.0,AU-Expansion-Bot,new,2026-04-29 21:17:46,
3754,AU-Ent-4799-66216,,Renewables,"Melbourne, AU",,,95.0,AU-Expansion-Bot,new,2026-04-29 21:17:46,
3756,AU-Ent-7100-66216,,Renewables,"Perth, AU",,,96.0,AU-Expansion-Bot,new,2026-04-29 21:17:46,
3758,AU-Ent-5574-66216,,E-commerce,"Sydney, AU",,,97.0,AU-Expansion-Bot,new,2026-04-29 21:17:46,
3759,AU-Ent-7819-66216,,Mining Tech,"Melbourne, AU",,,97.0,AU-Expansion-Bot,new,2026-04-29 21:17:46,
3760,AU-Ent-1772-66216,,AgriTech,"Perth, AU",,,96.0,AU-Expansion-Bot,new,2026-04-29 21:17:46,
3762,AU-Ent-3524-66217,,Renewables,"Perth, AU",,,98.0,AU-Expansion-Bot,new,2026-04-29 21:17:46,
3765,AU-Ent-2357-66217,,AgriTech,"Perth, AU",,,98.0,AU-Expansion-Bot,new,2026-04-29 21:17:46,
3770,AU-Ent-8812-66217,,FinTech,"Brisbane, AU",,,96.0,AU-Expansion-Bot,new,2026-04-29 21:17:46,
3771,AU-Ent-8230-66217,,E-commerce,"Perth, AU",,,95.0,AU-Expansion-Bot,new,2026-04-29 21:17:46,
3772,AU-Ent-2649-66217,,Mining Tech,"Brisbane, AU",,,97.0,AU-Expansion-Bot,new,2026-04-29 21:17:46,
3776,AU-Ent-4560-66217,,AgriTech,"Sydney, AU",,,98.0,AU-Expansion-Bot,new,2026-04-29 21:17:46,
3777,AU-Ent-4324-66217,,E-commerce,"Sydney, AU",,,95.0,AU-Expansion-Bot,new,2026-04-29 21:17:46,
3778,AU-Ent-6649-66217,,Renewables,"Sydney, AU",,,95.0,AU-Expansion-Bot,new,2026-04-29 21:17:46,
3782,AU-Ent-2380-66218,,E-commerce,"Sydney, AU",,,96.0,AU-Expansion-Bot,new,2026-04-29 21:17:46,
3783,AU-Ent-5336-66218,,Mining Tech,"Perth, AU",,,97.0,AU-Expansion-Bot,new,2026-04-29 21:17:46,
3786,AU-Ent-3825-66218,,Renewables,"Perth, AU",,,98.0,AU-Expansion-Bot,new,2026-04-29 21:17:46,
3788,AU-Ent-1549-66218,,AgriTech,"Perth, AU",,,99.0,AU-Expansion-Bot,new,2026-04-29 21:17:46,
3790,AU-Ent-3355-66218,,Mining Tech,"Sydney, AU",,,95.0,AU-Expansion-Bot,new,2026-04-29 21:17:46,
3796,AU-Ent-9317-66218,,AgriTech,"Brisbane, AU",,,97.0,AU-Expansion-Bot,new,2026-04-29 21:17:46,
3799,AU-Ent-6362-66218,,AgriTech,"Brisbane, AU",,,95.0,AU-Expansion-Bot,new,2026-04-29 21:17:46,
3803,AU-Ent-7633-66219,,E-commerce,"Melbourne, AU",,,95.0,AU-Expansion-Bot,new,2026-04-29 21:17:46,
3804,AU-Ent-1866-66219,,Mining Tech,"Sydney, AU",,,98.0,AU-Expansion-Bot,new,2026-04-29 21:17:46,
3808,AU-Ent-5985-66219,,Mining Tech,"Perth, AU",,,99.0,AU-Expansion-Bot,new,2026-04-29 21:17:46,
3809,AU-Ent-3451-66219,,Mining Tech,"Perth, AU",,,98.0,AU-Expansion-Bot,new,2026-04-29 21:17:46,
3810,AU-Ent-5575-66219,,Mining Tech,"Brisbane, AU",,,97.0,AU-Expansion-Bot,new,2026-04-29 21:17:46,
3813,AU-Ent-1887-66219,,AgriTech,"Sydney, AU",,,95.0,AU-Expansion-Bot,new,2026-04-29 21:17:46,
3816,AU-Ent-3782-66219,,Mining Tech,"Melbourne, AU",,,97.0,AU-Expansion-Bot,new,2026-04-29 21:17:46,
3821,AU-Ent-4623-66220,,Renewables,"Melbourne, AU",,,98.0,AU-Expansion-Bot,new,2026-04-29 21:17:46,
3824,AU-Ent-7738-66220,,FinTech,"Brisbane, AU",,,96.0,AU-Expansion-Bot,new,2026-04-29 21:17:46,
3826,AU-Ent-6819-66220,,Renewables,"Perth, AU",,,95.0,AU-Expansion-Bot,new,2026-04-29 21:17:46,
3828,AU-Ent-9300-66220,,Renewables,"Melbourne, AU",,,98.0,AU-Expansion-Bot,new,2026-04-29 21:17:46,
3830,AU-Ent-8712-66220,,E-commerce,"Brisbane, AU",,,95.0,AU-Expansion-Bot,new,2026-04-29 21:17:46,
3831,AU-Ent-7934-66220,,E-commerce,"Brisbane, AU",,,99.0,AU-Expansion-Bot,new,2026-04-29 21:17:46,
3834,AU-Ent-1638-66220,,Renewables,"Melbourne, AU",,,96.0,AU-Expansion-Bot,new,2026-04-29 21:17:46,
3836,AU-Ent-9144-66220,,AgriTech,"Brisbane, AU",,,95.0,AU-Expansion-Bot,new,2026-04-29 21:17:46,
3837,AU-Ent-4340-66220,,Mining Tech,"Sydney, AU",,,95.0,AU-Expansion-Bot,new,2026-04-29 21:17:46,
3838,AU-Ent-7184-66220,,Renewables,"Perth, AU",,,98.0,AU-Expansion-Bot,new,2026-04-29 21:17:46,
3840,AU-Ent-7040-66220,,Mining Tech,"Perth, AU",,,98.0,AU-Expansion-Bot,new,2026-04-29 21:17:46,
3842,AU-Ent-3166-66221,,Renewables,"Sydney, AU",,,95.0,AU-Expansion-Bot,new,2026-04-29 21:17:46,
3845,AU-Ent-9121-66221,,FinTech,"Melbourne, AU",,,99.0,AU-Expansion-Bot,new,2026-04-29 21:17:46,
3848,AU-Ent-8240-66221,,E-commerce,"Perth, AU",,,98.0,AU-Expansion-Bot,new,2026-04-29 21:17:46,
3852,AU-Ent-6284-66221,,AgriTech,"Sydney, AU",,,96.0,AU-Expansion-Bot,new,2026-04-29 21:17:46,
3860,AU-Ent-3222-66221,,AgriTech,"Melbourne, AU",,,97.0,AU-Expansion-Bot,new,2026-04-29 21:17:46,
3864,AU-Ent-3834-66222,,AgriTech,"Perth, AU",,,99.0,AU-Expansion-Bot,new,2026-04-29 21:17:46,
3865,AU-Ent-7295-66222,,FinTech,"Sydney, AU",,,96.0,AU-Expansion-Bot,new,2026-04-29 21:17:46,
3869,AU-Ent-4295-66222,,Mining Tech,"Melbourne, AU",,,96.0,AU-Expansion-Bot,new,2026-04-29 21:17:46,
3871,AU-Ent-8422-66222,,Renewables,"Sydney, AU",,,98.0,AU-Expansion-Bot,new,2026-04-29 21:17:46,
3878,AU-Ent-5816-66222,,E-commerce,"Melbourne, AU",,,99.0,AU-Expansion-Bot,new,2026-04-29 21:17:46,
3879,AU-Ent-6756-66222,,FinTech,"Perth, AU",,,96.0,AU-Expansion-Bot,new,2026-04-29 21:17:46,
3880,AU-Ent-4175-66222,,Mining Tech,"Sydney, AU",,,96.0,AU-Expansion-Bot,new,2026-04-29 21:17:46,
3884,AU-Ent-6273-66222,,FinTech,"Sydney, AU",,,98.0,AU-Expansion-Bot,new,2026-04-29 21:17:46,
3886,AU-Ent-5147-66223,,E-commerce,"Melbourne, AU",,,98.0,AU-Expansion-Bot,new,2026-04-29 21:17:46,
3887,AU-Ent-9050-66223,,E-commerce,"Perth, AU",,,97.0,AU-Expansion-Bot,new,2026-04-29 21:17:46,
3888,AU-Ent-6785-66223,,E-commerce,"Perth, AU",,,96.0,AU-Expansion-Bot,new,2026-04-29 21:17:46,
3890,AU-Ent-2066-66223,,Mining Tech,"Sydney, AU",,,97.0,AU-Expansion-Bot,new,2026-04-29 21:17:46,
3894,AU-Ent-2575-66223,,AgriTech,"Brisbane, AU",,,95.0,AU-Expansion-Bot,new,2026-04-29 21:17:46,
3895,AU-Ent-8307-66223,,Mining Tech,"Melbourne, AU",,,98.0,AU-Expansion-Bot,new,2026-04-29 21:17:46,
3898,AU-Ent-4493-66223,,E-commerce,"Sydney, AU",,,96.0,AU-Expansion-Bot,new,2026-04-29 21:17:46,
3900,AU-Ent-4140-66223,,Renewables,"Brisbane, AU",,,97.0,AU-Expansion-Bot,new,2026-04-29 21:17:46,
3903,AU-Ent-8094-66223,,E-commerce,"Perth, AU",,,99.0,AU-Expansion-Bot,new,2026-04-29 21:17:46,
3905,AU-Ent-8410-66224,,Mining Tech,"Melbourne, AU",,,98.0,AU-Expansion-Bot,new,2026-04-29 21:17:46,
3907,AU-Ent-8808-66224,,FinTech,"Melbourne, AU",,,98.0,AU-Expansion-Bot,new,2026-04-29 21:17:46,
3909,AU-Ent-5307-66224,,Mining Tech,"Brisbane, AU",,,95.0,AU-Expansion-Bot,new,2026-04-29 21:17:46,
3910,AU-Ent-7751-66224,,FinTech,"Perth, AU",,,99.0,AU-Expansion-Bot,new,2026-04-29 21:17:46,
3912,AU-Ent-6126-66224,,FinTech,"Melbourne, AU",,,99.0,AU-Expansion-Bot,new,2026-04-29 21:17:46,
3914,AU-Ent-3950-66224,,E-commerce,"Sydney, AU",,,99.0,AU-Expansion-Bot,new,2026-04-29 21:17:46,
3919,AU-Ent-6357-66224,,Renewables,"Sydney, AU",,,95.0,AU-Expansion-Bot,new,2026-04-29 21:17:46,
3921,AU-Ent-9515-66224,,Renewables,"Sydney, AU",,,99.0,AU-Expansion-Bot,new,2026-04-29 21:17:46,
3922,AU-Ent-3313-66224,,Renewables,"Brisbane, AU",,,99.0,AU-Expansion-Bot,new,2026-04-29 21:17:46,
3929,AU-Ent-1554-66225,,Renewables,"Perth, AU",,,96.0,AU-Expansion-Bot,new,2026-04-29 21:17:46,
3934,AU-Ent-9865-66225,,Renewables,"Melbourne, AU",,,95.0,AU-Expansion-Bot,new,2026-04-29 21:17:46,
3942,AU-Ent-9806-66225,,E-commerce,"Perth, AU",,,98.0,AU-Expansion-Bot,new,2026-04-29 21:17:46,
3944,AU-Ent-7017-66225,,FinTech,"Melbourne, AU",,,95.0,AU-Expansion-Bot,new,2026-04-29 21:17:46,
3947,AU-Ent-6136-66226,,AgriTech,"Melbourne, AU",,,96.0,AU-Expansion-Bot,new,2026-04-29 21:17:46,
3949,AU-Ent-3111-66226,,FinTech,"Brisbane, AU",,,97.0,AU-Expansion-Bot,new,2026-04-29 21:17:46,
3951,AU-Ent-5560-66226,,E-commerce,"Perth, AU",,,99.0,AU-Expansion-Bot,new,2026-04-29 21:17:46,
3955,AU-Ent-7864-66226,,FinTech,"Melbourne, AU",,,98.0,AU-Expansion-Bot,new,2026-04-29 21:17:46,
3956,AU-Ent-2514-66226,,FinTech,"Melbourne, AU",,,97.0,AU-Expansion-Bot,new,2026-04-29 21:17:46,
3957,AU-Ent-3303-66226,,FinTech,"Melbourne, AU",,,96.0,AU-Expansion-Bot,new,2026-04-29 21:17:46,
3962,AU-Ent-1835-66226,,AgriTech,"Sydney, AU",,,99.0,AU-Expansion-Bot,new,2026-04-29 21:17:46,
3976,AU-Ent-5565-66227,,E-commerce,"Brisbane, AU",,,97.0,AU-Expansion-Bot,new,2026-04-29 21:17:46,
3977,AU-Ent-8758-66227,,Renewables,"Perth, AU",,,95.0,AU-Expansion-Bot,new,2026-04-29 21:17:46,
3981,AU-Ent-9841-66227,,AgriTech,"Brisbane, AU",,,97.0,AU-Expansion-Bot,new,2026-04-29 21:17:46,
3986,AU-Ent-3360-66227,,Renewables,"Melbourne, AU",,,98.0,AU-Expansion-Bot,new,2026-04-29 21:17:46,
3987,AU-Ent-5782-66228,,Renewables,"Sydney, AU",,,98.0,AU-Expansion-Bot,new,2026-04-29 21:17:46,
3991,AU-Ent-2261-66228,,FinTech,"Brisbane, AU",,,97.0,AU-Expansion-Bot,new,2026-04-29 21:17:46,
3993,AU-Ent-9552-66228,,Mining Tech,"Brisbane, AU",,,95.0,AU-Expansion-Bot,new,2026-04-29 21:17:46,
3998,AU-Ent-3537-66228,,AgriTech,"Perth, AU",,,98.0,AU-Expansion-Bot,new,2026-04-29 21:17:46,
4002,AU-Ent-9714-66228,,FinTech,"Brisbane, AU",,,97.0,AU-Expansion-Bot,new,2026-04-29 21:17:46,
4013,AU-Ent-3154-66229,,Mining Tech,"Brisbane, AU",,,99.0,AU-Expansion-Bot,new,2026-04-29 21:17:46,
4014,AU-Ent-1722-66229,,Mining Tech,"Perth, AU",,,96.0,AU-Expansion-Bot,new,2026-04-29 21:17:46,
4016,AU-Ent-6036-66229,,Mining Tech,"Melbourne, AU",,,95.0,AU-Expansion-Bot,new,2026-04-29 21:17:46,
4019,AU-Ent-5653-66229,,AgriTech,"Melbourne, AU",,,95.0,AU-Expansion-Bot,new,2026-04-29 21:17:46,
4024,IN-Tech-889-4560 Ltd.,,Automotive,"Chennai, IN",,,99.0,IN-Expansion-Bot,new,2026-04-29 21:18:24,
4027,IN-Tech-453-4561 Ltd.,,Pharmaceuticals,"Mumbai, IN",,,95.0,IN-Expansion-Bot,new,2026-04-29 21:18:24,
4028,IN-Tech-578-4561 Ltd.,,Automotive,"New Delhi, IN",,,99.0,IN-Expansion-Bot,new,2026-04-29 21:18:24,
4037,IN-Tech-101-4561 Ltd.,,BPO Services,"Bangalore, IN",,,95.0,IN-Expansion-Bot,new,2026-04-29 21:18:24,
4043,IN-Tech-794-4561 Ltd.,,BPO Services,"Chennai, IN",,,96.0,IN-Expansion-Bot,new,2026-04-29 21:18:24,
4047,IN-Tech-928-4562 Ltd.,,BPO Services,"New Delhi, IN",,,97.0,IN-Expansion-Bot,new,2026-04-29 21:18:24,
4048,IN-Tech-432-4562 Ltd.,,Pharmaceuticals,"Chennai, IN",,,99.0,IN-Expansion-Bot,new,2026-04-29 21:18:24,
4051,IN-Tech-608-4562 Ltd.,,Software-as-a-Service,"New Delhi, IN",,,95.0,IN-Expansion-Bot,new,2026-04-29 21:18:24,
4052,IN-Tech-616-4562 Ltd.,,Software-as-a-Service,"Chennai, IN",,,95.0,IN-Expansion-Bot,new,2026-04-29 21:18:24,
4053,IN-Tech-495-4562 Ltd.,,Automotive,"New Delhi, IN",,,95.0,IN-Expansion-Bot,new,2026-04-29 21:18:24,
4057,IN-Tech-990-4562 Ltd.,,Pharmaceuticals,"Mumbai, IN",,,99.0,IN-Expansion-Bot,new,2026-04-29 21:18:24,
4062,IN-Tech-551-4562 Ltd.,,FinTech,"New Delhi, IN",,,99.0,IN-Expansion-Bot,new,2026-04-29 21:18:24,
4064,IN-Tech-152-4562 Ltd.,,Pharmaceuticals,"Chennai, IN",,,99.0,IN-Expansion-Bot,new,2026-04-29 21:18:24,
4069,IN-Tech-236-4563 Ltd.,,Automotive,"Hyderabad, IN",,,96.0,IN-Expansion-Bot,new,2026-04-29 21:18:24,
4070,IN-Tech-333-4563 Ltd.,,Pharmaceuticals,"New Delhi, IN",,,95.0,IN-Expansion-Bot,new,2026-04-29 21:18:24,
4071,IN-Tech-106-4563 Ltd.,,Software-as-a-Service,"Chennai, IN",,,97.0,IN-Expansion-Bot,new,2026-04-29 21:18:24,
4072,IN-Tech-145-4563 Ltd.,,Pharmaceuticals,"Chennai, IN",,,99.0,IN-Expansion-Bot,new,2026-04-29 21:18:24,
4075,IN-Tech-292-4563 Ltd.,,FinTech,"Chennai, IN",,,99.0,IN-Expansion-Bot,new,2026-04-29 21:18:24,
4078,IN-Tech-403-4563 Ltd.,,Pharmaceuticals,"Bangalore, IN",,,97.0,IN-Expansion-Bot,new,2026-04-29 21:18:24,
4081,IN-Tech-889-4563 Ltd.,,Automotive,"Bangalore, IN",,,98.0,IN-Expansion-Bot,new,2026-04-29 21:18:24,
4091,IN-Tech-841-4564 Ltd.,,FinTech,"New Delhi, IN",,,95.0,IN-Expansion-Bot,new,2026-04-29 21:18:24,
4092,IN-Tech-595-4564 Ltd.,,FinTech,"Bangalore, IN",,,98.0,IN-Expansion-Bot,new,2026-04-29 21:18:24,
4095,IN-Tech-661-4564 Ltd.,,Software-as-a-Service,"Bangalore, IN",,,99.0,IN-Expansion-Bot,new,2026-04-29 21:18:24,
4098,IN-Tech-928-4564 Ltd.,,BPO Services,"Bangalore, IN",,,98.0,IN-Expansion-Bot,new,2026-04-29 21:18:24,
4102,IN-Tech-580-4564 Ltd.,,Software-as-a-Service,"Bangalore, IN",,,99.0,IN-Expansion-Bot,new,2026-04-29 21:18:24,
4103,IN-Tech-195-4564 Ltd.,,Automotive,"Mumbai, IN",,,99.0,IN-Expansion-Bot,new,2026-04-29 21:18:24,
4111,IN-Tech-598-4565 Ltd.,,BPO Services,"Bangalore, IN",,,97.0,IN-Expansion-Bot,new,2026-04-29 21:18:24,
4113,IN-Tech-896-4565 Ltd.,,BPO Services,"Bangalore, IN",,,96.0,IN-Expansion-Bot,new,2026-04-29 21:18:24,
4115,IN-Tech-174-4565 Ltd.,,Automotive,"Mumbai, IN",,,95.0,IN-Expansion-Bot,new,2026-04-29 21:18:24,
4116,IN-Tech-793-4565 Ltd.,,FinTech,"New Delhi, IN",,,96.0,IN-Expansion-Bot,new,2026-04-29 21:18:24,
4118,IN-Tech-672-4565 Ltd.,,Software-as-a-Service,"Chennai, IN",,,99.0,IN-Expansion-Bot,new,2026-04-29 21:18:24,
4121,IN-Tech-293-4565 Ltd.,,FinTech,"Hyderabad, IN",,,97.0,IN-Expansion-Bot,new,2026-04-29 21:18:24,
4126,IN-Tech-631-4566 Ltd.,,Pharmaceuticals,"Hyderabad, IN",,,95.0,IN-Expansion-Bot,new,2026-04-29 21:18:24,
4132,IN-Tech-483-4566 Ltd.,,Automotive,"Bangalore, IN",,,97.0,IN-Expansion-Bot,new,2026-04-29 21:18:24,
4133,IN-Tech-442-4566 Ltd.,,FinTech,"Chennai, IN",,,95.0,IN-Expansion-Bot,new,2026-04-29 21:18:24,
4135,IN-Tech-453-4566 Ltd.,,Software-as-a-Service,"Chennai, IN",,,95.0,IN-Expansion-Bot,new,2026-04-29 21:18:24,
4137,IN-Tech-991-4566 Ltd.,,Pharmaceuticals,"New Delhi, IN",,,96.0,IN-Expansion-Bot,new,2026-04-29 21:18:24,
4138,IN-Tech-437-4566 Ltd.,,Pharmaceuticals,"Bangalore, IN",,,97.0,IN-Expansion-Bot,new,2026-04-29 21:18:24,
4141,IN-Tech-586-4566 Ltd.,,Pharmaceuticals,"Chennai, IN",,,99.0,IN-Expansion-Bot,new,2026-04-29 21:18:24,
4148,IN-Tech-877-4567 Ltd.,,FinTech,"Bangalore, IN",,,97.0,IN-Expansion-Bot,new,2026-04-29 21:18:24,
4150,IN-Tech-358-4567 Ltd.,,Software-as-a-Service,"Mumbai, IN",,,98.0,IN-Expansion-Bot,new,2026-04-29 21:18:24,
4155,IN-Tech-570-4567 Ltd.,,FinTech,"Mumbai, IN",,,96.0,IN-Expansion-Bot,new,2026-04-29 21:18:24,
4156,IN-Tech-592-4567 Ltd.,,Pharmaceuticals,"Chennai, IN",,,98.0,IN-Expansion-Bot,new,2026-04-29 21:18:24,
4160,IN-Tech-884-4567 Ltd.,,BPO Services,"Bangalore, IN",,,96.0,IN-Expansion-Bot,new,2026-04-29 21:18:24,
4161,IN-Tech-941-4567 Ltd.,,FinTech,"Chennai, IN",,,97.0,IN-Expansion-Bot,new,2026-04-29 21:18:24,
4165,IN-Tech-557-4567 Ltd.,,FinTech,"Hyderabad, IN",,,98.0,IN-Expansion-Bot,new,2026-04-29 21:18:24,
4166,IN-Tech-118-4568 Ltd.,,Pharmaceuticals,"Hyderabad, IN",,,95.0,IN-Expansion-Bot,new,2026-04-29 21:18:24,
4168,IN-Tech-986-4568 Ltd.,,BPO Services,"Chennai, IN",,,95.0,IN-Expansion-Bot,new,2026-04-29 21:18:24,
4170,IN-Tech-348-4568 Ltd.,,Automotive,"New Delhi, IN",,,97.0,IN-Expansion-Bot,new,2026-04-29 21:18:24,
4173,IN-Tech-899-4568 Ltd.,,Automotive,"Hyderabad, IN",,,96.0,IN-Expansion-Bot,new,2026-04-29 21:18:24,
4174,IN-Tech-842-4568 Ltd.,,Automotive,"New Delhi, IN",,,95.0,IN-Expansion-Bot,new,2026-04-29 21:18:24,
4175,IN-Tech-257-4568 Ltd.,,FinTech,"Hyderabad, IN",,,95.0,IN-Expansion-Bot,new,2026-04-29 21:18:24,
4176,IN-Tech-327-4568 Ltd.,,Software-as-a-Service,"Chennai, IN",,,96.0,IN-Expansion-Bot,new,2026-04-29 21:18:24,
4179,IN-Tech-175-4568 Ltd.,,Automotive,"Chennai, IN",,,95.0,IN-Expansion-Bot,new,2026-04-29 21:18:24,
4180,IN-Tech-886-4568 Ltd.,,BPO Services,"New Delhi, IN",,,97.0,IN-Expansion-Bot,new,2026-04-29 21:18:24,
4183,IN-Tech-713-4569 Ltd.,,Software-as-a-Service,"Hyderabad, IN",,,95.0,IN-Expansion-Bot,new,2026-04-29 21:18:24,
4186,IN-Tech-629-4569 Ltd.,,Software-as-a-Service,"Hyderabad, IN",,,96.0,IN-Expansion-Bot,new,2026-04-29 21:18:24,
4187,IN-Tech-469-4569 Ltd.,,Automotive,"Bangalore, IN",,,99.0,IN-Expansion-Bot,new,2026-04-29 21:18:24,
4188,IN-Tech-507-4569 Ltd.,,Automotive,"Chennai, IN",,,97.0,IN-Expansion-Bot,new,2026-04-29 21:18:24,
4189,IN-Tech-219-4569 Ltd.,,FinTech,"Chennai, IN",,,95.0,IN-Expansion-Bot,new,2026-04-29 21:18:24,
4191,IN-Tech-568-4569 Ltd.,,Automotive,"Bangalore, IN",,,96.0,IN-Expansion-Bot,new,2026-04-29 21:18:24,
4192,IN-Tech-334-4569 Ltd.,,BPO Services,"Hyderabad, IN",,,95.0,IN-Expansion-Bot,new,2026-04-29 21:18:24,
4193,IN-Tech-908-4569 Ltd.,,FinTech,"New Delhi, IN",,,97.0,IN-Expansion-Bot,new,2026-04-29 21:18:24,
4195,IN-Tech-333-4569 Ltd.,,BPO Services,"Bangalore, IN",,,95.0,IN-Expansion-Bot,new,2026-04-29 21:18:24,
4201,IN-Tech-528-4569 Ltd.,,Automotive,"Mumbai, IN",,,97.0,IN-Expansion-Bot,new,2026-04-29 21:18:24,
4202,IN-Tech-523-4570 Ltd.,,Pharmaceuticals,"Mumbai, IN",,,95.0,IN-Expansion-Bot,new,2026-04-29 21:18:24,
4203,IN-Tech-899-4570 Ltd.,,Software-as-a-Service,"Bangalore, IN",,,97.0,IN-Expansion-Bot,new,2026-04-29 21:18:24,
4204,IN-Tech-404-4570 Ltd.,,Automotive,"Hyderabad, IN",,,97.0,IN-Expansion-Bot,new,2026-04-29 21:18:24,
4206,IN-Tech-633-4570 Ltd.,,FinTech,"New Delhi, IN",,,97.0,IN-Expansion-Bot,new,2026-04-29 21:18:24,
4211,IN-Tech-231-4570 Ltd.,,Automotive,"New Delhi, IN",,,96.0,IN-Expansion-Bot,new,2026-04-29 21:18:24,
4212,IN-Tech-464-4570 Ltd.,,BPO Services,"Mumbai, IN",,,98.0,IN-Expansion-Bot,new,2026-04-29 21:18:24,
4213,IN-Tech-704-4570 Ltd.,,Software-as-a-Service,"Bangalore, IN",,,95.0,IN-Expansion-Bot,new,2026-04-29 21:18:24,
4216,IN-Tech-233-4570 Ltd.,,FinTech,"New Delhi, IN",,,98.0,IN-Expansion-Bot,new,2026-04-29 21:18:24,
4219,IN-Tech-525-4570 Ltd.,,Pharmaceuticals,"Chennai, IN",,,97.0,IN-Expansion-Bot,new,2026-04-29 21:18:24,
4220,IN-Tech-204-4570 Ltd.,,BPO Services,"Hyderabad, IN",,,99.0,IN-Expansion-Bot,new,2026-04-29 21:18:24,
4229,IN-Tech-514-4571 Ltd.,,Pharmaceuticals,"Hyderabad, IN",,,98.0,IN-Expansion-Bot,new,2026-04-29 21:18:24,
4231,IN-Tech-868-4571 Ltd.,,Software-as-a-Service,"Bangalore, IN",,,98.0,IN-Expansion-Bot,new,2026-04-29 21:18:24,
4232,IN-Tech-321-4571 Ltd.,,Pharmaceuticals,"New Delhi, IN",,,95.0,IN-Expansion-Bot,new,2026-04-29 21:18:24,
4235,IN-Tech-931-4571 Ltd.,,FinTech,"Chennai, IN",,,96.0,IN-Expansion-Bot,new,2026-04-29 21:18:24,
4237,IN-Tech-331-4571 Ltd.,,Automotive,"Mumbai, IN",,,95.0,IN-Expansion-Bot,new,2026-04-29 21:18:24,
4243,IN-Tech-833-4572 Ltd.,,Pharmaceuticals,"Hyderabad, IN",,,98.0,IN-Expansion-Bot,new,2026-04-29 21:18:24,
4244,IN-Tech-794-4572 Ltd.,,Automotive,"Chennai, IN",,,97.0,IN-Expansion-Bot,new,2026-04-29 21:18:24,
4246,IN-Tech-339-4572 Ltd.,,Automotive,"Chennai, IN",,,99.0,IN-Expansion-Bot,new,2026-04-29 21:18:24,
4247,IN-Tech-750-4572 Ltd.,,Automotive,"Bangalore, IN",,,95.0,IN-Expansion-Bot,new,2026-04-29 21:18:24,
4248,IN-Tech-453-4572 Ltd.,,FinTech,"Chennai, IN",,,96.0,IN-Expansion-Bot,new,2026-04-29 21:18:24,
4251,IN-Tech-409-4572 Ltd.,,FinTech,"Hyderabad, IN",,,95.0,IN-Expansion-Bot,new,2026-04-29 21:18:24,
4256,IN-Tech-325-4572 Ltd.,,BPO Services,"Chennai, IN",,,98.0,IN-Expansion-Bot,new,2026-04-29 21:18:24,
4260,IN-Tech-819-4572 Ltd.,,Pharmaceuticals,"Mumbai, IN",,,97.0,IN-Expansion-Bot,new,2026-04-29 21:18:24,
4269,IN-Tech-196-4573 Ltd.,,BPO Services,"New Delhi, IN",,,96.0,IN-Expansion-Bot,new,2026-04-29 21:18:24,
4271,IN-Tech-528-4573 Ltd.,,Pharmaceuticals,"New Delhi, IN",,,98.0,IN-Expansion-Bot,new,2026-04-29 21:18:24,
4273,IN-Tech-582-4573 Ltd.,,FinTech,"Mumbai, IN",,,98.0,IN-Expansion-Bot,new,2026-04-29 21:18:24,
4274,IN-Tech-571-4573 Ltd.,,Software-as-a-Service,"Mumbai, IN",,,96.0,IN-Expansion-Bot,new,2026-04-29 21:18:24,
4277,IN-Tech-270-4573 Ltd.,,BPO Services,"New Delhi, IN",,,96.0,IN-Expansion-Bot,new,2026-04-29 21:18:24,
4282,IN-Tech-939-4574 Ltd.,,Pharmaceuticals,"New Delhi, IN",,,96.0,IN-Expansion-Bot,new,2026-04-29 21:18:24,
4285,IN-Tech-854-4574 Ltd.,,Automotive,"Bangalore, IN",,,99.0,IN-Expansion-Bot,new,2026-04-29 21:18:24,
4290,IN-Tech-705-4574 Ltd.,,Pharmaceuticals,"Chennai, IN",,,96.0,IN-Expansion-Bot,new,2026-04-29 21:18:24,
4291,IN-Tech-739-4574 Ltd.,,Software-as-a-Service,"Chennai, IN",,,99.0,IN-Expansion-Bot,new,2026-04-29 21:18:24,
4292,IN-Tech-271-4574 Ltd.,,Pharmaceuticals,"Hyderabad, IN",,,98.0,IN-Expansion-Bot,new,2026-04-29 21:18:24,
4297,IN-Tech-949-4574 Ltd.,,FinTech,"Bangalore, IN",,,99.0,IN-Expansion-Bot,new,2026-04-29 21:18:24,
4298,IN-Tech-140-4574 Ltd.,,BPO Services,"Bangalore, IN",,,99.0,IN-Expansion-Bot,new,2026-04-29 21:18:24,
4301,IN-Tech-572-4574 Ltd.,,Software-as-a-Service,"Mumbai, IN",,,98.0,IN-Expansion-Bot,new,2026-04-29 21:18:24,
4302,IN-Tech-953-4574 Ltd.,,FinTech,"New Delhi, IN",,,98.0,IN-Expansion-Bot,new,2026-04-29 21:18:24,
4303,IN-Tech-466-4575 Ltd.,,Pharmaceuticals,"New Delhi, IN",,,95.0,IN-Expansion-Bot,new,2026-04-29 21:18:24,
4304,IN-Tech-965-4575 Ltd.,,Automotive,"Mumbai, IN",,,95.0,IN-Expansion-Bot,new,2026-04-29 21:18:24,
4307,IN-Tech-879-4575 Ltd.,,Software-as-a-Service,"Mumbai, IN",,,98.0,IN-Expansion-Bot,new,2026-04-29 21:18:24,
4310,IN-Tech-103-4575 Ltd.,,Software-as-a-Service,"Bangalore, IN",,,97.0,IN-Expansion-Bot,new,2026-04-29 21:18:24,
4311,IN-Tech-306-4575 Ltd.,,Pharmaceuticals,"Chennai, IN",,,99.0,IN-Expansion-Bot,new,2026-04-29 21:18:24,
4312,IN-Tech-372-4575 Ltd.,,BPO Services,"Chennai, IN",,,95.0,IN-Expansion-Bot,new,2026-04-29 21:18:24,
4322,IN-Tech-166-4576 Ltd.,,Pharmaceuticals,"Hyderabad, IN",,,96.0,IN-Expansion-Bot,new,2026-04-29 21:18:24,
4329,IN-Tech-672-4576 Ltd.,,FinTech,"Mumbai, IN",,,95.0,IN-Expansion-Bot,new,2026-04-29 21:18:24,
4334,IN-Tech-599-4576 Ltd.,,BPO Services,"Mumbai, IN",,,96.0,IN-Expansion-Bot,new,2026-04-29 21:18:24,
4336,IN-Tech-935-4576 Ltd.,,FinTech,"Mumbai, IN",,,97.0,IN-Expansion-Bot,new,2026-04-29 21:18:24,
4342,IN-Tech-321-4577 Ltd.,,FinTech,"Hyderabad, IN",,,95.0,IN-Expansion-Bot,new,2026-04-29 21:18:24,
4343,IN-Tech-534-4577 Ltd.,,FinTech,"Bangalore, IN",,,97.0,IN-Expansion-Bot,new,2026-04-29 21:18:24,
4346,IN-Tech-414-4577 Ltd.,,BPO Services,"Mumbai, IN",,,99.0,IN-Expansion-Bot,new,2026-04-29 21:18:24,
4347,IN-Tech-821-4577 Ltd.,,Software-as-a-Service,"Mumbai, IN",,,95.0,IN-Expansion-Bot,new,2026-04-29 21:18:24,
4349,IN-Tech-867-4577 Ltd.,,Pharmaceuticals,"Hyderabad, IN",,,95.0,IN-Expansion-Bot,new,2026-04-29 21:18:24,
4356,IN-Tech-519-4577 Ltd.,,Automotive,"New Delhi, IN",,,98.0,IN-Expansion-Bot,new,2026-04-29 21:18:24,
4358,IN-Tech-537-4577 Ltd.,,Automotive,"New Delhi, IN",,,98.0,IN-Expansion-Bot,new,2026-04-29 21:18:24,
4365,IN-Tech-430-4578 Ltd.,,Automotive,"New Delhi, IN",,,99.0,IN-Expansion-Bot,new,2026-04-29 21:18:24,
4366,IN-Tech-850-4578 Ltd.,,Pharmaceuticals,"New Delhi, IN",,,98.0,IN-Expansion-Bot,new,2026-04-29 21:18:24,
4370,IN-Tech-421-4578 Ltd.,,FinTech,"New Delhi, IN",,,98.0,IN-Expansion-Bot,new,2026-04-29 21:18:24,
4371,IN-Tech-854-4578 Ltd.,,Pharmaceuticals,"Chennai, IN",,,96.0,IN-Expansion-Bot,new,2026-04-29 21:18:24,
4376,IN-Tech-101-4578 Ltd.,,Automotive,"Chennai, IN",,,96.0,IN-Expansion-Bot,new,2026-04-29 21:18:24,
4382,IN-Tech-327-4579 Ltd.,,BPO Services,"Bangalore, IN",,,99.0,IN-Expansion-Bot,new,2026-04-29 21:18:24,
4385,IN-Tech-942-4579 Ltd.,,Automotive,"New Delhi, IN",,,95.0,IN-Expansion-Bot,new,2026-04-29 21:18:24,
4387,IN-Tech-139-4579 Ltd.,,Pharmaceuticals,"Hyderabad, IN",,,97.0,IN-Expansion-Bot,new,2026-04-29 21:18:24,
4390,IN-Tech-726-4579 Ltd.,,FinTech,"Chennai, IN",,,99.0,IN-Expansion-Bot,new,2026-04-29 21:18:24,
4399,IN-Tech-831-4579 Ltd.,,Pharmaceuticals,"Mumbai, IN",,,98.0,IN-Expansion-Bot,new,2026-04-29 21:18:24,
4400,IN-Tech-851-4580 Ltd.,,Automotive,"Bangalore, IN",,,95.0,IN-Expansion-Bot,new,2026-04-29 21:18:24,
4407,IN-Tech-228-4580 Ltd.,,Software-as-a-Service,"Bangalore, IN",,,95.0,IN-Expansion-Bot,new,2026-04-29 21:18:24,
4412,IN-Tech-819-4580 Ltd.,,BPO Services,"New Delhi, IN",,,96.0,IN-Expansion-Bot,new,2026-04-29 21:18:24,
4417,IN-Tech-545-4580 Ltd.,,Software-as-a-Service,"New Delhi, IN",,,98.0,IN-Expansion-Bot,new,2026-04-29 21:18:24,
4418,IN-Tech-132-4580 Ltd.,,FinTech,"Bangalore, IN",,,99.0,IN-Expansion-Bot,new,2026-04-29 21:18:24,
4421,IN-Tech-932-4581 Ltd.,,Pharmaceuticals,"Chennai, IN",,,98.0,IN-Expansion-Bot,new,2026-04-29 21:18:24,
4422,IN-Tech-881-4581 Ltd.,,Pharmaceuticals,"Bangalore, IN",,,95.0,IN-Expansion-Bot,new,2026-04-29 21:18:24,
4429,IN-Tech-715-4581 Ltd.,,FinTech,"Chennai, IN",,,99.0,IN-Expansion-Bot,new,2026-04-29 21:18:24,
4431,IN-Tech-519-4581 Ltd.,,Software-as-a-Service,"New Delhi, IN",,,96.0,IN-Expansion-Bot,new,2026-04-29 21:18:24,
4432,IN-Tech-596-4581 Ltd.,,Software-as-a-Service,"Chennai, IN",,,96.0,IN-Expansion-Bot,new,2026-04-29 21:18:24,
4433,IN-Tech-493-4581 Ltd.,,BPO Services,"Chennai, IN",,,95.0,IN-Expansion-Bot,new,2026-04-29 21:18:24,
4435,IN-Tech-876-4581 Ltd.,,Pharmaceuticals,"Chennai, IN",,,97.0,IN-Expansion-Bot,new,2026-04-29 21:18:24,
4436,IN-Tech-415-4581 Ltd.,,FinTech,"New Delhi, IN",,,95.0,IN-Expansion-Bot,new,2026-04-29 21:18:24,
4438,IN-Tech-922-4581 Ltd.,,BPO Services,"Hyderabad, IN",,,95.0,IN-Expansion-Bot,new,2026-04-29 21:18:24,
4458,IN-Tech-114-4582 Ltd.,,Automotive,"New Delhi, IN",,,99.0,IN-Expansion-Bot,new,2026-04-29 21:18:24,
4459,IN-Tech-227-4582 Ltd.,,FinTech,"New Delhi, IN",,,98.0,IN-Expansion-Bot,new,2026-04-29 21:18:24,
4461,IN-Tech-264-4582 Ltd.,,Pharmaceuticals,"New Delhi, IN",,,96.0,IN-Expansion-Bot,new,2026-04-29 21:18:24,
4462,IN-Tech-427-4582 Ltd.,,Pharmaceuticals,"Chennai, IN",,,96.0,IN-Expansion-Bot,new,2026-04-29 21:18:24,
4464,IN-Tech-827-4583 Ltd.,,BPO Services,"Chennai, IN",,,95.0,IN-Expansion-Bot,new,2026-04-29 21:18:24,
4468,IN-Tech-286-4583 Ltd.,,Pharmaceuticals,"Bangalore, IN",,,98.0,IN-Expansion-Bot,new,2026-04-29 21:18:24,
4472,IN-Tech-239-4583 Ltd.,,BPO Services,"Hyderabad, IN",,,95.0,IN-Expansion-Bot,new,2026-04-29 21:18:24,
4481,IN-Tech-360-4583 Ltd.,,BPO Services,"Hyderabad, IN",,,95.0,IN-Expansion-Bot,new,2026-04-29 21:18:24,
4482,IN-Tech-988-4583 Ltd.,,Pharmaceuticals,"Bangalore, IN",,,96.0,IN-Expansion-Bot,new,2026-04-29 21:18:24,
4483,IN-Tech-269-4584 Ltd.,,Automotive,"Mumbai, IN",,,95.0,IN-Expansion-Bot,new,2026-04-29 21:18:24,
4486,IN-Tech-726-4584 Ltd.,,Software-as-a-Service,"Hyderabad, IN",,,95.0,IN-Expansion-Bot,new,2026-04-29 21:18:24,
4487,IN-Tech-372-4584 Ltd.,,Software-as-a-Service,"New Delhi, IN",,,96.0,IN-Expansion-Bot,new,2026-04-29 21:18:24,
4490,IN-Tech-177-4584 Ltd.,,Automotive,"Bangalore, IN",,,99.0,IN-Expansion-Bot,new,2026-04-29 21:18:24,
4494,IN-Tech-728-4584 Ltd.,,Software-as-a-Service,"Bangalore, IN",,,96.0,IN-Expansion-Bot,new,2026-04-29 21:18:24,
4499,IN-Tech-667-4584 Ltd.,,Pharmaceuticals,"Mumbai, IN",,,98.0,IN-Expansion-Bot,new,2026-04-29 21:18:24,
4502,IN-Tech-170-4584 Ltd.,,Pharmaceuticals,"Hyderabad, IN",,,99.0,IN-Expansion-Bot,new,2026-04-29 21:18:24,
4503,IN-Tech-389-4585 Ltd.,,Pharmaceuticals,"Bangalore, IN",,,97.0,IN-Expansion-Bot,new,2026-04-29 21:18:24,
4510,IN-Tech-918-4585 Ltd.,,FinTech,"Mumbai, IN",,,95.0,IN-Expansion-Bot,new,2026-04-29 21:18:24,
4513,IN-Tech-912-4585 Ltd.,,Pharmaceuticals,"New Delhi, IN",,,95.0,IN-Expansion-Bot,new,2026-04-29 21:18:24,
4514,IN-Tech-875-4585 Ltd.,,BPO Services,"Hyderabad, IN",,,95.0,IN-Expansion-Bot,new,2026-04-29 21:18:24,
4978,NZ-Global-14-599126 Ltd,,Sustainable Forestry,"Christchurch, NZ",,,96.0,NZ-Expansion-Bot,new,2026-04-29 21:19:59,
4979,NZ-Global-40-599127 Ltd,,Marine Tech,"Auckland, NZ",,,97.0,NZ-Expansion-Bot,new,2026-04-29 21:19:59,
4981,NZ-Global-26-599127 Ltd,,Cloud Infrastructure,"Auckland, NZ",,,95.0,NZ-Expansion-Bot,new,2026-04-29 21:19:59,
4982,NZ-Global-63-599127 Ltd,,AgriTech Solutions,"Wellington, NZ",,,97.0,NZ-Expansion-Bot,new,2026-04-29 21:19:59,
4986,NZ-Global-78-599127 Ltd,,FinTech,"Hamilton, NZ",,,97.0,NZ-Expansion-Bot,new,2026-04-29 21:19:59,
4987,NZ-Global-40-599128 Ltd,,Sustainable Forestry,"Wellington, NZ",,,99.0,NZ-Expansion-Bot,new,2026-04-29 21:19:59,
4990,NZ-Global-61-599128 Ltd,,AgriTech Solutions,"Wellington, NZ",,,98.0,NZ-Expansion-Bot,new,2026-04-29 21:19:59,
4991,NZ-Global-43-599128 Ltd,,FinTech,"Hamilton, NZ",,,99.0,NZ-Expansion-Bot,new,2026-04-29 21:19:59,
4997,NZ-Global-57-599128 Ltd,,Cloud Infrastructure,"Wellington, NZ",,,95.0,NZ-Expansion-Bot,new,2026-04-29 21:19:59,
5002,NZ-Global-43-599129 Ltd,,FinTech,"Hamilton, NZ",,,98.0,NZ-Expansion-Bot,new,2026-04-29 21:19:59,
5003,NZ-Global-57-599129 Ltd,,AgriTech Solutions,"Christchurch, NZ",,,98.0,NZ-Expansion-Bot,new,2026-04-29 21:19:59,
5008,NZ-Global-31-599130 Ltd,,Marine Tech,"Christchurch, NZ",,,98.0,NZ-Expansion-Bot,new,2026-04-29 21:19:59,
5010,NZ-Global-67-599130 Ltd,,Marine Tech,"Auckland, NZ",,,95.0,NZ-Expansion-Bot,new,2026-04-29 21:19:59,
5012,NZ-Global-35-599130 Ltd,,Cloud Infrastructure,"Wellington, NZ",,,96.0,NZ-Expansion-Bot,new,2026-04-29 21:19:59,
5019,NZ-Global-53-599130 Ltd,,FinTech,"Christchurch, NZ",,,99.0,NZ-Expansion-Bot,new,2026-04-29 21:19:59,
5021,NZ-Global-54-599131 Ltd,,Sustainable Forestry,"Auckland, NZ",,,98.0,NZ-Expansion-Bot,new,2026-04-29 21:19:59,
5023,NZ-Global-91-599131 Ltd,,Marine Tech,"Auckland, NZ",,,98.0,NZ-Expansion-Bot,new,2026-04-29 21:19:59,
5025,NZ-Global-76-599131 Ltd,,Marine Tech,"Hamilton, NZ",,,99.0,NZ-Expansion-Bot,new,2026-04-29 21:19:59,
5026,NZ-Global-49-599131 Ltd,,Sustainable Forestry,"Christchurch, NZ",,,98.0,NZ-Expansion-Bot,new,2026-04-29 21:19:59,
5029,NZ-Global-22-599131 Ltd,,Cloud Infrastructure,"Hamilton, NZ",,,99.0,NZ-Expansion-Bot,new,2026-04-29 21:19:59,
5031,NZ-Global-97-599132 Ltd,,Cloud Infrastructure,"Auckland, NZ",,,96.0,NZ-Expansion-Bot,new,2026-04-29 21:19:59,
5033,NZ-Global-21-599132 Ltd,,AgriTech Solutions,"Christchurch, NZ",,,99.0,NZ-Expansion-Bot,new,2026-04-29 21:19:59,
5034,NZ-Global-28-599132 Ltd,,AgriTech Solutions,"Auckland, NZ",,,99.0,NZ-Expansion-Bot,new,2026-04-29 21:19:59,
5038,NZ-Global-89-599132 Ltd,,AgriTech Solutions,"Auckland, NZ",,,99.0,NZ-Expansion-Bot,new,2026-04-29 21:19:59,
5041,NZ-Global-20-599132 Ltd,,AgriTech Solutions,"Hamilton, NZ",,,97.0,NZ-Expansion-Bot,new,2026-04-29 21:19:59,
5042,NZ-Global-83-599132 Ltd,,AgriTech Solutions,"Hamilton, NZ",,,96.0,NZ-Expansion-Bot,new,2026-04-29 21:19:59,
5045,NZ-Global-31-599132 Ltd,,Marine Tech,"Auckland, NZ",,,98.0,NZ-Expansion-Bot,new,2026-04-29 21:19:59,
5046,NZ-Global-97-599133 Ltd,,Marine Tech,"Hamilton, NZ",,,96.0,NZ-Expansion-Bot,new,2026-04-29 21:19:59,
5048,NZ-Global-43-599133 Ltd,,FinTech,"Christchurch, NZ",,,95.0,NZ-Expansion-Bot,new,2026-04-29 21:19:59,
5050,NZ-Global-61-599133 Ltd,,AgriTech Solutions,"Auckland, NZ",,,95.0,NZ-Expansion-Bot,new,2026-04-29 21:19:59,
5051,NZ-Global-76-599133 Ltd,,Marine Tech,"Christchurch, NZ",,,96.0,NZ-Expansion-Bot,new,2026-04-29 21:19:59,
5053,NZ-Global-47-599133 Ltd,,FinTech,"Christchurch, NZ",,,96.0,NZ-Expansion-Bot,new,2026-04-29 21:19:59,
5054,NZ-Global-38-599133 Ltd,,FinTech,"Wellington, NZ",,,98.0,NZ-Expansion-Bot,new,2026-04-29 21:19:59,
5056,NZ-Global-50-599133 Ltd,,Marine Tech,"Hamilton, NZ",,,97.0,NZ-Expansion-Bot,new,2026-04-29 21:19:59,
5059,NZ-Global-16-599133 Ltd,,Marine Tech,"Hamilton, NZ",,,99.0,NZ-Expansion-Bot,new,2026-04-29 21:19:59,
5060,NZ-Global-30-599134 Ltd,,Sustainable Forestry,"Wellington, NZ",,,96.0,NZ-Expansion-Bot,new,2026-04-29 21:19:59,
5061,NZ-Global-39-599134 Ltd,,Marine Tech,"Hamilton, NZ",,,97.0,NZ-Expansion-Bot,new,2026-04-29 21:19:59,
5066,NZ-Global-73-599134 Ltd,,AgriTech Solutions,"Hamilton, NZ",,,97.0,NZ-Expansion-Bot,new,2026-04-29 21:19:59,
5067,NZ-Global-33-599134 Ltd,,Marine Tech,"Wellington, NZ",,,97.0,NZ-Expansion-Bot,new,2026-04-29 21:19:59,
5069,NZ-Global-47-599134 Ltd,,AgriTech Solutions,"Hamilton, NZ",,,99.0,NZ-Expansion-Bot,new,2026-04-29 21:19:59,
5071,NZ-Global-35-599134 Ltd,,Cloud Infrastructure,"Hamilton, NZ",,,98.0,NZ-Expansion-Bot,new,2026-04-29 21:19:59,
5072,NZ-Global-51-599134 Ltd,,AgriTech Solutions,"Hamilton, NZ",,,96.0,NZ-Expansion-Bot,new,2026-04-29 21:19:59,
5073,NZ-Global-68-599134 Ltd,,AgriTech Solutions,"Wellington, NZ",,,97.0,NZ-Expansion-Bot,new,2026-04-29 21:19:59,
5075,NZ-Global-12-599135 Ltd,,Sustainable Forestry,"Hamilton, NZ",,,98.0,NZ-Expansion-Bot,new,2026-04-29 21:19:59,
5078,NZ-Global-81-599135 Ltd,,Sustainable Forestry,"Auckland, NZ",,,97.0,NZ-Expansion-Bot,new,2026-04-29 21:19:59,
5083,NZ-Global-67-599135 Ltd,,FinTech,"Christchurch, NZ",,,97.0,NZ-Expansion-Bot,new,2026-04-29 21:19:59,
5089,NZ-Global-70-599136 Ltd,,FinTech,"Christchurch, NZ",,,98.0,NZ-Expansion-Bot,new,2026-04-29 21:19:59,
5090,NZ-Global-20-599136 Ltd,,FinTech,"Christchurch, NZ",,,96.0,NZ-Expansion-Bot,new,2026-04-29 21:19:59,
5093,NZ-Global-44-599136 Ltd,,Marine Tech,"Hamilton, NZ",,,96.0,NZ-Expansion-Bot,new,2026-04-29 21:19:59,
5097,NZ-Global-24-599136 Ltd,,Cloud Infrastructure,"Wellington, NZ",,,99.0,NZ-Expansion-Bot,new,2026-04-29 21:19:59,
5098,NZ-Global-42-599136 Ltd,,FinTech,"Hamilton, NZ",,,95.0,NZ-Expansion-Bot,new,2026-04-29 21:19:59,
5104,NZ-Global-62-599137 Ltd,,Marine Tech,"Christchurch, NZ",,,95.0,NZ-Expansion-Bot,new,2026-04-29 21:19:59,
5108,NZ-Global-10-599137 Ltd,,FinTech,"Wellington, NZ",,,96.0,NZ-Expansion-Bot,new,2026-04-29 21:19:59,
5109,NZ-Global-23-599137 Ltd,,FinTech,"Hamilton, NZ",,,98.0,NZ-Expansion-Bot,new,2026-04-29 21:19:59,
5110,NZ-Global-63-599137 Ltd,,Cloud Infrastructure,"Wellington, NZ",,,99.0,NZ-Expansion-Bot,new,2026-04-29 21:19:59,
5112,NZ-Global-91-599137 Ltd,,Sustainable Forestry,"Hamilton, NZ",,,95.0,NZ-Expansion-Bot,new,2026-04-29 21:19:59,
5116,NZ-Global-70-599138 Ltd,,Sustainable Forestry,"Christchurch, NZ",,,98.0,NZ-Expansion-Bot,new,2026-04-29 21:19:59,
5117,NZ-Global-55-599138 Ltd,,Cloud Infrastructure,"Auckland, NZ",,,98.0,NZ-Expansion-Bot,new,2026-04-29 21:19:59,
5123,NZ-Global-97-599138 Ltd,,FinTech,"Hamilton, NZ",,,99.0,NZ-Expansion-Bot,new,2026-04-29 21:19:59,
5124,NZ-Global-44-599138 Ltd,,Marine Tech,"Wellington, NZ",,,98.0,NZ-Expansion-Bot,new,2026-04-29 21:19:59,
5125,NZ-Global-37-599138 Ltd,,FinTech,"Hamilton, NZ",,,98.0,NZ-Expansion-Bot,new,2026-04-29 21:19:59,
5127,NZ-Global-56-599138 Ltd,,FinTech,"Auckland, NZ",,,97.0,NZ-Expansion-Bot,new,2026-04-29 21:19:59,
5130,NZ-Global-89-599138 Ltd,,AgriTech Solutions,"Christchurch, NZ",,,97.0,NZ-Expansion-Bot,new,2026-04-29 21:19:59,
5132,NZ-Global-39-599139 Ltd,,Sustainable Forestry,"Hamilton, NZ",,,99.0,NZ-Expansion-Bot,new,2026-04-29 21:19:59,
5140,NZ-Global-52-599139 Ltd,,Cloud Infrastructure,"Christchurch, NZ",,,97.0,NZ-Expansion-Bot,new,2026-04-29 21:19:59,
5141,NZ-Global-76-599139 Ltd,,Marine Tech,"Christchurch, NZ",,,95.0,NZ-Expansion-Bot,new,2026-04-29 21:19:59,
5142,NZ-Global-56-599139 Ltd,,FinTech,"Christchurch, NZ",,,95.0,NZ-Expansion-Bot,new,2026-04-29 21:19:59,
5143,NZ-Global-26-599139 Ltd,,AgriTech Solutions,"Wellington, NZ",,,98.0,NZ-Expansion-Bot,new,2026-04-29 21:19:59,
5144,NZ-Global-90-599140 Ltd,,FinTech,"Hamilton, NZ",,,99.0,NZ-Expansion-Bot,new,2026-04-29 21:19:59,
5145,NZ-Global-24-599140 Ltd,,Cloud Infrastructure,"Christchurch, NZ",,,99.0,NZ-Expansion-Bot,new,2026-04-29 21:19:59,
5149,NZ-Global-73-599140 Ltd,,Marine Tech,"Auckland, NZ",,,95.0,NZ-Expansion-Bot,new,2026-04-29 21:19:59,
5150,NZ-Global-57-599140 Ltd,,Cloud Infrastructure,"Auckland, NZ",,,99.0,NZ-Expansion-Bot,new,2026-04-29 21:19:59,
5152,NZ-Global-50-599140 Ltd,,FinTech,"Christchurch, NZ",,,97.0,NZ-Expansion-Bot,new,2026-04-29 21:19:59,
5153,NZ-Global-40-599140 Ltd,,Marine Tech,"Auckland, NZ",,,98.0,NZ-Expansion-Bot,new,2026-04-29 21:19:59,
5155,NZ-Global-92-599141 Ltd,,Cloud Infrastructure,"Wellington, NZ",,,99.0,NZ-Expansion-Bot,new,2026-04-29 21:19:59,
5156,NZ-Global-82-599141 Ltd,,Cloud Infrastructure,"Hamilton, NZ",,,96.0,NZ-Expansion-Bot,new,2026-04-29 21:19:59,
5162,NZ-Global-15-599141 Ltd,,AgriTech Solutions,"Christchurch, NZ",,,96.0,NZ-Expansion-Bot,new,2026-04-29 21:19:59,
5166,NZ-Global-60-599141 Ltd,,Cloud Infrastructure,"Hamilton, NZ",,,95.0,NZ-Expansion-Bot,new,2026-04-29 21:19:59,
5168,NZ-Global-47-599141 Ltd,,Sustainable Forestry,"Hamilton, NZ",,,96.0,NZ-Expansion-Bot,new,2026-04-29 21:19:59,
5173,NZ-Global-72-599142 Ltd,,Cloud Infrastructure,"Auckland, NZ",,,95.0,NZ-Expansion-Bot,new,2026-04-29 21:19:59,
5175,NZ-Global-10-599142 Ltd,,Cloud Infrastructure,"Christchurch, NZ",,,96.0,NZ-Expansion-Bot,new,2026-04-29 21:19:59,
5176,NZ-Global-52-599142 Ltd,,Sustainable Forestry,"Hamilton, NZ",,,97.0,NZ-Expansion-Bot,new,2026-04-29 21:19:59,
5184,NZ-Global-36-599143 Ltd,,FinTech,"Hamilton, NZ",,,99.0,NZ-Expansion-Bot,new,2026-04-29 21:19:59,
5186,NZ-Global-97-599143 Ltd,,Marine Tech,"Wellington, NZ",,,95.0,NZ-Expansion-Bot,new,2026-04-29 21:19:59,
5187,NZ-Global-68-599143 Ltd,,FinTech,"Wellington, NZ",,,98.0,NZ-Expansion-Bot,new,2026-04-29 21:19:59,
5188,NZ-Global-63-599143 Ltd,,FinTech,"Auckland, NZ",,,98.0,NZ-Expansion-Bot,new,2026-04-29 21:19:59,
5192,NZ-Global-57-599143 Ltd,,AgriTech Solutions,"Wellington, NZ",,,95.0,NZ-Expansion-Bot,new,2026-04-29 21:19:59,
5194,NZ-Global-67-599143 Ltd,,Sustainable Forestry,"Hamilton, NZ",,,97.0,NZ-Expansion-Bot,new,2026-04-29 21:19:59,
5197,NZ-Global-66-599143 Ltd,,Sustainable Forestry,"Wellington, NZ",,,98.0,NZ-Expansion-Bot,new,2026-04-29 21:19:59,
5200,NZ-Global-77-599144 Ltd,,Cloud Infrastructure,"Christchurch, NZ",,,98.0,NZ-Expansion-Bot,new,2026-04-29 21:19:59,
5203,NZ-Global-25-599144 Ltd,,FinTech,"Wellington, NZ",,,96.0,NZ-Expansion-Bot,new,2026-04-29 21:19:59,
5204,NZ-Global-93-599144 Ltd,,FinTech,"Christchurch, NZ",,,97.0,NZ-Expansion-Bot,new,2026-04-29 21:19:59,
5206,NZ-Global-92-599144 Ltd,,Marine Tech,"Wellington, NZ",,,99.0,NZ-Expansion-Bot,new,2026-04-29 21:19:59,
5207,NZ-Global-13-599144 Ltd,,AgriTech Solutions,"Wellington, NZ",,,96.0,NZ-Expansion-Bot,new,2026-04-29 21:19:59,
5208,NZ-Global-70-599144 Ltd,,FinTech,"Christchurch, NZ",,,98.0,NZ-Expansion-Bot,new,2026-04-29 21:19:59,
5209,NZ-Global-78-599144 Ltd,,FinTech,"Christchurch, NZ",,,95.0,NZ-Expansion-Bot,new,2026-04-29 21:19:59,
5210,NZ-Global-84-599144 Ltd,,Sustainable Forestry,"Wellington, NZ",,,97.0,NZ-Expansion-Bot,new,2026-04-29 21:19:59,
5213,NZ-Global-40-599145 Ltd,,Cloud Infrastructure,"Hamilton, NZ",,,95.0,NZ-Expansion-Bot,new,2026-04-29 21:19:59,
5215,NZ-Global-69-599145 Ltd,,AgriTech Solutions,"Hamilton, NZ",,,96.0,NZ-Expansion-Bot,new,2026-04-29 21:19:59,
5216,NZ-Global-94-599145 Ltd,,Cloud Infrastructure,"Hamilton, NZ",,,99.0,NZ-Expansion-Bot,new,2026-04-29 21:19:59,
5218,NZ-Global-20-599145 Ltd,,FinTech,"Christchurch, NZ",,,98.0,NZ-Expansion-Bot,new,2026-04-29 21:19:59,
5219,NZ-Global-54-599145 Ltd,,FinTech,"Christchurch, NZ",,,98.0,NZ-Expansion-Bot,new,2026-04-29 21:19:59,
5221,NZ-Global-22-599145 Ltd,,Cloud Infrastructure,"Auckland, NZ",,,98.0,NZ-Expansion-Bot,new,2026-04-29 21:19:59,
5222,NZ-Global-57-599145 Ltd,,AgriTech Solutions,"Hamilton, NZ",,,99.0,NZ-Expansion-Bot,new,2026-04-29 21:19:59,
5224,NZ-Global-95-599145 Ltd,,FinTech,"Christchurch, NZ",,,98.0,NZ-Expansion-Bot,new,2026-04-29 21:19:59,
5225,NZ-Global-46-599145 Ltd,,FinTech,"Christchurch, NZ",,,98.0,NZ-Expansion-Bot,new,2026-04-29 21:19:59,
5230,NZ-Global-34-599146 Ltd,,AgriTech Solutions,"Wellington, NZ",,,96.0,NZ-Expansion-Bot,new,2026-04-29 21:19:59,
5231,NZ-Global-74-599146 Ltd,,Cloud Infrastructure,"Hamilton, NZ",,,97.0,NZ-Expansion-Bot,new,2026-04-29 21:19:59,
5234,NZ-Global-55-599146 Ltd,,Cloud Infrastructure,"Christchurch, NZ",,,99.0,NZ-Expansion-Bot,new,2026-04-29 21:19:59,
5235,NZ-Global-49-599146 Ltd,,Marine Tech,"Christchurch, NZ",,,99.0,NZ-Expansion-Bot,new,2026-04-29 21:19:59,
5236,NZ-Global-83-599146 Ltd,,AgriTech Solutions,"Wellington, NZ",,,97.0,NZ-Expansion-Bot,new,2026-04-29 21:19:59,
5238,NZ-Global-85-599147 Ltd,,FinTech,"Wellington, NZ",,,96.0,NZ-Expansion-Bot,new,2026-04-29 21:19:59,
5239,NZ-Global-83-599147 Ltd,,Cloud Infrastructure,"Wellington, NZ",,,99.0,NZ-Expansion-Bot,new,2026-04-29 21:19:59,
5243,NZ-Global-90-599147 Ltd,,Sustainable Forestry,"Auckland, NZ",,,96.0,NZ-Expansion-Bot,new,2026-04-29 21:19:59,
5244,NZ-Global-26-599147 Ltd,,Sustainable Forestry,"Wellington, NZ",,,95.0,NZ-Expansion-Bot,new,2026-04-29 21:19:59,
5245,NZ-Global-94-599147 Ltd,,Sustainable Forestry,"Christchurch, NZ",,,95.0,NZ-Expansion-Bot,new,2026-04-29 21:19:59,
5246,NZ-Global-92-599147 Ltd,,Marine Tech,"Christchurch, NZ",,,95.0,NZ-Expansion-Bot,new,2026-04-29 21:19:59,
5248,NZ-Global-56-599147 Ltd,,Sustainable Forestry,"Hamilton, NZ",,,98.0,NZ-Expansion-Bot,new,2026-04-29 21:19:59,
5252,NZ-Global-52-599148 Ltd,,FinTech,"Christchurch, NZ",,,95.0,NZ-Expansion-Bot,new,2026-04-29 21:19:59,
5253,NZ-Global-45-599148 Ltd,,Sustainable Forestry,"Wellington, NZ",,,99.0,NZ-Expansion-Bot,new,2026-04-29 21:19:59,
5254,NZ-Global-31-599148 Ltd,,AgriTech Solutions,"Hamilton, NZ",,,95.0,NZ-Expansion-Bot,new,2026-04-29 21:19:59,
5257,NZ-Global-39-599148 Ltd,,Sustainable Forestry,"Wellington, NZ",,,95.0,NZ-Expansion-Bot,new,2026-04-29 21:19:59,
5259,NZ-Global-76-599148 Ltd,,FinTech,"Christchurch, NZ",,,99.0,NZ-Expansion-Bot,new,2026-04-29 21:19:59,
5260,NZ-Global-46-599148 Ltd,,Marine Tech,"Auckland, NZ",,,99.0,NZ-Expansion-Bot,new,2026-04-29 21:19:59,
5263,NZ-Global-53-599148 Ltd,,Cloud Infrastructure,"Hamilton, NZ",,,98.0,NZ-Expansion-Bot,new,2026-04-29 21:19:59,
5268,NZ-Global-75-599149 Ltd,,Marine Tech,"Wellington, NZ",,,96.0,NZ-Expansion-Bot,new,2026-04-29 21:19:59,
5273,NZ-Global-55-599149 Ltd,,AgriTech Solutions,"Wellington, NZ",,,97.0,NZ-Expansion-Bot,new,2026-04-29 21:19:59,
5276,NZ-Global-95-599149 Ltd,,AgriTech Solutions,"Wellington, NZ",,,96.0,NZ-Expansion-Bot,new,2026-04-29 21:19:59,
5277,NZ-Global-99-599149 Ltd,,AgriTech Solutions,"Christchurch, NZ",,,97.0,NZ-Expansion-Bot,new,2026-04-29 21:19:59,
5283,NZ-Global-85-599150 Ltd,,AgriTech Solutions,"Christchurch, NZ",,,98.0,NZ-Expansion-Bot,new,2026-04-29 21:19:59,
5289,NZ-Global-25-599150 Ltd,,Sustainable Forestry,"Hamilton, NZ",,,98.0,NZ-Expansion-Bot,new,2026-04-29 21:19:59,
5293,NZ-Global-87-599151 Ltd,,FinTech,"Auckland, NZ",,,96.0,NZ-Expansion-Bot,new,2026-04-29 21:19:59,
5295,NZ-Global-34-599151 Ltd,,AgriTech Solutions,"Wellington, NZ",,,97.0,NZ-Expansion-Bot,new,2026-04-29 21:19:59,
5299,NZ-Global-42-599151 Ltd,,AgriTech Solutions,"Christchurch, NZ",,,98.0,NZ-Expansion-Bot,new,2026-04-29 21:19:59,
5306,NZ-Global-74-599152 Ltd,,AgriTech Solutions,"Hamilton, NZ",,,96.0,NZ-Expansion-Bot,new,2026-04-29 21:19:59,
5307,NZ-Global-37-599152 Ltd,,AgriTech Solutions,"Christchurch, NZ",,,99.0,NZ-Expansion-Bot,new,2026-04-29 21:19:59,
5308,NZ-Global-80-599152 Ltd,,Cloud Infrastructure,"Wellington, NZ",,,99.0,NZ-Expansion-Bot,new,2026-04-29 21:19:59,
5311,NZ-Global-30-599152 Ltd,,Sustainable Forestry,"Hamilton, NZ",,,95.0,NZ-Expansion-Bot,new,2026-04-29 21:19:59,
5312,NZ-Global-20-599152 Ltd,,FinTech,"Auckland, NZ",,,96.0,NZ-Expansion-Bot,new,2026-04-29 21:19:59,
5317,NZ-Global-25-599152 Ltd,,Cloud Infrastructure,"Christchurch, NZ",,,96.0,NZ-Expansion-Bot,new,2026-04-29 21:19:59,
5319,NZ-Global-64-599153 Ltd,,AgriTech Solutions,"Hamilton, NZ",,,99.0,NZ-Expansion-Bot,new,2026-04-29 21:19:59,
5321,NZ-Global-75-599153 Ltd,,Cloud Infrastructure,"Christchurch, NZ",,,99.0,NZ-Expansion-Bot,new,2026-04-29 21:19:59,
5322,NZ-Global-66-599153 Ltd,,Sustainable Forestry,"Christchurch, NZ",,,97.0,NZ-Expansion-Bot,new,2026-04-29 21:19:59,
5323,NZ-Global-94-599153 Ltd,,Marine Tech,"Auckland, NZ",,,97.0,NZ-Expansion-Bot,new,2026-04-29 21:19:59,
5327,NZ-Global-77-599153 Ltd,,Sustainable Forestry,"Auckland, NZ",,,99.0,NZ-Expansion-Bot,new,2026-04-29 21:19:59,
5329,NZ-Global-68-599153 Ltd,,Sustainable Forestry,"Christchurch, NZ",,,98.0,NZ-Expansion-Bot,new,2026-04-29 21:19:59,
5334,NZ-Global-77-599154 Ltd,,FinTech,"Auckland, NZ",,,99.0,NZ-Expansion-Bot,new,2026-04-29 21:19:59,
5335,NZ-Global-51-599154 Ltd,,Marine Tech,"Auckland, NZ",,,96.0,NZ-Expansion-Bot,new,2026-04-29 21:19:59,
5337,NZ-Global-73-599154 Ltd,,AgriTech Solutions,"Wellington, NZ",,,99.0,NZ-Expansion-Bot,new,2026-04-29 21:19:59,
5339,NZ-Global-22-599154 Ltd,,FinTech,"Christchurch, NZ",,,97.0,NZ-Expansion-Bot,new,2026-04-29 21:19:59,
5340,NZ-Global-44-599154 Ltd,,Marine Tech,"Wellington, NZ",,,98.0,NZ-Expansion-Bot,new,2026-04-29 21:19:59,
5342,NZ-Global-88-599154 Ltd,,Sustainable Forestry,"Auckland, NZ",,,97.0,NZ-Expansion-Bot,new,2026-04-29 21:19:59,
5345,NZ-Global-37-599154 Ltd,,Cloud Infrastructure,"Hamilton, NZ",,,95.0,NZ-Expansion-Bot,new,2026-04-29 21:19:59,
5349,NZ-Global-76-599155 Ltd,,Sustainable Forestry,"Christchurch, NZ",,,98.0,NZ-Expansion-Bot,new,2026-04-29 21:19:59,
5356,NZ-Global-32-599155 Ltd,,AgriTech Solutions,"Hamilton, NZ",,,99.0,NZ-Expansion-Bot,new,2026-04-29 21:19:59,
5359,NZ-Global-13-599155 Ltd,,FinTech,"Hamilton, NZ",,,95.0,NZ-Expansion-Bot,new,2026-04-29 21:19:59,
5360,NZ-Global-26-599155 Ltd,,Cloud Infrastructure,"Christchurch, NZ",,,95.0,NZ-Expansion-Bot,new,2026-04-29 21:19:59,
5361,NZ-Global-25-599155 Ltd,,Cloud Infrastructure,"Auckland, NZ",,,99.0,NZ-Expansion-Bot,new,2026-04-29 21:19:59,
5363,NZ-Global-55-599156 Ltd,,AgriTech Solutions,"Auckland, NZ",,,96.0,NZ-Expansion-Bot,new,2026-04-29 21:19:59,
5364,NZ-Global-38-599156 Ltd,,Marine Tech,"Christchurch, NZ",,,99.0,NZ-Expansion-Bot,new,2026-04-29 21:19:59,
5367,NZ-Global-34-599156 Ltd,,AgriTech Solutions,"Wellington, NZ",,,97.0,NZ-Expansion-Bot,new,2026-04-29 21:19:59,
5369,NZ-Global-43-599156 Ltd,,Cloud Infrastructure,"Wellington, NZ",,,96.0,NZ-Expansion-Bot,new,2026-04-29 21:19:59,
5370,NZ-Global-94-599156 Ltd,,Cloud Infrastructure,"Wellington, NZ",,,97.0,NZ-Expansion-Bot,new,2026-04-29 21:19:59,
5373,NZ-Global-79-599156 Ltd,,Cloud Infrastructure,"Auckland, NZ",,,95.0,NZ-Expansion-Bot,new,2026-04-29 21:19:59,
5376,NZ-Global-97-599157 Ltd,,Sustainable Forestry,"Christchurch, NZ",,,99.0,NZ-Expansion-Bot,new,2026-04-29 21:19:59,
5377,NZ-Global-70-599157 Ltd,,Marine Tech,"Hamilton, NZ",,,98.0,NZ-Expansion-Bot,new,2026-04-29 21:19:59,
5382,NZ-Global-91-599157 Ltd,,Cloud Infrastructure,"Christchurch, NZ",,,99.0,NZ-Expansion-Bot,new,2026-04-29 21:19:59,
5384,NZ-Global-41-599157 Ltd,,AgriTech Solutions,"Christchurch, NZ",,,96.0,NZ-Expansion-Bot,new,2026-04-29 21:19:59,
5386,NZ-Global-84-599157 Ltd,,Marine Tech,"Auckland, NZ",,,95.0,NZ-Expansion-Bot,new,2026-04-29 21:19:59,
5387,NZ-Global-93-599157 Ltd,,Sustainable Forestry,"Wellington, NZ",,,97.0,NZ-Expansion-Bot,new,2026-04-29 21:19:59,
5388,NZ-Global-81-599157 Ltd,,Marine Tech,"Hamilton, NZ",,,95.0,NZ-Expansion-Bot,new,2026-04-29 21:19:59,
5389,NZ-Global-33-599157 Ltd,,FinTech,"Hamilton, NZ",,,98.0,NZ-Expansion-Bot,new,2026-04-29 21:19:59,
5391,NZ-Global-96-599158 Ltd,,Cloud Infrastructure,"Hamilton, NZ",,,95.0,NZ-Expansion-Bot,new,2026-04-29 21:19:59,
5396,NZ-Global-71-599158 Ltd,,Marine Tech,"Auckland, NZ",,,96.0,NZ-Expansion-Bot,new,2026-04-29 21:19:59,
5397,NZ-Global-47-599158 Ltd,,Marine Tech,"Hamilton, NZ",,,95.0,NZ-Expansion-Bot,new,2026-04-29 21:19:59,
5398,NZ-Global-70-599158 Ltd,,Sustainable Forestry,"Auckland, NZ",,,95.0,NZ-Expansion-Bot,new,2026-04-29 21:19:59,
5399,NZ-Global-98-599158 Ltd,,Sustainable Forestry,"Christchurch, NZ",,,98.0,NZ-Expansion-Bot,new,2026-04-29 21:19:59,
5402,NZ-Global-44-599159 Ltd,,AgriTech Solutions,"Christchurch, NZ",,,99.0,NZ-Expansion-Bot,new,2026-04-29 21:19:59,
5408,NZ-Global-22-599159 Ltd,,AgriTech Solutions,"Auckland, NZ",,,98.0,NZ-Expansion-Bot,new,2026-04-29 21:19:59,
5410,NZ-Global-88-599159 Ltd,,AgriTech Solutions,"Auckland, NZ",,,98.0,NZ-Expansion-Bot,new,2026-04-29 21:19:59,
5413,NZ-Global-56-599160 Ltd,,FinTech,"Christchurch, NZ",,,97.0,NZ-Expansion-Bot,new,2026-04-29 21:19:59,
5414,NZ-Global-31-599160 Ltd,,FinTech,"Auckland, NZ",,,99.0,NZ-Expansion-Bot,new,2026-04-29 21:19:59,
5417,NZ-Global-90-599160 Ltd,,Sustainable Forestry,"Hamilton, NZ",,,98.0,NZ-Expansion-Bot,new,2026-04-29 21:19:59,
5418,NZ-Global-96-599160 Ltd,,FinTech,"Auckland, NZ",,,97.0,NZ-Expansion-Bot,new,2026-04-29 21:19:59,
5422,NZ-Global-12-599160 Ltd,,FinTech,"Hamilton, NZ",,,98.0,NZ-Expansion-Bot,new,2026-04-29 21:19:59,
5424,NZ-Global-95-599160 Ltd,,Marine Tech,"Auckland, NZ",,,99.0,NZ-Expansion-Bot,new,2026-04-29 21:19:59,
5429,NZ-Global-77-599161 Ltd,,FinTech,"Auckland, NZ",,,99.0,NZ-Expansion-Bot,new,2026-04-29 21:19:59,
5433,NZ-Global-44-599161 Ltd,,Sustainable Forestry,"Hamilton, NZ",,,99.0,NZ-Expansion-Bot,new,2026-04-29 21:19:59,
5434,NZ-Global-25-599161 Ltd,,AgriTech Solutions,"Christchurch, NZ",,,96.0,NZ-Expansion-Bot,new,2026-04-29 21:19:59,
5437,NZ-Deep-304-640911 Partners,,SpaceTech,"Palmerston North, NZ",,,99.0,NZ-Expansion-V2,new,2026-04-29 21:20:40,
5438,NZ-Deep-741-640912 Partners,,HortiTech,"Nelson, NZ",,,97.0,NZ-Expansion-V2,new,2026-04-29 21:20:40,
5439,NZ-Deep-721-640912 Partners,,CyberSecurity,"Palmerston North, NZ",,,95.0,NZ-Expansion-V2,new,2026-04-29 21:20:40,
5440,NZ-Deep-912-640912 Partners,,CyberSecurity,"Nelson, NZ",,,99.0,NZ-Expansion-V2,new,2026-04-29 21:20:40,
5444,NZ-Deep-485-640912 Partners,,SpaceTech,"Dunedin, NZ",,,99.0,NZ-Expansion-V2,new,2026-04-29 21:20:40,
5445,NZ-Deep-159-640912 Partners,,HortiTech,"Tauranga, NZ",,,96.0,NZ-Expansion-V2,new,2026-04-29 21:20:40,
5447,NZ-Deep-577-640912 Partners,,CyberSecurity,"Nelson, NZ",,,96.0,NZ-Expansion-V2,new,2026-04-29 21:20:40,
5448,NZ-Deep-340-640912 Partners,,CyberSecurity,"Napier, NZ",,,97.0,NZ-Expansion-V2,new,2026-04-29 21:20:40,
5450,NZ-Deep-301-640912 Partners,,CyberSecurity,"Palmerston North, NZ",,,97.0,NZ-Expansion-V2,new,2026-04-29 21:20:40,
5451,NZ-Deep-665-640912 Partners,,CyberSecurity,"Nelson, NZ",,,95.0,NZ-Expansion-V2,new,2026-04-29 21:20:40,
5452,NZ-Deep-363-640913 Partners,,Quantum Computing,"Dunedin, NZ",,,95.0,NZ-Expansion-V2,new,2026-04-29 21:20:40,
5453,NZ-Deep-863-640913 Partners,,SpaceTech,"Dunedin, NZ",,,98.0,NZ-Expansion-V2,new,2026-04-29 21:20:40,
5455,NZ-Deep-183-640913 Partners,,Deep-Sea Mining Tech,"Napier, NZ",,,97.0,NZ-Expansion-V2,new,2026-04-29 21:20:40,
5459,NZ-Deep-852-640913 Partners,,Quantum Computing,"Nelson, NZ",,,98.0,NZ-Expansion-V2,new,2026-04-29 21:20:40,
5460,NZ-Deep-533-640913 Partners,,Deep-Sea Mining Tech,"Napier, NZ",,,99.0,NZ-Expansion-V2,new,2026-04-29 21:20:40,
5461,NZ-Deep-857-640913 Partners,,SpaceTech,"Nelson, NZ",,,99.0,NZ-Expansion-V2,new,2026-04-29 21:20:40,
5462,NZ-Deep-315-640913 Partners,,HortiTech,"Palmerston North, NZ",,,98.0,NZ-Expansion-V2,new,2026-04-29 21:20:40,
5463,NZ-Deep-920-640913 Partners,,SpaceTech,"Tauranga, NZ",,,97.0,NZ-Expansion-V2,new,2026-04-29 21:20:40,
5465,NZ-Deep-611-640913 Partners,,HortiTech,"Tauranga, NZ",,,95.0,NZ-Expansion-V2,new,2026-04-29 21:20:40,
5466,NZ-Deep-961-640913 Partners,,Deep-Sea Mining Tech,"Napier, NZ",,,96.0,NZ-Expansion-V2,new,2026-04-29 21:20:40,
5467,NZ-Deep-253-640913 Partners,,SpaceTech,"Dunedin, NZ",,,96.0,NZ-Expansion-V2,new,2026-04-29 21:20:40,
5474,NZ-Deep-364-640914 Partners,,HortiTech,"Palmerston North, NZ",,,95.0,NZ-Expansion-V2,new,2026-04-29 21:20:40,
5475,NZ-Deep-220-640914 Partners,,Quantum Computing,"Dunedin, NZ",,,97.0,NZ-Expansion-V2,new,2026-04-29 21:20:40,
5476,NZ-Deep-212-640914 Partners,,Quantum Computing,"Nelson, NZ",,,97.0,NZ-Expansion-V2,new,2026-04-29 21:20:40,
5480,NZ-Deep-216-640914 Partners,,Deep-Sea Mining Tech,"Napier, NZ",,,95.0,NZ-Expansion-V2,new,2026-04-29 21:20:40,
5482,NZ-Deep-366-640914 Partners,,CyberSecurity,"Dunedin, NZ",,,95.0,NZ-Expansion-V2,new,2026-04-29 21:20:40,
5483,NZ-Deep-691-640914 Partners,,SpaceTech,"Tauranga, NZ",,,98.0,NZ-Expansion-V2,new,2026-04-29 21:20:40,
5485,NZ-Deep-851-640914 Partners,,Deep-Sea Mining Tech,"Nelson, NZ",,,97.0,NZ-Expansion-V2,new,2026-04-29 21:20:40,
5486,NZ-Deep-869-640914 Partners,,CyberSecurity,"Dunedin, NZ",,,98.0,NZ-Expansion-V2,new,2026-04-29 21:20:40,
5488,NZ-Deep-258-640914 Partners,,HortiTech,"Dunedin, NZ",,,97.0,NZ-Expansion-V2,new,2026-04-29 21:20:40,
5491,NZ-Deep-376-640915 Partners,,SpaceTech,"Napier, NZ",,,95.0,NZ-Expansion-V2,new,2026-04-29 21:20:40,
5492,NZ-Deep-480-640915 Partners,,SpaceTech,"Dunedin, NZ",,,96.0,NZ-Expansion-V2,new,2026-04-29 21:20:40,
5496,NZ-Deep-771-640915 Partners,,Quantum Computing,"Dunedin, NZ",,,99.0,NZ-Expansion-V2,new,2026-04-29 21:20:40,
5497,NZ-Deep-209-640915 Partners,,Quantum Computing,"Tauranga, NZ",,,98.0,NZ-Expansion-V2,new,2026-04-29 21:20:40,
5500,NZ-Deep-114-640915 Partners,,SpaceTech,"Dunedin, NZ",,,98.0,NZ-Expansion-V2,new,2026-04-29 21:20:40,
5502,NZ-Deep-532-640915 Partners,,CyberSecurity,"Napier, NZ",,,96.0,NZ-Expansion-V2,new,2026-04-29 21:20:40,
5506,NZ-Deep-137-640915 Partners,,Deep-Sea Mining Tech,"Tauranga, NZ",,,95.0,NZ-Expansion-V2,new,2026-04-29 21:20:40,
5507,NZ-Deep-312-640915 Partners,,Deep-Sea Mining Tech,"Palmerston North, NZ",,,97.0,NZ-Expansion-V2,new,2026-04-29 21:20:40,
5508,NZ-Deep-873-640916 Partners,,Deep-Sea Mining Tech,"Dunedin, NZ",,,97.0,NZ-Expansion-V2,new,2026-04-29 21:20:40,
5509,NZ-Deep-307-640916 Partners,,HortiTech,"Dunedin, NZ",,,99.0,NZ-Expansion-V2,new,2026-04-29 21:20:40,
5510,NZ-Deep-747-640916 Partners,,SpaceTech,"Dunedin, NZ",,,96.0,NZ-Expansion-V2,new,2026-04-29 21:20:40,
5511,NZ-Deep-446-640916 Partners,,HortiTech,"Napier, NZ",,,97.0,NZ-Expansion-V2,new,2026-04-29 21:20:40,
5512,NZ-Deep-340-640916 Partners,,CyberSecurity,"Palmerston North, NZ",,,95.0,NZ-Expansion-V2,new,2026-04-29 21:20:40,
5513,NZ-Deep-572-640916 Partners,,HortiTech,"Dunedin, NZ",,,95.0,NZ-Expansion-V2,new,2026-04-29 21:20:40,
5514,NZ-Deep-702-640916 Partners,,HortiTech,"Palmerston North, NZ",,,95.0,NZ-Expansion-V2,new,2026-04-29 21:20:40,
5516,NZ-Deep-314-640916 Partners,,Deep-Sea Mining Tech,"Tauranga, NZ",,,96.0,NZ-Expansion-V2,new,2026-04-29 21:20:40,
5519,NZ-Deep-202-640916 Partners,,CyberSecurity,"Dunedin, NZ",,,97.0,NZ-Expansion-V2,new,2026-04-29 21:20:40,
5520,NZ-Deep-787-640916 Partners,,HortiTech,"Nelson, NZ",,,97.0,NZ-Expansion-V2,new,2026-04-29 21:20:40,
5523,NZ-Deep-571-640916 Partners,,CyberSecurity,"Nelson, NZ",,,98.0,NZ-Expansion-V2,new,2026-04-29 21:20:40,
5524,NZ-Deep-849-640916 Partners,,Deep-Sea Mining Tech,"Dunedin, NZ",,,97.0,NZ-Expansion-V2,new,2026-04-29 21:20:40,
5525,NZ-Deep-462-640916 Partners,,Deep-Sea Mining Tech,"Tauranga, NZ",,,99.0,NZ-Expansion-V2,new,2026-04-29 21:20:40,
5526,NZ-Deep-169-640916 Partners,,CyberSecurity,"Tauranga, NZ",,,99.0,NZ-Expansion-V2,new,2026-04-29 21:20:40,
5527,NZ-Deep-155-640916 Partners,,CyberSecurity,"Napier, NZ",,,96.0,NZ-Expansion-V2,new,2026-04-29 21:20:40,
5528,NZ-Deep-633-640917 Partners,,Deep-Sea Mining Tech,"Tauranga, NZ",,,97.0,NZ-Expansion-V2,new,2026-04-29 21:20:40,
5529,NZ-Deep-120-640917 Partners,,Deep-Sea Mining Tech,"Nelson, NZ",,,99.0,NZ-Expansion-V2,new,2026-04-29 21:20:40,
5530,NZ-Deep-260-640917 Partners,,Quantum Computing,"Napier, NZ",,,95.0,NZ-Expansion-V2,new,2026-04-29 21:20:40,
5531,NZ-Deep-625-640917 Partners,,Quantum Computing,"Nelson, NZ",,,98.0,NZ-Expansion-V2,new,2026-04-29 21:20:40,
5532,NZ-Deep-925-640917 Partners,,Deep-Sea Mining Tech,"Dunedin, NZ",,,96.0,NZ-Expansion-V2,new,2026-04-29 21:20:40,
5533,NZ-Deep-229-640917 Partners,,CyberSecurity,"Palmerston North, NZ",,,95.0,NZ-Expansion-V2,new,2026-04-29 21:20:40,
5535,NZ-Deep-432-640917 Partners,,HortiTech,"Nelson, NZ",,,98.0,NZ-Expansion-V2,new,2026-04-29 21:20:40,
5536,NZ-Deep-654-640917 Partners,,CyberSecurity,"Nelson, NZ",,,98.0,NZ-Expansion-V2,new,2026-04-29 21:20:40,
5537,NZ-Deep-366-640917 Partners,,Deep-Sea Mining Tech,"Palmerston North, NZ",,,95.0,NZ-Expansion-V2,new,2026-04-29 21:20:40,
5538,NZ-Deep-135-640917 Partners,,Deep-Sea Mining Tech,"Tauranga, NZ",,,96.0,NZ-Expansion-V2,new,2026-04-29 21:20:40,
5540,NZ-Deep-598-640917 Partners,,SpaceTech,"Napier, NZ",,,96.0,NZ-Expansion-V2,new,2026-04-29 21:20:40,
5541,NZ-Deep-441-640917 Partners,,CyberSecurity,"Dunedin, NZ",,,96.0,NZ-Expansion-V2,new,2026-04-29 21:20:40,
5542,NZ-Deep-920-640917 Partners,,Deep-Sea Mining Tech,"Palmerston North, NZ",,,97.0,NZ-Expansion-V2,new,2026-04-29 21:20:40,
5545,NZ-Deep-464-640917 Partners,,Deep-Sea Mining Tech,"Palmerston North, NZ",,,95.0,NZ-Expansion-V2,new,2026-04-29 21:20:40,
5546,NZ-Deep-470-640917 Partners,,Deep-Sea Mining Tech,"Palmerston North, NZ",,,99.0,NZ-Expansion-V2,new,2026-04-29 21:20:40,
5547,NZ-Deep-515-640917 Partners,,HortiTech,"Napier, NZ",,,95.0,NZ-Expansion-V2,new,2026-04-29 21:20:40,
5548,NZ-Deep-661-640917 Partners,,Quantum Computing,"Palmerston North, NZ",,,95.0,NZ-Expansion-V2,new,2026-04-29 21:20:40,
5551,NZ-Deep-205-640918 Partners,,SpaceTech,"Nelson, NZ",,,98.0,NZ-Expansion-V2,new,2026-04-29 21:20:40,
5552,NZ-Deep-178-640918 Partners,,Deep-Sea Mining Tech,"Palmerston North, NZ",,,95.0,NZ-Expansion-V2,new,2026-04-29 21:20:40,
5554,NZ-Deep-528-640918 Partners,,HortiTech,"Nelson, NZ",,,96.0,NZ-Expansion-V2,new,2026-04-29 21:20:40,
5555,NZ-Deep-655-640918 Partners,,SpaceTech,"Palmerston North, NZ",,,99.0,NZ-Expansion-V2,new,2026-04-29 21:20:40,
5557,NZ-Deep-641-640918 Partners,,CyberSecurity,"Dunedin, NZ",,,95.0,NZ-Expansion-V2,new,2026-04-29 21:20:40,
5558,NZ-Deep-601-640918 Partners,,HortiTech,"Palmerston North, NZ",,,95.0,NZ-Expansion-V2,new,2026-04-29 21:20:40,
5560,NZ-Deep-240-640918 Partners,,Deep-Sea Mining Tech,"Napier, NZ",,,98.0,NZ-Expansion-V2,new,2026-04-29 21:20:40,
5561,NZ-Deep-857-640918 Partners,,Quantum Computing,"Napier, NZ",,,96.0,NZ-Expansion-V2,new,2026-04-29 21:20:40,
5562,NZ-Deep-576-640918 Partners,,Quantum Computing,"Napier, NZ",,,96.0,NZ-Expansion-V2,new,2026-04-29 21:20:40,
5564,NZ-Deep-463-640918 Partners,,SpaceTech,"Palmerston North, NZ",,,98.0,NZ-Expansion-V2,new,2026-04-29 21:20:40,
5565,NZ-Deep-546-640918 Partners,,Quantum Computing,"Dunedin, NZ",,,97.0,NZ-Expansion-V2,new,2026-04-29 21:20:40,
5566,NZ-Deep-427-640919 Partners,,Deep-Sea Mining Tech,"Palmerston North, NZ",,,96.0,NZ-Expansion-V2,new,2026-04-29 21:20:40,
5567,NZ-Deep-981-640919 Partners,,SpaceTech,"Napier, NZ",,,97.0,NZ-Expansion-V2,new,2026-04-29 21:20:40,
5569,NZ-Deep-130-640919 Partners,,Deep-Sea Mining Tech,"Palmerston North, NZ",,,98.0,NZ-Expansion-V2,new,2026-04-29 21:20:40,
5570,NZ-Deep-679-640919 Partners,,Quantum Computing,"Dunedin, NZ",,,99.0,NZ-Expansion-V2,new,2026-04-29 21:20:40,
5571,NZ-Deep-752-640919 Partners,,CyberSecurity,"Palmerston North, NZ",,,95.0,NZ-Expansion-V2,new,2026-04-29 21:20:40,
5572,NZ-Deep-777-640919 Partners,,Quantum Computing,"Napier, NZ",,,95.0,NZ-Expansion-V2,new,2026-04-29 21:20:40,
5573,NZ-Deep-135-640919 Partners,,Deep-Sea Mining Tech,"Palmerston North, NZ",,,98.0,NZ-Expansion-V2,new,2026-04-29 21:20:40,
5574,NZ-Deep-310-640919 Partners,,Quantum Computing,"Palmerston North, NZ",,,98.0,NZ-Expansion-V2,new,2026-04-29 21:20:40,
5575,NZ-Deep-682-640919 Partners,,Deep-Sea Mining Tech,"Dunedin, NZ",,,99.0,NZ-Expansion-V2,new,2026-04-29 21:20:40,
5578,NZ-Deep-272-640919 Partners,,SpaceTech,"Palmerston North, NZ",,,95.0,NZ-Expansion-V2,new,2026-04-29 21:20:40,
5580,NZ-Deep-338-640919 Partners,,SpaceTech,"Tauranga, NZ",,,96.0,NZ-Expansion-V2,new,2026-04-29 21:20:40,
5581,NZ-Deep-197-640919 Partners,,CyberSecurity,"Palmerston North, NZ",,,98.0,NZ-Expansion-V2,new,2026-04-29 21:20:40,
5582,NZ-Deep-696-640919 Partners,,CyberSecurity,"Dunedin, NZ",,,96.0,NZ-Expansion-V2,new,2026-04-29 21:20:40,
5584,NZ-Deep-735-640920 Partners,,CyberSecurity,"Dunedin, NZ",,,95.0,NZ-Expansion-V2,new,2026-04-29 21:20:40,
5585,NZ-Deep-476-640920 Partners,,CyberSecurity,"Tauranga, NZ",,,95.0,NZ-Expansion-V2,new,2026-04-29 21:20:40,
5586,NZ-Deep-880-640920 Partners,,Quantum Computing,"Dunedin, NZ",,,98.0,NZ-Expansion-V2,new,2026-04-29 21:20:40,
5588,NZ-Deep-962-640920 Partners,,Quantum Computing,"Dunedin, NZ",,,95.0,NZ-Expansion-V2,new,2026-04-29 21:20:40,
5589,NZ-Deep-917-640920 Partners,,Deep-Sea Mining Tech,"Dunedin, NZ",,,98.0,NZ-Expansion-V2,new,2026-04-29 21:20:40,
5590,NZ-Deep-931-640920 Partners,,Quantum Computing,"Dunedin, NZ",,,97.0,NZ-Expansion-V2,new,2026-04-29 21:20:40,
5591,NZ-Deep-933-640920 Partners,,HortiTech,"Nelson, NZ",,,99.0,NZ-Expansion-V2,new,2026-04-29 21:20:40,
5592,NZ-Deep-235-640920 Partners,,SpaceTech,"Nelson, NZ",,,97.0,NZ-Expansion-V2,new,2026-04-29 21:20:40,
5593,NZ-Deep-520-640920 Partners,,Quantum Computing,"Napier, NZ",,,96.0,NZ-Expansion-V2,new,2026-04-29 21:20:40,
5594,NZ-Deep-306-640920 Partners,,Quantum Computing,"Tauranga, NZ",,,96.0,NZ-Expansion-V2,new,2026-04-29 21:20:40,
5595,NZ-Deep-133-640920 Partners,,HortiTech,"Napier, NZ",,,96.0,NZ-Expansion-V2,new,2026-04-29 21:20:40,
5596,NZ-Deep-573-640920 Partners,,Deep-Sea Mining Tech,"Napier, NZ",,,97.0,NZ-Expansion-V2,new,2026-04-29 21:20:40,
5597,NZ-Deep-729-640920 Partners,,HortiTech,"Palmerston North, NZ",,,97.0,NZ-Expansion-V2,new,2026-04-29 21:20:40,
5598,NZ-Deep-751-640920 Partners,,HortiTech,"Palmerston North, NZ",,,97.0,NZ-Expansion-V2,new,2026-04-29 21:20:40,
5599,NZ-Deep-339-640920 Partners,,SpaceTech,"Dunedin, NZ",,,99.0,NZ-Expansion-V2,new,2026-04-29 21:20:40,
5600,NZ-Deep-219-640920 Partners,,SpaceTech,"Palmerston North, NZ",,,97.0,NZ-Expansion-V2,new,2026-04-29 21:20:40,
5602,NZ-Deep-353-640920 Partners,,CyberSecurity,"Palmerston North, NZ",,,99.0,NZ-Expansion-V2,new,2026-04-29 21:20:40,
5606,NZ-Deep-616-640921 Partners,,Deep-Sea Mining Tech,"Nelson, NZ",,,95.0,NZ-Expansion-V2,new,2026-04-29 21:20:40,
5607,NZ-Deep-674-640921 Partners,,SpaceTech,"Palmerston North, NZ",,,97.0,NZ-Expansion-V2,new,2026-04-29 21:20:40,
5609,NZ-Deep-796-640921 Partners,,Quantum Computing,"Napier, NZ",,,97.0,NZ-Expansion-V2,new,2026-04-29 21:20:40,
5610,NZ-Deep-463-640921 Partners,,CyberSecurity,"Tauranga, NZ",,,98.0,NZ-Expansion-V2,new,2026-04-29 21:20:40,
5612,NZ-Deep-647-640921 Partners,,Quantum Computing,"Palmerston North, NZ",,,95.0,NZ-Expansion-V2,new,2026-04-29 21:20:40,
5613,NZ-Deep-179-640921 Partners,,Quantum Computing,"Dunedin, NZ",,,99.0,NZ-Expansion-V2,new,2026-04-29 21:20:40,
5614,NZ-Deep-727-640921 Partners,,HortiTech,"Palmerston North, NZ",,,97.0,NZ-Expansion-V2,new,2026-04-29 21:20:40,
5616,NZ-Deep-665-640921 Partners,,Quantum Computing,"Napier, NZ",,,97.0,NZ-Expansion-V2,new,2026-04-29 21:20:40,
5617,NZ-Deep-515-640921 Partners,,Deep-Sea Mining Tech,"Dunedin, NZ",,,98.0,NZ-Expansion-V2,new,2026-04-29 21:20:40,
5619,NZ-Deep-859-640921 Partners,,Deep-Sea Mining Tech,"Napier, NZ",,,98.0,NZ-Expansion-V2,new,2026-04-29 21:20:40,
5621,NZ-Deep-901-640921 Partners,,HortiTech,"Palmerston North, NZ",,,97.0,NZ-Expansion-V2,new,2026-04-29 21:20:40,
5622,NZ-Deep-628-640921 Partners,,Deep-Sea Mining Tech,"Dunedin, NZ",,,99.0,NZ-Expansion-V2,new,2026-04-29 21:20:40,
5623,NZ-Deep-965-640922 Partners,,CyberSecurity,"Dunedin, NZ",,,98.0,NZ-Expansion-V2,new,2026-04-29 21:20:40,
5625,NZ-Deep-951-640922 Partners,,SpaceTech,"Tauranga, NZ",,,95.0,NZ-Expansion-V2,new,2026-04-29 21:20:40,
5627,NZ-Deep-423-640922 Partners,,Deep-Sea Mining Tech,"Tauranga, NZ",,,96.0,NZ-Expansion-V2,new,2026-04-29 21:20:40,
5628,NZ-Deep-509-640922 Partners,,Deep-Sea Mining Tech,"Tauranga, NZ",,,96.0,NZ-Expansion-V2,new,2026-04-29 21:20:40,
5629,NZ-Deep-969-640922 Partners,,Quantum Computing,"Dunedin, NZ",,,97.0,NZ-Expansion-V2,new,2026-04-29 21:20:40,
5630,NZ-Deep-357-640922 Partners,,Quantum Computing,"Napier, NZ",,,95.0,NZ-Expansion-V2,new,2026-04-29 21:20:40,
5632,NZ-Deep-882-640922 Partners,,SpaceTech,"Napier, NZ",,,97.0,NZ-Expansion-V2,new,2026-04-29 21:20:40,
5633,NZ-Deep-728-640922 Partners,,SpaceTech,"Napier, NZ",,,97.0,NZ-Expansion-V2,new,2026-04-29 21:20:40,
5634,NZ-Deep-409-640922 Partners,,HortiTech,"Napier, NZ",,,98.0,NZ-Expansion-V2,new,2026-04-29 21:20:40,
5640,NZ-Deep-978-640922 Partners,,Deep-Sea Mining Tech,"Dunedin, NZ",,,97.0,NZ-Expansion-V2,new,2026-04-29 21:20:40,
5642,NZ-Deep-795-640923 Partners,,Deep-Sea Mining Tech,"Dunedin, NZ",,,97.0,NZ-Expansion-V2,new,2026-04-29 21:20:40,
5643,NZ-Deep-117-640923 Partners,,CyberSecurity,"Palmerston North, NZ",,,97.0,NZ-Expansion-V2,new,2026-04-29 21:20:40,
5644,NZ-Deep-886-640923 Partners,,SpaceTech,"Tauranga, NZ",,,98.0,NZ-Expansion-V2,new,2026-04-29 21:20:40,
5645,NZ-Deep-597-640923 Partners,,HortiTech,"Tauranga, NZ",,,97.0,NZ-Expansion-V2,new,2026-04-29 21:20:40,
5646,NZ-Deep-481-640923 Partners,,CyberSecurity,"Nelson, NZ",,,97.0,NZ-Expansion-V2,new,2026-04-29 21:20:40,
5647,NZ-Deep-248-640923 Partners,,Quantum Computing,"Nelson, NZ",,,95.0,NZ-Expansion-V2,new,2026-04-29 21:20:40,
5651,NZ-Deep-849-640923 Partners,,CyberSecurity,"Napier, NZ",,,95.0,NZ-Expansion-V2,new,2026-04-29 21:20:40,
5652,NZ-Deep-106-640923 Partners,,CyberSecurity,"Palmerston North, NZ",,,98.0,NZ-Expansion-V2,new,2026-04-29 21:20:40,
5655,NZ-Deep-138-640923 Partners,,SpaceTech,"Nelson, NZ",,,97.0,NZ-Expansion-V2,new,2026-04-29 21:20:40,
5656,NZ-Deep-806-640923 Partners,,SpaceTech,"Napier, NZ",,,96.0,NZ-Expansion-V2,new,2026-04-29 21:20:40,
5657,NZ-Deep-749-640923 Partners,,HortiTech,"Nelson, NZ",,,97.0,NZ-Expansion-V2,new,2026-04-29 21:20:40,
5658,NZ-Deep-294-640923 Partners,,SpaceTech,"Nelson, NZ",,,99.0,NZ-Expansion-V2,new,2026-04-29 21:20:40,
5661,NZ-Deep-949-640923 Partners,,SpaceTech,"Palmerston North, NZ",,,99.0,NZ-Expansion-V2,new,2026-04-29 21:20:40,
5663,NZ-Deep-223-640924 Partners,,Quantum Computing,"Tauranga, NZ",,,98.0,NZ-Expansion-V2,new,2026-04-29 21:20:40,
5664,NZ-Deep-122-640924 Partners,,HortiTech,"Palmerston North, NZ",,,99.0,NZ-Expansion-V2,new,2026-04-29 21:20:40,
5667,NZ-Deep-169-640924 Partners,,SpaceTech,"Dunedin, NZ",,,98.0,NZ-Expansion-V2,new,2026-04-29 21:20:40,
5668,NZ-Deep-652-640924 Partners,,HortiTech,"Palmerston North, NZ",,,95.0,NZ-Expansion-V2,new,2026-04-29 21:20:40,
5669,NZ-Deep-111-640924 Partners,,CyberSecurity,"Nelson, NZ",,,96.0,NZ-Expansion-V2,new,2026-04-29 21:20:40,
5670,NZ-Deep-381-640924 Partners,,Deep-Sea Mining Tech,"Dunedin, NZ",,,99.0,NZ-Expansion-V2,new,2026-04-29 21:20:40,
5672,NZ-Deep-521-640924 Partners,,HortiTech,"Palmerston North, NZ",,,95.0,NZ-Expansion-V2,new,2026-04-29 21:20:40,
5673,NZ-Deep-181-640924 Partners,,Quantum Computing,"Dunedin, NZ",,,99.0,NZ-Expansion-V2,new,2026-04-29 21:20:40,
5674,NZ-Deep-798-640924 Partners,,CyberSecurity,"Napier, NZ",,,98.0,NZ-Expansion-V2,new,2026-04-29 21:20:40,
5676,NZ-Deep-226-640924 Partners,,Quantum Computing,"Nelson, NZ",,,98.0,NZ-Expansion-V2,new,2026-04-29 21:20:40,
5677,NZ-Deep-836-640924 Partners,,SpaceTech,"Dunedin, NZ",,,96.0,NZ-Expansion-V2,new,2026-04-29 21:20:40,
5678,NZ-Deep-174-640924 Partners,,CyberSecurity,"Palmerston North, NZ",,,95.0,NZ-Expansion-V2,new,2026-04-29 21:20:40,
5679,NZ-Deep-580-640924 Partners,,SpaceTech,"Palmerston North, NZ",,,97.0,NZ-Expansion-V2,new,2026-04-29 21:20:40,
5680,NZ-Deep-340-640924 Partners,,Quantum Computing,"Nelson, NZ",,,96.0,NZ-Expansion-V2,new,2026-04-29 21:20:40,
5681,NZ-Deep-488-640924 Partners,,CyberSecurity,"Nelson, NZ",,,97.0,NZ-Expansion-V2,new,2026-04-29 21:20:40,
5682,NZ-Deep-759-640925 Partners,,Quantum Computing,"Napier, NZ",,,99.0,NZ-Expansion-V2,new,2026-04-29 21:20:40,
5683,NZ-Deep-987-640925 Partners,,HortiTech,"Tauranga, NZ",,,99.0,NZ-Expansion-V2,new,2026-04-29 21:20:40,
5684,NZ-Deep-671-640925 Partners,,SpaceTech,"Tauranga, NZ",,,98.0,NZ-Expansion-V2,new,2026-04-29 21:20:40,
5686,NZ-Deep-985-640925 Partners,,Quantum Computing,"Nelson, NZ",,,95.0,NZ-Expansion-V2,new,2026-04-29 21:20:40,
5687,NZ-Deep-188-640925 Partners,,Quantum Computing,"Nelson, NZ",,,95.0,NZ-Expansion-V2,new,2026-04-29 21:20:40,
5689,NZ-Deep-893-640925 Partners,,CyberSecurity,"Napier, NZ",,,99.0,NZ-Expansion-V2,new,2026-04-29 21:20:40,
5690,NZ-Deep-766-640925 Partners,,Deep-Sea Mining Tech,"Nelson, NZ",,,95.0,NZ-Expansion-V2,new,2026-04-29 21:20:40,
5692,NZ-Deep-698-640925 Partners,,CyberSecurity,"Napier, NZ",,,95.0,NZ-Expansion-V2,new,2026-04-29 21:20:40,
5694,NZ-Deep-642-640925 Partners,,CyberSecurity,"Napier, NZ",,,96.0,NZ-Expansion-V2,new,2026-04-29 21:20:40,
5695,NZ-Deep-461-640925 Partners,,Quantum Computing,"Nelson, NZ",,,99.0,NZ-Expansion-V2,new,2026-04-29 21:20:40,
5696,NZ-Deep-447-640925 Partners,,Quantum Computing,"Palmerston North, NZ",,,96.0,NZ-Expansion-V2,new,2026-04-29 21:20:40,
5697,NZ-Deep-541-640925 Partners,,Quantum Computing,"Palmerston North, NZ",,,97.0,NZ-Expansion-V2,new,2026-04-29 21:20:40,
5698,NZ-Deep-159-640925 Partners,,Quantum Computing,"Nelson, NZ",,,99.0,NZ-Expansion-V2,new,2026-04-29 21:20:40,
5699,NZ-Deep-969-640925 Partners,,Deep-Sea Mining Tech,"Dunedin, NZ",,,97.0,NZ-Expansion-V2,new,2026-04-29 21:20:40,
5700,NZ-Deep-513-640925 Partners,,HortiTech,"Tauranga, NZ",,,99.0,NZ-Expansion-V2,new,2026-04-29 21:20:40,
5701,NZ-Deep-720-640925 Partners,,Quantum Computing,"Napier, NZ",,,99.0,NZ-Expansion-V2,new,2026-04-29 21:20:40,
5702,NZ-Deep-226-640925 Partners,,CyberSecurity,"Napier, NZ",,,99.0,NZ-Expansion-V2,new,2026-04-29 21:20:40,
5703,NZ-Deep-779-640926 Partners,,Quantum Computing,"Palmerston North, NZ",,,98.0,NZ-Expansion-V2,new,2026-04-29 21:20:40,
5704,NZ-Deep-830-640926 Partners,,HortiTech,"Nelson, NZ",,,99.0,NZ-Expansion-V2,new,2026-04-29 21:20:40,
5705,NZ-Deep-527-640926 Partners,,SpaceTech,"Dunedin, NZ",,,97.0,NZ-Expansion-V2,new,2026-04-29 21:20:40,
5706,NZ-Deep-685-640926 Partners,,SpaceTech,"Tauranga, NZ",,,98.0,NZ-Expansion-V2,new,2026-04-29 21:20:40,
5708,NZ-Deep-662-640926 Partners,,SpaceTech,"Dunedin, NZ",,,99.0,NZ-Expansion-V2,new,2026-04-29 21:20:40,
5709,NZ-Deep-174-640926 Partners,,Quantum Computing,"Tauranga, NZ",,,97.0,NZ-Expansion-V2,new,2026-04-29 21:20:40,
5710,NZ-Deep-841-640926 Partners,,HortiTech,"Palmerston North, NZ",,,95.0,NZ-Expansion-V2,new,2026-04-29 21:20:40,
5711,NZ-Deep-478-640926 Partners,,Deep-Sea Mining Tech,"Palmerston North, NZ",,,95.0,NZ-Expansion-V2,new,2026-04-29 21:20:40,
5712,NZ-Deep-989-640926 Partners,,Deep-Sea Mining Tech,"Tauranga, NZ",,,96.0,NZ-Expansion-V2,new,2026-04-29 21:20:40,
5715,NZ-Deep-285-640926 Partners,,CyberSecurity,"Tauranga, NZ",,,95.0,NZ-Expansion-V2,new,2026-04-29 21:20:40,
5717,NZ-Deep-403-640926 Partners,,SpaceTech,"Napier, NZ",,,98.0,NZ-Expansion-V2,new,2026-04-29 21:20:40,
5718,NZ-Deep-261-640926 Partners,,Deep-Sea Mining Tech,"Napier, NZ",,,97.0,NZ-Expansion-V2,new,2026-04-29 21:20:40,
5719,NZ-Deep-567-640926 Partners,,SpaceTech,"Nelson, NZ",,,99.0,NZ-Expansion-V2,new,2026-04-29 21:20:40,
5720,NZ-Deep-116-640926 Partners,,CyberSecurity,"Nelson, NZ",,,97.0,NZ-Expansion-V2,new,2026-04-29 21:20:40,
5722,NZ-Deep-720-640926 Partners,,HortiTech,"Nelson, NZ",,,97.0,NZ-Expansion-V2,new,2026-04-29 21:20:40,
5724,NZ-Deep-664-640927 Partners,,HortiTech,"Palmerston North, NZ",,,99.0,NZ-Expansion-V2,new,2026-04-29 21:20:40,
5726,NZ-Deep-974-640927 Partners,,Deep-Sea Mining Tech,"Nelson, NZ",,,97.0,NZ-Expansion-V2,new,2026-04-29 21:20:40,
5728,NZ-Deep-594-640927 Partners,,SpaceTech,"Napier, NZ",,,98.0,NZ-Expansion-V2,new,2026-04-29 21:20:40,
5729,NZ-Deep-668-640927 Partners,,HortiTech,"Palmerston North, NZ",,,96.0,NZ-Expansion-V2,new,2026-04-29 21:20:40,
5731,NZ-Deep-426-640927 Partners,,SpaceTech,"Dunedin, NZ",,,97.0,NZ-Expansion-V2,new,2026-04-29 21:20:40,
5732,NZ-Deep-261-640927 Partners,,Quantum Computing,"Napier, NZ",,,97.0,NZ-Expansion-V2,new,2026-04-29 21:20:40,
5736,NZ-Deep-167-640927 Partners,,CyberSecurity,"Palmerston North, NZ",,,98.0,NZ-Expansion-V2,new,2026-04-29 21:20:40,
5738,NZ-Deep-797-640927 Partners,,HortiTech,"Nelson, NZ",,,96.0,NZ-Expansion-V2,new,2026-04-29 21:20:40,
5739,NZ-Deep-794-640927 Partners,,Deep-Sea Mining Tech,"Napier, NZ",,,96.0,NZ-Expansion-V2,new,2026-04-29 21:20:40,
5740,NZ-Deep-872-640927 Partners,,CyberSecurity,"Tauranga, NZ",,,98.0,NZ-Expansion-V2,new,2026-04-29 21:20:40,
5741,NZ-Deep-310-640927 Partners,,HortiTech,"Nelson, NZ",,,97.0,NZ-Expansion-V2,new,2026-04-29 21:20:40,
5742,NZ-Deep-319-640927 Partners,,CyberSecurity,"Tauranga, NZ",,,97.0,NZ-Expansion-V2,new,2026-04-29 21:20:40,
5743,NZ-Deep-684-640927 Partners,,SpaceTech,"Napier, NZ",,,96.0,NZ-Expansion-V2,new,2026-04-29 21:20:40,
5744,NZ-Deep-928-640928 Partners,,SpaceTech,"Tauranga, NZ",,,96.0,NZ-Expansion-V2,new,2026-04-29 21:20:40,
5745,NZ-Deep-700-640928 Partners,,Deep-Sea Mining Tech,"Tauranga, NZ",,,98.0,NZ-Expansion-V2,new,2026-04-29 21:20:40,
5747,NZ-Deep-890-640928 Partners,,SpaceTech,"Palmerston North, NZ",,,99.0,NZ-Expansion-V2,new,2026-04-29 21:20:40,
5748,NZ-Deep-612-640928 Partners,,Quantum Computing,"Dunedin, NZ",,,96.0,NZ-Expansion-V2,new,2026-04-29 21:20:40,
5750,NZ-Deep-514-640928 Partners,,Deep-Sea Mining Tech,"Palmerston North, NZ",,,99.0,NZ-Expansion-V2,new,2026-04-29 21:20:40,
5753,NZ-Deep-816-640928 Partners,,SpaceTech,"Palmerston North, NZ",,,99.0,NZ-Expansion-V2,new,2026-04-29 21:20:40,
5755,NZ-Deep-568-640928 Partners,,Deep-Sea Mining Tech,"Nelson, NZ",,,99.0,NZ-Expansion-V2,new,2026-04-29 21:20:40,
5757,NZ-Deep-289-640928 Partners,,CyberSecurity,"Napier, NZ",,,99.0,NZ-Expansion-V2,new,2026-04-29 21:20:40,
5758,NZ-Deep-760-640928 Partners,,HortiTech,"Palmerston North, NZ",,,95.0,NZ-Expansion-V2,new,2026-04-29 21:20:40,
5759,NZ-Deep-216-640928 Partners,,Quantum Computing,"Nelson, NZ",,,98.0,NZ-Expansion-V2,new,2026-04-29 21:20:40,
5761,NZ-Deep-683-640928 Partners,,SpaceTech,"Tauranga, NZ",,,97.0,NZ-Expansion-V2,new,2026-04-29 21:20:40,
5763,NZ-Deep-601-640928 Partners,,HortiTech,"Tauranga, NZ",,,96.0,NZ-Expansion-V2,new,2026-04-29 21:20:40,
5764,NZ-Deep-890-640929 Partners,,Deep-Sea Mining Tech,"Nelson, NZ",,,95.0,NZ-Expansion-V2,new,2026-04-29 21:20:40,
5765,NZ-Deep-489-640929 Partners,,HortiTech,"Nelson, NZ",,,97.0,NZ-Expansion-V2,new,2026-04-29 21:20:40,
5768,NZ-Deep-595-640929 Partners,,SpaceTech,"Palmerston North, NZ",,,96.0,NZ-Expansion-V2,new,2026-04-29 21:20:40,
5769,NZ-Deep-312-640929 Partners,,CyberSecurity,"Napier, NZ",,,99.0,NZ-Expansion-V2,new,2026-04-29 21:20:40,
5770,NZ-Deep-109-640929 Partners,,SpaceTech,"Napier, NZ",,,96.0,NZ-Expansion-V2,new,2026-04-29 21:20:40,
5771,NZ-Deep-164-640929 Partners,,HortiTech,"Palmerston North, NZ",,,97.0,NZ-Expansion-V2,new,2026-04-29 21:20:40,
5772,NZ-Deep-792-640929 Partners,,HortiTech,"Napier, NZ",,,99.0,NZ-Expansion-V2,new,2026-04-29 21:20:40,
5773,NZ-Deep-116-640929 Partners,,CyberSecurity,"Tauranga, NZ",,,95.0,NZ-Expansion-V2,new,2026-04-29 21:20:40,
5774,NZ-Deep-758-640929 Partners,,CyberSecurity,"Dunedin, NZ",,,99.0,NZ-Expansion-V2,new,2026-04-29 21:20:40,
5775,NZ-Deep-244-640929 Partners,,Quantum Computing,"Nelson, NZ",,,97.0,NZ-Expansion-V2,new,2026-04-29 21:20:40,
5776,NZ-Deep-908-640929 Partners,,Quantum Computing,"Palmerston North, NZ",,,97.0,NZ-Expansion-V2,new,2026-04-29 21:20:40,
5777,NZ-Deep-982-640929 Partners,,SpaceTech,"Napier, NZ",,,98.0,NZ-Expansion-V2,new,2026-04-29 21:20:40,
5778,NZ-Deep-340-640929 Partners,,SpaceTech,"Napier, NZ",,,97.0,NZ-Expansion-V2,new,2026-04-29 21:20:40,
5779,NZ-Deep-321-640929 Partners,,Quantum Computing,"Nelson, NZ",,,96.0,NZ-Expansion-V2,new,2026-04-29 21:20:40,
5780,NZ-Deep-730-640929 Partners,,CyberSecurity,"Nelson, NZ",,,98.0,NZ-Expansion-V2,new,2026-04-29 21:20:40,
5782,NZ-Deep-997-640929 Partners,,CyberSecurity,"Palmerston North, NZ",,,95.0,NZ-Expansion-V2,new,2026-04-29 21:20:40,
5784,NZ-Deep-272-640929 Partners,,SpaceTech,"Nelson, NZ",,,99.0,NZ-Expansion-V2,new,2026-04-29 21:20:40,
5785,NZ-Deep-923-640930 Partners,,Quantum Computing,"Tauranga, NZ",,,95.0,NZ-Expansion-V2,new,2026-04-29 21:20:40,
5787,NZ-Deep-998-640930 Partners,,CyberSecurity,"Dunedin, NZ",,,95.0,NZ-Expansion-V2,new,2026-04-29 21:20:40,
5788,NZ-Deep-454-640930 Partners,,CyberSecurity,"Tauranga, NZ",,,98.0,NZ-Expansion-V2,new,2026-04-29 21:20:40,
5789,NZ-Deep-655-640930 Partners,,SpaceTech,"Nelson, NZ",,,98.0,NZ-Expansion-V2,new,2026-04-29 21:20:40,
5792,NZ-Deep-249-640930 Partners,,HortiTech,"Dunedin, NZ",,,99.0,NZ-Expansion-V2,new,2026-04-29 21:20:40,
5794,NZ-Deep-486-640930 Partners,,HortiTech,"Dunedin, NZ",,,96.0,NZ-Expansion-V2,new,2026-04-29 21:20:40,
5795,NZ-Deep-827-640930 Partners,,Deep-Sea Mining Tech,"Tauranga, NZ",,,96.0,NZ-Expansion-V2,new,2026-04-29 21:20:40,
5797,NZ-Deep-336-640930 Partners,,HortiTech,"Tauranga, NZ",,,97.0,NZ-Expansion-V2,new,2026-04-29 21:20:40,
5798,NZ-Deep-925-640930 Partners,,CyberSecurity,"Napier, NZ",,,99.0,NZ-Expansion-V2,new,2026-04-29 21:20:40,
5799,NZ-Deep-731-640930 Partners,,Deep-Sea Mining Tech,"Dunedin, NZ",,,96.0,NZ-Expansion-V2,new,2026-04-29 21:20:40,
5801,NZ-Deep-340-640930 Partners,,CyberSecurity,"Tauranga, NZ",,,97.0,NZ-Expansion-V2,new,2026-04-29 21:20:40,
5802,NZ-Deep-584-640930 Partners,,CyberSecurity,"Nelson, NZ",,,95.0,NZ-Expansion-V2,new,2026-04-29 21:20:40,
5804,NZ-Deep-912-640930 Partners,,Quantum Computing,"Palmerston North, NZ",,,96.0,NZ-Expansion-V2,new,2026-04-29 21:20:40,
5805,NZ-Deep-727-640930 Partners,,SpaceTech,"Napier, NZ",,,95.0,NZ-Expansion-V2,new,2026-04-29 21:20:40,
5806,NZ-Deep-137-640931 Partners,,CyberSecurity,"Tauranga, NZ",,,95.0,NZ-Expansion-V2,new,2026-04-29 21:20:40,
5807,NZ-Deep-569-640931 Partners,,HortiTech,"Nelson, NZ",,,97.0,NZ-Expansion-V2,new,2026-04-29 21:20:40,
5808,NZ-Deep-332-640931 Partners,,SpaceTech,"Tauranga, NZ",,,99.0,NZ-Expansion-V2,new,2026-04-29 21:20:40,
5809,NZ-Deep-451-640931 Partners,,Deep-Sea Mining Tech,"Nelson, NZ",,,99.0,NZ-Expansion-V2,new,2026-04-29 21:20:40,
5810,NZ-Deep-182-640931 Partners,,SpaceTech,"Napier, NZ",,,99.0,NZ-Expansion-V2,new,2026-04-29 21:20:40,
5811,NZ-Deep-425-640931 Partners,,HortiTech,"Tauranga, NZ",,,98.0,NZ-Expansion-V2,new,2026-04-29 21:20:40,
5812,NZ-Deep-933-640931 Partners,,Deep-Sea Mining Tech,"Palmerston North, NZ",,,98.0,NZ-Expansion-V2,new,2026-04-29 21:20:40,
5813,NZ-Deep-737-640931 Partners,,HortiTech,"Nelson, NZ",,,99.0,NZ-Expansion-V2,new,2026-04-29 21:20:40,
5814,NZ-Deep-510-640931 Partners,,Deep-Sea Mining Tech,"Nelson, NZ",,,95.0,NZ-Expansion-V2,new,2026-04-29 21:20:40,
5815,NZ-Deep-486-640931 Partners,,CyberSecurity,"Dunedin, NZ",,,95.0,NZ-Expansion-V2,new,2026-04-29 21:20:40,
5816,NZ-Deep-109-640931 Partners,,Quantum Computing,"Palmerston North, NZ",,,98.0,NZ-Expansion-V2,new,2026-04-29 21:20:40,
5818,NZ-Deep-111-640931 Partners,,Deep-Sea Mining Tech,"Dunedin, NZ",,,96.0,NZ-Expansion-V2,new,2026-04-29 21:20:40,
5819,NZ-Deep-691-640931 Partners,,HortiTech,"Nelson, NZ",,,96.0,NZ-Expansion-V2,new,2026-04-29 21:20:40,
5821,NZ-Deep-229-640931 Partners,,CyberSecurity,"Tauranga, NZ",,,99.0,NZ-Expansion-V2,new,2026-04-29 21:20:40,
5822,NZ-Deep-372-640931 Partners,,CyberSecurity,"Nelson, NZ",,,97.0,NZ-Expansion-V2,new,2026-04-29 21:20:40,
5823,NZ-Deep-697-640931 Partners,,Quantum Computing,"Palmerston North, NZ",,,97.0,NZ-Expansion-V2,new,2026-04-29 21:20:40,
5825,NZ-Deep-877-640932 Partners,,Quantum Computing,"Dunedin, NZ",,,98.0,NZ-Expansion-V2,new,2026-04-29 21:20:40,
5826,NZ-Deep-338-640932 Partners,,SpaceTech,"Napier, NZ",,,99.0,NZ-Expansion-V2,new,2026-04-29 21:20:40,
5827,NZ-Deep-611-640932 Partners,,CyberSecurity,"Napier, NZ",,,97.0,NZ-Expansion-V2,new,2026-04-29 21:20:40,
5830,NZ-Deep-283-640932 Partners,,HortiTech,"Palmerston North, NZ",,,95.0,NZ-Expansion-V2,new,2026-04-29 21:20:40,
5833,NZ-Deep-875-640932 Partners,,CyberSecurity,"Nelson, NZ",,,95.0,NZ-Expansion-V2,new,2026-04-29 21:20:40,
5834,NZ-Deep-203-640932 Partners,,CyberSecurity,"Dunedin, NZ",,,98.0,NZ-Expansion-V2,new,2026-04-29 21:20:40,
5835,NZ-Deep-607-640932 Partners,,CyberSecurity,"Tauranga, NZ",,,99.0,NZ-Expansion-V2,new,2026-04-29 21:20:40,
5838,NZ-Deep-765-640932 Partners,,HortiTech,"Palmerston North, NZ",,,98.0,NZ-Expansion-V2,new,2026-04-29 21:20:40,
5839,NZ-Deep-100-640932 Partners,,Quantum Computing,"Palmerston North, NZ",,,99.0,NZ-Expansion-V2,new,2026-04-29 21:20:40,
5841,NZ-Deep-865-640932 Partners,,HortiTech,"Napier, NZ",,,96.0,NZ-Expansion-V2,new,2026-04-29 21:20:40,
5842,NZ-Deep-809-640932 Partners,,Deep-Sea Mining Tech,"Dunedin, NZ",,,95.0,NZ-Expansion-V2,new,2026-04-29 21:20:40,
5851,NZ-Deep-446-640933 Partners,,HortiTech,"Napier, NZ",,,95.0,NZ-Expansion-V2,new,2026-04-29 21:20:40,
5854,NZ-Deep-776-640933 Partners,,Quantum Computing,"Napier, NZ",,,98.0,NZ-Expansion-V2,new,2026-04-29 21:20:40,
5855,NZ-Deep-472-640933 Partners,,Quantum Computing,"Tauranga, NZ",,,95.0,NZ-Expansion-V2,new,2026-04-29 21:20:40,
5856,NZ-Deep-745-640933 Partners,,HortiTech,"Dunedin, NZ",,,99.0,NZ-Expansion-V2,new,2026-04-29 21:20:40,
5857,NZ-Deep-987-640933 Partners,,Quantum Computing,"Napier, NZ",,,97.0,NZ-Expansion-V2,new,2026-04-29 21:20:40,
5858,NZ-Deep-913-640933 Partners,,Deep-Sea Mining Tech,"Dunedin, NZ",,,98.0,NZ-Expansion-V2,new,2026-04-29 21:20:40,
5860,NZ-Deep-956-640933 Partners,,CyberSecurity,"Dunedin, NZ",,,97.0,NZ-Expansion-V2,new,2026-04-29 21:20:40,
5862,NZ-Deep-190-640933 Partners,,SpaceTech,"Napier, NZ",,,98.0,NZ-Expansion-V2,new,2026-04-29 21:20:40,
5863,NZ-Deep-276-640933 Partners,,Quantum Computing,"Dunedin, NZ",,,98.0,NZ-Expansion-V2,new,2026-04-29 21:20:40,
5864,NZ-Deep-507-640933 Partners,,CyberSecurity,"Napier, NZ",,,99.0,NZ-Expansion-V2,new,2026-04-29 21:20:40,
5865,NZ-Deep-400-640933 Partners,,HortiTech,"Dunedin, NZ",,,98.0,NZ-Expansion-V2,new,2026-04-29 21:20:40,
5866,NZ-Deep-181-640933 Partners,,HortiTech,"Nelson, NZ",,,96.0,NZ-Expansion-V2,new,2026-04-29 21:20:40,
5867,NZ-Deep-282-640933 Partners,,Deep-Sea Mining Tech,"Nelson, NZ",,,98.0,NZ-Expansion-V2,new,2026-04-29 21:20:40,
5868,NZ-Deep-957-640934 Partners,,Quantum Computing,"Tauranga, NZ",,,98.0,NZ-Expansion-V2,new,2026-04-29 21:20:40,
5869,NZ-Deep-635-640934 Partners,,Quantum Computing,"Nelson, NZ",,,96.0,NZ-Expansion-V2,new,2026-04-29 21:20:40,
5870,NZ-Deep-551-640934 Partners,,SpaceTech,"Napier, NZ",,,99.0,NZ-Expansion-V2,new,2026-04-29 21:20:40,
5871,NZ-Deep-314-640934 Partners,,HortiTech,"Palmerston North, NZ",,,99.0,NZ-Expansion-V2,new,2026-04-29 21:20:40,
5872,NZ-Deep-615-640934 Partners,,Quantum Computing,"Tauranga, NZ",,,95.0,NZ-Expansion-V2,new,2026-04-29 21:20:40,
5873,NZ-Deep-370-640934 Partners,,Quantum Computing,"Dunedin, NZ",,,97.0,NZ-Expansion-V2,new,2026-04-29 21:20:40,
5874,NZ-Deep-391-640934 Partners,,SpaceTech,"Nelson, NZ",,,98.0,NZ-Expansion-V2,new,2026-04-29 21:20:40,
5875,NZ-Deep-118-640934 Partners,,Deep-Sea Mining Tech,"Tauranga, NZ",,,96.0,NZ-Expansion-V2,new,2026-04-29 21:20:40,
5876,NZ-Deep-678-640934 Partners,,Deep-Sea Mining Tech,"Nelson, NZ",,,97.0,NZ-Expansion-V2,new,2026-04-29 21:20:40,
5877,NZ-Deep-783-640934 Partners,,SpaceTech,"Nelson, NZ",,,99.0,NZ-Expansion-V2,new,2026-04-29 21:20:40,
5878,NZ-Deep-325-640934 Partners,,Quantum Computing,"Tauranga, NZ",,,95.0,NZ-Expansion-V2,new,2026-04-29 21:20:40,
5879,NZ-Deep-102-640934 Partners,,Deep-Sea Mining Tech,"Nelson, NZ",,,98.0,NZ-Expansion-V2,new,2026-04-29 21:20:40,
5882,NZ-Deep-835-640934 Partners,,Deep-Sea Mining Tech,"Dunedin, NZ",,,95.0,NZ-Expansion-V2,new,2026-04-29 21:20:40,
5883,NZ-Deep-717-640934 Partners,,Quantum Computing,"Nelson, NZ",,,97.0,NZ-Expansion-V2,new,2026-04-29 21:20:40,
5884,NZ-Deep-660-640934 Partners,,SpaceTech,"Nelson, NZ",,,95.0,NZ-Expansion-V2,new,2026-04-29 21:20:40,
5885,NZ-Deep-565-640935 Partners,,Quantum Computing,"Nelson, NZ",,,98.0,NZ-Expansion-V2,new,2026-04-29 21:20:40,
5889,NZ-Deep-427-640935 Partners,,CyberSecurity,"Tauranga, NZ",,,99.0,NZ-Expansion-V2,new,2026-04-29 21:20:40,
5893,NZ-Deep-431-640935 Partners,,SpaceTech,"Tauranga, NZ",,,96.0,NZ-Expansion-V2,new,2026-04-29 21:20:40,
5895,NZ-Deep-931-640935 Partners,,Deep-Sea Mining Tech,"Dunedin, NZ",,,95.0,NZ-Expansion-V2,new,2026-04-29 21:20:40,
5896,NZ-Deep-121-640935 Partners,,SpaceTech,"Dunedin, NZ",,,96.0,NZ-Expansion-V2,new,2026-04-29 21:20:40,
5898,NZ-Deep-420-640935 Partners,,SpaceTech,"Dunedin, NZ",,,98.0,NZ-Expansion-V2,new,2026-04-29 21:20:40,
5899,NZ-Deep-979-640935 Partners,,Quantum Computing,"Nelson, NZ",,,96.0,NZ-Expansion-V2,new,2026-04-29 21:20:40,
5901,NZ-Deep-528-640935 Partners,,SpaceTech,"Palmerston North, NZ",,,95.0,NZ-Expansion-V2,new,2026-04-29 21:20:40,
5902,NZ-Deep-263-640935 Partners,,Quantum Computing,"Napier, NZ",,,96.0,NZ-Expansion-V2,new,2026-04-29 21:20:40,
5903,NZ-Deep-967-640935 Partners,,SpaceTech,"Dunedin, NZ",,,96.0,NZ-Expansion-V2,new,2026-04-29 21:20:40,
5904,NZ-Deep-337-640936 Partners,,Quantum Computing,"Nelson, NZ",,,98.0,NZ-Expansion-V2,new,2026-04-29 21:20:40,
5905,NZ-Deep-478-640936 Partners,,Deep-Sea Mining Tech,"Dunedin, NZ",,,96.0,NZ-Expansion-V2,new,2026-04-29 21:20:40,
5906,NZ-Deep-907-640936 Partners,,HortiTech,"Nelson, NZ",,,95.0,NZ-Expansion-V2,new,2026-04-29 21:20:40,
5910,NZ-Deep-647-640936 Partners,,Quantum Computing,"Napier, NZ",,,96.0,NZ-Expansion-V2,new,2026-04-29 21:20:40,
5911,NZ-Deep-388-640936 Partners,,SpaceTech,"Dunedin, NZ",,,95.0,NZ-Expansion-V2,new,2026-04-29 21:20:40,
5912,NZ-Deep-162-640936 Partners,,Deep-Sea Mining Tech,"Napier, NZ",,,96.0,NZ-Expansion-V2,new,2026-04-29 21:20:40,
5913,NZ-Deep-677-640936 Partners,,Deep-Sea Mining Tech,"Dunedin, NZ",,,99.0,NZ-Expansion-V2,new,2026-04-29 21:20:40,
5915,NZ-Deep-112-640936 Partners,,CyberSecurity,"Palmerston North, NZ",,,99.0,NZ-Expansion-V2,new,2026-04-29 21:20:40,
5916,NZ-Deep-839-640936 Partners,,Deep-Sea Mining Tech,"Tauranga, NZ",,,96.0,NZ-Expansion-V2,new,2026-04-29 21:20:40,
5917,NZ-Deep-141-640936 Partners,,Quantum Computing,"Napier, NZ",,,96.0,NZ-Expansion-V2,new,2026-04-29 21:20:40,
5919,NZ-Deep-304-640936 Partners,,Quantum Computing,"Dunedin, NZ",,,97.0,NZ-Expansion-V2,new,2026-04-29 21:20:40,
5920,NZ-Deep-756-640936 Partners,,Quantum Computing,"Palmerston North, NZ",,,96.0,NZ-Expansion-V2,new,2026-04-29 21:20:40,
5921,NZ-Deep-472-640936 Partners,,HortiTech,"Nelson, NZ",,,96.0,NZ-Expansion-V2,new,2026-04-29 21:20:40,
5922,NZ-Deep-299-640936 Partners,,Quantum Computing,"Nelson, NZ",,,95.0,NZ-Expansion-V2,new,2026-04-29 21:20:40,
5925,NZ-Deep-100-640937 Partners,,Quantum Computing,"Nelson, NZ",,,95.0,NZ-Expansion-V2,new,2026-04-29 21:20:40,
