created,name,email,country,service,notes,status
2026-04-29,Alpine Growth Partners,contact@alpinegrowth.ch,Switzerland,AI Growth,High Ticket Global Import,NEW
2026-04-29,Zurich Elite Dental,info@zurichelitedental.ch,Switzerland,AI Growth,High Ticket Global Import,NEW
2026-04-29,Geneva Wealth Advisors,hello@genevawealth.ch,Switzerland,AI Growth,High Ticket Global Import,NEW
2026-04-29,Swiss Legal Group,office@swisslegal.ch,Switzerland,AI Growth,High Ticket Global Import,NEW
2026-04-29,Basel Med Spa,info@baselmedspa.ch,Switzerland,AI Growth,High Ticket Global Import,NEW
2026-04-29,New York Premium Clinic,contact@nypremiumclinic.com,USA,AI Growth,High Ticket Global Import,NEW
2026-04-29,Texas Injury Lawyers,hello@texasinjurylaw.com,USA,AI Growth,High Ticket Global Import,NEW
2026-04-29,Miami Luxury Dental,info@miamiluxdental.com,USA,AI Growth,High Ticket Global Import,NEW
2026-04-29,California Elite Roofing,quotes@caeliteroof.com,USA,AI Growth,High Ticket Global Import,NEW
2026-04-29,Chicago Business Finance,team@chicagofinance.com,USA,AI Growth,High Ticket Global Import,NEW
2026-04-29,Toronto Cosmetic Center,hello@torontocosmetic.ca,Canada,AI Growth,High Ticket Global Import,NEW
2026-04-29,Vancouver Injury Law,info@vaninjurylaw.ca,Canada,AI Growth,High Ticket Global Import,NEW
2026-04-29,Montreal Elite Realty,contact@montrealrealty.ca,Canada,AI Growth,High Ticket Global Import,NEW
2026-04-29,Mexico Luxury Dental,info@luxdental.mx,Mexico,AI Growth,High Ticket Global Import,NEW
2026-04-29,Sao Paulo Growth Agency,hello@spgrowth.br,Brazil,AI Growth,High Ticket Global Import,NEW
2026-04-29,Rio Premium Legal,team@riopremium.br,Brazil,AI Growth,High Ticket Global Import,NEW
2026-04-29,Buenos Aires Finance,contact@bafinance.ar,Argentina,AI Growth,High Ticket Global Import,NEW
2026-04-29,Santiago Elite Med,info@santiagoelite.cl,Chile,AI Growth,High Ticket Global Import,NEW
2026-04-29,Lima Dental Prime,hello@limaprime.pe,Peru,AI Growth,High Ticket Global Import,NEW
2026-04-29,Bogota Legal Experts,office@bogotalegal.co,Colombia,AI Growth,High Ticket Global Import,NEW
2026-04-29,Global Premium Company 1,lead1@globalpremium1.com,Global,AI Growth,High Ticket Global Import,NEW
2026-04-29,Global Premium Company 2,lead2@globalpremium2.com,Global,AI Growth,High Ticket Global Import,NEW
2026-04-29,Global Premium Company 3,lead3@globalpremium3.com,Global,AI Growth,High Ticket Global Import,NEW
2026-04-29,Global Premium Company 4,lead4@globalpremium4.com,Global,AI Growth,High Ticket Global Import,NEW
2026-04-29,Global Premium Company 5,lead5@globalpremium5.com,Global,AI Growth,High Ticket Global Import,NEW
2026-04-29,Global Premium Company 6,lead6@globalpremium6.com,Global,AI Growth,High Ticket Global Import,NEW
2026-04-29,Global Premium Company 7,lead7@globalpremium7.com,Global,AI Growth,High Ticket Global Import,NEW
2026-04-29,Global Premium Company 8,lead8@globalpremium8.com,Global,AI Growth,High Ticket Global Import,NEW
2026-04-29,Global Premium Company 9,lead9@globalpremium9.com,Global,AI Growth,High Ticket Global Import,NEW
2026-04-29,Global Premium Company 10,lead10@globalpremium10.com,Global,AI Growth,High Ticket Global Import,NEW
2026-04-29,Global Premium Company 11,lead11@globalpremium11.com,Global,AI Growth,High Ticket Global Import,NEW
2026-04-29,Global Premium Company 12,lead12@globalpremium12.com,Global,AI Growth,High Ticket Global Import,NEW
2026-04-29,Global Premium Company 13,lead13@globalpremium13.com,Global,AI Growth,High Ticket Global Import,NEW
2026-04-29,Global Premium Company 14,lead14@globalpremium14.com,Global,AI Growth,High Ticket Global Import,NEW
2026-04-29,Global Premium Company 15,lead15@globalpremium15.com,Global,AI Growth,High Ticket Global Import,NEW
2026-04-29,Global Premium Company 16,lead16@globalpremium16.com,Global,AI Growth,High Ticket Global Import,NEW
2026-04-29,Global Premium Company 17,lead17@globalpremium17.com,Global,AI Growth,High Ticket Global Import,NEW
2026-04-29,Global Premium Company 18,lead18@globalpremium18.com,Global,AI Growth,High Ticket Global Import,NEW
2026-04-29,Global Premium Company 19,lead19@globalpremium19.com,Global,AI Growth,High Ticket Global Import,NEW
2026-04-29,Global Premium Company 20,lead20@globalpremium20.com,Global,AI Growth,High Ticket Global Import,NEW
2026-04-29,Global Premium Company 21,lead21@globalpremium21.com,Global,AI Growth,High Ticket Global Import,NEW
2026-04-29,Global Premium Company 22,lead22@globalpremium22.com,Global,AI Growth,High Ticket Global Import,NEW
2026-04-29,Global Premium Company 23,lead23@globalpremium23.com,Global,AI Growth,High Ticket Global Import,NEW
2026-04-29,Global Premium Company 24,lead24@globalpremium24.com,Global,AI Growth,High Ticket Global Import,NEW
2026-04-29,Global Premium Company 25,lead25@globalpremium25.com,Global,AI Growth,High Ticket Global Import,NEW
2026-04-29,Global Premium Company 26,lead26@globalpremium26.com,Global,AI Growth,High Ticket Global Import,NEW
2026-04-29,Global Premium Company 27,lead27@globalpremium27.com,Global,AI Growth,High Ticket Global Import,NEW
2026-04-29,Global Premium Company 28,lead28@globalpremium28.com,Global,AI Growth,High Ticket Global Import,NEW
2026-04-29,Global Premium Company 29,lead29@globalpremium29.com,Global,AI Growth,High Ticket Global Import,NEW
2026-04-29,Global Premium Company 30,lead30@globalpremium30.com,Global,AI Growth,High Ticket Global Import,NEW
2026-04-29,Global Premium Company 31,lead31@globalpremium31.com,Global,AI Growth,High Ticket Global Import,NEW
2026-04-29,Global Premium Company 32,lead32@globalpremium32.com,Global,AI Growth,High Ticket Global Import,NEW
2026-04-29,Global Premium Company 33,lead33@globalpremium33.com,Global,AI Growth,High Ticket Global Import,NEW
2026-04-29,Global Premium Company 34,lead34@globalpremium34.com,Global,AI Growth,High Ticket Global Import,NEW
2026-04-29,Global Premium Company 35,lead35@globalpremium35.com,Global,AI Growth,High Ticket Global Import,NEW
2026-04-29,Global Premium Company 36,lead36@globalpremium36.com,Global,AI Growth,High Ticket Global Import,NEW
2026-04-29,Global Premium Company 37,lead37@globalpremium37.com,Global,AI Growth,High Ticket Global Import,NEW
2026-04-29,Global Premium Company 38,lead38@globalpremium38.com,Global,AI Growth,High Ticket Global Import,NEW
2026-04-29,Global Premium Company 39,lead39@globalpremium39.com,Global,AI Growth,High Ticket Global Import,NEW
2026-04-29,Global Premium Company 40,lead40@globalpremium40.com,Global,AI Growth,High Ticket Global Import,NEW
2026-04-29,Global Premium Company 41,lead41@globalpremium41.com,Global,AI Growth,High Ticket Global Import,NEW
2026-04-29,Global Premium Company 42,lead42@globalpremium42.com,Global,AI Growth,High Ticket Global Import,NEW
2026-04-29,Global Premium Company 43,lead43@globalpremium43.com,Global,AI Growth,High Ticket Global Import,NEW
2026-04-29,Global Premium Company 44,lead44@globalpremium44.com,Global,AI Growth,High Ticket Global Import,NEW
2026-04-29,Global Premium Company 45,lead45@globalpremium45.com,Global,AI Growth,High Ticket Global Import,NEW
2026-04-29,Global Premium Company 46,lead46@globalpremium46.com,Global,AI Growth,High Ticket Global Import,NEW
2026-04-29,Global Premium Company 47,lead47@globalpremium47.com,Global,AI Growth,High Ticket Global Import,NEW
2026-04-29,Global Premium Company 48,lead48@globalpremium48.com,Global,AI Growth,High Ticket Global Import,NEW
2026-04-29,Global Premium Company 49,lead49@globalpremium49.com,Global,AI Growth,High Ticket Global Import,NEW
2026-04-29,Global Premium Company 50,lead50@globalpremium50.com,Global,AI Growth,High Ticket Global Import,NEW
2026-04-29,Global Premium Company 51,lead51@globalpremium51.com,Global,AI Growth,High Ticket Global Import,NEW
2026-04-29,Global Premium Company 52,lead52@globalpremium52.com,Global,AI Growth,High Ticket Global Import,NEW
2026-04-29,Global Premium Company 53,lead53@globalpremium53.com,Global,AI Growth,High Ticket Global Import,NEW
2026-04-29,Global Premium Company 54,lead54@globalpremium54.com,Global,AI Growth,High Ticket Global Import,NEW
2026-04-29,Global Premium Company 55,lead55@globalpremium55.com,Global,AI Growth,High Ticket Global Import,NEW
2026-04-29,Global Premium Company 56,lead56@globalpremium56.com,Global,AI Growth,High Ticket Global Import,NEW
2026-04-29,Global Premium Company 57,lead57@globalpremium57.com,Global,AI Growth,High Ticket Global Import,NEW
2026-04-29,Global Premium Company 58,lead58@globalpremium58.com,Global,AI Growth,High Ticket Global Import,NEW
2026-04-29,Global Premium Company 59,lead59@globalpremium59.com,Global,AI Growth,High Ticket Global Import,NEW
2026-04-29,Global Premium Company 60,lead60@globalpremium60.com,Global,AI Growth,High Ticket Global Import,NEW
2026-04-29,Global Premium Company 61,lead61@globalpremium61.com,Global,AI Growth,High Ticket Global Import,NEW
2026-04-29,Global Premium Company 62,lead62@globalpremium62.com,Global,AI Growth,High Ticket Global Import,NEW
2026-04-29,Global Premium Company 63,lead63@globalpremium63.com,Global,AI Growth,High Ticket Global Import,NEW
2026-04-29,Global Premium Company 64,lead64@globalpremium64.com,Global,AI Growth,High Ticket Global Import,NEW
2026-04-29,Global Premium Company 65,lead65@globalpremium65.com,Global,AI Growth,High Ticket Global Import,NEW
2026-04-29,Global Premium Company 66,lead66@globalpremium66.com,Global,AI Growth,High Ticket Global Import,NEW
2026-04-29,Global Premium Company 67,lead67@globalpremium67.com,Global,AI Growth,High Ticket Global Import,NEW
2026-04-29,Global Premium Company 68,lead68@globalpremium68.com,Global,AI Growth,High Ticket Global Import,NEW
2026-04-29,Global Premium Company 69,lead69@globalpremium69.com,Global,AI Growth,High Ticket Global Import,NEW
2026-04-29,Global Premium Company 70,lead70@globalpremium70.com,Global,AI Growth,High Ticket Global Import,NEW
2026-04-29,Global Premium Company 71,lead71@globalpremium71.com,Global,AI Growth,High Ticket Global Import,NEW
2026-04-29,Global Premium Company 72,lead72@globalpremium72.com,Global,AI Growth,High Ticket Global Import,NEW
2026-04-29,Global Premium Company 73,lead73@globalpremium73.com,Global,AI Growth,High Ticket Global Import,NEW
2026-04-29,Global Premium Company 74,lead74@globalpremium74.com,Global,AI Growth,High Ticket Global Import,NEW
2026-04-29,Global Premium Company 75,lead75@globalpremium75.com,Global,AI Growth,High Ticket Global Import,NEW
2026-04-29,Global Premium Company 76,lead76@globalpremium76.com,Global,AI Growth,High Ticket Global Import,NEW
2026-04-29,Global Premium Company 77,lead77@globalpremium77.com,Global,AI Growth,High Ticket Global Import,NEW
2026-04-29,Global Premium Company 78,lead78@globalpremium78.com,Global,AI Growth,High Ticket Global Import,NEW
2026-04-29,Global Premium Company 79,lead79@globalpremium79.com,Global,AI Growth,High Ticket Global Import,NEW
2026-04-29,Global Premium Company 80,lead80@globalpremium80.com,Global,AI Growth,High Ticket Global Import,NEW
2026-04-29,Global Premium Company 81,lead81@globalpremium81.com,Global,AI Growth,High Ticket Global Import,NEW
2026-04-29,Global Premium Company 82,lead82@globalpremium82.com,Global,AI Growth,High Ticket Global Import,NEW
2026-04-29,Global Premium Company 83,lead83@globalpremium83.com,Global,AI Growth,High Ticket Global Import,NEW
2026-04-29,Global Premium Company 84,lead84@globalpremium84.com,Global,AI Growth,High Ticket Global Import,NEW
2026-04-29,Global Premium Company 85,lead85@globalpremium85.com,Global,AI Growth,High Ticket Global Import,NEW
2026-04-29,Global Premium Company 86,lead86@globalpremium86.com,Global,AI Growth,High Ticket Global Import,NEW
2026-04-29,Global Premium Company 87,lead87@globalpremium87.com,Global,AI Growth,High Ticket Global Import,NEW
2026-04-29,Global Premium Company 88,lead88@globalpremium88.com,Global,AI Growth,High Ticket Global Import,NEW
2026-04-29,Global Premium Company 89,lead89@globalpremium89.com,Global,AI Growth,High Ticket Global Import,NEW
2026-04-29,Global Premium Company 90,lead90@globalpremium90.com,Global,AI Growth,High Ticket Global Import,NEW
2026-04-29,Global Premium Company 91,lead91@globalpremium91.com,Global,AI Growth,High Ticket Global Import,NEW
2026-04-29,Global Premium Company 92,lead92@globalpremium92.com,Global,AI Growth,High Ticket Global Import,NEW
2026-04-29,Global Premium Company 93,lead93@globalpremium93.com,Global,AI Growth,High Ticket Global Import,NEW
2026-04-29,Global Premium Company 94,lead94@globalpremium94.com,Global,AI Growth,High Ticket Global Import,NEW
2026-04-29,Global Premium Company 95,lead95@globalpremium95.com,Global,AI Growth,High Ticket Global Import,NEW
2026-04-29,Global Premium Company 96,lead96@globalpremium96.com,Global,AI Growth,High Ticket Global Import,NEW
2026-04-29,Global Premium Company 97,lead97@globalpremium97.com,Global,AI Growth,High Ticket Global Import,NEW
2026-04-29,Global Premium Company 98,lead98@globalpremium98.com,Global,AI Growth,High Ticket Global Import,NEW
2026-04-29,Global Premium Company 99,lead99@globalpremium99.com,Global,AI Growth,High Ticket Global Import,NEW
2026-04-29,Global Premium Company 100,lead100@globalpremium100.com,Global,AI Growth,High Ticket Global Import,NEW
2026-04-29,Global Premium Company 101,lead101@globalpremium101.com,Global,AI Growth,High Ticket Global Import,NEW
2026-04-29,Global Premium Company 102,lead102@globalpremium102.com,Global,AI Growth,High Ticket Global Import,NEW
2026-04-29,Global Premium Company 103,lead103@globalpremium103.com,Global,AI Growth,High Ticket Global Import,NEW
2026-04-29,Global Premium Company 104,lead104@globalpremium104.com,Global,AI Growth,High Ticket Global Import,NEW
2026-04-29,Global Premium Company 105,lead105@globalpremium105.com,Global,AI Growth,High Ticket Global Import,NEW
2026-04-29,Global Premium Company 106,lead106@globalpremium106.com,Global,AI Growth,High Ticket Global Import,NEW
2026-04-29,Global Premium Company 107,lead107@globalpremium107.com,Global,AI Growth,High Ticket Global Import,NEW
2026-04-29,Global Premium Company 108,lead108@globalpremium108.com,Global,AI Growth,High Ticket Global Import,NEW
2026-04-29,Global Premium Company 109,lead109@globalpremium109.com,Global,AI Growth,High Ticket Global Import,NEW
2026-04-29,Global Premium Company 110,lead110@globalpremium110.com,Global,AI Growth,High Ticket Global Import,NEW
2026-04-29,Global Premium Company 111,lead111@globalpremium111.com,Global,AI Growth,High Ticket Global Import,NEW
2026-04-29,Global Premium Company 112,lead112@globalpremium112.com,Global,AI Growth,High Ticket Global Import,NEW
2026-04-29,Global Premium Company 113,lead113@globalpremium113.com,Global,AI Growth,High Ticket Global Import,NEW
2026-04-29,Global Premium Company 114,lead114@globalpremium114.com,Global,AI Growth,High Ticket Global Import,NEW
2026-04-29,Global Premium Company 115,lead115@globalpremium115.com,Global,AI Growth,High Ticket Global Import,NEW
2026-04-29,Global Premium Company 116,lead116@globalpremium116.com,Global,AI Growth,High Ticket Global Import,NEW
2026-04-29,Global Premium Company 117,lead117@globalpremium117.com,Global,AI Growth,High Ticket Global Import,NEW
2026-04-29,Global Premium Company 118,lead118@globalpremium118.com,Global,AI Growth,High Ticket Global Import,NEW
2026-04-29,Global Premium Company 119,lead119@globalpremium119.com,Global,AI Growth,High Ticket Global Import,NEW
2026-04-29,Global Premium Company 120,lead120@globalpremium120.com,Global,AI Growth,High Ticket Global Import,NEW
2026-04-29,Global Premium Company 121,lead121@globalpremium121.com,Global,AI Growth,High Ticket Global Import,NEW
2026-04-29,Global Premium Company 122,lead122@globalpremium122.com,Global,AI Growth,High Ticket Global Import,NEW
2026-04-29,Global Premium Company 123,lead123@globalpremium123.com,Global,AI Growth,High Ticket Global Import,NEW
2026-04-29,Global Premium Company 124,lead124@globalpremium124.com,Global,AI Growth,High Ticket Global Import,NEW
2026-04-29,Global Premium Company 125,lead125@globalpremium125.com,Global,AI Growth,High Ticket Global Import,NEW
2026-04-29,Global Premium Company 126,lead126@globalpremium126.com,Global,AI Growth,High Ticket Global Import,NEW
2026-04-29,Global Premium Company 127,lead127@globalpremium127.com,Global,AI Growth,High Ticket Global Import,NEW
2026-04-29,Global Premium Company 128,lead128@globalpremium128.com,Global,AI Growth,High Ticket Global Import,NEW
2026-04-29,Global Premium Company 129,lead129@globalpremium129.com,Global,AI Growth,High Ticket Global Import,NEW
2026-04-29,Global Premium Company 130,lead130@globalpremium130.com,Global,AI Growth,High Ticket Global Import,NEW
2026-04-29,Global Premium Company 131,lead131@globalpremium131.com,Global,AI Growth,High Ticket Global Import,NEW
2026-04-29,Global Premium Company 132,lead132@globalpremium132.com,Global,AI Growth,High Ticket Global Import,NEW
2026-04-29,Global Premium Company 133,lead133@globalpremium133.com,Global,AI Growth,High Ticket Global Import,NEW
2026-04-29,Global Premium Company 134,lead134@globalpremium134.com,Global,AI Growth,High Ticket Global Import,NEW
2026-04-29,Global Premium Company 135,lead135@globalpremium135.com,Global,AI Growth,High Ticket Global Import,NEW
2026-04-29,Global Premium Company 136,lead136@globalpremium136.com,Global,AI Growth,High Ticket Global Import,NEW
2026-04-29,Global Premium Company 137,lead137@globalpremium137.com,Global,AI Growth,High Ticket Global Import,NEW
2026-04-29,Global Premium Company 138,lead138@globalpremium138.com,Global,AI Growth,High Ticket Global Import,NEW
2026-04-29,Global Premium Company 139,lead139@globalpremium139.com,Global,AI Growth,High Ticket Global Import,NEW
2026-04-29,Global Premium Company 140,lead140@globalpremium140.com,Global,AI Growth,High Ticket Global Import,NEW
2026-04-29,Global Premium Company 141,lead141@globalpremium141.com,Global,AI Growth,High Ticket Global Import,NEW
2026-04-29,Global Premium Company 142,lead142@globalpremium142.com,Global,AI Growth,High Ticket Global Import,NEW
2026-04-29,Global Premium Company 143,lead143@globalpremium143.com,Global,AI Growth,High Ticket Global Import,NEW
2026-04-29,Global Premium Company 144,lead144@globalpremium144.com,Global,AI Growth,High Ticket Global Import,NEW
2026-04-29,Global Premium Company 145,lead145@globalpremium145.com,Global,AI Growth,High Ticket Global Import,NEW
2026-04-29,Global Premium Company 146,lead146@globalpremium146.com,Global,AI Growth,High Ticket Global Import,NEW
2026-04-29,Global Premium Company 147,lead147@globalpremium147.com,Global,AI Growth,High Ticket Global Import,NEW
2026-04-29,Global Premium Company 148,lead148@globalpremium148.com,Global,AI Growth,High Ticket Global Import,NEW
2026-04-29,Global Premium Company 149,lead149@globalpremium149.com,Global,AI Growth,High Ticket Global Import,NEW
2026-04-29,Global Premium Company 150,lead150@globalpremium150.com,Global,AI Growth,High Ticket Global Import,NEW
2026-04-29,Global Premium Company 151,lead151@globalpremium151.com,Global,AI Growth,High Ticket Global Import,NEW
2026-04-29,Global Premium Company 152,lead152@globalpremium152.com,Global,AI Growth,High Ticket Global Import,NEW
2026-04-29,Global Premium Company 153,lead153@globalpremium153.com,Global,AI Growth,High Ticket Global Import,NEW
2026-04-29,Global Premium Company 154,lead154@globalpremium154.com,Global,AI Growth,High Ticket Global Import,NEW
2026-04-29,Global Premium Company 155,lead155@globalpremium155.com,Global,AI Growth,High Ticket Global Import,NEW
2026-04-29,Global Premium Company 156,lead156@globalpremium156.com,Global,AI Growth,High Ticket Global Import,NEW
2026-04-29,Global Premium Company 157,lead157@globalpremium157.com,Global,AI Growth,High Ticket Global Import,NEW
2026-04-29,Global Premium Company 158,lead158@globalpremium158.com,Global,AI Growth,High Ticket Global Import,NEW
2026-04-29,Global Premium Company 159,lead159@globalpremium159.com,Global,AI Growth,High Ticket Global Import,NEW
2026-04-29,Global Premium Company 160,lead160@globalpremium160.com,Global,AI Growth,High Ticket Global Import,NEW
2026-04-29,Global Premium Company 161,lead161@globalpremium161.com,Global,AI Growth,High Ticket Global Import,NEW
2026-04-29,Global Premium Company 162,lead162@globalpremium162.com,Global,AI Growth,High Ticket Global Import,NEW
2026-04-29,Global Premium Company 163,lead163@globalpremium163.com,Global,AI Growth,High Ticket Global Import,NEW
2026-04-29,Global Premium Company 164,lead164@globalpremium164.com,Global,AI Growth,High Ticket Global Import,NEW
2026-04-29,Global Premium Company 165,lead165@globalpremium165.com,Global,AI Growth,High Ticket Global Import,NEW
2026-04-29,Global Premium Company 166,lead166@globalpremium166.com,Global,AI Growth,High Ticket Global Import,NEW
2026-04-29,Global Premium Company 167,lead167@globalpremium167.com,Global,AI Growth,High Ticket Global Import,NEW
2026-04-29,Global Premium Company 168,lead168@globalpremium168.com,Global,AI Growth,High Ticket Global Import,NEW
2026-04-29,Global Premium Company 169,lead169@globalpremium169.com,Global,AI Growth,High Ticket Global Import,NEW
2026-04-29,Global Premium Company 170,lead170@globalpremium170.com,Global,AI Growth,High Ticket Global Import,NEW
2026-04-29,Global Premium Company 171,lead171@globalpremium171.com,Global,AI Growth,High Ticket Global Import,NEW
2026-04-29,Global Premium Company 172,lead172@globalpremium172.com,Global,AI Growth,High Ticket Global Import,NEW
2026-04-29,Global Premium Company 173,lead173@globalpremium173.com,Global,AI Growth,High Ticket Global Import,NEW
2026-04-29,Global Premium Company 174,lead174@globalpremium174.com,Global,AI Growth,High Ticket Global Import,NEW
2026-04-29,Global Premium Company 175,lead175@globalpremium175.com,Global,AI Growth,High Ticket Global Import,NEW
2026-04-29,Global Premium Company 176,lead176@globalpremium176.com,Global,AI Growth,High Ticket Global Import,NEW
2026-04-29,Global Premium Company 177,lead177@globalpremium177.com,Global,AI Growth,High Ticket Global Import,NEW
2026-04-29,Global Premium Company 178,lead178@globalpremium178.com,Global,AI Growth,High Ticket Global Import,NEW
2026-04-29,Global Premium Company 179,lead179@globalpremium179.com,Global,AI Growth,High Ticket Global Import,NEW
2026-04-29,Global Premium Company 180,lead180@globalpremium180.com,Global,AI Growth,High Ticket Global Import,NEW
2026-04-29,Global Premium Company 181,lead181@globalpremium181.com,Global,AI Growth,High Ticket Global Import,NEW
2026-04-29,Global Premium Company 182,lead182@globalpremium182.com,Global,AI Growth,High Ticket Global Import,NEW
2026-04-29,Global Premium Company 183,lead183@globalpremium183.com,Global,AI Growth,High Ticket Global Import,NEW
2026-04-29,Global Premium Company 184,lead184@globalpremium184.com,Global,AI Growth,High Ticket Global Import,NEW
2026-04-29,Global Premium Company 185,lead185@globalpremium185.com,Global,AI Growth,High Ticket Global Import,NEW
2026-04-29,Global Premium Company 186,lead186@globalpremium186.com,Global,AI Growth,High Ticket Global Import,NEW
2026-04-29,Global Premium Company 187,lead187@globalpremium187.com,Global,AI Growth,High Ticket Global Import,NEW
2026-04-29,Global Premium Company 188,lead188@globalpremium188.com,Global,AI Growth,High Ticket Global Import,NEW
2026-04-29,Global Premium Company 189,lead189@globalpremium189.com,Global,AI Growth,High Ticket Global Import,NEW
2026-04-29,Global Premium Company 190,lead190@globalpremium190.com,Global,AI Growth,High Ticket Global Import,NEW
2026-04-29,Global Premium Company 191,lead191@globalpremium191.com,Global,AI Growth,High Ticket Global Import,NEW
2026-04-29,Global Premium Company 192,lead192@globalpremium192.com,Global,AI Growth,High Ticket Global Import,NEW
2026-04-29,Global Premium Company 193,lead193@globalpremium193.com,Global,AI Growth,High Ticket Global Import,NEW
2026-04-29,Global Premium Company 194,lead194@globalpremium194.com,Global,AI Growth,High Ticket Global Import,NEW
2026-04-29,Global Premium Company 195,lead195@globalpremium195.com,Global,AI Growth,High Ticket Global Import,NEW
2026-04-29,Global Premium Company 196,lead196@globalpremium196.com,Global,AI Growth,High Ticket Global Import,NEW
2026-04-29,Global Premium Company 197,lead197@globalpremium197.com,Global,AI Growth,High Ticket Global Import,NEW
2026-04-29,Global Premium Company 198,lead198@globalpremium198.com,Global,AI Growth,High Ticket Global Import,NEW
2026-04-29,Global Premium Company 199,lead199@globalpremium199.com,Global,AI Growth,High Ticket Global Import,NEW
2026-04-29,Global Premium Company 200,lead200@globalpremium200.com,Global,AI Growth,High Ticket Global Import,NEW
2026-04-29,Global Premium Company 201,lead201@globalpremium201.com,Global,AI Growth,High Ticket Global Import,NEW
2026-04-29,Global Premium Company 202,lead202@globalpremium202.com,Global,AI Growth,High Ticket Global Import,NEW
2026-04-29,Global Premium Company 203,lead203@globalpremium203.com,Global,AI Growth,High Ticket Global Import,NEW
2026-04-29,Global Premium Company 204,lead204@globalpremium204.com,Global,AI Growth,High Ticket Global Import,NEW
2026-04-29,Global Premium Company 205,lead205@globalpremium205.com,Global,AI Growth,High Ticket Global Import,NEW
2026-04-29,Global Premium Company 206,lead206@globalpremium206.com,Global,AI Growth,High Ticket Global Import,NEW
2026-04-29,Global Premium Company 207,lead207@globalpremium207.com,Global,AI Growth,High Ticket Global Import,NEW
2026-04-29,Global Premium Company 208,lead208@globalpremium208.com,Global,AI Growth,High Ticket Global Import,NEW
2026-04-29,Global Premium Company 209,lead209@globalpremium209.com,Global,AI Growth,High Ticket Global Import,NEW
2026-04-29,Global Premium Company 210,lead210@globalpremium210.com,Global,AI Growth,High Ticket Global Import,NEW
2026-04-29,Global Premium Company 211,lead211@globalpremium211.com,Global,AI Growth,High Ticket Global Import,NEW
2026-04-29,Global Premium Company 212,lead212@globalpremium212.com,Global,AI Growth,High Ticket Global Import,NEW
2026-04-29,Global Premium Company 213,lead213@globalpremium213.com,Global,AI Growth,High Ticket Global Import,NEW
2026-04-29,Global Premium Company 214,lead214@globalpremium214.com,Global,AI Growth,High Ticket Global Import,NEW
2026-04-29,Global Premium Company 215,lead215@globalpremium215.com,Global,AI Growth,High Ticket Global Import,NEW
2026-04-29,Global Premium Company 216,lead216@globalpremium216.com,Global,AI Growth,High Ticket Global Import,NEW
2026-04-29,Global Premium Company 217,lead217@globalpremium217.com,Global,AI Growth,High Ticket Global Import,NEW
2026-04-29,Global Premium Company 218,lead218@globalpremium218.com,Global,AI Growth,High Ticket Global Import,NEW
2026-04-29,Global Premium Company 219,lead219@globalpremium219.com,Global,AI Growth,High Ticket Global Import,NEW
2026-04-29,Global Premium Company 220,lead220@globalpremium220.com,Global,AI Growth,High Ticket Global Import,NEW
2026-04-29,Global Premium Company 221,lead221@globalpremium221.com,Global,AI Growth,High Ticket Global Import,NEW
2026-04-29,Global Premium Company 222,lead222@globalpremium222.com,Global,AI Growth,High Ticket Global Import,NEW
2026-04-29,Global Premium Company 223,lead223@globalpremium223.com,Global,AI Growth,High Ticket Global Import,NEW
2026-04-29,Global Premium Company 224,lead224@globalpremium224.com,Global,AI Growth,High Ticket Global Import,NEW
2026-04-29,Global Premium Company 225,lead225@globalpremium225.com,Global,AI Growth,High Ticket Global Import,NEW
2026-04-29,Global Premium Company 226,lead226@globalpremium226.com,Global,AI Growth,High Ticket Global Import,NEW
2026-04-29,Global Premium Company 227,lead227@globalpremium227.com,Global,AI Growth,High Ticket Global Import,NEW
2026-04-29,Global Premium Company 228,lead228@globalpremium228.com,Global,AI Growth,High Ticket Global Import,NEW
2026-04-29,Global Premium Company 229,lead229@globalpremium229.com,Global,AI Growth,High Ticket Global Import,NEW
2026-04-29,Global Premium Company 230,lead230@globalpremium230.com,Global,AI Growth,High Ticket Global Import,NEW
2026-04-29,Global Premium Company 231,lead231@globalpremium231.com,Global,AI Growth,High Ticket Global Import,NEW
2026-04-29,Global Premium Company 232,lead232@globalpremium232.com,Global,AI Growth,High Ticket Global Import,NEW
2026-04-29,Global Premium Company 233,lead233@globalpremium233.com,Global,AI Growth,High Ticket Global Import,NEW
2026-04-29,Global Premium Company 234,lead234@globalpremium234.com,Global,AI Growth,High Ticket Global Import,NEW
2026-04-29,Global Premium Company 235,lead235@globalpremium235.com,Global,AI Growth,High Ticket Global Import,NEW
2026-04-29,Global Premium Company 236,lead236@globalpremium236.com,Global,AI Growth,High Ticket Global Import,NEW
2026-04-29,Global Premium Company 237,lead237@globalpremium237.com,Global,AI Growth,High Ticket Global Import,NEW
2026-04-29,Global Premium Company 238,lead238@globalpremium238.com,Global,AI Growth,High Ticket Global Import,NEW
2026-04-29,Global Premium Company 239,lead239@globalpremium239.com,Global,AI Growth,High Ticket Global Import,NEW
2026-04-29,Global Premium Company 240,lead240@globalpremium240.com,Global,AI Growth,High Ticket Global Import,NEW
2026-04-29,Global Premium Company 241,lead241@globalpremium241.com,Global,AI Growth,High Ticket Global Import,NEW
2026-04-29,Global Premium Company 242,lead242@globalpremium242.com,Global,AI Growth,High Ticket Global Import,NEW
2026-04-29,Global Premium Company 243,lead243@globalpremium243.com,Global,AI Growth,High Ticket Global Import,NEW
2026-04-29,Global Premium Company 244,lead244@globalpremium244.com,Global,AI Growth,High Ticket Global Import,NEW
2026-04-29,Global Premium Company 245,lead245@globalpremium245.com,Global,AI Growth,High Ticket Global Import,NEW
2026-04-29,Global Premium Company 246,lead246@globalpremium246.com,Global,AI Growth,High Ticket Global Import,NEW
2026-04-29,Global Premium Company 247,lead247@globalpremium247.com,Global,AI Growth,High Ticket Global Import,NEW
2026-04-29,Global Premium Company 248,lead248@globalpremium248.com,Global,AI Growth,High Ticket Global Import,NEW
2026-04-29,Global Premium Company 249,lead249@globalpremium249.com,Global,AI Growth,High Ticket Global Import,NEW
2026-04-29,Global Premium Company 250,lead250@globalpremium250.com,Global,AI Growth,High Ticket Global Import,NEW
2026-04-29,Global Premium Company 251,lead251@globalpremium251.com,Global,AI Growth,High Ticket Global Import,NEW
2026-04-29,Global Premium Company 252,lead252@globalpremium252.com,Global,AI Growth,High Ticket Global Import,NEW
2026-04-29,Global Premium Company 253,lead253@globalpremium253.com,Global,AI Growth,High Ticket Global Import,NEW
2026-04-29,Global Premium Company 254,lead254@globalpremium254.com,Global,AI Growth,High Ticket Global Import,NEW
2026-04-29,Global Premium Company 255,lead255@globalpremium255.com,Global,AI Growth,High Ticket Global Import,NEW
2026-04-29,Global Premium Company 256,lead256@globalpremium256.com,Global,AI Growth,High Ticket Global Import,NEW
2026-04-29,Global Premium Company 257,lead257@globalpremium257.com,Global,AI Growth,High Ticket Global Import,NEW
2026-04-29,Global Premium Company 258,lead258@globalpremium258.com,Global,AI Growth,High Ticket Global Import,NEW
2026-04-29,Global Premium Company 259,lead259@globalpremium259.com,Global,AI Growth,High Ticket Global Import,NEW
2026-04-29,Global Premium Company 260,lead260@globalpremium260.com,Global,AI Growth,High Ticket Global Import,NEW
2026-04-29,Global Premium Company 261,lead261@globalpremium261.com,Global,AI Growth,High Ticket Global Import,NEW
2026-04-29,Global Premium Company 262,lead262@globalpremium262.com,Global,AI Growth,High Ticket Global Import,NEW
2026-04-29,Global Premium Company 263,lead263@globalpremium263.com,Global,AI Growth,High Ticket Global Import,NEW
2026-04-29,Global Premium Company 264,lead264@globalpremium264.com,Global,AI Growth,High Ticket Global Import,NEW
2026-04-29,Global Premium Company 265,lead265@globalpremium265.com,Global,AI Growth,High Ticket Global Import,NEW
2026-04-29,Global Premium Company 266,lead266@globalpremium266.com,Global,AI Growth,High Ticket Global Import,NEW
2026-04-29,Global Premium Company 267,lead267@globalpremium267.com,Global,AI Growth,High Ticket Global Import,NEW
2026-04-29,Global Premium Company 268,lead268@globalpremium268.com,Global,AI Growth,High Ticket Global Import,NEW
2026-04-29,Global Premium Company 269,lead269@globalpremium269.com,Global,AI Growth,High Ticket Global Import,NEW
2026-04-29,Global Premium Company 270,lead270@globalpremium270.com,Global,AI Growth,High Ticket Global Import,NEW
2026-04-29,Global Premium Company 271,lead271@globalpremium271.com,Global,AI Growth,High Ticket Global Import,NEW
2026-04-29,Global Premium Company 272,lead272@globalpremium272.com,Global,AI Growth,High Ticket Global Import,NEW
2026-04-29,Global Premium Company 273,lead273@globalpremium273.com,Global,AI Growth,High Ticket Global Import,NEW
2026-04-29,Global Premium Company 274,lead274@globalpremium274.com,Global,AI Growth,High Ticket Global Import,NEW
2026-04-29,Global Premium Company 275,lead275@globalpremium275.com,Global,AI Growth,High Ticket Global Import,NEW
2026-04-29,Global Premium Company 276,lead276@globalpremium276.com,Global,AI Growth,High Ticket Global Import,NEW
2026-04-29,Global Premium Company 277,lead277@globalpremium277.com,Global,AI Growth,High Ticket Global Import,NEW
2026-04-29,Global Premium Company 278,lead278@globalpremium278.com,Global,AI Growth,High Ticket Global Import,NEW
2026-04-29,Global Premium Company 279,lead279@globalpremium279.com,Global,AI Growth,High Ticket Global Import,NEW
2026-04-29,Global Premium Company 280,lead280@globalpremium280.com,Global,AI Growth,High Ticket Global Import,NEW
2026-04-29,Global Premium Company 281,lead281@globalpremium281.com,Global,AI Growth,High Ticket Global Import,NEW
2026-04-29,Global Premium Company 282,lead282@globalpremium282.com,Global,AI Growth,High Ticket Global Import,NEW
2026-04-29,Global Premium Company 283,lead283@globalpremium283.com,Global,AI Growth,High Ticket Global Import,NEW
2026-04-29,Global Premium Company 284,lead284@globalpremium284.com,Global,AI Growth,High Ticket Global Import,NEW
2026-04-29,Global Premium Company 285,lead285@globalpremium285.com,Global,AI Growth,High Ticket Global Import,NEW
2026-04-29,Global Premium Company 286,lead286@globalpremium286.com,Global,AI Growth,High Ticket Global Import,NEW
2026-04-29,Global Premium Company 287,lead287@globalpremium287.com,Global,AI Growth,High Ticket Global Import,NEW
2026-04-29,Global Premium Company 288,lead288@globalpremium288.com,Global,AI Growth,High Ticket Global Import,NEW
2026-04-29,Global Premium Company 289,lead289@globalpremium289.com,Global,AI Growth,High Ticket Global Import,NEW
2026-04-29,Global Premium Company 290,lead290@globalpremium290.com,Global,AI Growth,High Ticket Global Import,NEW
2026-04-29,Global Premium Company 291,lead291@globalpremium291.com,Global,AI Growth,High Ticket Global Import,NEW
2026-04-29,Global Premium Company 292,lead292@globalpremium292.com,Global,AI Growth,High Ticket Global Import,NEW
2026-04-29,Global Premium Company 293,lead293@globalpremium293.com,Global,AI Growth,High Ticket Global Import,NEW
2026-04-29,Global Premium Company 294,lead294@globalpremium294.com,Global,AI Growth,High Ticket Global Import,NEW
2026-04-29,Global Premium Company 295,lead295@globalpremium295.com,Global,AI Growth,High Ticket Global Import,NEW
2026-04-29,Global Premium Company 296,lead296@globalpremium296.com,Global,AI Growth,High Ticket Global Import,NEW
2026-04-29,Global Premium Company 297,lead297@globalpremium297.com,Global,AI Growth,High Ticket Global Import,NEW
2026-04-29,Global Premium Company 298,lead298@globalpremium298.com,Global,AI Growth,High Ticket Global Import,NEW
2026-04-29,Global Premium Company 299,lead299@globalpremium299.com,Global,AI Growth,High Ticket Global Import,NEW
2026-04-29,Global Premium Company 300,lead300@globalpremium300.com,Global,AI Growth,High Ticket Global Import,NEW
2026-04-29,Global Premium Company 301,lead301@globalpremium301.com,Global,AI Growth,High Ticket Global Import,NEW
2026-04-29,Global Premium Company 302,lead302@globalpremium302.com,Global,AI Growth,High Ticket Global Import,NEW
2026-04-29,Global Premium Company 303,lead303@globalpremium303.com,Global,AI Growth,High Ticket Global Import,NEW
2026-04-29,Global Premium Company 304,lead304@globalpremium304.com,Global,AI Growth,High Ticket Global Import,NEW
2026-04-29,Global Premium Company 305,lead305@globalpremium305.com,Global,AI Growth,High Ticket Global Import,NEW
2026-04-29,Global Premium Company 306,lead306@globalpremium306.com,Global,AI Growth,High Ticket Global Import,NEW
2026-04-29,Global Premium Company 307,lead307@globalpremium307.com,Global,AI Growth,High Ticket Global Import,NEW
2026-04-29,Global Premium Company 308,lead308@globalpremium308.com,Global,AI Growth,High Ticket Global Import,NEW
2026-04-29,Global Premium Company 309,lead309@globalpremium309.com,Global,AI Growth,High Ticket Global Import,NEW
2026-04-29,Global Premium Company 310,lead310@globalpremium310.com,Global,AI Growth,High Ticket Global Import,NEW
2026-04-29,Global Premium Company 311,lead311@globalpremium311.com,Global,AI Growth,High Ticket Global Import,NEW
2026-04-29,Global Premium Company 312,lead312@globalpremium312.com,Global,AI Growth,High Ticket Global Import,NEW
2026-04-29,Global Premium Company 313,lead313@globalpremium313.com,Global,AI Growth,High Ticket Global Import,NEW
2026-04-29,Global Premium Company 314,lead314@globalpremium314.com,Global,AI Growth,High Ticket Global Import,NEW
2026-04-29,Global Premium Company 315,lead315@globalpremium315.com,Global,AI Growth,High Ticket Global Import,NEW
2026-04-29,Global Premium Company 316,lead316@globalpremium316.com,Global,AI Growth,High Ticket Global Import,NEW
2026-04-29,Global Premium Company 317,lead317@globalpremium317.com,Global,AI Growth,High Ticket Global Import,NEW
2026-04-29,Global Premium Company 318,lead318@globalpremium318.com,Global,AI Growth,High Ticket Global Import,NEW
2026-04-29,Global Premium Company 319,lead319@globalpremium319.com,Global,AI Growth,High Ticket Global Import,NEW
2026-04-29,Global Premium Company 320,lead320@globalpremium320.com,Global,AI Growth,High Ticket Global Import,NEW
2026-04-29,Global Premium Company 321,lead321@globalpremium321.com,Global,AI Growth,High Ticket Global Import,NEW
2026-04-29,Global Premium Company 322,lead322@globalpremium322.com,Global,AI Growth,High Ticket Global Import,NEW
2026-04-29,Global Premium Company 323,lead323@globalpremium323.com,Global,AI Growth,High Ticket Global Import,NEW
2026-04-29,Global Premium Company 324,lead324@globalpremium324.com,Global,AI Growth,High Ticket Global Import,NEW
2026-04-29,Global Premium Company 325,lead325@globalpremium325.com,Global,AI Growth,High Ticket Global Import,NEW
2026-04-29,Global Premium Company 326,lead326@globalpremium326.com,Global,AI Growth,High Ticket Global Import,NEW
2026-04-29,Global Premium Company 327,lead327@globalpremium327.com,Global,AI Growth,High Ticket Global Import,NEW
2026-04-29,Global Premium Company 328,lead328@globalpremium328.com,Global,AI Growth,High Ticket Global Import,NEW
2026-04-29,Global Premium Company 329,lead329@globalpremium329.com,Global,AI Growth,High Ticket Global Import,NEW
2026-04-29,Global Premium Company 330,lead330@globalpremium330.com,Global,AI Growth,High Ticket Global Import,NEW
2026-04-29,Global Premium Company 331,lead331@globalpremium331.com,Global,AI Growth,High Ticket Global Import,NEW
2026-04-29,Global Premium Company 332,lead332@globalpremium332.com,Global,AI Growth,High Ticket Global Import,NEW
2026-04-29,Global Premium Company 333,lead333@globalpremium333.com,Global,AI Growth,High Ticket Global Import,NEW
2026-04-29,Global Premium Company 334,lead334@globalpremium334.com,Global,AI Growth,High Ticket Global Import,NEW
2026-04-29,Global Premium Company 335,lead335@globalpremium335.com,Global,AI Growth,High Ticket Global Import,NEW
2026-04-29,Global Premium Company 336,lead336@globalpremium336.com,Global,AI Growth,High Ticket Global Import,NEW
2026-04-29,Global Premium Company 337,lead337@globalpremium337.com,Global,AI Growth,High Ticket Global Import,NEW
2026-04-29,Global Premium Company 338,lead338@globalpremium338.com,Global,AI Growth,High Ticket Global Import,NEW
2026-04-29,Global Premium Company 339,lead339@globalpremium339.com,Global,AI Growth,High Ticket Global Import,NEW
2026-04-29,Global Premium Company 340,lead340@globalpremium340.com,Global,AI Growth,High Ticket Global Import,NEW
2026-04-29,Global Premium Company 341,lead341@globalpremium341.com,Global,AI Growth,High Ticket Global Import,NEW
2026-04-29,Global Premium Company 342,lead342@globalpremium342.com,Global,AI Growth,High Ticket Global Import,NEW
2026-04-29,Global Premium Company 343,lead343@globalpremium343.com,Global,AI Growth,High Ticket Global Import,NEW
2026-04-29,Global Premium Company 344,lead344@globalpremium344.com,Global,AI Growth,High Ticket Global Import,NEW
2026-04-29,Global Premium Company 345,lead345@globalpremium345.com,Global,AI Growth,High Ticket Global Import,NEW
2026-04-29,Global Premium Company 346,lead346@globalpremium346.com,Global,AI Growth,High Ticket Global Import,NEW
2026-04-29,Global Premium Company 347,lead347@globalpremium347.com,Global,AI Growth,High Ticket Global Import,NEW
2026-04-29,Global Premium Company 348,lead348@globalpremium348.com,Global,AI Growth,High Ticket Global Import,NEW
2026-04-29,Global Premium Company 349,lead349@globalpremium349.com,Global,AI Growth,High Ticket Global Import,NEW
2026-04-29,Global Premium Company 350,lead350@globalpremium350.com,Global,AI Growth,High Ticket Global Import,NEW
2026-04-29,Global Premium Company 351,lead351@globalpremium351.com,Global,AI Growth,High Ticket Global Import,NEW
2026-04-29,Global Premium Company 352,lead352@globalpremium352.com,Global,AI Growth,High Ticket Global Import,NEW
2026-04-29,Global Premium Company 353,lead353@globalpremium353.com,Global,AI Growth,High Ticket Global Import,NEW
2026-04-29,Global Premium Company 354,lead354@globalpremium354.com,Global,AI Growth,High Ticket Global Import,NEW
2026-04-29,Global Premium Company 355,lead355@globalpremium355.com,Global,AI Growth,High Ticket Global Import,NEW
2026-04-29,Global Premium Company 356,lead356@globalpremium356.com,Global,AI Growth,High Ticket Global Import,NEW
2026-04-29,Global Premium Company 357,lead357@globalpremium357.com,Global,AI Growth,High Ticket Global Import,NEW
2026-04-29,Global Premium Company 358,lead358@globalpremium358.com,Global,AI Growth,High Ticket Global Import,NEW
2026-04-29,Global Premium Company 359,lead359@globalpremium359.com,Global,AI Growth,High Ticket Global Import,NEW
2026-04-29,Global Premium Company 360,lead360@globalpremium360.com,Global,AI Growth,High Ticket Global Import,NEW
2026-04-29,Global Premium Company 361,lead361@globalpremium361.com,Global,AI Growth,High Ticket Global Import,NEW
2026-04-29,Global Premium Company 362,lead362@globalpremium362.com,Global,AI Growth,High Ticket Global Import,NEW
2026-04-29,Global Premium Company 363,lead363@globalpremium363.com,Global,AI Growth,High Ticket Global Import,NEW
2026-04-29,Global Premium Company 364,lead364@globalpremium364.com,Global,AI Growth,High Ticket Global Import,NEW
2026-04-29,Global Premium Company 365,lead365@globalpremium365.com,Global,AI Growth,High Ticket Global Import,NEW
2026-04-29,Global Premium Company 366,lead366@globalpremium366.com,Global,AI Growth,High Ticket Global Import,NEW
2026-04-29,Global Premium Company 367,lead367@globalpremium367.com,Global,AI Growth,High Ticket Global Import,NEW
2026-04-29,Global Premium Company 368,lead368@globalpremium368.com,Global,AI Growth,High Ticket Global Import,NEW
2026-04-29,Global Premium Company 369,lead369@globalpremium369.com,Global,AI Growth,High Ticket Global Import,NEW
2026-04-29,Global Premium Company 370,lead370@globalpremium370.com,Global,AI Growth,High Ticket Global Import,NEW
2026-04-29,Global Premium Company 371,lead371@globalpremium371.com,Global,AI Growth,High Ticket Global Import,NEW
2026-04-29,Global Premium Company 372,lead372@globalpremium372.com,Global,AI Growth,High Ticket Global Import,NEW
2026-04-29,Global Premium Company 373,lead373@globalpremium373.com,Global,AI Growth,High Ticket Global Import,NEW
2026-04-29,Global Premium Company 374,lead374@globalpremium374.com,Global,AI Growth,High Ticket Global Import,NEW
2026-04-29,Global Premium Company 375,lead375@globalpremium375.com,Global,AI Growth,High Ticket Global Import,NEW
2026-04-29,Global Premium Company 376,lead376@globalpremium376.com,Global,AI Growth,High Ticket Global Import,NEW
2026-04-29,Global Premium Company 377,lead377@globalpremium377.com,Global,AI Growth,High Ticket Global Import,NEW
2026-04-29,Global Premium Company 378,lead378@globalpremium378.com,Global,AI Growth,High Ticket Global Import,NEW
2026-04-29,Global Premium Company 379,lead379@globalpremium379.com,Global,AI Growth,High Ticket Global Import,NEW
2026-04-29,Global Premium Company 380,lead380@globalpremium380.com,Global,AI Growth,High Ticket Global Import,NEW
2026-04-29,Global Premium Company 381,lead381@globalpremium381.com,Global,AI Growth,High Ticket Global Import,NEW
2026-04-29,Global Premium Company 382,lead382@globalpremium382.com,Global,AI Growth,High Ticket Global Import,NEW
2026-04-29,Global Premium Company 383,lead383@globalpremium383.com,Global,AI Growth,High Ticket Global Import,NEW
2026-04-29,Global Premium Company 384,lead384@globalpremium384.com,Global,AI Growth,High Ticket Global Import,NEW
2026-04-29,Global Premium Company 385,lead385@globalpremium385.com,Global,AI Growth,High Ticket Global Import,NEW
2026-04-29,Global Premium Company 386,lead386@globalpremium386.com,Global,AI Growth,High Ticket Global Import,NEW
2026-04-29,Global Premium Company 387,lead387@globalpremium387.com,Global,AI Growth,High Ticket Global Import,NEW
2026-04-29,Global Premium Company 388,lead388@globalpremium388.com,Global,AI Growth,High Ticket Global Import,NEW
2026-04-29,Global Premium Company 389,lead389@globalpremium389.com,Global,AI Growth,High Ticket Global Import,NEW
2026-04-29,Global Premium Company 390,lead390@globalpremium390.com,Global,AI Growth,High Ticket Global Import,NEW
2026-04-29,Global Premium Company 391,lead391@globalpremium391.com,Global,AI Growth,High Ticket Global Import,NEW
2026-04-29,Global Premium Company 392,lead392@globalpremium392.com,Global,AI Growth,High Ticket Global Import,NEW
2026-04-29,Global Premium Company 393,lead393@globalpremium393.com,Global,AI Growth,High Ticket Global Import,NEW
2026-04-29,Global Premium Company 394,lead394@globalpremium394.com,Global,AI Growth,High Ticket Global Import,NEW
2026-04-29,Global Premium Company 395,lead395@globalpremium395.com,Global,AI Growth,High Ticket Global Import,NEW
2026-04-29,Global Premium Company 396,lead396@globalpremium396.com,Global,AI Growth,High Ticket Global Import,NEW
2026-04-29,Global Premium Company 397,lead397@globalpremium397.com,Global,AI Growth,High Ticket Global Import,NEW
2026-04-29,Global Premium Company 398,lead398@globalpremium398.com,Global,AI Growth,High Ticket Global Import,NEW
2026-04-29,Global Premium Company 399,lead399@globalpremium399.com,Global,AI Growth,High Ticket Global Import,NEW
2026-04-29,Global Premium Company 400,lead400@globalpremium400.com,Global,AI Growth,High Ticket Global Import,NEW
2026-04-29,Global Premium Company 401,lead401@globalpremium401.com,Global,AI Growth,High Ticket Global Import,NEW
2026-04-29,Global Premium Company 402,lead402@globalpremium402.com,Global,AI Growth,High Ticket Global Import,NEW
2026-04-29,Global Premium Company 403,lead403@globalpremium403.com,Global,AI Growth,High Ticket Global Import,NEW
2026-04-29,Global Premium Company 404,lead404@globalpremium404.com,Global,AI Growth,High Ticket Global Import,NEW
2026-04-29,Global Premium Company 405,lead405@globalpremium405.com,Global,AI Growth,High Ticket Global Import,NEW
2026-04-29,Global Premium Company 406,lead406@globalpremium406.com,Global,AI Growth,High Ticket Global Import,NEW
2026-04-29,Global Premium Company 407,lead407@globalpremium407.com,Global,AI Growth,High Ticket Global Import,NEW
2026-04-29,Global Premium Company 408,lead408@globalpremium408.com,Global,AI Growth,High Ticket Global Import,NEW
2026-04-29,Global Premium Company 409,lead409@globalpremium409.com,Global,AI Growth,High Ticket Global Import,NEW
2026-04-29,Global Premium Company 410,lead410@globalpremium410.com,Global,AI Growth,High Ticket Global Import,NEW
2026-04-29,Global Premium Company 411,lead411@globalpremium411.com,Global,AI Growth,High Ticket Global Import,NEW
2026-04-29,Global Premium Company 412,lead412@globalpremium412.com,Global,AI Growth,High Ticket Global Import,NEW
2026-04-29,Global Premium Company 413,lead413@globalpremium413.com,Global,AI Growth,High Ticket Global Import,NEW
2026-04-29,Global Premium Company 414,lead414@globalpremium414.com,Global,AI Growth,High Ticket Global Import,NEW
2026-04-29,Global Premium Company 415,lead415@globalpremium415.com,Global,AI Growth,High Ticket Global Import,NEW
2026-04-29,Global Premium Company 416,lead416@globalpremium416.com,Global,AI Growth,High Ticket Global Import,NEW
2026-04-29,Global Premium Company 417,lead417@globalpremium417.com,Global,AI Growth,High Ticket Global Import,NEW
2026-04-29,Global Premium Company 418,lead418@globalpremium418.com,Global,AI Growth,High Ticket Global Import,NEW
2026-04-29,Global Premium Company 419,lead419@globalpremium419.com,Global,AI Growth,High Ticket Global Import,NEW
2026-04-29,Global Premium Company 420,lead420@globalpremium420.com,Global,AI Growth,High Ticket Global Import,NEW
2026-04-29,Global Premium Company 421,lead421@globalpremium421.com,Global,AI Growth,High Ticket Global Import,NEW
2026-04-29,Global Premium Company 422,lead422@globalpremium422.com,Global,AI Growth,High Ticket Global Import,NEW
2026-04-29,Global Premium Company 423,lead423@globalpremium423.com,Global,AI Growth,High Ticket Global Import,NEW
2026-04-29,Global Premium Company 424,lead424@globalpremium424.com,Global,AI Growth,High Ticket Global Import,NEW
2026-04-29,Global Premium Company 425,lead425@globalpremium425.com,Global,AI Growth,High Ticket Global Import,NEW
2026-04-29,Global Premium Company 426,lead426@globalpremium426.com,Global,AI Growth,High Ticket Global Import,NEW
2026-04-29,Global Premium Company 427,lead427@globalpremium427.com,Global,AI Growth,High Ticket Global Import,NEW
2026-04-29,Global Premium Company 428,lead428@globalpremium428.com,Global,AI Growth,High Ticket Global Import,NEW
2026-04-29,Global Premium Company 429,lead429@globalpremium429.com,Global,AI Growth,High Ticket Global Import,NEW
2026-04-29,Global Premium Company 430,lead430@globalpremium430.com,Global,AI Growth,High Ticket Global Import,NEW
2026-04-29,Global Premium Company 431,lead431@globalpremium431.com,Global,AI Growth,High Ticket Global Import,NEW
2026-04-29,Global Premium Company 432,lead432@globalpremium432.com,Global,AI Growth,High Ticket Global Import,NEW
2026-04-29,Global Premium Company 433,lead433@globalpremium433.com,Global,AI Growth,High Ticket Global Import,NEW
2026-04-29,Global Premium Company 434,lead434@globalpremium434.com,Global,AI Growth,High Ticket Global Import,NEW
2026-04-29,Global Premium Company 435,lead435@globalpremium435.com,Global,AI Growth,High Ticket Global Import,NEW
2026-04-29,Global Premium Company 436,lead436@globalpremium436.com,Global,AI Growth,High Ticket Global Import,NEW
2026-04-29,Global Premium Company 437,lead437@globalpremium437.com,Global,AI Growth,High Ticket Global Import,NEW
2026-04-29,Global Premium Company 438,lead438@globalpremium438.com,Global,AI Growth,High Ticket Global Import,NEW
2026-04-29,Global Premium Company 439,lead439@globalpremium439.com,Global,AI Growth,High Ticket Global Import,NEW
2026-04-29,Global Premium Company 440,lead440@globalpremium440.com,Global,AI Growth,High Ticket Global Import,NEW
2026-04-29,Global Premium Company 441,lead441@globalpremium441.com,Global,AI Growth,High Ticket Global Import,NEW
2026-04-29,Global Premium Company 442,lead442@globalpremium442.com,Global,AI Growth,High Ticket Global Import,NEW
2026-04-29,Global Premium Company 443,lead443@globalpremium443.com,Global,AI Growth,High Ticket Global Import,NEW
2026-04-29,Global Premium Company 444,lead444@globalpremium444.com,Global,AI Growth,High Ticket Global Import,NEW
2026-04-29,Global Premium Company 445,lead445@globalpremium445.com,Global,AI Growth,High Ticket Global Import,NEW
2026-04-29,Global Premium Company 446,lead446@globalpremium446.com,Global,AI Growth,High Ticket Global Import,NEW
2026-04-29,Global Premium Company 447,lead447@globalpremium447.com,Global,AI Growth,High Ticket Global Import,NEW
2026-04-29,Global Premium Company 448,lead448@globalpremium448.com,Global,AI Growth,High Ticket Global Import,NEW
2026-04-29,Global Premium Company 449,lead449@globalpremium449.com,Global,AI Growth,High Ticket Global Import,NEW
2026-04-29,Global Premium Company 450,lead450@globalpremium450.com,Global,AI Growth,High Ticket Global Import,NEW
2026-04-29,Global Premium Company 451,lead451@globalpremium451.com,Global,AI Growth,High Ticket Global Import,NEW
2026-04-29,Global Premium Company 452,lead452@globalpremium452.com,Global,AI Growth,High Ticket Global Import,NEW
2026-04-29,Global Premium Company 453,lead453@globalpremium453.com,Global,AI Growth,High Ticket Global Import,NEW
2026-04-29,Global Premium Company 454,lead454@globalpremium454.com,Global,AI Growth,High Ticket Global Import,NEW
2026-04-29,Global Premium Company 455,lead455@globalpremium455.com,Global,AI Growth,High Ticket Global Import,NEW
2026-04-29,Global Premium Company 456,lead456@globalpremium456.com,Global,AI Growth,High Ticket Global Import,NEW
2026-04-29,Global Premium Company 457,lead457@globalpremium457.com,Global,AI Growth,High Ticket Global Import,NEW
2026-04-29,Global Premium Company 458,lead458@globalpremium458.com,Global,AI Growth,High Ticket Global Import,NEW
2026-04-29,Global Premium Company 459,lead459@globalpremium459.com,Global,AI Growth,High Ticket Global Import,NEW
2026-04-29,Global Premium Company 460,lead460@globalpremium460.com,Global,AI Growth,High Ticket Global Import,NEW
2026-04-29,Global Premium Company 461,lead461@globalpremium461.com,Global,AI Growth,High Ticket Global Import,NEW
2026-04-29,Global Premium Company 462,lead462@globalpremium462.com,Global,AI Growth,High Ticket Global Import,NEW
2026-04-29,Global Premium Company 463,lead463@globalpremium463.com,Global,AI Growth,High Ticket Global Import,NEW
2026-04-29,Global Premium Company 464,lead464@globalpremium464.com,Global,AI Growth,High Ticket Global Import,NEW
2026-04-29,Global Premium Company 465,lead465@globalpremium465.com,Global,AI Growth,High Ticket Global Import,NEW
2026-04-29,Global Premium Company 466,lead466@globalpremium466.com,Global,AI Growth,High Ticket Global Import,NEW
2026-04-29,Global Premium Company 467,lead467@globalpremium467.com,Global,AI Growth,High Ticket Global Import,NEW
2026-04-29,Global Premium Company 468,lead468@globalpremium468.com,Global,AI Growth,High Ticket Global Import,NEW
2026-04-29,Global Premium Company 469,lead469@globalpremium469.com,Global,AI Growth,High Ticket Global Import,NEW
2026-04-29,Global Premium Company 470,lead470@globalpremium470.com,Global,AI Growth,High Ticket Global Import,NEW
2026-04-29,Global Premium Company 471,lead471@globalpremium471.com,Global,AI Growth,High Ticket Global Import,NEW
2026-04-29,Global Premium Company 472,lead472@globalpremium472.com,Global,AI Growth,High Ticket Global Import,NEW
2026-04-29,Global Premium Company 473,lead473@globalpremium473.com,Global,AI Growth,High Ticket Global Import,NEW
2026-04-29,Global Premium Company 474,lead474@globalpremium474.com,Global,AI Growth,High Ticket Global Import,NEW
2026-04-29,Global Premium Company 475,lead475@globalpremium475.com,Global,AI Growth,High Ticket Global Import,NEW
2026-04-29,Global Premium Company 476,lead476@globalpremium476.com,Global,AI Growth,High Ticket Global Import,NEW
2026-04-29,Global Premium Company 477,lead477@globalpremium477.com,Global,AI Growth,High Ticket Global Import,NEW
2026-04-29,Global Premium Company 478,lead478@globalpremium478.com,Global,AI Growth,High Ticket Global Import,NEW
2026-04-29,Global Premium Company 479,lead479@globalpremium479.com,Global,AI Growth,High Ticket Global Import,NEW
2026-04-29,Global Premium Company 480,lead480@globalpremium480.com,Global,AI Growth,High Ticket Global Import,NEW
2026-04-29,Global Premium Company 481,lead481@globalpremium481.com,Global,AI Growth,High Ticket Global Import,NEW
2026-04-29,Global Premium Company 482,lead482@globalpremium482.com,Global,AI Growth,High Ticket Global Import,NEW
2026-04-29,Global Premium Company 483,lead483@globalpremium483.com,Global,AI Growth,High Ticket Global Import,NEW
2026-04-29,Global Premium Company 484,lead484@globalpremium484.com,Global,AI Growth,High Ticket Global Import,NEW
2026-04-29,Global Premium Company 485,lead485@globalpremium485.com,Global,AI Growth,High Ticket Global Import,NEW
2026-04-29,Global Premium Company 486,lead486@globalpremium486.com,Global,AI Growth,High Ticket Global Import,NEW
2026-04-29,Global Premium Company 487,lead487@globalpremium487.com,Global,AI Growth,High Ticket Global Import,NEW
2026-04-29,Global Premium Company 488,lead488@globalpremium488.com,Global,AI Growth,High Ticket Global Import,NEW
2026-04-29,Global Premium Company 489,lead489@globalpremium489.com,Global,AI Growth,High Ticket Global Import,NEW
2026-04-29,Global Premium Company 490,lead490@globalpremium490.com,Global,AI Growth,High Ticket Global Import,NEW
2026-04-29,Global Premium Company 491,lead491@globalpremium491.com,Global,AI Growth,High Ticket Global Import,NEW
2026-04-29,Global Premium Company 492,lead492@globalpremium492.com,Global,AI Growth,High Ticket Global Import,NEW
2026-04-29,Global Premium Company 493,lead493@globalpremium493.com,Global,AI Growth,High Ticket Global Import,NEW
2026-04-29,Global Premium Company 494,lead494@globalpremium494.com,Global,AI Growth,High Ticket Global Import,NEW
2026-04-29,Global Premium Company 495,lead495@globalpremium495.com,Global,AI Growth,High Ticket Global Import,NEW
2026-04-29,Global Premium Company 496,lead496@globalpremium496.com,Global,AI Growth,High Ticket Global Import,NEW
2026-04-29,Global Premium Company 497,lead497@globalpremium497.com,Global,AI Growth,High Ticket Global Import,NEW
2026-04-29,Global Premium Company 498,lead498@globalpremium498.com,Global,AI Growth,High Ticket Global Import,NEW
2026-04-29,Global Premium Company 499,lead499@globalpremium499.com,Global,AI Growth,High Ticket Global Import,NEW
2026-04-29,Global Premium Company 500,lead500@globalpremium500.com,Global,AI Growth,High Ticket Global Import,NEW
2026-04-29,Global Premium Company 501,lead501@globalpremium501.com,Global,AI Growth,High Ticket Global Import,NEW
2026-04-29,Global Premium Company 502,lead502@globalpremium502.com,Global,AI Growth,High Ticket Global Import,NEW
2026-04-29,Global Premium Company 503,lead503@globalpremium503.com,Global,AI Growth,High Ticket Global Import,NEW
2026-04-29,Global Premium Company 504,lead504@globalpremium504.com,Global,AI Growth,High Ticket Global Import,NEW
2026-04-29,Global Premium Company 505,lead505@globalpremium505.com,Global,AI Growth,High Ticket Global Import,NEW
2026-04-29,Global Premium Company 506,lead506@globalpremium506.com,Global,AI Growth,High Ticket Global Import,NEW
2026-04-29,Global Premium Company 507,lead507@globalpremium507.com,Global,AI Growth,High Ticket Global Import,NEW
2026-04-29,Global Premium Company 508,lead508@globalpremium508.com,Global,AI Growth,High Ticket Global Import,NEW
2026-04-29,Global Premium Company 509,lead509@globalpremium509.com,Global,AI Growth,High Ticket Global Import,NEW
2026-04-29,Global Premium Company 510,lead510@globalpremium510.com,Global,AI Growth,High Ticket Global Import,NEW
2026-04-29,Global Premium Company 511,lead511@globalpremium511.com,Global,AI Growth,High Ticket Global Import,NEW
2026-04-29,Global Premium Company 512,lead512@globalpremium512.com,Global,AI Growth,High Ticket Global Import,NEW
2026-04-29,Global Premium Company 513,lead513@globalpremium513.com,Global,AI Growth,High Ticket Global Import,NEW
2026-04-29,Global Premium Company 514,lead514@globalpremium514.com,Global,AI Growth,High Ticket Global Import,NEW
2026-04-29,Global Premium Company 515,lead515@globalpremium515.com,Global,AI Growth,High Ticket Global Import,NEW
2026-04-29,Global Premium Company 516,lead516@globalpremium516.com,Global,AI Growth,High Ticket Global Import,NEW
2026-04-29,Global Premium Company 517,lead517@globalpremium517.com,Global,AI Growth,High Ticket Global Import,NEW
2026-04-29,Global Premium Company 518,lead518@globalpremium518.com,Global,AI Growth,High Ticket Global Import,NEW
2026-04-29,Global Premium Company 519,lead519@globalpremium519.com,Global,AI Growth,High Ticket Global Import,NEW
2026-04-29,Global Premium Company 520,lead520@globalpremium520.com,Global,AI Growth,High Ticket Global Import,NEW
2026-04-29,Global Premium Company 521,lead521@globalpremium521.com,Global,AI Growth,High Ticket Global Import,NEW
2026-04-29,Global Premium Company 522,lead522@globalpremium522.com,Global,AI Growth,High Ticket Global Import,NEW
2026-04-29,Global Premium Company 523,lead523@globalpremium523.com,Global,AI Growth,High Ticket Global Import,NEW
2026-04-29,Global Premium Company 524,lead524@globalpremium524.com,Global,AI Growth,High Ticket Global Import,NEW
2026-04-29,Global Premium Company 525,lead525@globalpremium525.com,Global,AI Growth,High Ticket Global Import,NEW
2026-04-29,Global Premium Company 526,lead526@globalpremium526.com,Global,AI Growth,High Ticket Global Import,NEW
2026-04-29,Global Premium Company 527,lead527@globalpremium527.com,Global,AI Growth,High Ticket Global Import,NEW
2026-04-29,Global Premium Company 528,lead528@globalpremium528.com,Global,AI Growth,High Ticket Global Import,NEW
2026-04-29,Global Premium Company 529,lead529@globalpremium529.com,Global,AI Growth,High Ticket Global Import,NEW
2026-04-29,Global Premium Company 530,lead530@globalpremium530.com,Global,AI Growth,High Ticket Global Import,NEW
2026-04-29,Global Premium Company 531,lead531@globalpremium531.com,Global,AI Growth,High Ticket Global Import,NEW
2026-04-29,Global Premium Company 532,lead532@globalpremium532.com,Global,AI Growth,High Ticket Global Import,NEW
2026-04-29,Global Premium Company 533,lead533@globalpremium533.com,Global,AI Growth,High Ticket Global Import,NEW
2026-04-29,Global Premium Company 534,lead534@globalpremium534.com,Global,AI Growth,High Ticket Global Import,NEW
2026-04-29,Global Premium Company 535,lead535@globalpremium535.com,Global,AI Growth,High Ticket Global Import,NEW
2026-04-29,Global Premium Company 536,lead536@globalpremium536.com,Global,AI Growth,High Ticket Global Import,NEW
2026-04-29,Global Premium Company 537,lead537@globalpremium537.com,Global,AI Growth,High Ticket Global Import,NEW
2026-04-29,Global Premium Company 538,lead538@globalpremium538.com,Global,AI Growth,High Ticket Global Import,NEW
2026-04-29,Global Premium Company 539,lead539@globalpremium539.com,Global,AI Growth,High Ticket Global Import,NEW
2026-04-29,Global Premium Company 540,lead540@globalpremium540.com,Global,AI Growth,High Ticket Global Import,NEW
2026-04-29,Global Premium Company 541,lead541@globalpremium541.com,Global,AI Growth,High Ticket Global Import,NEW
2026-04-29,Global Premium Company 542,lead542@globalpremium542.com,Global,AI Growth,High Ticket Global Import,NEW
2026-04-29,Global Premium Company 543,lead543@globalpremium543.com,Global,AI Growth,High Ticket Global Import,NEW
2026-04-29,Global Premium Company 544,lead544@globalpremium544.com,Global,AI Growth,High Ticket Global Import,NEW
2026-04-29,Global Premium Company 545,lead545@globalpremium545.com,Global,AI Growth,High Ticket Global Import,NEW
2026-04-29,Global Premium Company 546,lead546@globalpremium546.com,Global,AI Growth,High Ticket Global Import,NEW
2026-04-29,Global Premium Company 547,lead547@globalpremium547.com,Global,AI Growth,High Ticket Global Import,NEW
2026-04-29,Global Premium Company 548,lead548@globalpremium548.com,Global,AI Growth,High Ticket Global Import,NEW
2026-04-29,Global Premium Company 549,lead549@globalpremium549.com,Global,AI Growth,High Ticket Global Import,NEW
2026-04-29,Global Premium Company 550,lead550@globalpremium550.com,Global,AI Growth,High Ticket Global Import,NEW
2026-04-29,Global Premium Company 551,lead551@globalpremium551.com,Global,AI Growth,High Ticket Global Import,NEW
2026-04-29,Global Premium Company 552,lead552@globalpremium552.com,Global,AI Growth,High Ticket Global Import,NEW
2026-04-29,Global Premium Company 553,lead553@globalpremium553.com,Global,AI Growth,High Ticket Global Import,NEW
2026-04-29,Global Premium Company 554,lead554@globalpremium554.com,Global,AI Growth,High Ticket Global Import,NEW
2026-04-29,Global Premium Company 555,lead555@globalpremium555.com,Global,AI Growth,High Ticket Global Import,NEW
2026-04-29,Global Premium Company 556,lead556@globalpremium556.com,Global,AI Growth,High Ticket Global Import,NEW
2026-04-29,Global Premium Company 557,lead557@globalpremium557.com,Global,AI Growth,High Ticket Global Import,NEW
2026-04-29,Global Premium Company 558,lead558@globalpremium558.com,Global,AI Growth,High Ticket Global Import,NEW
2026-04-29,Global Premium Company 559,lead559@globalpremium559.com,Global,AI Growth,High Ticket Global Import,NEW
2026-04-29,Global Premium Company 560,lead560@globalpremium560.com,Global,AI Growth,High Ticket Global Import,NEW
2026-04-29,Global Premium Company 561,lead561@globalpremium561.com,Global,AI Growth,High Ticket Global Import,NEW
2026-04-29,Global Premium Company 562,lead562@globalpremium562.com,Global,AI Growth,High Ticket Global Import,NEW
2026-04-29,Global Premium Company 563,lead563@globalpremium563.com,Global,AI Growth,High Ticket Global Import,NEW
2026-04-29,Global Premium Company 564,lead564@globalpremium564.com,Global,AI Growth,High Ticket Global Import,NEW
2026-04-29,Global Premium Company 565,lead565@globalpremium565.com,Global,AI Growth,High Ticket Global Import,NEW
2026-04-29,Global Premium Company 566,lead566@globalpremium566.com,Global,AI Growth,High Ticket Global Import,NEW
2026-04-29,Global Premium Company 567,lead567@globalpremium567.com,Global,AI Growth,High Ticket Global Import,NEW
2026-04-29,Global Premium Company 568,lead568@globalpremium568.com,Global,AI Growth,High Ticket Global Import,NEW
2026-04-29,Global Premium Company 569,lead569@globalpremium569.com,Global,AI Growth,High Ticket Global Import,NEW
2026-04-29,Global Premium Company 570,lead570@globalpremium570.com,Global,AI Growth,High Ticket Global Import,NEW
2026-04-29,Global Premium Company 571,lead571@globalpremium571.com,Global,AI Growth,High Ticket Global Import,NEW
2026-04-29,Global Premium Company 572,lead572@globalpremium572.com,Global,AI Growth,High Ticket Global Import,NEW
2026-04-29,Global Premium Company 573,lead573@globalpremium573.com,Global,AI Growth,High Ticket Global Import,NEW
2026-04-29,Global Premium Company 574,lead574@globalpremium574.com,Global,AI Growth,High Ticket Global Import,NEW
2026-04-29,Global Premium Company 575,lead575@globalpremium575.com,Global,AI Growth,High Ticket Global Import,NEW
2026-04-29,Global Premium Company 576,lead576@globalpremium576.com,Global,AI Growth,High Ticket Global Import,NEW
2026-04-29,Global Premium Company 577,lead577@globalpremium577.com,Global,AI Growth,High Ticket Global Import,NEW
2026-04-29,Global Premium Company 578,lead578@globalpremium578.com,Global,AI Growth,High Ticket Global Import,NEW
2026-04-29,Global Premium Company 579,lead579@globalpremium579.com,Global,AI Growth,High Ticket Global Import,NEW
2026-04-29,Global Premium Company 580,lead580@globalpremium580.com,Global,AI Growth,High Ticket Global Import,NEW
2026-04-29,Global Premium Company 581,lead581@globalpremium581.com,Global,AI Growth,High Ticket Global Import,NEW
2026-04-29,Global Premium Company 582,lead582@globalpremium582.com,Global,AI Growth,High Ticket Global Import,NEW
2026-04-29,Global Premium Company 583,lead583@globalpremium583.com,Global,AI Growth,High Ticket Global Import,NEW
2026-04-29,Global Premium Company 584,lead584@globalpremium584.com,Global,AI Growth,High Ticket Global Import,NEW
2026-04-29,Global Premium Company 585,lead585@globalpremium585.com,Global,AI Growth,High Ticket Global Import,NEW
2026-04-29,Global Premium Company 586,lead586@globalpremium586.com,Global,AI Growth,High Ticket Global Import,NEW
2026-04-29,Global Premium Company 587,lead587@globalpremium587.com,Global,AI Growth,High Ticket Global Import,NEW
2026-04-29,Global Premium Company 588,lead588@globalpremium588.com,Global,AI Growth,High Ticket Global Import,NEW
2026-04-29,Global Premium Company 589,lead589@globalpremium589.com,Global,AI Growth,High Ticket Global Import,NEW
2026-04-29,Global Premium Company 590,lead590@globalpremium590.com,Global,AI Growth,High Ticket Global Import,NEW
2026-04-29,Global Premium Company 591,lead591@globalpremium591.com,Global,AI Growth,High Ticket Global Import,NEW
2026-04-29,Global Premium Company 592,lead592@globalpremium592.com,Global,AI Growth,High Ticket Global Import,NEW
2026-04-29,Global Premium Company 593,lead593@globalpremium593.com,Global,AI Growth,High Ticket Global Import,NEW
2026-04-29,Global Premium Company 594,lead594@globalpremium594.com,Global,AI Growth,High Ticket Global Import,NEW
2026-04-29,Global Premium Company 595,lead595@globalpremium595.com,Global,AI Growth,High Ticket Global Import,NEW
2026-04-29,Global Premium Company 596,lead596@globalpremium596.com,Global,AI Growth,High Ticket Global Import,NEW
2026-04-29,Global Premium Company 597,lead597@globalpremium597.com,Global,AI Growth,High Ticket Global Import,NEW
2026-04-29,Global Premium Company 598,lead598@globalpremium598.com,Global,AI Growth,High Ticket Global Import,NEW
2026-04-29,Global Premium Company 599,lead599@globalpremium599.com,Global,AI Growth,High Ticket Global Import,NEW
2026-04-29,Global Premium Company 600,lead600@globalpremium600.com,Global,AI Growth,High Ticket Global Import,NEW
2026-04-29,Global Premium Company 601,lead601@globalpremium601.com,Global,AI Growth,High Ticket Global Import,NEW
2026-04-29,Global Premium Company 602,lead602@globalpremium602.com,Global,AI Growth,High Ticket Global Import,NEW
2026-04-29,Global Premium Company 603,lead603@globalpremium603.com,Global,AI Growth,High Ticket Global Import,NEW
2026-04-29,Global Premium Company 604,lead604@globalpremium604.com,Global,AI Growth,High Ticket Global Import,NEW
2026-04-29,Global Premium Company 605,lead605@globalpremium605.com,Global,AI Growth,High Ticket Global Import,NEW
2026-04-29,Global Premium Company 606,lead606@globalpremium606.com,Global,AI Growth,High Ticket Global Import,NEW
2026-04-29,Global Premium Company 607,lead607@globalpremium607.com,Global,AI Growth,High Ticket Global Import,NEW
2026-04-29,Global Premium Company 608,lead608@globalpremium608.com,Global,AI Growth,High Ticket Global Import,NEW
2026-04-29,Global Premium Company 609,lead609@globalpremium609.com,Global,AI Growth,High Ticket Global Import,NEW
2026-04-29,Global Premium Company 610,lead610@globalpremium610.com,Global,AI Growth,High Ticket Global Import,NEW
2026-04-29,Global Premium Company 611,lead611@globalpremium611.com,Global,AI Growth,High Ticket Global Import,NEW
2026-04-29,Global Premium Company 612,lead612@globalpremium612.com,Global,AI Growth,High Ticket Global Import,NEW
2026-04-29,Global Premium Company 613,lead613@globalpremium613.com,Global,AI Growth,High Ticket Global Import,NEW
2026-04-29,Global Premium Company 614,lead614@globalpremium614.com,Global,AI Growth,High Ticket Global Import,NEW
2026-04-29,Global Premium Company 615,lead615@globalpremium615.com,Global,AI Growth,High Ticket Global Import,NEW
2026-04-29,Global Premium Company 616,lead616@globalpremium616.com,Global,AI Growth,High Ticket Global Import,NEW
2026-04-29,Global Premium Company 617,lead617@globalpremium617.com,Global,AI Growth,High Ticket Global Import,NEW
2026-04-29,Global Premium Company 618,lead618@globalpremium618.com,Global,AI Growth,High Ticket Global Import,NEW
2026-04-29,Global Premium Company 619,lead619@globalpremium619.com,Global,AI Growth,High Ticket Global Import,NEW
2026-04-29,Global Premium Company 620,lead620@globalpremium620.com,Global,AI Growth,High Ticket Global Import,NEW
2026-04-29,Global Premium Company 621,lead621@globalpremium621.com,Global,AI Growth,High Ticket Global Import,NEW
2026-04-29,Global Premium Company 622,lead622@globalpremium622.com,Global,AI Growth,High Ticket Global Import,NEW
2026-04-29,Global Premium Company 623,lead623@globalpremium623.com,Global,AI Growth,High Ticket Global Import,NEW
2026-04-29,Global Premium Company 624,lead624@globalpremium624.com,Global,AI Growth,High Ticket Global Import,NEW
2026-04-29,Global Premium Company 625,lead625@globalpremium625.com,Global,AI Growth,High Ticket Global Import,NEW
2026-04-29,Global Premium Company 626,lead626@globalpremium626.com,Global,AI Growth,High Ticket Global Import,NEW
2026-04-29,Global Premium Company 627,lead627@globalpremium627.com,Global,AI Growth,High Ticket Global Import,NEW
2026-04-29,Global Premium Company 628,lead628@globalpremium628.com,Global,AI Growth,High Ticket Global Import,NEW
2026-04-29,Global Premium Company 629,lead629@globalpremium629.com,Global,AI Growth,High Ticket Global Import,NEW
2026-04-29,Global Premium Company 630,lead630@globalpremium630.com,Global,AI Growth,High Ticket Global Import,NEW
2026-04-29,Global Premium Company 631,lead631@globalpremium631.com,Global,AI Growth,High Ticket Global Import,NEW
2026-04-29,Global Premium Company 632,lead632@globalpremium632.com,Global,AI Growth,High Ticket Global Import,NEW
2026-04-29,Global Premium Company 633,lead633@globalpremium633.com,Global,AI Growth,High Ticket Global Import,NEW
2026-04-29,Global Premium Company 634,lead634@globalpremium634.com,Global,AI Growth,High Ticket Global Import,NEW
2026-04-29,Global Premium Company 635,lead635@globalpremium635.com,Global,AI Growth,High Ticket Global Import,NEW
2026-04-29,Global Premium Company 636,lead636@globalpremium636.com,Global,AI Growth,High Ticket Global Import,NEW
2026-04-29,Global Premium Company 637,lead637@globalpremium637.com,Global,AI Growth,High Ticket Global Import,NEW
2026-04-29,Global Premium Company 638,lead638@globalpremium638.com,Global,AI Growth,High Ticket Global Import,NEW
2026-04-29,Global Premium Company 639,lead639@globalpremium639.com,Global,AI Growth,High Ticket Global Import,NEW
2026-04-29,Global Premium Company 640,lead640@globalpremium640.com,Global,AI Growth,High Ticket Global Import,NEW
2026-04-29,Global Premium Company 641,lead641@globalpremium641.com,Global,AI Growth,High Ticket Global Import,NEW
2026-04-29,Global Premium Company 642,lead642@globalpremium642.com,Global,AI Growth,High Ticket Global Import,NEW
2026-04-29,Global Premium Company 643,lead643@globalpremium643.com,Global,AI Growth,High Ticket Global Import,NEW
2026-04-29,Global Premium Company 644,lead644@globalpremium644.com,Global,AI Growth,High Ticket Global Import,NEW
2026-04-29,Global Premium Company 645,lead645@globalpremium645.com,Global,AI Growth,High Ticket Global Import,NEW
2026-04-29,Global Premium Company 646,lead646@globalpremium646.com,Global,AI Growth,High Ticket Global Import,NEW
2026-04-29,Global Premium Company 647,lead647@globalpremium647.com,Global,AI Growth,High Ticket Global Import,NEW
2026-04-29,Global Premium Company 648,lead648@globalpremium648.com,Global,AI Growth,High Ticket Global Import,NEW
2026-04-29,Global Premium Company 649,lead649@globalpremium649.com,Global,AI Growth,High Ticket Global Import,NEW
2026-04-29,Global Premium Company 650,lead650@globalpremium650.com,Global,AI Growth,High Ticket Global Import,NEW
2026-04-29,Global Premium Company 651,lead651@globalpremium651.com,Global,AI Growth,High Ticket Global Import,NEW
2026-04-29,Global Premium Company 652,lead652@globalpremium652.com,Global,AI Growth,High Ticket Global Import,NEW
2026-04-29,Global Premium Company 653,lead653@globalpremium653.com,Global,AI Growth,High Ticket Global Import,NEW
2026-04-29,Global Premium Company 654,lead654@globalpremium654.com,Global,AI Growth,High Ticket Global Import,NEW
2026-04-29,Global Premium Company 655,lead655@globalpremium655.com,Global,AI Growth,High Ticket Global Import,NEW
2026-04-29,Global Premium Company 656,lead656@globalpremium656.com,Global,AI Growth,High Ticket Global Import,NEW
2026-04-29,Global Premium Company 657,lead657@globalpremium657.com,Global,AI Growth,High Ticket Global Import,NEW
2026-04-29,Global Premium Company 658,lead658@globalpremium658.com,Global,AI Growth,High Ticket Global Import,NEW
2026-04-29,Global Premium Company 659,lead659@globalpremium659.com,Global,AI Growth,High Ticket Global Import,NEW
2026-04-29,Global Premium Company 660,lead660@globalpremium660.com,Global,AI Growth,High Ticket Global Import,NEW
2026-04-29,Global Premium Company 661,lead661@globalpremium661.com,Global,AI Growth,High Ticket Global Import,NEW
2026-04-29,Global Premium Company 662,lead662@globalpremium662.com,Global,AI Growth,High Ticket Global Import,NEW
2026-04-29,Global Premium Company 663,lead663@globalpremium663.com,Global,AI Growth,High Ticket Global Import,NEW
2026-04-29,Global Premium Company 664,lead664@globalpremium664.com,Global,AI Growth,High Ticket Global Import,NEW
2026-04-29,Global Premium Company 665,lead665@globalpremium665.com,Global,AI Growth,High Ticket Global Import,NEW
2026-04-29,Global Premium Company 666,lead666@globalpremium666.com,Global,AI Growth,High Ticket Global Import,NEW
2026-04-29,Global Premium Company 667,lead667@globalpremium667.com,Global,AI Growth,High Ticket Global Import,NEW
2026-04-29,Global Premium Company 668,lead668@globalpremium668.com,Global,AI Growth,High Ticket Global Import,NEW
2026-04-29,Global Premium Company 669,lead669@globalpremium669.com,Global,AI Growth,High Ticket Global Import,NEW
2026-04-29,Global Premium Company 670,lead670@globalpremium670.com,Global,AI Growth,High Ticket Global Import,NEW
2026-04-29,Global Premium Company 671,lead671@globalpremium671.com,Global,AI Growth,High Ticket Global Import,NEW
2026-04-29,Global Premium Company 672,lead672@globalpremium672.com,Global,AI Growth,High Ticket Global Import,NEW
2026-04-29,Global Premium Company 673,lead673@globalpremium673.com,Global,AI Growth,High Ticket Global Import,NEW
2026-04-29,Global Premium Company 674,lead674@globalpremium674.com,Global,AI Growth,High Ticket Global Import,NEW
2026-04-29,Global Premium Company 675,lead675@globalpremium675.com,Global,AI Growth,High Ticket Global Import,NEW
2026-04-29,Global Premium Company 676,lead676@globalpremium676.com,Global,AI Growth,High Ticket Global Import,NEW
2026-04-29,Global Premium Company 677,lead677@globalpremium677.com,Global,AI Growth,High Ticket Global Import,NEW
2026-04-29,Global Premium Company 678,lead678@globalpremium678.com,Global,AI Growth,High Ticket Global Import,NEW
2026-04-29,Global Premium Company 679,lead679@globalpremium679.com,Global,AI Growth,High Ticket Global Import,NEW
2026-04-29,Global Premium Company 680,lead680@globalpremium680.com,Global,AI Growth,High Ticket Global Import,NEW
2026-04-29,Global Premium Company 681,lead681@globalpremium681.com,Global,AI Growth,High Ticket Global Import,NEW
2026-04-29,Global Premium Company 682,lead682@globalpremium682.com,Global,AI Growth,High Ticket Global Import,NEW
2026-04-29,Global Premium Company 683,lead683@globalpremium683.com,Global,AI Growth,High Ticket Global Import,NEW
2026-04-29,Global Premium Company 684,lead684@globalpremium684.com,Global,AI Growth,High Ticket Global Import,NEW
2026-04-29,Global Premium Company 685,lead685@globalpremium685.com,Global,AI Growth,High Ticket Global Import,NEW
2026-04-29,Global Premium Company 686,lead686@globalpremium686.com,Global,AI Growth,High Ticket Global Import,NEW
2026-04-29,Global Premium Company 687,lead687@globalpremium687.com,Global,AI Growth,High Ticket Global Import,NEW
2026-04-29,Global Premium Company 688,lead688@globalpremium688.com,Global,AI Growth,High Ticket Global Import,NEW
2026-04-29,Global Premium Company 689,lead689@globalpremium689.com,Global,AI Growth,High Ticket Global Import,NEW
2026-04-29,Global Premium Company 690,lead690@globalpremium690.com,Global,AI Growth,High Ticket Global Import,NEW
2026-04-29,Global Premium Company 691,lead691@globalpremium691.com,Global,AI Growth,High Ticket Global Import,NEW
2026-04-29,Global Premium Company 692,lead692@globalpremium692.com,Global,AI Growth,High Ticket Global Import,NEW
2026-04-29,Global Premium Company 693,lead693@globalpremium693.com,Global,AI Growth,High Ticket Global Import,NEW
2026-04-29,Global Premium Company 694,lead694@globalpremium694.com,Global,AI Growth,High Ticket Global Import,NEW
2026-04-29,Global Premium Company 695,lead695@globalpremium695.com,Global,AI Growth,High Ticket Global Import,NEW
2026-04-29,Global Premium Company 696,lead696@globalpremium696.com,Global,AI Growth,High Ticket Global Import,NEW
2026-04-29,Global Premium Company 697,lead697@globalpremium697.com,Global,AI Growth,High Ticket Global Import,NEW
2026-04-29,Global Premium Company 698,lead698@globalpremium698.com,Global,AI Growth,High Ticket Global Import,NEW
2026-04-29,Global Premium Company 699,lead699@globalpremium699.com,Global,AI Growth,High Ticket Global Import,NEW
2026-04-29,Global Premium Company 700,lead700@globalpremium700.com,Global,AI Growth,High Ticket Global Import,NEW
2026-04-29,Global Premium Company 701,lead701@globalpremium701.com,Global,AI Growth,High Ticket Global Import,NEW
2026-04-29,Global Premium Company 702,lead702@globalpremium702.com,Global,AI Growth,High Ticket Global Import,NEW
2026-04-29,Global Premium Company 703,lead703@globalpremium703.com,Global,AI Growth,High Ticket Global Import,NEW
2026-04-29,Global Premium Company 704,lead704@globalpremium704.com,Global,AI Growth,High Ticket Global Import,NEW
2026-04-29,Global Premium Company 705,lead705@globalpremium705.com,Global,AI Growth,High Ticket Global Import,NEW
2026-04-29,Global Premium Company 706,lead706@globalpremium706.com,Global,AI Growth,High Ticket Global Import,NEW
2026-04-29,Global Premium Company 707,lead707@globalpremium707.com,Global,AI Growth,High Ticket Global Import,NEW
2026-04-29,Global Premium Company 708,lead708@globalpremium708.com,Global,AI Growth,High Ticket Global Import,NEW
2026-04-29,Global Premium Company 709,lead709@globalpremium709.com,Global,AI Growth,High Ticket Global Import,NEW
2026-04-29,Global Premium Company 710,lead710@globalpremium710.com,Global,AI Growth,High Ticket Global Import,NEW
2026-04-29,Global Premium Company 711,lead711@globalpremium711.com,Global,AI Growth,High Ticket Global Import,NEW
2026-04-29,Global Premium Company 712,lead712@globalpremium712.com,Global,AI Growth,High Ticket Global Import,NEW
2026-04-29,Global Premium Company 713,lead713@globalpremium713.com,Global,AI Growth,High Ticket Global Import,NEW
2026-04-29,Global Premium Company 714,lead714@globalpremium714.com,Global,AI Growth,High Ticket Global Import,NEW
2026-04-29,Global Premium Company 715,lead715@globalpremium715.com,Global,AI Growth,High Ticket Global Import,NEW
2026-04-29,Global Premium Company 716,lead716@globalpremium716.com,Global,AI Growth,High Ticket Global Import,NEW
2026-04-29,Global Premium Company 717,lead717@globalpremium717.com,Global,AI Growth,High Ticket Global Import,NEW
2026-04-29,Global Premium Company 718,lead718@globalpremium718.com,Global,AI Growth,High Ticket Global Import,NEW
2026-04-29,Global Premium Company 719,lead719@globalpremium719.com,Global,AI Growth,High Ticket Global Import,NEW
2026-04-29,Global Premium Company 720,lead720@globalpremium720.com,Global,AI Growth,High Ticket Global Import,NEW
2026-04-29,Global Premium Company 721,lead721@globalpremium721.com,Global,AI Growth,High Ticket Global Import,NEW
2026-04-29,Global Premium Company 722,lead722@globalpremium722.com,Global,AI Growth,High Ticket Global Import,NEW
2026-04-29,Global Premium Company 723,lead723@globalpremium723.com,Global,AI Growth,High Ticket Global Import,NEW
2026-04-29,Global Premium Company 724,lead724@globalpremium724.com,Global,AI Growth,High Ticket Global Import,NEW
2026-04-29,Global Premium Company 725,lead725@globalpremium725.com,Global,AI Growth,High Ticket Global Import,NEW
2026-04-29,Global Premium Company 726,lead726@globalpremium726.com,Global,AI Growth,High Ticket Global Import,NEW
2026-04-29,Global Premium Company 727,lead727@globalpremium727.com,Global,AI Growth,High Ticket Global Import,NEW
2026-04-29,Global Premium Company 728,lead728@globalpremium728.com,Global,AI Growth,High Ticket Global Import,NEW
2026-04-29,Global Premium Company 729,lead729@globalpremium729.com,Global,AI Growth,High Ticket Global Import,NEW
2026-04-29,Global Premium Company 730,lead730@globalpremium730.com,Global,AI Growth,High Ticket Global Import,NEW
2026-04-29,Global Premium Company 731,lead731@globalpremium731.com,Global,AI Growth,High Ticket Global Import,NEW
2026-04-29,Global Premium Company 732,lead732@globalpremium732.com,Global,AI Growth,High Ticket Global Import,NEW
2026-04-29,Global Premium Company 733,lead733@globalpremium733.com,Global,AI Growth,High Ticket Global Import,NEW
2026-04-29,Global Premium Company 734,lead734@globalpremium734.com,Global,AI Growth,High Ticket Global Import,NEW
2026-04-29,Global Premium Company 735,lead735@globalpremium735.com,Global,AI Growth,High Ticket Global Import,NEW
2026-04-29,Global Premium Company 736,lead736@globalpremium736.com,Global,AI Growth,High Ticket Global Import,NEW
2026-04-29,Global Premium Company 737,lead737@globalpremium737.com,Global,AI Growth,High Ticket Global Import,NEW
2026-04-29,Global Premium Company 738,lead738@globalpremium738.com,Global,AI Growth,High Ticket Global Import,NEW
2026-04-29,Global Premium Company 739,lead739@globalpremium739.com,Global,AI Growth,High Ticket Global Import,NEW
2026-04-29,Global Premium Company 740,lead740@globalpremium740.com,Global,AI Growth,High Ticket Global Import,NEW
2026-04-29,Global Premium Company 741,lead741@globalpremium741.com,Global,AI Growth,High Ticket Global Import,NEW
2026-04-29,Global Premium Company 742,lead742@globalpremium742.com,Global,AI Growth,High Ticket Global Import,NEW
2026-04-29,Global Premium Company 743,lead743@globalpremium743.com,Global,AI Growth,High Ticket Global Import,NEW
2026-04-29,Global Premium Company 744,lead744@globalpremium744.com,Global,AI Growth,High Ticket Global Import,NEW
2026-04-29,Global Premium Company 745,lead745@globalpremium745.com,Global,AI Growth,High Ticket Global Import,NEW
2026-04-29,Global Premium Company 746,lead746@globalpremium746.com,Global,AI Growth,High Ticket Global Import,NEW
2026-04-29,Global Premium Company 747,lead747@globalpremium747.com,Global,AI Growth,High Ticket Global Import,NEW
2026-04-29,Global Premium Company 748,lead748@globalpremium748.com,Global,AI Growth,High Ticket Global Import,NEW
2026-04-29,Global Premium Company 749,lead749@globalpremium749.com,Global,AI Growth,High Ticket Global Import,NEW
2026-04-29,Global Premium Company 750,lead750@globalpremium750.com,Global,AI Growth,High Ticket Global Import,NEW
2026-04-29,Global Premium Company 751,lead751@globalpremium751.com,Global,AI Growth,High Ticket Global Import,NEW
2026-04-29,Global Premium Company 752,lead752@globalpremium752.com,Global,AI Growth,High Ticket Global Import,NEW
2026-04-29,Global Premium Company 753,lead753@globalpremium753.com,Global,AI Growth,High Ticket Global Import,NEW
2026-04-29,Global Premium Company 754,lead754@globalpremium754.com,Global,AI Growth,High Ticket Global Import,NEW
2026-04-29,Global Premium Company 755,lead755@globalpremium755.com,Global,AI Growth,High Ticket Global Import,NEW
2026-04-29,Global Premium Company 756,lead756@globalpremium756.com,Global,AI Growth,High Ticket Global Import,NEW
2026-04-29,Global Premium Company 757,lead757@globalpremium757.com,Global,AI Growth,High Ticket Global Import,NEW
2026-04-29,Global Premium Company 758,lead758@globalpremium758.com,Global,AI Growth,High Ticket Global Import,NEW
2026-04-29,Global Premium Company 759,lead759@globalpremium759.com,Global,AI Growth,High Ticket Global Import,NEW
2026-04-29,Global Premium Company 760,lead760@globalpremium760.com,Global,AI Growth,High Ticket Global Import,NEW
2026-04-29,Global Premium Company 761,lead761@globalpremium761.com,Global,AI Growth,High Ticket Global Import,NEW
2026-04-29,Global Premium Company 762,lead762@globalpremium762.com,Global,AI Growth,High Ticket Global Import,NEW
2026-04-29,Global Premium Company 763,lead763@globalpremium763.com,Global,AI Growth,High Ticket Global Import,NEW
2026-04-29,Global Premium Company 764,lead764@globalpremium764.com,Global,AI Growth,High Ticket Global Import,NEW
2026-04-29,Global Premium Company 765,lead765@globalpremium765.com,Global,AI Growth,High Ticket Global Import,NEW
2026-04-29,Global Premium Company 766,lead766@globalpremium766.com,Global,AI Growth,High Ticket Global Import,NEW
2026-04-29,Global Premium Company 767,lead767@globalpremium767.com,Global,AI Growth,High Ticket Global Import,NEW
2026-04-29,Global Premium Company 768,lead768@globalpremium768.com,Global,AI Growth,High Ticket Global Import,NEW
2026-04-29,Global Premium Company 769,lead769@globalpremium769.com,Global,AI Growth,High Ticket Global Import,NEW
2026-04-29,Global Premium Company 770,lead770@globalpremium770.com,Global,AI Growth,High Ticket Global Import,NEW
2026-04-29,Global Premium Company 771,lead771@globalpremium771.com,Global,AI Growth,High Ticket Global Import,NEW
2026-04-29,Global Premium Company 772,lead772@globalpremium772.com,Global,AI Growth,High Ticket Global Import,NEW
2026-04-29,Global Premium Company 773,lead773@globalpremium773.com,Global,AI Growth,High Ticket Global Import,NEW
2026-04-29,Global Premium Company 774,lead774@globalpremium774.com,Global,AI Growth,High Ticket Global Import,NEW
2026-04-29,Global Premium Company 775,lead775@globalpremium775.com,Global,AI Growth,High Ticket Global Import,NEW
2026-04-29,Global Premium Company 776,lead776@globalpremium776.com,Global,AI Growth,High Ticket Global Import,NEW
2026-04-29,Global Premium Company 777,lead777@globalpremium777.com,Global,AI Growth,High Ticket Global Import,NEW
2026-04-29,Global Premium Company 778,lead778@globalpremium778.com,Global,AI Growth,High Ticket Global Import,NEW
2026-04-29,Global Premium Company 779,lead779@globalpremium779.com,Global,AI Growth,High Ticket Global Import,NEW
2026-04-29,Global Premium Company 780,lead780@globalpremium780.com,Global,AI Growth,High Ticket Global Import,NEW
2026-04-29,Global Premium Company 781,lead781@globalpremium781.com,Global,AI Growth,High Ticket Global Import,NEW
2026-04-29,Global Premium Company 782,lead782@globalpremium782.com,Global,AI Growth,High Ticket Global Import,NEW
2026-04-29,Global Premium Company 783,lead783@globalpremium783.com,Global,AI Growth,High Ticket Global Import,NEW
2026-04-29,Global Premium Company 784,lead784@globalpremium784.com,Global,AI Growth,High Ticket Global Import,NEW
2026-04-29,Global Premium Company 785,lead785@globalpremium785.com,Global,AI Growth,High Ticket Global Import,NEW
2026-04-29,Global Premium Company 786,lead786@globalpremium786.com,Global,AI Growth,High Ticket Global Import,NEW
2026-04-29,Global Premium Company 787,lead787@globalpremium787.com,Global,AI Growth,High Ticket Global Import,NEW
2026-04-29,Global Premium Company 788,lead788@globalpremium788.com,Global,AI Growth,High Ticket Global Import,NEW
2026-04-29,Global Premium Company 789,lead789@globalpremium789.com,Global,AI Growth,High Ticket Global Import,NEW
2026-04-29,Global Premium Company 790,lead790@globalpremium790.com,Global,AI Growth,High Ticket Global Import,NEW
2026-04-29,Global Premium Company 791,lead791@globalpremium791.com,Global,AI Growth,High Ticket Global Import,NEW
2026-04-29,Global Premium Company 792,lead792@globalpremium792.com,Global,AI Growth,High Ticket Global Import,NEW
2026-04-29,Global Premium Company 793,lead793@globalpremium793.com,Global,AI Growth,High Ticket Global Import,NEW
2026-04-29,Global Premium Company 794,lead794@globalpremium794.com,Global,AI Growth,High Ticket Global Import,NEW
2026-04-29,Global Premium Company 795,lead795@globalpremium795.com,Global,AI Growth,High Ticket Global Import,NEW
2026-04-29,Global Premium Company 796,lead796@globalpremium796.com,Global,AI Growth,High Ticket Global Import,NEW
2026-04-29,Global Premium Company 797,lead797@globalpremium797.com,Global,AI Growth,High Ticket Global Import,NEW
2026-04-29,Global Premium Company 798,lead798@globalpremium798.com,Global,AI Growth,High Ticket Global Import,NEW
2026-04-29,Global Premium Company 799,lead799@globalpremium799.com,Global,AI Growth,High Ticket Global Import,NEW
2026-04-29,Global Premium Company 800,lead800@globalpremium800.com,Global,AI Growth,High Ticket Global Import,NEW
2026-04-29,Global Premium Company 801,lead801@globalpremium801.com,Global,AI Growth,High Ticket Global Import,NEW
2026-04-29,Global Premium Company 802,lead802@globalpremium802.com,Global,AI Growth,High Ticket Global Import,NEW
2026-04-29,Global Premium Company 803,lead803@globalpremium803.com,Global,AI Growth,High Ticket Global Import,NEW
2026-04-29,Global Premium Company 804,lead804@globalpremium804.com,Global,AI Growth,High Ticket Global Import,NEW
2026-04-29,Global Premium Company 805,lead805@globalpremium805.com,Global,AI Growth,High Ticket Global Import,NEW
2026-04-29,Global Premium Company 806,lead806@globalpremium806.com,Global,AI Growth,High Ticket Global Import,NEW
2026-04-29,Global Premium Company 807,lead807@globalpremium807.com,Global,AI Growth,High Ticket Global Import,NEW
2026-04-29,Global Premium Company 808,lead808@globalpremium808.com,Global,AI Growth,High Ticket Global Import,NEW
2026-04-29,Global Premium Company 809,lead809@globalpremium809.com,Global,AI Growth,High Ticket Global Import,NEW
2026-04-29,Global Premium Company 810,lead810@globalpremium810.com,Global,AI Growth,High Ticket Global Import,NEW
2026-04-29,Global Premium Company 811,lead811@globalpremium811.com,Global,AI Growth,High Ticket Global Import,NEW
2026-04-29,Global Premium Company 812,lead812@globalpremium812.com,Global,AI Growth,High Ticket Global Import,NEW
2026-04-29,Global Premium Company 813,lead813@globalpremium813.com,Global,AI Growth,High Ticket Global Import,NEW
2026-04-29,Global Premium Company 814,lead814@globalpremium814.com,Global,AI Growth,High Ticket Global Import,NEW
2026-04-29,Global Premium Company 815,lead815@globalpremium815.com,Global,AI Growth,High Ticket Global Import,NEW
2026-04-29,Global Premium Company 816,lead816@globalpremium816.com,Global,AI Growth,High Ticket Global Import,NEW
2026-04-29,Global Premium Company 817,lead817@globalpremium817.com,Global,AI Growth,High Ticket Global Import,NEW
2026-04-29,Global Premium Company 818,lead818@globalpremium818.com,Global,AI Growth,High Ticket Global Import,NEW
2026-04-29,Global Premium Company 819,lead819@globalpremium819.com,Global,AI Growth,High Ticket Global Import,NEW
2026-04-29,Global Premium Company 820,lead820@globalpremium820.com,Global,AI Growth,High Ticket Global Import,NEW
2026-04-29,Global Premium Company 821,lead821@globalpremium821.com,Global,AI Growth,High Ticket Global Import,NEW
2026-04-29,Global Premium Company 822,lead822@globalpremium822.com,Global,AI Growth,High Ticket Global Import,NEW
2026-04-29,Global Premium Company 823,lead823@globalpremium823.com,Global,AI Growth,High Ticket Global Import,NEW
2026-04-29,Global Premium Company 824,lead824@globalpremium824.com,Global,AI Growth,High Ticket Global Import,NEW
2026-04-29,Global Premium Company 825,lead825@globalpremium825.com,Global,AI Growth,High Ticket Global Import,NEW
2026-04-29,Global Premium Company 826,lead826@globalpremium826.com,Global,AI Growth,High Ticket Global Import,NEW
2026-04-29,Global Premium Company 827,lead827@globalpremium827.com,Global,AI Growth,High Ticket Global Import,NEW
2026-04-29,Global Premium Company 828,lead828@globalpremium828.com,Global,AI Growth,High Ticket Global Import,NEW
2026-04-29,Global Premium Company 829,lead829@globalpremium829.com,Global,AI Growth,High Ticket Global Import,NEW
2026-04-29,Global Premium Company 830,lead830@globalpremium830.com,Global,AI Growth,High Ticket Global Import,NEW
2026-04-29,Global Premium Company 831,lead831@globalpremium831.com,Global,AI Growth,High Ticket Global Import,NEW
2026-04-29,Global Premium Company 832,lead832@globalpremium832.com,Global,AI Growth,High Ticket Global Import,NEW
2026-04-29,Global Premium Company 833,lead833@globalpremium833.com,Global,AI Growth,High Ticket Global Import,NEW
2026-04-29,Global Premium Company 834,lead834@globalpremium834.com,Global,AI Growth,High Ticket Global Import,NEW
2026-04-29,Global Premium Company 835,lead835@globalpremium835.com,Global,AI Growth,High Ticket Global Import,NEW
2026-04-29,Global Premium Company 836,lead836@globalpremium836.com,Global,AI Growth,High Ticket Global Import,NEW
2026-04-29,Global Premium Company 837,lead837@globalpremium837.com,Global,AI Growth,High Ticket Global Import,NEW
2026-04-29,Global Premium Company 838,lead838@globalpremium838.com,Global,AI Growth,High Ticket Global Import,NEW
2026-04-29,Global Premium Company 839,lead839@globalpremium839.com,Global,AI Growth,High Ticket Global Import,NEW
2026-04-29,Global Premium Company 840,lead840@globalpremium840.com,Global,AI Growth,High Ticket Global Import,NEW
2026-04-29,Global Premium Company 841,lead841@globalpremium841.com,Global,AI Growth,High Ticket Global Import,NEW
2026-04-29,Global Premium Company 842,lead842@globalpremium842.com,Global,AI Growth,High Ticket Global Import,NEW
2026-04-29,Global Premium Company 843,lead843@globalpremium843.com,Global,AI Growth,High Ticket Global Import,NEW
2026-04-29,Global Premium Company 844,lead844@globalpremium844.com,Global,AI Growth,High Ticket Global Import,NEW
2026-04-29,Global Premium Company 845,lead845@globalpremium845.com,Global,AI Growth,High Ticket Global Import,NEW
2026-04-29,Global Premium Company 846,lead846@globalpremium846.com,Global,AI Growth,High Ticket Global Import,NEW
2026-04-29,Global Premium Company 847,lead847@globalpremium847.com,Global,AI Growth,High Ticket Global Import,NEW
2026-04-29,Global Premium Company 848,lead848@globalpremium848.com,Global,AI Growth,High Ticket Global Import,NEW
2026-04-29,Global Premium Company 849,lead849@globalpremium849.com,Global,AI Growth,High Ticket Global Import,NEW
2026-04-29,Global Premium Company 850,lead850@globalpremium850.com,Global,AI Growth,High Ticket Global Import,NEW
2026-04-29,Global Premium Company 851,lead851@globalpremium851.com,Global,AI Growth,High Ticket Global Import,NEW
2026-04-29,Global Premium Company 852,lead852@globalpremium852.com,Global,AI Growth,High Ticket Global Import,NEW
2026-04-29,Global Premium Company 853,lead853@globalpremium853.com,Global,AI Growth,High Ticket Global Import,NEW
2026-04-29,Global Premium Company 854,lead854@globalpremium854.com,Global,AI Growth,High Ticket Global Import,NEW
2026-04-29,Global Premium Company 855,lead855@globalpremium855.com,Global,AI Growth,High Ticket Global Import,NEW
2026-04-29,Global Premium Company 856,lead856@globalpremium856.com,Global,AI Growth,High Ticket Global Import,NEW
2026-04-29,Global Premium Company 857,lead857@globalpremium857.com,Global,AI Growth,High Ticket Global Import,NEW
2026-04-29,Global Premium Company 858,lead858@globalpremium858.com,Global,AI Growth,High Ticket Global Import,NEW
2026-04-29,Global Premium Company 859,lead859@globalpremium859.com,Global,AI Growth,High Ticket Global Import,NEW
2026-04-29,Global Premium Company 860,lead860@globalpremium860.com,Global,AI Growth,High Ticket Global Import,NEW
2026-04-29,Global Premium Company 861,lead861@globalpremium861.com,Global,AI Growth,High Ticket Global Import,NEW
2026-04-29,Global Premium Company 862,lead862@globalpremium862.com,Global,AI Growth,High Ticket Global Import,NEW
2026-04-29,Global Premium Company 863,lead863@globalpremium863.com,Global,AI Growth,High Ticket Global Import,NEW
2026-04-29,Global Premium Company 864,lead864@globalpremium864.com,Global,AI Growth,High Ticket Global Import,NEW
2026-04-29,Global Premium Company 865,lead865@globalpremium865.com,Global,AI Growth,High Ticket Global Import,NEW
2026-04-29,Global Premium Company 866,lead866@globalpremium866.com,Global,AI Growth,High Ticket Global Import,NEW
2026-04-29,Global Premium Company 867,lead867@globalpremium867.com,Global,AI Growth,High Ticket Global Import,NEW
2026-04-29,Global Premium Company 868,lead868@globalpremium868.com,Global,AI Growth,High Ticket Global Import,NEW
2026-04-29,Global Premium Company 869,lead869@globalpremium869.com,Global,AI Growth,High Ticket Global Import,NEW
2026-04-29,Global Premium Company 870,lead870@globalpremium870.com,Global,AI Growth,High Ticket Global Import,NEW
2026-04-29,Global Premium Company 871,lead871@globalpremium871.com,Global,AI Growth,High Ticket Global Import,NEW
2026-04-29,Global Premium Company 872,lead872@globalpremium872.com,Global,AI Growth,High Ticket Global Import,NEW
2026-04-29,Global Premium Company 873,lead873@globalpremium873.com,Global,AI Growth,High Ticket Global Import,NEW
2026-04-29,Global Premium Company 874,lead874@globalpremium874.com,Global,AI Growth,High Ticket Global Import,NEW
2026-04-29,Global Premium Company 875,lead875@globalpremium875.com,Global,AI Growth,High Ticket Global Import,NEW
2026-04-29,Global Premium Company 876,lead876@globalpremium876.com,Global,AI Growth,High Ticket Global Import,NEW
2026-04-29,Global Premium Company 877,lead877@globalpremium877.com,Global,AI Growth,High Ticket Global Import,NEW
2026-04-29,Global Premium Company 878,lead878@globalpremium878.com,Global,AI Growth,High Ticket Global Import,NEW
2026-04-29,Global Premium Company 879,lead879@globalpremium879.com,Global,AI Growth,High Ticket Global Import,NEW
2026-04-29,Global Premium Company 880,lead880@globalpremium880.com,Global,AI Growth,High Ticket Global Import,NEW
2026-04-29,Global Premium Company 881,lead881@globalpremium881.com,Global,AI Growth,High Ticket Global Import,NEW
2026-04-29,Global Premium Company 882,lead882@globalpremium882.com,Global,AI Growth,High Ticket Global Import,NEW
2026-04-29,Global Premium Company 883,lead883@globalpremium883.com,Global,AI Growth,High Ticket Global Import,NEW
2026-04-29,Global Premium Company 884,lead884@globalpremium884.com,Global,AI Growth,High Ticket Global Import,NEW
2026-04-29,Global Premium Company 885,lead885@globalpremium885.com,Global,AI Growth,High Ticket Global Import,NEW
2026-04-29,Global Premium Company 886,lead886@globalpremium886.com,Global,AI Growth,High Ticket Global Import,NEW
2026-04-29,Global Premium Company 887,lead887@globalpremium887.com,Global,AI Growth,High Ticket Global Import,NEW
2026-04-29,Global Premium Company 888,lead888@globalpremium888.com,Global,AI Growth,High Ticket Global Import,NEW
2026-04-29,Global Premium Company 889,lead889@globalpremium889.com,Global,AI Growth,High Ticket Global Import,NEW
2026-04-29,Global Premium Company 890,lead890@globalpremium890.com,Global,AI Growth,High Ticket Global Import,NEW
2026-04-29,Global Premium Company 891,lead891@globalpremium891.com,Global,AI Growth,High Ticket Global Import,NEW
2026-04-29,Global Premium Company 892,lead892@globalpremium892.com,Global,AI Growth,High Ticket Global Import,NEW
2026-04-29,Global Premium Company 893,lead893@globalpremium893.com,Global,AI Growth,High Ticket Global Import,NEW
2026-04-29,Global Premium Company 894,lead894@globalpremium894.com,Global,AI Growth,High Ticket Global Import,NEW
2026-04-29,Global Premium Company 895,lead895@globalpremium895.com,Global,AI Growth,High Ticket Global Import,NEW
2026-04-29,Global Premium Company 896,lead896@globalpremium896.com,Global,AI Growth,High Ticket Global Import,NEW
2026-04-29,Global Premium Company 897,lead897@globalpremium897.com,Global,AI Growth,High Ticket Global Import,NEW
2026-04-29,Global Premium Company 898,lead898@globalpremium898.com,Global,AI Growth,High Ticket Global Import,NEW
2026-04-29,Global Premium Company 899,lead899@globalpremium899.com,Global,AI Growth,High Ticket Global Import,NEW
2026-04-29,Global Premium Company 900,lead900@globalpremium900.com,Global,AI Growth,High Ticket Global Import,NEW
2026-04-29,Global Premium Company 901,lead901@globalpremium901.com,Global,AI Growth,High Ticket Global Import,NEW
2026-04-29,Global Premium Company 902,lead902@globalpremium902.com,Global,AI Growth,High Ticket Global Import,NEW
2026-04-29,Global Premium Company 903,lead903@globalpremium903.com,Global,AI Growth,High Ticket Global Import,NEW
2026-04-29,Global Premium Company 904,lead904@globalpremium904.com,Global,AI Growth,High Ticket Global Import,NEW
2026-04-29,Global Premium Company 905,lead905@globalpremium905.com,Global,AI Growth,High Ticket Global Import,NEW
2026-04-29,Global Premium Company 906,lead906@globalpremium906.com,Global,AI Growth,High Ticket Global Import,NEW
2026-04-29,Global Premium Company 907,lead907@globalpremium907.com,Global,AI Growth,High Ticket Global Import,NEW
2026-04-29,Global Premium Company 908,lead908@globalpremium908.com,Global,AI Growth,High Ticket Global Import,NEW
2026-04-29,Global Premium Company 909,lead909@globalpremium909.com,Global,AI Growth,High Ticket Global Import,NEW
2026-04-29,Global Premium Company 910,lead910@globalpremium910.com,Global,AI Growth,High Ticket Global Import,NEW
2026-04-29,Global Premium Company 911,lead911@globalpremium911.com,Global,AI Growth,High Ticket Global Import,NEW
2026-04-29,Global Premium Company 912,lead912@globalpremium912.com,Global,AI Growth,High Ticket Global Import,NEW
2026-04-29,Global Premium Company 913,lead913@globalpremium913.com,Global,AI Growth,High Ticket Global Import,NEW
2026-04-29,Global Premium Company 914,lead914@globalpremium914.com,Global,AI Growth,High Ticket Global Import,NEW
2026-04-29,Global Premium Company 915,lead915@globalpremium915.com,Global,AI Growth,High Ticket Global Import,NEW
2026-04-29,Global Premium Company 916,lead916@globalpremium916.com,Global,AI Growth,High Ticket Global Import,NEW
2026-04-29,Global Premium Company 917,lead917@globalpremium917.com,Global,AI Growth,High Ticket Global Import,NEW
2026-04-29,Global Premium Company 918,lead918@globalpremium918.com,Global,AI Growth,High Ticket Global Import,NEW
2026-04-29,Global Premium Company 919,lead919@globalpremium919.com,Global,AI Growth,High Ticket Global Import,NEW
2026-04-29,Global Premium Company 920,lead920@globalpremium920.com,Global,AI Growth,High Ticket Global Import,NEW
2026-04-29,Global Premium Company 921,lead921@globalpremium921.com,Global,AI Growth,High Ticket Global Import,NEW
2026-04-29,Global Premium Company 922,lead922@globalpremium922.com,Global,AI Growth,High Ticket Global Import,NEW
2026-04-29,Global Premium Company 923,lead923@globalpremium923.com,Global,AI Growth,High Ticket Global Import,NEW
2026-04-29,Global Premium Company 924,lead924@globalpremium924.com,Global,AI Growth,High Ticket Global Import,NEW
2026-04-29,Global Premium Company 925,lead925@globalpremium925.com,Global,AI Growth,High Ticket Global Import,NEW
2026-04-29,Global Premium Company 926,lead926@globalpremium926.com,Global,AI Growth,High Ticket Global Import,NEW
2026-04-29,Global Premium Company 927,lead927@globalpremium927.com,Global,AI Growth,High Ticket Global Import,NEW
2026-04-29,Global Premium Company 928,lead928@globalpremium928.com,Global,AI Growth,High Ticket Global Import,NEW
2026-04-29,Global Premium Company 929,lead929@globalpremium929.com,Global,AI Growth,High Ticket Global Import,NEW
2026-04-29,Global Premium Company 930,lead930@globalpremium930.com,Global,AI Growth,High Ticket Global Import,NEW
2026-04-29,Global Premium Company 931,lead931@globalpremium931.com,Global,AI Growth,High Ticket Global Import,NEW
2026-04-29,Global Premium Company 932,lead932@globalpremium932.com,Global,AI Growth,High Ticket Global Import,NEW
2026-04-29,Global Premium Company 933,lead933@globalpremium933.com,Global,AI Growth,High Ticket Global Import,NEW
2026-04-29,Global Premium Company 934,lead934@globalpremium934.com,Global,AI Growth,High Ticket Global Import,NEW
2026-04-29,Global Premium Company 935,lead935@globalpremium935.com,Global,AI Growth,High Ticket Global Import,NEW
2026-04-29,Global Premium Company 936,lead936@globalpremium936.com,Global,AI Growth,High Ticket Global Import,NEW
2026-04-29,Global Premium Company 937,lead937@globalpremium937.com,Global,AI Growth,High Ticket Global Import,NEW
2026-04-29,Global Premium Company 938,lead938@globalpremium938.com,Global,AI Growth,High Ticket Global Import,NEW
2026-04-29,Global Premium Company 939,lead939@globalpremium939.com,Global,AI Growth,High Ticket Global Import,NEW
2026-04-29,Global Premium Company 940,lead940@globalpremium940.com,Global,AI Growth,High Ticket Global Import,NEW
2026-04-29,Global Premium Company 941,lead941@globalpremium941.com,Global,AI Growth,High Ticket Global Import,NEW
2026-04-29,Global Premium Company 942,lead942@globalpremium942.com,Global,AI Growth,High Ticket Global Import,NEW
2026-04-29,Global Premium Company 943,lead943@globalpremium943.com,Global,AI Growth,High Ticket Global Import,NEW
2026-04-29,Global Premium Company 944,lead944@globalpremium944.com,Global,AI Growth,High Ticket Global Import,NEW
2026-04-29,Global Premium Company 945,lead945@globalpremium945.com,Global,AI Growth,High Ticket Global Import,NEW
2026-04-29,Global Premium Company 946,lead946@globalpremium946.com,Global,AI Growth,High Ticket Global Import,NEW
2026-04-29,Global Premium Company 947,lead947@globalpremium947.com,Global,AI Growth,High Ticket Global Import,NEW
2026-04-29,Global Premium Company 948,lead948@globalpremium948.com,Global,AI Growth,High Ticket Global Import,NEW
2026-04-29,Global Premium Company 949,lead949@globalpremium949.com,Global,AI Growth,High Ticket Global Import,NEW
2026-04-29,Global Premium Company 950,lead950@globalpremium950.com,Global,AI Growth,High Ticket Global Import,NEW
2026-04-29,Global Premium Company 951,lead951@globalpremium951.com,Global,AI Growth,High Ticket Global Import,NEW
2026-04-29,Global Premium Company 952,lead952@globalpremium952.com,Global,AI Growth,High Ticket Global Import,NEW
2026-04-29,Global Premium Company 953,lead953@globalpremium953.com,Global,AI Growth,High Ticket Global Import,NEW
2026-04-29,Global Premium Company 954,lead954@globalpremium954.com,Global,AI Growth,High Ticket Global Import,NEW
2026-04-29,Global Premium Company 955,lead955@globalpremium955.com,Global,AI Growth,High Ticket Global Import,NEW
2026-04-29,Global Premium Company 956,lead956@globalpremium956.com,Global,AI Growth,High Ticket Global Import,NEW
2026-04-29,Global Premium Company 957,lead957@globalpremium957.com,Global,AI Growth,High Ticket Global Import,NEW
2026-04-29,Global Premium Company 958,lead958@globalpremium958.com,Global,AI Growth,High Ticket Global Import,NEW
2026-04-29,Global Premium Company 959,lead959@globalpremium959.com,Global,AI Growth,High Ticket Global Import,NEW
2026-04-29,Global Premium Company 960,lead960@globalpremium960.com,Global,AI Growth,High Ticket Global Import,NEW
2026-04-29,Global Premium Company 961,lead961@globalpremium961.com,Global,AI Growth,High Ticket Global Import,NEW
2026-04-29,Global Premium Company 962,lead962@globalpremium962.com,Global,AI Growth,High Ticket Global Import,NEW
2026-04-29,Global Premium Company 963,lead963@globalpremium963.com,Global,AI Growth,High Ticket Global Import,NEW
2026-04-29,Global Premium Company 964,lead964@globalpremium964.com,Global,AI Growth,High Ticket Global Import,NEW
2026-04-29,Global Premium Company 965,lead965@globalpremium965.com,Global,AI Growth,High Ticket Global Import,NEW
2026-04-29,Global Premium Company 966,lead966@globalpremium966.com,Global,AI Growth,High Ticket Global Import,NEW
2026-04-29,Global Premium Company 967,lead967@globalpremium967.com,Global,AI Growth,High Ticket Global Import,NEW
2026-04-29,Global Premium Company 968,lead968@globalpremium968.com,Global,AI Growth,High Ticket Global Import,NEW
2026-04-29,Global Premium Company 969,lead969@globalpremium969.com,Global,AI Growth,High Ticket Global Import,NEW
2026-04-29,Global Premium Company 970,lead970@globalpremium970.com,Global,AI Growth,High Ticket Global Import,NEW
2026-04-29,Global Premium Company 971,lead971@globalpremium971.com,Global,AI Growth,High Ticket Global Import,NEW
2026-04-29,Global Premium Company 972,lead972@globalpremium972.com,Global,AI Growth,High Ticket Global Import,NEW
2026-04-29,Global Premium Company 973,lead973@globalpremium973.com,Global,AI Growth,High Ticket Global Import,NEW
2026-04-29,Global Premium Company 974,lead974@globalpremium974.com,Global,AI Growth,High Ticket Global Import,NEW
2026-04-29,Global Premium Company 975,lead975@globalpremium975.com,Global,AI Growth,High Ticket Global Import,NEW
2026-04-29,Global Premium Company 976,lead976@globalpremium976.com,Global,AI Growth,High Ticket Global Import,NEW
2026-04-29,Global Premium Company 977,lead977@globalpremium977.com,Global,AI Growth,High Ticket Global Import,NEW
2026-04-29,Global Premium Company 978,lead978@globalpremium978.com,Global,AI Growth,High Ticket Global Import,NEW
2026-04-29,Global Premium Company 979,lead979@globalpremium979.com,Global,AI Growth,High Ticket Global Import,NEW
2026-04-29,Global Premium Company 980,lead980@globalpremium980.com,Global,AI Growth,High Ticket Global Import,NEW
