Created,Company,Email,Niche,City,Country,Status,Notes
2026-04-29 19:04:38.735558,Dubai Law Firm Group 1,info@dubailawfirmgroup1.ae,Law Firm,Dubai,UAE,NEW,Needs outreach
2026-04-29 19:04:38.752364,Dubai Law Firm Group 2,info@dubailawfirmgroup2.ae,Law Firm,Dubai,UAE,NEW,Needs outreach
2026-04-29 19:04:38.765537,Dubai Dentist Group 3,info@dubaidentistgroup3.ae,Dentist,Dubai,UAE,NEW,Needs outreach
2026-04-29 19:04:38.781602,Dubai Med Spa Group 4,info@dubaimedspagroup4.ae,Med Spa,Dubai,UAE,NEW,Needs outreach
2026-04-29 19:04:38.797110,Dubai Law Firm Group 5,info@dubailawfirmgroup5.ae,Law Firm,Dubai,UAE,NEW,Needs outreach
2026-04-29 19:04:38.812698,Dubai Ecommerce Group 6,info@dubaiecommercegrou.ae,Ecommerce,Dubai,UAE,NEW,Needs outreach
2026-04-29 19:04:38.826349,Dubai Ecommerce Group 7,info@dubaiecommercegrou.ae,Ecommerce,Dubai,UAE,NEW,Needs outreach
2026-04-29 19:04:38.842928,Dubai Law Firm Group 8,info@dubailawfirmgroup8.ae,Law Firm,Dubai,UAE,NEW,Needs outreach
2026-04-29 19:04:38.861005,Dubai Law Firm Group 9,info@dubailawfirmgroup9.ae,Law Firm,Dubai,UAE,NEW,Needs outreach
2026-04-29 19:04:38.876678,Dubai Med Spa Group 10,info@dubaimedspagroup10.ae,Med Spa,Dubai,UAE,NEW,Needs outreach
2026-04-29 19:04:38.892309,Dubai Med Spa Group 11,info@dubaimedspagroup11.ae,Med Spa,Dubai,UAE,NEW,Needs outreach
2026-04-29 19:04:38.906732,Dubai Ecommerce Group 12,info@dubaiecommercegrou.ae,Ecommerce,Dubai,UAE,NEW,Needs outreach
2026-04-29 19:04:38.923049,Dubai Accounting Group 13,info@dubaiaccountinggro.ae,Accounting,Dubai,UAE,NEW,Needs outreach
2026-04-29 19:04:38.937989,Dubai Accounting Group 14,info@dubaiaccountinggro.ae,Accounting,Dubai,UAE,NEW,Needs outreach
2026-04-29 19:04:38.953965,Dubai Accounting Group 15,info@dubaiaccountinggro.ae,Accounting,Dubai,UAE,NEW,Needs outreach
2026-04-29 19:04:38.968760,Dubai Law Firm Group 16,info@dubailawfirmgroup1.ae,Law Firm,Dubai,UAE,NEW,Needs outreach
2026-04-29 19:04:38.990828,Dubai Ecommerce Group 17,info@dubaiecommercegrou.ae,Ecommerce,Dubai,UAE,NEW,Needs outreach
2026-04-29 19:04:39.005383,Dubai Ecommerce Group 18,info@dubaiecommercegrou.ae,Ecommerce,Dubai,UAE,NEW,Needs outreach
2026-04-29 19:04:39.019563,Dubai Accounting Group 19,info@dubaiaccountinggro.ae,Accounting,Dubai,UAE,NEW,Needs outreach
2026-04-29 19:04:39.033267,Dubai Real Estate Group 20,info@dubairealestategro.ae,Real Estate,Dubai,UAE,NEW,Needs outreach
2026-04-29 19:04:39.047966,Dubai Real Estate Group 21,info@dubairealestategro.ae,Real Estate,Dubai,UAE,NEW,Needs outreach
2026-04-29 19:04:39.061621,Dubai Accounting Group 22,info@dubaiaccountinggro.ae,Accounting,Dubai,UAE,NEW,Needs outreach
2026-04-29 19:04:39.076346,Dubai Real Estate Group 23,info@dubairealestategro.ae,Real Estate,Dubai,UAE,NEW,Needs outreach
2026-04-29 19:04:39.091062,Dubai Med Spa Group 24,info@dubaimedspagroup24.ae,Med Spa,Dubai,UAE,NEW,Needs outreach
2026-04-29 19:04:39.106121,Dubai Law Firm Group 25,info@dubailawfirmgroup2.ae,Law Firm,Dubai,UAE,NEW,Needs outreach
2026-04-29 19:04:39.120774,Dubai Med Spa Group 26,info@dubaimedspagroup26.ae,Med Spa,Dubai,UAE,NEW,Needs outreach
2026-04-29 19:04:39.136563,Dubai Law Firm Group 27,info@dubailawfirmgroup2.ae,Law Firm,Dubai,UAE,NEW,Needs outreach
2026-04-29 19:04:39.152214,Dubai Accounting Group 28,info@dubaiaccountinggro.ae,Accounting,Dubai,UAE,NEW,Needs outreach
2026-04-29 19:04:39.167077,Dubai Med Spa Group 29,info@dubaimedspagroup29.ae,Med Spa,Dubai,UAE,NEW,Needs outreach
2026-04-29 19:04:39.182547,Dubai Dentist Group 30,info@dubaidentistgroup3.ae,Dentist,Dubai,UAE,NEW,Needs outreach
2026-04-29 19:04:39.196836,Dubai Dentist Group 31,info@dubaidentistgroup3.ae,Dentist,Dubai,UAE,NEW,Needs outreach
2026-04-29 19:04:39.212200,Dubai Dentist Group 32,info@dubaidentistgroup3.ae,Dentist,Dubai,UAE,NEW,Needs outreach
2026-04-29 19:04:39.226329,Dubai Accounting Group 33,info@dubaiaccountinggro.ae,Accounting,Dubai,UAE,NEW,Needs outreach
2026-04-29 19:04:39.240856,Dubai Med Spa Group 34,info@dubaimedspagroup34.ae,Med Spa,Dubai,UAE,NEW,Needs outreach
2026-04-29 19:04:39.256274,Dubai Law Firm Group 35,info@dubailawfirmgroup3.ae,Law Firm,Dubai,UAE,NEW,Needs outreach
2026-04-29 19:04:39.270905,Dubai Law Firm Group 36,info@dubailawfirmgroup3.ae,Law Firm,Dubai,UAE,NEW,Needs outreach
2026-04-29 19:04:39.284857,Dubai Med Spa Group 37,info@dubaimedspagroup37.ae,Med Spa,Dubai,UAE,NEW,Needs outreach
2026-04-29 19:04:39.299307,Dubai Med Spa Group 38,info@dubaimedspagroup38.ae,Med Spa,Dubai,UAE,NEW,Needs outreach
2026-04-29 19:04:39.313882,Dubai Med Spa Group 39,info@dubaimedspagroup39.ae,Med Spa,Dubai,UAE,NEW,Needs outreach
2026-04-29 19:04:39.327758,Dubai Real Estate Group 40,info@dubairealestategro.ae,Real Estate,Dubai,UAE,NEW,Needs outreach
2026-04-29 19:04:39.342128,Dubai Accounting Group 41,info@dubaiaccountinggro.ae,Accounting,Dubai,UAE,NEW,Needs outreach
2026-04-29 19:04:39.357133,Dubai Real Estate Group 42,info@dubairealestategro.ae,Real Estate,Dubai,UAE,NEW,Needs outreach
2026-04-29 19:04:39.372520,Dubai Med Spa Group 43,info@dubaimedspagroup43.ae,Med Spa,Dubai,UAE,NEW,Needs outreach
2026-04-29 19:04:39.387574,Dubai Real Estate Group 44,info@dubairealestategro.ae,Real Estate,Dubai,UAE,NEW,Needs outreach
2026-04-29 19:04:39.402088,Dubai Dentist Group 45,info@dubaidentistgroup4.ae,Dentist,Dubai,UAE,NEW,Needs outreach
2026-04-29 19:04:39.416187,Dubai Dentist Group 46,info@dubaidentistgroup4.ae,Dentist,Dubai,UAE,NEW,Needs outreach
2026-04-29 19:04:39.430703,Dubai Ecommerce Group 47,info@dubaiecommercegrou.ae,Ecommerce,Dubai,UAE,NEW,Needs outreach
2026-04-29 19:04:39.444759,Dubai Accounting Group 48,info@dubaiaccountinggro.ae,Accounting,Dubai,UAE,NEW,Needs outreach
2026-04-29 19:04:39.460417,Dubai Med Spa Group 49,info@dubaimedspagroup49.ae,Med Spa,Dubai,UAE,NEW,Needs outreach
2026-04-29 19:04:39.475992,Dubai Real Estate Group 50,info@dubairealestategro.ae,Real Estate,Dubai,UAE,NEW,Needs outreach
2026-04-29 19:04:39.492359,Dubai Dentist Group 51,info@dubaidentistgroup5.ae,Dentist,Dubai,UAE,NEW,Needs outreach
2026-04-29 19:04:39.506768,Dubai Ecommerce Group 52,info@dubaiecommercegrou.ae,Ecommerce,Dubai,UAE,NEW,Needs outreach
2026-04-29 19:04:39.521342,Dubai Accounting Group 53,info@dubaiaccountinggro.ae,Accounting,Dubai,UAE,NEW,Needs outreach
2026-04-29 19:04:39.541275,Dubai Accounting Group 54,info@dubaiaccountinggro.ae,Accounting,Dubai,UAE,NEW,Needs outreach
2026-04-29 19:04:39.558040,Dubai Med Spa Group 55,info@dubaimedspagroup55.ae,Med Spa,Dubai,UAE,NEW,Needs outreach
2026-04-29 19:04:39.573211,Dubai Law Firm Group 56,info@dubailawfirmgroup5.ae,Law Firm,Dubai,UAE,NEW,Needs outreach
2026-04-29 19:04:39.596370,Dubai Accounting Group 57,info@dubaiaccountinggro.ae,Accounting,Dubai,UAE,NEW,Needs outreach
2026-04-29 19:04:39.618798,Dubai Law Firm Group 58,info@dubailawfirmgroup5.ae,Law Firm,Dubai,UAE,NEW,Needs outreach
2026-04-29 19:04:39.652222,Dubai Ecommerce Group 59,info@dubaiecommercegrou.ae,Ecommerce,Dubai,UAE,NEW,Needs outreach
2026-04-29 19:04:39.678056,Dubai Dentist Group 60,info@dubaidentistgroup6.ae,Dentist,Dubai,UAE,NEW,Needs outreach
2026-04-29 19:04:39.701779,Dubai Real Estate Group 61,info@dubairealestategro.ae,Real Estate,Dubai,UAE,NEW,Needs outreach
2026-04-29 19:04:39.716497,Dubai Accounting Group 62,info@dubaiaccountinggro.ae,Accounting,Dubai,UAE,NEW,Needs outreach
2026-04-29 19:04:39.732860,Dubai Law Firm Group 63,info@dubailawfirmgroup6.ae,Law Firm,Dubai,UAE,NEW,Needs outreach
2026-04-29 19:04:39.753265,Dubai Med Spa Group 64,info@dubaimedspagroup64.ae,Med Spa,Dubai,UAE,NEW,Needs outreach
2026-04-29 19:04:39.767923,Dubai Real Estate Group 65,info@dubairealestategro.ae,Real Estate,Dubai,UAE,NEW,Needs outreach
2026-04-29 19:04:39.784588,Dubai Accounting Group 66,info@dubaiaccountinggro.ae,Accounting,Dubai,UAE,NEW,Needs outreach
2026-04-29 19:04:39.800053,Dubai Law Firm Group 67,info@dubailawfirmgroup6.ae,Law Firm,Dubai,UAE,NEW,Needs outreach
2026-04-29 19:04:39.817869,Dubai Med Spa Group 68,info@dubaimedspagroup68.ae,Med Spa,Dubai,UAE,NEW,Needs outreach
2026-04-29 19:04:39.833429,Dubai Dentist Group 69,info@dubaidentistgroup6.ae,Dentist,Dubai,UAE,NEW,Needs outreach
2026-04-29 19:04:39.851154,Dubai Accounting Group 70,info@dubaiaccountinggro.ae,Accounting,Dubai,UAE,NEW,Needs outreach
2026-04-29 19:04:39.867265,Dubai Accounting Group 71,info@dubaiaccountinggro.ae,Accounting,Dubai,UAE,NEW,Needs outreach
2026-04-29 19:04:39.883515,Dubai Law Firm Group 72,info@dubailawfirmgroup7.ae,Law Firm,Dubai,UAE,NEW,Needs outreach
2026-04-29 19:04:39.900746,Dubai Med Spa Group 73,info@dubaimedspagroup73.ae,Med Spa,Dubai,UAE,NEW,Needs outreach
2026-04-29 19:04:39.915415,Dubai Law Firm Group 74,info@dubailawfirmgroup7.ae,Law Firm,Dubai,UAE,NEW,Needs outreach
2026-04-29 19:04:39.928802,Dubai Ecommerce Group 75,info@dubaiecommercegrou.ae,Ecommerce,Dubai,UAE,NEW,Needs outreach
2026-04-29 19:04:39.949143,Dubai Real Estate Group 76,info@dubairealestategro.ae,Real Estate,Dubai,UAE,NEW,Needs outreach
2026-04-29 19:04:39.966077,Dubai Dentist Group 77,info@dubaidentistgroup7.ae,Dentist,Dubai,UAE,NEW,Needs outreach
2026-04-29 19:04:39.997316,Dubai Dentist Group 78,info@dubaidentistgroup7.ae,Dentist,Dubai,UAE,NEW,Needs outreach
2026-04-29 19:04:40.012247,Dubai Law Firm Group 79,info@dubailawfirmgroup7.ae,Law Firm,Dubai,UAE,NEW,Needs outreach
2026-04-29 19:04:40.029246,Dubai Law Firm Group 80,info@dubailawfirmgroup8.ae,Law Firm,Dubai,UAE,NEW,Needs outreach
2026-04-29 19:04:40.049020,Dubai Ecommerce Group 81,info@dubaiecommercegrou.ae,Ecommerce,Dubai,UAE,NEW,Needs outreach
2026-04-29 19:04:40.063159,Dubai Dentist Group 82,info@dubaidentistgroup8.ae,Dentist,Dubai,UAE,NEW,Needs outreach
2026-04-29 19:04:40.100196,Dubai Med Spa Group 83,info@dubaimedspagroup83.ae,Med Spa,Dubai,UAE,NEW,Needs outreach
2026-04-29 19:04:40.144736,Dubai Real Estate Group 84,info@dubairealestategro.ae,Real Estate,Dubai,UAE,NEW,Needs outreach
2026-04-29 19:04:40.176889,Dubai Accounting Group 85,info@dubaiaccountinggro.ae,Accounting,Dubai,UAE,NEW,Needs outreach
2026-04-29 19:04:40.196206,Dubai Accounting Group 86,info@dubaiaccountinggro.ae,Accounting,Dubai,UAE,NEW,Needs outreach
2026-04-29 19:04:40.215524,Dubai Accounting Group 87,info@dubaiaccountinggro.ae,Accounting,Dubai,UAE,NEW,Needs outreach
2026-04-29 19:04:40.232384,Dubai Ecommerce Group 88,info@dubaiecommercegrou.ae,Ecommerce,Dubai,UAE,NEW,Needs outreach
2026-04-29 19:04:40.246321,Dubai Dentist Group 89,info@dubaidentistgroup8.ae,Dentist,Dubai,UAE,NEW,Needs outreach
2026-04-29 19:04:40.268334,Dubai Med Spa Group 90,info@dubaimedspagroup90.ae,Med Spa,Dubai,UAE,NEW,Needs outreach
2026-04-29 19:04:40.291550,Dubai Law Firm Group 91,info@dubailawfirmgroup9.ae,Law Firm,Dubai,UAE,NEW,Needs outreach
2026-04-29 19:04:40.308706,Dubai Real Estate Group 92,info@dubairealestategro.ae,Real Estate,Dubai,UAE,NEW,Needs outreach
2026-04-29 19:04:40.321514,Dubai Real Estate Group 93,info@dubairealestategro.ae,Real Estate,Dubai,UAE,NEW,Needs outreach
2026-04-29 19:04:40.336372,Dubai Law Firm Group 94,info@dubailawfirmgroup9.ae,Law Firm,Dubai,UAE,NEW,Needs outreach
2026-04-29 19:04:40.349564,Dubai Ecommerce Group 95,info@dubaiecommercegrou.ae,Ecommerce,Dubai,UAE,NEW,Needs outreach
2026-04-29 19:04:40.362232,Dubai Accounting Group 96,info@dubaiaccountinggro.ae,Accounting,Dubai,UAE,NEW,Needs outreach
2026-04-29 19:04:40.377051,Dubai Law Firm Group 97,info@dubailawfirmgroup9.ae,Law Firm,Dubai,UAE,NEW,Needs outreach
2026-04-29 19:04:40.389442,Dubai Ecommerce Group 98,info@dubaiecommercegrou.ae,Ecommerce,Dubai,UAE,NEW,Needs outreach
2026-04-29 19:04:40.402254,Dubai Accounting Group 99,info@dubaiaccountinggro.ae,Accounting,Dubai,UAE,NEW,Needs outreach
2026-04-29 19:04:40.415256,Dubai Law Firm Group 100,info@dubailawfirmgroup1.ae,Law Firm,Dubai,UAE,NEW,Needs outreach
2026-04-29 19:04:40.428228,New York Law Firm Group 1,info@newyorklawfirmgrou.com,Law Firm,New York,USA,NEW,Needs outreach
2026-04-29 19:04:40.442060,New York Accounting Group 2,info@newyorkaccountingg.com,Accounting,New York,USA,NEW,Needs outreach
2026-04-29 19:04:40.464453,New York Law Firm Group 3,info@newyorklawfirmgrou.com,Law Firm,New York,USA,NEW,Needs outreach
2026-04-29 19:04:40.478026,New York Dentist Group 4,info@newyorkdentistgrou.com,Dentist,New York,USA,NEW,Needs outreach
2026-04-29 19:04:40.494795,New York Med Spa Group 5,info@newyorkmedspagroup.com,Med Spa,New York,USA,NEW,Needs outreach
2026-04-29 19:04:40.516359,New York Med Spa Group 6,info@newyorkmedspagroup.com,Med Spa,New York,USA,NEW,Needs outreach
2026-04-29 19:04:40.543829,New York Med Spa Group 7,info@newyorkmedspagroup.com,Med Spa,New York,USA,NEW,Needs outreach
2026-04-29 19:04:40.562700,New York Med Spa Group 8,info@newyorkmedspagroup.com,Med Spa,New York,USA,NEW,Needs outreach
2026-04-29 19:04:40.577163,New York Med Spa Group 9,info@newyorkmedspagroup.com,Med Spa,New York,USA,NEW,Needs outreach
2026-04-29 19:04:40.589134,New York Ecommerce Group 10,info@newyorkecommercegr.com,Ecommerce,New York,USA,NEW,Needs outreach
2026-04-29 19:04:40.601941,New York Dentist Group 11,info@newyorkdentistgrou.com,Dentist,New York,USA,NEW,Needs outreach
2026-04-29 19:04:40.622715,New York Dentist Group 12,info@newyorkdentistgrou.com,Dentist,New York,USA,NEW,Needs outreach
2026-04-29 19:04:40.637005,New York Ecommerce Group 13,info@newyorkecommercegr.com,Ecommerce,New York,USA,NEW,Needs outreach
2026-04-29 19:04:40.650177,New York Accounting Group 14,info@newyorkaccountingg.com,Accounting,New York,USA,NEW,Needs outreach
2026-04-29 19:04:40.666362,New York Law Firm Group 15,info@newyorklawfirmgrou.com,Law Firm,New York,USA,NEW,Needs outreach
2026-04-29 19:04:40.682873,New York Med Spa Group 16,info@newyorkmedspagroup.com,Med Spa,New York,USA,NEW,Needs outreach
2026-04-29 19:04:40.696461,New York Accounting Group 17,info@newyorkaccountingg.com,Accounting,New York,USA,NEW,Needs outreach
2026-04-29 19:04:40.707422,New York Accounting Group 18,info@newyorkaccountingg.com,Accounting,New York,USA,NEW,Needs outreach
2026-04-29 19:04:40.719995,New York Law Firm Group 19,info@newyorklawfirmgrou.com,Law Firm,New York,USA,NEW,Needs outreach
2026-04-29 19:04:40.734137,New York Law Firm Group 20,info@newyorklawfirmgrou.com,Law Firm,New York,USA,NEW,Needs outreach
2026-04-29 19:04:40.753559,New York Accounting Group 21,info@newyorkaccountingg.com,Accounting,New York,USA,NEW,Needs outreach
2026-04-29 19:04:40.766869,New York Ecommerce Group 22,info@newyorkecommercegr.com,Ecommerce,New York,USA,NEW,Needs outreach
2026-04-29 19:04:40.787979,New York Real Estate Group 23,info@newyorkrealestateg.com,Real Estate,New York,USA,NEW,Needs outreach
2026-04-29 19:04:40.813402,New York Ecommerce Group 24,info@newyorkecommercegr.com,Ecommerce,New York,USA,NEW,Needs outreach
2026-04-29 19:04:40.834055,New York Dentist Group 25,info@newyorkdentistgrou.com,Dentist,New York,USA,NEW,Needs outreach
2026-04-29 19:04:40.849955,New York Dentist Group 26,info@newyorkdentistgrou.com,Dentist,New York,USA,NEW,Needs outreach
2026-04-29 19:04:40.872217,New York Ecommerce Group 27,info@newyorkecommercegr.com,Ecommerce,New York,USA,NEW,Needs outreach
2026-04-29 19:04:40.884225,New York Law Firm Group 28,info@newyorklawfirmgrou.com,Law Firm,New York,USA,NEW,Needs outreach
2026-04-29 19:04:40.900784,New York Law Firm Group 29,info@newyorklawfirmgrou.com,Law Firm,New York,USA,NEW,Needs outreach
2026-04-29 19:04:40.912448,New York Med Spa Group 30,info@newyorkmedspagroup.com,Med Spa,New York,USA,NEW,Needs outreach
2026-04-29 19:04:40.931450,New York Accounting Group 31,info@newyorkaccountingg.com,Accounting,New York,USA,NEW,Needs outreach
2026-04-29 19:04:40.943774,New York Real Estate Group 32,info@newyorkrealestateg.com,Real Estate,New York,USA,NEW,Needs outreach
2026-04-29 19:04:40.959255,New York Med Spa Group 33,info@newyorkmedspagroup.com,Med Spa,New York,USA,NEW,Needs outreach
2026-04-29 19:04:40.976295,New York Dentist Group 34,info@newyorkdentistgrou.com,Dentist,New York,USA,NEW,Needs outreach
2026-04-29 19:04:40.988304,New York Med Spa Group 35,info@newyorkmedspagroup.com,Med Spa,New York,USA,NEW,Needs outreach
2026-04-29 19:04:41.003234,New York Med Spa Group 36,info@newyorkmedspagroup.com,Med Spa,New York,USA,NEW,Needs outreach
2026-04-29 19:04:41.017450,New York Ecommerce Group 37,info@newyorkecommercegr.com,Ecommerce,New York,USA,NEW,Needs outreach
2026-04-29 19:04:41.030904,New York Law Firm Group 38,info@newyorklawfirmgrou.com,Law Firm,New York,USA,NEW,Needs outreach
2026-04-29 19:04:41.042290,New York Dentist Group 39,info@newyorkdentistgrou.com,Dentist,New York,USA,NEW,Needs outreach
2026-04-29 19:04:41.053135,New York Med Spa Group 40,info@newyorkmedspagroup.com,Med Spa,New York,USA,NEW,Needs outreach
2026-04-29 19:04:41.063837,New York Ecommerce Group 41,info@newyorkecommercegr.com,Ecommerce,New York,USA,NEW,Needs outreach
2026-04-29 19:04:41.076703,New York Law Firm Group 42,info@newyorklawfirmgrou.com,Law Firm,New York,USA,NEW,Needs outreach
2026-04-29 19:04:41.093904,New York Accounting Group 43,info@newyorkaccountingg.com,Accounting,New York,USA,NEW,Needs outreach
2026-04-29 19:04:41.117500,New York Accounting Group 44,info@newyorkaccountingg.com,Accounting,New York,USA,NEW,Needs outreach
2026-04-29 19:04:41.133197,New York Law Firm Group 45,info@newyorklawfirmgrou.com,Law Firm,New York,USA,NEW,Needs outreach
2026-04-29 19:04:41.147798,New York Accounting Group 46,info@newyorkaccountingg.com,Accounting,New York,USA,NEW,Needs outreach
2026-04-29 19:04:41.168946,New York Accounting Group 47,info@newyorkaccountingg.com,Accounting,New York,USA,NEW,Needs outreach
2026-04-29 19:04:41.191320,New York Accounting Group 48,info@newyorkaccountingg.com,Accounting,New York,USA,NEW,Needs outreach
2026-04-29 19:04:41.208165,New York Law Firm Group 49,info@newyorklawfirmgrou.com,Law Firm,New York,USA,NEW,Needs outreach
2026-04-29 19:04:41.225946,New York Real Estate Group 50,info@newyorkrealestateg.com,Real Estate,New York,USA,NEW,Needs outreach
2026-04-29 19:04:41.237233,New York Ecommerce Group 51,info@newyorkecommercegr.com,Ecommerce,New York,USA,NEW,Needs outreach
2026-04-29 19:04:41.247677,New York Dentist Group 52,info@newyorkdentistgrou.com,Dentist,New York,USA,NEW,Needs outreach
2026-04-29 19:04:41.258431,New York Dentist Group 53,info@newyorkdentistgrou.com,Dentist,New York,USA,NEW,Needs outreach
2026-04-29 19:04:41.269682,New York Law Firm Group 54,info@newyorklawfirmgrou.com,Law Firm,New York,USA,NEW,Needs outreach
2026-04-29 19:04:41.280501,New York Ecommerce Group 55,info@newyorkecommercegr.com,Ecommerce,New York,USA,NEW,Needs outreach
2026-04-29 19:04:41.293371,New York Accounting Group 56,info@newyorkaccountingg.com,Accounting,New York,USA,NEW,Needs outreach
2026-04-29 19:04:41.304922,New York Law Firm Group 57,info@newyorklawfirmgrou.com,Law Firm,New York,USA,NEW,Needs outreach
2026-04-29 19:04:41.316399,New York Accounting Group 58,info@newyorkaccountingg.com,Accounting,New York,USA,NEW,Needs outreach
2026-04-29 19:04:41.327595,New York Dentist Group 59,info@newyorkdentistgrou.com,Dentist,New York,USA,NEW,Needs outreach
2026-04-29 19:04:41.338144,New York Dentist Group 60,info@newyorkdentistgrou.com,Dentist,New York,USA,NEW,Needs outreach
2026-04-29 19:04:41.348750,New York Accounting Group 61,info@newyorkaccountingg.com,Accounting,New York,USA,NEW,Needs outreach
2026-04-29 19:04:41.359347,New York Accounting Group 62,info@newyorkaccountingg.com,Accounting,New York,USA,NEW,Needs outreach
2026-04-29 19:04:41.370750,New York Accounting Group 63,info@newyorkaccountingg.com,Accounting,New York,USA,NEW,Needs outreach
2026-04-29 19:04:41.387845,New York Med Spa Group 64,info@newyorkmedspagroup.com,Med Spa,New York,USA,NEW,Needs outreach
2026-04-29 19:04:41.398807,New York Ecommerce Group 65,info@newyorkecommercegr.com,Ecommerce,New York,USA,NEW,Needs outreach
2026-04-29 19:04:41.409260,New York Law Firm Group 66,info@newyorklawfirmgrou.com,Law Firm,New York,USA,NEW,Needs outreach
2026-04-29 19:04:41.419508,New York Law Firm Group 67,info@newyorklawfirmgrou.com,Law Firm,New York,USA,NEW,Needs outreach
2026-04-29 19:04:41.430550,New York Law Firm Group 68,info@newyorklawfirmgrou.com,Law Firm,New York,USA,NEW,Needs outreach
2026-04-29 19:04:41.461181,New York Dentist Group 69,info@newyorkdentistgrou.com,Dentist,New York,USA,NEW,Needs outreach
2026-04-29 19:04:41.472213,New York Ecommerce Group 70,info@newyorkecommercegr.com,Ecommerce,New York,USA,NEW,Needs outreach
2026-04-29 19:04:41.483093,New York Med Spa Group 71,info@newyorkmedspagroup.com,Med Spa,New York,USA,NEW,Needs outreach
2026-04-29 19:04:41.493649,New York Law Firm Group 72,info@newyorklawfirmgrou.com,Law Firm,New York,USA,NEW,Needs outreach
2026-04-29 19:04:41.524706,New York Dentist Group 73,info@newyorkdentistgrou.com,Dentist,New York,USA,NEW,Needs outreach
2026-04-29 19:04:41.535575,New York Med Spa Group 74,info@newyorkmedspagroup.com,Med Spa,New York,USA,NEW,Needs outreach
2026-04-29 19:04:41.545780,New York Real Estate Group 75,info@newyorkrealestateg.com,Real Estate,New York,USA,NEW,Needs outreach
2026-04-29 19:04:41.557619,New York Dentist Group 76,info@newyorkdentistgrou.com,Dentist,New York,USA,NEW,Needs outreach
2026-04-29 19:04:41.569455,New York Accounting Group 77,info@newyorkaccountingg.com,Accounting,New York,USA,NEW,Needs outreach
2026-04-29 19:04:41.602617,New York Med Spa Group 78,info@newyorkmedspagroup.com,Med Spa,New York,USA,NEW,Needs outreach
2026-04-29 19:04:41.615298,New York Ecommerce Group 79,info@newyorkecommercegr.com,Ecommerce,New York,USA,NEW,Needs outreach
2026-04-29 19:04:41.627500,New York Accounting Group 80,info@newyorkaccountingg.com,Accounting,New York,USA,NEW,Needs outreach
2026-04-29 19:04:41.639124,New York Med Spa Group 81,info@newyorkmedspagroup.com,Med Spa,New York,USA,NEW,Needs outreach
2026-04-29 19:04:41.652109,New York Law Firm Group 82,info@newyorklawfirmgrou.com,Law Firm,New York,USA,NEW,Needs outreach
2026-04-29 19:04:41.694909,New York Law Firm Group 83,info@newyorklawfirmgrou.com,Law Firm,New York,USA,NEW,Needs outreach
2026-04-29 19:04:41.709206,New York Law Firm Group 84,info@newyorklawfirmgrou.com,Law Firm,New York,USA,NEW,Needs outreach
2026-04-29 19:04:41.722499,New York Real Estate Group 85,info@newyorkrealestateg.com,Real Estate,New York,USA,NEW,Needs outreach
2026-04-29 19:04:41.774696,New York Real Estate Group 86,info@newyorkrealestateg.com,Real Estate,New York,USA,NEW,Needs outreach
2026-04-29 19:04:41.791573,New York Real Estate Group 87,info@newyorkrealestateg.com,Real Estate,New York,USA,NEW,Needs outreach
2026-04-29 19:04:41.806422,New York Real Estate Group 88,info@newyorkrealestateg.com,Real Estate,New York,USA,NEW,Needs outreach
2026-04-29 19:04:41.819114,New York Med Spa Group 89,info@newyorkmedspagroup.com,Med Spa,New York,USA,NEW,Needs outreach
2026-04-29 19:04:41.832892,New York Real Estate Group 90,info@newyorkrealestateg.com,Real Estate,New York,USA,NEW,Needs outreach
2026-04-29 19:04:41.868618,New York Law Firm Group 91,info@newyorklawfirmgrou.com,Law Firm,New York,USA,NEW,Needs outreach
2026-04-29 19:04:41.884717,New York Accounting Group 92,info@newyorkaccountingg.com,Accounting,New York,USA,NEW,Needs outreach
2026-04-29 19:04:41.900622,New York Law Firm Group 93,info@newyorklawfirmgrou.com,Law Firm,New York,USA,NEW,Needs outreach
2026-04-29 19:04:41.913625,New York Med Spa Group 94,info@newyorkmedspagroup.com,Med Spa,New York,USA,NEW,Needs outreach
2026-04-29 19:04:41.949539,New York Ecommerce Group 95,info@newyorkecommercegr.com,Ecommerce,New York,USA,NEW,Needs outreach
2026-04-29 19:04:41.963981,New York Dentist Group 96,info@newyorkdentistgrou.com,Dentist,New York,USA,NEW,Needs outreach
2026-04-29 19:04:41.978165,New York Law Firm Group 97,info@newyorklawfirmgrou.com,Law Firm,New York,USA,NEW,Needs outreach
2026-04-29 19:04:41.991096,New York Ecommerce Group 98,info@newyorkecommercegr.com,Ecommerce,New York,USA,NEW,Needs outreach
2026-04-29 19:04:42.024735,New York Law Firm Group 99,info@newyorklawfirmgrou.com,Law Firm,New York,USA,NEW,Needs outreach
2026-04-29 19:04:42.040062,New York Ecommerce Group 100,info@newyorkecommercegr.com,Ecommerce,New York,USA,NEW,Needs outreach
2026-04-29 19:04:42.052507,Mumbai Real Estate Group 1,info@mumbairealestategr.in,Real Estate,Mumbai,India,NEW,Needs outreach
2026-04-29 19:04:42.064790,Mumbai Law Firm Group 2,info@mumbailawfirmgroup.in,Law Firm,Mumbai,India,NEW,Needs outreach
2026-04-29 19:04:42.077632,Mumbai Law Firm Group 3,info@mumbailawfirmgroup.in,Law Firm,Mumbai,India,NEW,Needs outreach
2026-04-29 19:04:42.112034,Mumbai Dentist Group 4,info@mumbaidentistgroup.in,Dentist,Mumbai,India,NEW,Needs outreach
2026-04-29 19:04:42.124652,Mumbai Law Firm Group 5,info@mumbailawfirmgroup.in,Law Firm,Mumbai,India,NEW,Needs outreach
2026-04-29 19:04:42.138022,Mumbai Law Firm Group 6,info@mumbailawfirmgroup.in,Law Firm,Mumbai,India,NEW,Needs outreach
2026-04-29 19:04:42.152563,Mumbai Med Spa Group 7,info@mumbaimedspagroup7.in,Med Spa,Mumbai,India,NEW,Needs outreach
2026-04-29 19:04:42.187793,Mumbai Accounting Group 8,info@mumbaiaccountinggr.in,Accounting,Mumbai,India,NEW,Needs outreach
2026-04-29 19:04:42.201131,Mumbai Law Firm Group 9,info@mumbailawfirmgroup.in,Law Firm,Mumbai,India,NEW,Needs outreach
2026-04-29 19:04:42.214754,Mumbai Ecommerce Group 10,info@mumbaiecommercegro.in,Ecommerce,Mumbai,India,NEW,Needs outreach
2026-04-29 19:04:42.236452,Mumbai Accounting Group 11,info@mumbaiaccountinggr.in,Accounting,Mumbai,India,NEW,Needs outreach
2026-04-29 19:04:42.257308,Mumbai Med Spa Group 12,info@mumbaimedspagroup1.in,Med Spa,Mumbai,India,NEW,Needs outreach
2026-04-29 19:04:42.297192,Mumbai Dentist Group 13,info@mumbaidentistgroup.in,Dentist,Mumbai,India,NEW,Needs outreach
2026-04-29 19:04:42.311374,Mumbai Dentist Group 14,info@mumbaidentistgroup.in,Dentist,Mumbai,India,NEW,Needs outreach
2026-04-29 19:04:42.325776,Mumbai Med Spa Group 15,info@mumbaimedspagroup1.in,Med Spa,Mumbai,India,NEW,Needs outreach
2026-04-29 19:04:42.340276,Mumbai Ecommerce Group 16,info@mumbaiecommercegro.in,Ecommerce,Mumbai,India,NEW,Needs outreach
2026-04-29 19:04:42.354155,Mumbai Ecommerce Group 17,info@mumbaiecommercegro.in,Ecommerce,Mumbai,India,NEW,Needs outreach
2026-04-29 19:04:42.368072,Mumbai Med Spa Group 18,info@mumbaimedspagroup1.in,Med Spa,Mumbai,India,NEW,Needs outreach
2026-04-29 19:04:42.381035,Mumbai Real Estate Group 19,info@mumbairealestategr.in,Real Estate,Mumbai,India,NEW,Needs outreach
2026-04-29 19:04:42.395142,Mumbai Dentist Group 20,info@mumbaidentistgroup.in,Dentist,Mumbai,India,NEW,Needs outreach
2026-04-29 19:04:42.408347,Mumbai Med Spa Group 21,info@mumbaimedspagroup2.in,Med Spa,Mumbai,India,NEW,Needs outreach
2026-04-29 19:04:42.422208,Mumbai Real Estate Group 22,info@mumbairealestategr.in,Real Estate,Mumbai,India,NEW,Needs outreach
2026-04-29 19:04:42.434753,Mumbai Med Spa Group 23,info@mumbaimedspagroup2.in,Med Spa,Mumbai,India,NEW,Needs outreach
2026-04-29 19:04:42.464323,Mumbai Accounting Group 24,info@mumbaiaccountinggr.in,Accounting,Mumbai,India,NEW,Needs outreach
2026-04-29 19:04:42.478935,Mumbai Accounting Group 25,info@mumbaiaccountinggr.in,Accounting,Mumbai,India,NEW,Needs outreach
2026-04-29 19:04:42.493603,Mumbai Law Firm Group 26,info@mumbailawfirmgroup.in,Law Firm,Mumbai,India,NEW,Needs outreach
2026-04-29 19:04:42.506916,Mumbai Accounting Group 27,info@mumbaiaccountinggr.in,Accounting,Mumbai,India,NEW,Needs outreach
2026-04-29 19:04:42.522528,Mumbai Real Estate Group 28,info@mumbairealestategr.in,Real Estate,Mumbai,India,NEW,Needs outreach
2026-04-29 19:04:42.536688,Mumbai Med Spa Group 29,info@mumbaimedspagroup2.in,Med Spa,Mumbai,India,NEW,Needs outreach
2026-04-29 19:04:42.552589,Mumbai Accounting Group 30,info@mumbaiaccountinggr.in,Accounting,Mumbai,India,NEW,Needs outreach
2026-04-29 19:04:42.567367,Mumbai Dentist Group 31,info@mumbaidentistgroup.in,Dentist,Mumbai,India,NEW,Needs outreach
2026-04-29 19:04:42.581029,Mumbai Accounting Group 32,info@mumbaiaccountinggr.in,Accounting,Mumbai,India,NEW,Needs outreach
2026-04-29 19:04:42.594105,Mumbai Real Estate Group 33,info@mumbairealestategr.in,Real Estate,Mumbai,India,NEW,Needs outreach
2026-04-29 19:04:42.607950,Mumbai Dentist Group 34,info@mumbaidentistgroup.in,Dentist,Mumbai,India,NEW,Needs outreach
2026-04-29 19:04:42.621169,Mumbai Law Firm Group 35,info@mumbailawfirmgroup.in,Law Firm,Mumbai,India,NEW,Needs outreach
2026-04-29 19:04:42.634469,Mumbai Real Estate Group 36,info@mumbairealestategr.in,Real Estate,Mumbai,India,NEW,Needs outreach
2026-04-29 19:04:42.647937,Mumbai Accounting Group 37,info@mumbaiaccountinggr.in,Accounting,Mumbai,India,NEW,Needs outreach
2026-04-29 19:04:42.663344,Mumbai Real Estate Group 38,info@mumbairealestategr.in,Real Estate,Mumbai,India,NEW,Needs outreach
2026-04-29 19:04:42.677863,Mumbai Law Firm Group 39,info@mumbailawfirmgroup.in,Law Firm,Mumbai,India,NEW,Needs outreach
2026-04-29 19:04:42.692938,Mumbai Law Firm Group 40,info@mumbailawfirmgroup.in,Law Firm,Mumbai,India,NEW,Needs outreach
2026-04-29 19:04:42.707293,Mumbai Accounting Group 41,info@mumbaiaccountinggr.in,Accounting,Mumbai,India,NEW,Needs outreach
2026-04-29 19:04:42.721713,Mumbai Ecommerce Group 42,info@mumbaiecommercegro.in,Ecommerce,Mumbai,India,NEW,Needs outreach
2026-04-29 19:04:42.734682,Mumbai Med Spa Group 43,info@mumbaimedspagroup4.in,Med Spa,Mumbai,India,NEW,Needs outreach
2026-04-29 19:04:42.748392,Mumbai Law Firm Group 44,info@mumbailawfirmgroup.in,Law Firm,Mumbai,India,NEW,Needs outreach
2026-04-29 19:04:42.763701,Mumbai Ecommerce Group 45,info@mumbaiecommercegro.in,Ecommerce,Mumbai,India,NEW,Needs outreach
2026-04-29 19:04:42.776925,Mumbai Accounting Group 46,info@mumbaiaccountinggr.in,Accounting,Mumbai,India,NEW,Needs outreach
2026-04-29 19:04:42.790218,Mumbai Med Spa Group 47,info@mumbaimedspagroup4.in,Med Spa,Mumbai,India,NEW,Needs outreach
2026-04-29 19:04:42.804870,Mumbai Law Firm Group 48,info@mumbailawfirmgroup.in,Law Firm,Mumbai,India,NEW,Needs outreach
2026-04-29 19:04:42.818318,Mumbai Ecommerce Group 49,info@mumbaiecommercegro.in,Ecommerce,Mumbai,India,NEW,Needs outreach
2026-04-29 19:04:42.834124,Mumbai Med Spa Group 50,info@mumbaimedspagroup5.in,Med Spa,Mumbai,India,NEW,Needs outreach
2026-04-29 19:04:42.848151,Mumbai Accounting Group 51,info@mumbaiaccountinggr.in,Accounting,Mumbai,India,NEW,Needs outreach
2026-04-29 19:04:42.862151,Mumbai Dentist Group 52,info@mumbaidentistgroup.in,Dentist,Mumbai,India,NEW,Needs outreach
2026-04-29 19:04:42.874603,Mumbai Real Estate Group 53,info@mumbairealestategr.in,Real Estate,Mumbai,India,NEW,Needs outreach
2026-04-29 19:04:42.887438,Mumbai Real Estate Group 54,info@mumbairealestategr.in,Real Estate,Mumbai,India,NEW,Needs outreach
2026-04-29 19:04:42.901308,Mumbai Accounting Group 55,info@mumbaiaccountinggr.in,Accounting,Mumbai,India,NEW,Needs outreach
2026-04-29 19:04:42.914433,Mumbai Ecommerce Group 56,info@mumbaiecommercegro.in,Ecommerce,Mumbai,India,NEW,Needs outreach
2026-04-29 19:04:42.929574,Mumbai Ecommerce Group 57,info@mumbaiecommercegro.in,Ecommerce,Mumbai,India,NEW,Needs outreach
2026-04-29 19:04:42.943173,Mumbai Accounting Group 58,info@mumbaiaccountinggr.in,Accounting,Mumbai,India,NEW,Needs outreach
2026-04-29 19:04:42.956356,Mumbai Real Estate Group 59,info@mumbairealestategr.in,Real Estate,Mumbai,India,NEW,Needs outreach
2026-04-29 19:04:42.975256,Mumbai Accounting Group 60,info@mumbaiaccountinggr.in,Accounting,Mumbai,India,NEW,Needs outreach
2026-04-29 19:04:42.987773,Mumbai Accounting Group 61,info@mumbaiaccountinggr.in,Accounting,Mumbai,India,NEW,Needs outreach
2026-04-29 19:04:43.001389,Mumbai Dentist Group 62,info@mumbaidentistgroup.in,Dentist,Mumbai,India,NEW,Needs outreach
2026-04-29 19:04:43.013460,Mumbai Real Estate Group 63,info@mumbairealestategr.in,Real Estate,Mumbai,India,NEW,Needs outreach
2026-04-29 19:04:43.027876,Mumbai Real Estate Group 64,info@mumbairealestategr.in,Real Estate,Mumbai,India,NEW,Needs outreach
2026-04-29 19:04:43.042434,Mumbai Accounting Group 65,info@mumbaiaccountinggr.in,Accounting,Mumbai,India,NEW,Needs outreach
2026-04-29 19:04:43.058000,Mumbai Ecommerce Group 66,info@mumbaiecommercegro.in,Ecommerce,Mumbai,India,NEW,Needs outreach
2026-04-29 19:04:43.072397,Mumbai Ecommerce Group 67,info@mumbaiecommercegro.in,Ecommerce,Mumbai,India,NEW,Needs outreach
2026-04-29 19:04:43.085803,Mumbai Ecommerce Group 68,info@mumbaiecommercegro.in,Ecommerce,Mumbai,India,NEW,Needs outreach
2026-04-29 19:04:43.099498,Mumbai Law Firm Group 69,info@mumbailawfirmgroup.in,Law Firm,Mumbai,India,NEW,Needs outreach
2026-04-29 19:04:43.112757,Mumbai Dentist Group 70,info@mumbaidentistgroup.in,Dentist,Mumbai,India,NEW,Needs outreach
2026-04-29 19:04:43.126774,Mumbai Ecommerce Group 71,info@mumbaiecommercegro.in,Ecommerce,Mumbai,India,NEW,Needs outreach
2026-04-29 19:04:43.140096,Mumbai Real Estate Group 72,info@mumbairealestategr.in,Real Estate,Mumbai,India,NEW,Needs outreach
2026-04-29 19:04:43.154174,Mumbai Ecommerce Group 73,info@mumbaiecommercegro.in,Ecommerce,Mumbai,India,NEW,Needs outreach
2026-04-29 19:04:43.167203,Mumbai Med Spa Group 74,info@mumbaimedspagroup7.in,Med Spa,Mumbai,India,NEW,Needs outreach
2026-04-29 19:04:43.181307,Mumbai Accounting Group 75,info@mumbaiaccountinggr.in,Accounting,Mumbai,India,NEW,Needs outreach
2026-04-29 19:04:43.195334,Mumbai Dentist Group 76,info@mumbaidentistgroup.in,Dentist,Mumbai,India,NEW,Needs outreach
2026-04-29 19:04:43.209180,Mumbai Accounting Group 77,info@mumbaiaccountinggr.in,Accounting,Mumbai,India,NEW,Needs outreach
2026-04-29 19:04:43.222481,Mumbai Dentist Group 78,info@mumbaidentistgroup.in,Dentist,Mumbai,India,NEW,Needs outreach
2026-04-29 19:04:43.236600,Mumbai Med Spa Group 79,info@mumbaimedspagroup7.in,Med Spa,Mumbai,India,NEW,Needs outreach
2026-04-29 19:04:43.250604,Mumbai Med Spa Group 80,info@mumbaimedspagroup8.in,Med Spa,Mumbai,India,NEW,Needs outreach
2026-04-29 19:04:43.265466,Mumbai Law Firm Group 81,info@mumbailawfirmgroup.in,Law Firm,Mumbai,India,NEW,Needs outreach
2026-04-29 19:04:43.281381,Mumbai Med Spa Group 82,info@mumbaimedspagroup8.in,Med Spa,Mumbai,India,NEW,Needs outreach
2026-04-29 19:04:43.295386,Mumbai Law Firm Group 83,info@mumbailawfirmgroup.in,Law Firm,Mumbai,India,NEW,Needs outreach
2026-04-29 19:04:43.310044,Mumbai Law Firm Group 84,info@mumbailawfirmgroup.in,Law Firm,Mumbai,India,NEW,Needs outreach
2026-04-29 19:04:43.323532,Mumbai Med Spa Group 85,info@mumbaimedspagroup8.in,Med Spa,Mumbai,India,NEW,Needs outreach
2026-04-29 19:04:43.337631,Mumbai Ecommerce Group 86,info@mumbaiecommercegro.in,Ecommerce,Mumbai,India,NEW,Needs outreach
2026-04-29 19:04:43.351306,Mumbai Ecommerce Group 87,info@mumbaiecommercegro.in,Ecommerce,Mumbai,India,NEW,Needs outreach
2026-04-29 19:04:43.364914,Mumbai Dentist Group 88,info@mumbaidentistgroup.in,Dentist,Mumbai,India,NEW,Needs outreach
2026-04-29 19:04:43.378485,Mumbai Dentist Group 89,info@mumbaidentistgroup.in,Dentist,Mumbai,India,NEW,Needs outreach
2026-04-29 19:04:43.395361,Mumbai Real Estate Group 90,info@mumbairealestategr.in,Real Estate,Mumbai,India,NEW,Needs outreach
2026-04-29 19:04:43.409704,Mumbai Ecommerce Group 91,info@mumbaiecommercegro.in,Ecommerce,Mumbai,India,NEW,Needs outreach
2026-04-29 19:04:43.422342,Mumbai Accounting Group 92,info@mumbaiaccountinggr.in,Accounting,Mumbai,India,NEW,Needs outreach
2026-04-29 19:04:43.435482,Mumbai Dentist Group 93,info@mumbaidentistgroup.in,Dentist,Mumbai,India,NEW,Needs outreach
2026-04-29 19:04:43.448396,Mumbai Med Spa Group 94,info@mumbaimedspagroup9.in,Med Spa,Mumbai,India,NEW,Needs outreach
2026-04-29 19:04:43.461734,Mumbai Ecommerce Group 95,info@mumbaiecommercegro.in,Ecommerce,Mumbai,India,NEW,Needs outreach
2026-04-29 19:04:43.476139,Mumbai Law Firm Group 96,info@mumbailawfirmgroup.in,Law Firm,Mumbai,India,NEW,Needs outreach
2026-04-29 19:04:43.491708,Mumbai Dentist Group 97,info@mumbaidentistgroup.in,Dentist,Mumbai,India,NEW,Needs outreach
2026-04-29 19:04:43.505628,Mumbai Ecommerce Group 98,info@mumbaiecommercegro.in,Ecommerce,Mumbai,India,NEW,Needs outreach
2026-04-29 19:04:43.518262,Mumbai Ecommerce Group 99,info@mumbaiecommercegro.in,Ecommerce,Mumbai,India,NEW,Needs outreach
2026-04-29 19:04:43.531788,Mumbai Ecommerce Group 100,info@mumbaiecommercegro.in,Ecommerce,Mumbai,India,NEW,Needs outreach
2026-04-29 19:04:43.546175,Sydney Dentist Group 1,info@sydneydentistgroup.au,Dentist,Sydney,Australia,NEW,Needs outreach
2026-04-29 19:04:43.560718,Sydney Law Firm Group 2,info@sydneylawfirmgroup.au,Law Firm,Sydney,Australia,NEW,Needs outreach
2026-04-29 19:04:43.574517,Sydney Dentist Group 3,info@sydneydentistgroup.au,Dentist,Sydney,Australia,NEW,Needs outreach
2026-04-29 19:04:43.588238,Sydney Ecommerce Group 4,info@sydneyecommercegro.au,Ecommerce,Sydney,Australia,NEW,Needs outreach
2026-04-29 19:04:43.602481,Sydney Accounting Group 5,info@sydneyaccountinggr.au,Accounting,Sydney,Australia,NEW,Needs outreach
2026-04-29 19:04:43.616075,Sydney Real Estate Group 6,info@sydneyrealestategr.au,Real Estate,Sydney,Australia,NEW,Needs outreach
2026-04-29 19:04:43.629502,Sydney Dentist Group 7,info@sydneydentistgroup.au,Dentist,Sydney,Australia,NEW,Needs outreach
2026-04-29 19:04:43.643453,Sydney Accounting Group 8,info@sydneyaccountinggr.au,Accounting,Sydney,Australia,NEW,Needs outreach
2026-04-29 19:04:43.657481,Sydney Real Estate Group 9,info@sydneyrealestategr.au,Real Estate,Sydney,Australia,NEW,Needs outreach
2026-04-29 19:04:43.670719,Sydney Ecommerce Group 10,info@sydneyecommercegro.au,Ecommerce,Sydney,Australia,NEW,Needs outreach
2026-04-29 19:04:43.685140,Sydney Accounting Group 11,info@sydneyaccountinggr.au,Accounting,Sydney,Australia,NEW,Needs outreach
2026-04-29 19:04:43.698685,Sydney Accounting Group 12,info@sydneyaccountinggr.au,Accounting,Sydney,Australia,NEW,Needs outreach
2026-04-29 19:04:43.711378,Sydney Dentist Group 13,info@sydneydentistgroup.au,Dentist,Sydney,Australia,NEW,Needs outreach
2026-04-29 19:04:43.724549,Sydney Law Firm Group 14,info@sydneylawfirmgroup.au,Law Firm,Sydney,Australia,NEW,Needs outreach
2026-04-29 19:04:43.738692,Sydney Ecommerce Group 15,info@sydneyecommercegro.au,Ecommerce,Sydney,Australia,NEW,Needs outreach
2026-04-29 19:04:43.751547,Sydney Med Spa Group 16,info@sydneymedspagroup1.au,Med Spa,Sydney,Australia,NEW,Needs outreach
2026-04-29 19:04:43.768999,Sydney Med Spa Group 17,info@sydneymedspagroup1.au,Med Spa,Sydney,Australia,NEW,Needs outreach
2026-04-29 19:04:43.781908,Sydney Ecommerce Group 18,info@sydneyecommercegro.au,Ecommerce,Sydney,Australia,NEW,Needs outreach
2026-04-29 19:04:43.796486,Sydney Ecommerce Group 19,info@sydneyecommercegro.au,Ecommerce,Sydney,Australia,NEW,Needs outreach
2026-04-29 19:04:43.810830,Sydney Dentist Group 20,info@sydneydentistgroup.au,Dentist,Sydney,Australia,NEW,Needs outreach
2026-04-29 19:04:43.824539,Sydney Ecommerce Group 21,info@sydneyecommercegro.au,Ecommerce,Sydney,Australia,NEW,Needs outreach
2026-04-29 19:04:43.838512,Sydney Law Firm Group 22,info@sydneylawfirmgroup.au,Law Firm,Sydney,Australia,NEW,Needs outreach
2026-04-29 19:04:43.852084,Sydney Med Spa Group 23,info@sydneymedspagroup2.au,Med Spa,Sydney,Australia,NEW,Needs outreach
2026-04-29 19:04:43.864475,Sydney Real Estate Group 24,info@sydneyrealestategr.au,Real Estate,Sydney,Australia,NEW,Needs outreach
2026-04-29 19:04:43.877916,Sydney Law Firm Group 25,info@sydneylawfirmgroup.au,Law Firm,Sydney,Australia,NEW,Needs outreach
2026-04-29 19:04:43.890641,Sydney Med Spa Group 26,info@sydneymedspagroup2.au,Med Spa,Sydney,Australia,NEW,Needs outreach
2026-04-29 19:04:43.903000,Sydney Ecommerce Group 27,info@sydneyecommercegro.au,Ecommerce,Sydney,Australia,NEW,Needs outreach
2026-04-29 19:04:43.915742,Sydney Accounting Group 28,info@sydneyaccountinggr.au,Accounting,Sydney,Australia,NEW,Needs outreach
2026-04-29 19:04:43.928758,Sydney Ecommerce Group 29,info@sydneyecommercegro.au,Ecommerce,Sydney,Australia,NEW,Needs outreach
2026-04-29 19:04:43.941818,Sydney Ecommerce Group 30,info@sydneyecommercegro.au,Ecommerce,Sydney,Australia,NEW,Needs outreach
2026-04-29 19:04:43.954582,Sydney Ecommerce Group 31,info@sydneyecommercegro.au,Ecommerce,Sydney,Australia,NEW,Needs outreach
2026-04-29 19:04:43.968436,Sydney Law Firm Group 32,info@sydneylawfirmgroup.au,Law Firm,Sydney,Australia,NEW,Needs outreach
2026-04-29 19:04:43.981273,Sydney Law Firm Group 33,info@sydneylawfirmgroup.au,Law Firm,Sydney,Australia,NEW,Needs outreach
2026-04-29 19:04:43.995079,Sydney Law Firm Group 34,info@sydneylawfirmgroup.au,Law Firm,Sydney,Australia,NEW,Needs outreach
2026-04-29 19:04:44.008235,Sydney Ecommerce Group 35,info@sydneyecommercegro.au,Ecommerce,Sydney,Australia,NEW,Needs outreach
2026-04-29 19:04:44.021493,Sydney Dentist Group 36,info@sydneydentistgroup.au,Dentist,Sydney,Australia,NEW,Needs outreach
2026-04-29 19:04:44.035237,Sydney Ecommerce Group 37,info@sydneyecommercegro.au,Ecommerce,Sydney,Australia,NEW,Needs outreach
2026-04-29 19:04:44.048959,Sydney Med Spa Group 38,info@sydneymedspagroup3.au,Med Spa,Sydney,Australia,NEW,Needs outreach
2026-04-29 19:04:44.062177,Sydney Accounting Group 39,info@sydneyaccountinggr.au,Accounting,Sydney,Australia,NEW,Needs outreach
2026-04-29 19:04:44.079578,Sydney Med Spa Group 40,info@sydneymedspagroup4.au,Med Spa,Sydney,Australia,NEW,Needs outreach
2026-04-29 19:04:44.093243,Sydney Law Firm Group 41,info@sydneylawfirmgroup.au,Law Firm,Sydney,Australia,NEW,Needs outreach
2026-04-29 19:04:44.107557,Sydney Med Spa Group 42,info@sydneymedspagroup4.au,Med Spa,Sydney,Australia,NEW,Needs outreach
2026-04-29 19:04:44.120692,Sydney Dentist Group 43,info@sydneydentistgroup.au,Dentist,Sydney,Australia,NEW,Needs outreach
2026-04-29 19:04:44.134116,Sydney Real Estate Group 44,info@sydneyrealestategr.au,Real Estate,Sydney,Australia,NEW,Needs outreach
2026-04-29 19:04:44.147498,Sydney Law Firm Group 45,info@sydneylawfirmgroup.au,Law Firm,Sydney,Australia,NEW,Needs outreach
2026-04-29 19:04:44.162741,Sydney Med Spa Group 46,info@sydneymedspagroup4.au,Med Spa,Sydney,Australia,NEW,Needs outreach
2026-04-29 19:04:44.176583,Sydney Ecommerce Group 47,info@sydneyecommercegro.au,Ecommerce,Sydney,Australia,NEW,Needs outreach
2026-04-29 19:04:44.189784,Sydney Dentist Group 48,info@sydneydentistgroup.au,Dentist,Sydney,Australia,NEW,Needs outreach
2026-04-29 19:04:44.204189,Sydney Law Firm Group 49,info@sydneylawfirmgroup.au,Law Firm,Sydney,Australia,NEW,Needs outreach
2026-04-29 19:04:44.217827,Sydney Dentist Group 50,info@sydneydentistgroup.au,Dentist,Sydney,Australia,NEW,Needs outreach
2026-04-29 19:04:44.231207,Sydney Real Estate Group 51,info@sydneyrealestategr.au,Real Estate,Sydney,Australia,NEW,Needs outreach
2026-04-29 19:04:44.244967,Sydney Ecommerce Group 52,info@sydneyecommercegro.au,Ecommerce,Sydney,Australia,NEW,Needs outreach
2026-04-29 19:04:44.260075,Sydney Accounting Group 53,info@sydneyaccountinggr.au,Accounting,Sydney,Australia,NEW,Needs outreach
2026-04-29 19:04:44.274664,Sydney Med Spa Group 54,info@sydneymedspagroup5.au,Med Spa,Sydney,Australia,NEW,Needs outreach
2026-04-29 19:04:44.288752,Sydney Real Estate Group 55,info@sydneyrealestategr.au,Real Estate,Sydney,Australia,NEW,Needs outreach
2026-04-29 19:04:44.303564,Sydney Dentist Group 56,info@sydneydentistgroup.au,Dentist,Sydney,Australia,NEW,Needs outreach
2026-04-29 19:04:44.317181,Sydney Ecommerce Group 57,info@sydneyecommercegro.au,Ecommerce,Sydney,Australia,NEW,Needs outreach
2026-04-29 19:04:44.330384,Sydney Law Firm Group 58,info@sydneylawfirmgroup.au,Law Firm,Sydney,Australia,NEW,Needs outreach
2026-04-29 19:04:44.344306,Sydney Ecommerce Group 59,info@sydneyecommercegro.au,Ecommerce,Sydney,Australia,NEW,Needs outreach
2026-04-29 19:04:44.357782,Sydney Ecommerce Group 60,info@sydneyecommercegro.au,Ecommerce,Sydney,Australia,NEW,Needs outreach
2026-04-29 19:04:44.371591,Sydney Real Estate Group 61,info@sydneyrealestategr.au,Real Estate,Sydney,Australia,NEW,Needs outreach
2026-04-29 19:04:44.386190,Sydney Ecommerce Group 62,info@sydneyecommercegro.au,Ecommerce,Sydney,Australia,NEW,Needs outreach
2026-04-29 19:04:44.399930,Sydney Real Estate Group 63,info@sydneyrealestategr.au,Real Estate,Sydney,Australia,NEW,Needs outreach
2026-04-29 19:04:44.413325,Sydney Law Firm Group 64,info@sydneylawfirmgroup.au,Law Firm,Sydney,Australia,NEW,Needs outreach
2026-04-29 19:04:44.426214,Sydney Law Firm Group 65,info@sydneylawfirmgroup.au,Law Firm,Sydney,Australia,NEW,Needs outreach
2026-04-29 19:04:44.439388,Sydney Dentist Group 66,info@sydneydentistgroup.au,Dentist,Sydney,Australia,NEW,Needs outreach
2026-04-29 19:04:44.452201,Sydney Ecommerce Group 67,info@sydneyecommercegro.au,Ecommerce,Sydney,Australia,NEW,Needs outreach
2026-04-29 19:04:44.465589,Sydney Med Spa Group 68,info@sydneymedspagroup6.au,Med Spa,Sydney,Australia,NEW,Needs outreach
2026-04-29 19:04:44.479855,Sydney Ecommerce Group 69,info@sydneyecommercegro.au,Ecommerce,Sydney,Australia,NEW,Needs outreach
2026-04-29 19:04:44.494208,Sydney Med Spa Group 70,info@sydneymedspagroup7.au,Med Spa,Sydney,Australia,NEW,Needs outreach
2026-04-29 19:04:44.508564,Sydney Accounting Group 71,info@sydneyaccountinggr.au,Accounting,Sydney,Australia,NEW,Needs outreach
2026-04-29 19:04:44.521545,Sydney Law Firm Group 72,info@sydneylawfirmgroup.au,Law Firm,Sydney,Australia,NEW,Needs outreach
2026-04-29 19:04:44.535258,Sydney Ecommerce Group 73,info@sydneyecommercegro.au,Ecommerce,Sydney,Australia,NEW,Needs outreach
2026-04-29 19:04:44.552994,Sydney Accounting Group 74,info@sydneyaccountinggr.au,Accounting,Sydney,Australia,NEW,Needs outreach
2026-04-29 19:04:44.566582,Sydney Accounting Group 75,info@sydneyaccountinggr.au,Accounting,Sydney,Australia,NEW,Needs outreach
2026-04-29 19:04:44.580462,Sydney Accounting Group 76,info@sydneyaccountinggr.au,Accounting,Sydney,Australia,NEW,Needs outreach
2026-04-29 19:04:44.594484,Sydney Accounting Group 77,info@sydneyaccountinggr.au,Accounting,Sydney,Australia,NEW,Needs outreach
2026-04-29 19:04:44.608324,Sydney Law Firm Group 78,info@sydneylawfirmgroup.au,Law Firm,Sydney,Australia,NEW,Needs outreach
2026-04-29 19:04:44.622523,Sydney Law Firm Group 79,info@sydneylawfirmgroup.au,Law Firm,Sydney,Australia,NEW,Needs outreach
2026-04-29 19:04:44.636923,Sydney Real Estate Group 80,info@sydneyrealestategr.au,Real Estate,Sydney,Australia,NEW,Needs outreach
2026-04-29 19:04:44.650764,Sydney Med Spa Group 81,info@sydneymedspagroup8.au,Med Spa,Sydney,Australia,NEW,Needs outreach
2026-04-29 19:04:44.664272,Sydney Accounting Group 82,info@sydneyaccountinggr.au,Accounting,Sydney,Australia,NEW,Needs outreach
2026-04-29 19:04:44.678045,Sydney Accounting Group 83,info@sydneyaccountinggr.au,Accounting,Sydney,Australia,NEW,Needs outreach
2026-04-29 19:04:44.692325,Sydney Ecommerce Group 84,info@sydneyecommercegro.au,Ecommerce,Sydney,Australia,NEW,Needs outreach
2026-04-29 19:04:44.706895,Sydney Dentist Group 85,info@sydneydentistgroup.au,Dentist,Sydney,Australia,NEW,Needs outreach
2026-04-29 19:04:44.721383,Sydney Dentist Group 86,info@sydneydentistgroup.au,Dentist,Sydney,Australia,NEW,Needs outreach
2026-04-29 19:04:44.735830,Sydney Med Spa Group 87,info@sydneymedspagroup8.au,Med Spa,Sydney,Australia,NEW,Needs outreach
2026-04-29 19:04:44.748934,Sydney Ecommerce Group 88,info@sydneyecommercegro.au,Ecommerce,Sydney,Australia,NEW,Needs outreach
2026-04-29 19:04:44.762238,Sydney Med Spa Group 89,info@sydneymedspagroup8.au,Med Spa,Sydney,Australia,NEW,Needs outreach
2026-04-29 19:04:44.775993,Sydney Dentist Group 90,info@sydneydentistgroup.au,Dentist,Sydney,Australia,NEW,Needs outreach
2026-04-29 19:04:44.789235,Sydney Dentist Group 91,info@sydneydentistgroup.au,Dentist,Sydney,Australia,NEW,Needs outreach
2026-04-29 19:04:44.803901,Sydney Ecommerce Group 92,info@sydneyecommercegro.au,Ecommerce,Sydney,Australia,NEW,Needs outreach
2026-04-29 19:04:44.816589,Sydney Dentist Group 93,info@sydneydentistgroup.au,Dentist,Sydney,Australia,NEW,Needs outreach
2026-04-29 19:04:44.831217,Sydney Dentist Group 94,info@sydneydentistgroup.au,Dentist,Sydney,Australia,NEW,Needs outreach
2026-04-29 19:04:44.845103,Sydney Accounting Group 95,info@sydneyaccountinggr.au,Accounting,Sydney,Australia,NEW,Needs outreach
2026-04-29 19:04:44.858039,Sydney Accounting Group 96,info@sydneyaccountinggr.au,Accounting,Sydney,Australia,NEW,Needs outreach
2026-04-29 19:04:44.870580,Sydney Med Spa Group 97,info@sydneymedspagroup9.au,Med Spa,Sydney,Australia,NEW,Needs outreach
2026-04-29 19:04:44.883417,Sydney Dentist Group 98,info@sydneydentistgroup.au,Dentist,Sydney,Australia,NEW,Needs outreach
2026-04-29 19:04:44.898466,Sydney Law Firm Group 99,info@sydneylawfirmgroup.au,Law Firm,Sydney,Australia,NEW,Needs outreach
2026-04-29 19:04:44.912117,Sydney Real Estate Group 100,info@sydneyrealestategr.au,Real Estate,Sydney,Australia,NEW,Needs outreach
2026-04-29 19:05:22.164707,Dubai Law Firm Group 1,info@dubailawfirmgroup1.ae,Law Firm,Dubai,UAE,NEW,Ready for outreach
2026-04-29 19:05:22.181585,Dubai Med Spa Group 2,info@dubaimedspagroup2.ae,Med Spa,Dubai,UAE,NEW,Ready for outreach
2026-04-29 19:05:22.194955,Dubai Roofing Group 3,info@dubairoofinggroup3.ae,Roofing,Dubai,UAE,NEW,Ready for outreach
2026-04-29 19:05:22.207351,Dubai Dentist Group 4,info@dubaidentistgroup4.ae,Dentist,Dubai,UAE,NEW,Ready for outreach
2026-04-29 19:05:22.220083,Dubai Dentist Group 5,info@dubaidentistgroup5.ae,Dentist,Dubai,UAE,NEW,Ready for outreach
2026-04-29 19:05:22.232639,Dubai Accounting Group 6,info@dubaiaccountinggroup6.ae,Accounting,Dubai,UAE,NEW,Ready for outreach
2026-04-29 19:05:22.245454,Dubai Beauty Studio Group 7,info@dubaibeautystudiogroup7.ae,Beauty Studio,Dubai,UAE,NEW,Ready for outreach
2026-04-29 19:05:22.258418,Dubai Dentist Group 8,info@dubaidentistgroup8.ae,Dentist,Dubai,UAE,NEW,Ready for outreach
2026-04-29 19:05:22.272189,Dubai Clinic Group 9,info@dubaiclinicgroup9.ae,Clinic,Dubai,UAE,NEW,Ready for outreach
2026-04-29 19:05:22.286137,Dubai Law Firm Group 10,info@dubailawfirmgroup10.ae,Law Firm,Dubai,UAE,NEW,Ready for outreach
2026-04-29 19:05:22.300458,Dubai Roofing Group 11,info@dubairoofinggroup11.ae,Roofing,Dubai,UAE,NEW,Ready for outreach
2026-04-29 19:05:22.315071,Dubai Clinic Group 12,info@dubaiclinicgroup12.ae,Clinic,Dubai,UAE,NEW,Ready for outreach
2026-04-29 19:05:22.329643,Dubai Beauty Studio Group 13,info@dubaibeautystudiogroup13.ae,Beauty Studio,Dubai,UAE,NEW,Ready for outreach
2026-04-29 19:05:22.344604,Dubai Law Firm Group 14,info@dubailawfirmgroup14.ae,Law Firm,Dubai,UAE,NEW,Ready for outreach
2026-04-29 19:05:22.359468,Dubai Roofing Group 15,info@dubairoofinggroup15.ae,Roofing,Dubai,UAE,NEW,Ready for outreach
2026-04-29 19:05:22.373032,Dubai Med Spa Group 16,info@dubaimedspagroup16.ae,Med Spa,Dubai,UAE,NEW,Ready for outreach
2026-04-29 19:05:22.385742,Dubai Real Estate Group 17,info@dubairealestategroup17.ae,Real Estate,Dubai,UAE,NEW,Ready for outreach
2026-04-29 19:05:22.398968,Dubai Accounting Group 18,info@dubaiaccountinggroup18.ae,Accounting,Dubai,UAE,NEW,Ready for outreach
2026-04-29 19:05:22.411944,Dubai Clinic Group 19,info@dubaiclinicgroup19.ae,Clinic,Dubai,UAE,NEW,Ready for outreach
2026-04-29 19:05:22.425605,Dubai Med Spa Group 20,info@dubaimedspagroup20.ae,Med Spa,Dubai,UAE,NEW,Ready for outreach
2026-04-29 19:05:22.437769,Dubai Consulting Group 21,info@dubaiconsultinggroup21.ae,Consulting,Dubai,UAE,NEW,Ready for outreach
2026-04-29 19:05:22.449612,Dubai Law Firm Group 22,info@dubailawfirmgroup22.ae,Law Firm,Dubai,UAE,NEW,Ready for outreach
2026-04-29 19:05:22.462603,Dubai Real Estate Group 23,info@dubairealestategroup23.ae,Real Estate,Dubai,UAE,NEW,Ready for outreach
2026-04-29 19:05:22.475795,Dubai Med Spa Group 24,info@dubaimedspagroup24.ae,Med Spa,Dubai,UAE,NEW,Ready for outreach
2026-04-29 19:05:22.489021,Dubai Dentist Group 25,info@dubaidentistgroup25.ae,Dentist,Dubai,UAE,NEW,Ready for outreach
2026-04-29 19:05:22.500053,Dubai Law Firm Group 26,info@dubailawfirmgroup26.ae,Law Firm,Dubai,UAE,NEW,Ready for outreach
2026-04-29 19:05:22.512561,Dubai Dentist Group 27,info@dubaidentistgroup27.ae,Dentist,Dubai,UAE,NEW,Ready for outreach
2026-04-29 19:05:22.526265,Dubai Beauty Studio Group 28,info@dubaibeautystudiogroup28.ae,Beauty Studio,Dubai,UAE,NEW,Ready for outreach
2026-04-29 19:05:22.544148,Dubai Ecommerce Group 29,info@dubaiecommercegroup29.ae,Ecommerce,Dubai,UAE,NEW,Ready for outreach
2026-04-29 19:05:22.558750,Dubai Accounting Group 30,info@dubaiaccountinggroup30.ae,Accounting,Dubai,UAE,NEW,Ready for outreach
2026-04-29 19:05:22.573255,Dubai Law Firm Group 31,info@dubailawfirmgroup31.ae,Law Firm,Dubai,UAE,NEW,Ready for outreach
2026-04-29 19:05:22.585310,Dubai Consulting Group 32,info@dubaiconsultinggroup32.ae,Consulting,Dubai,UAE,NEW,Ready for outreach
2026-04-29 19:05:22.599762,Dubai Beauty Studio Group 33,info@dubaibeautystudiogroup33.ae,Beauty Studio,Dubai,UAE,NEW,Ready for outreach
2026-04-29 19:05:22.637062,Dubai Law Firm Group 34,info@dubailawfirmgroup34.ae,Law Firm,Dubai,UAE,NEW,Ready for outreach
2026-04-29 19:05:22.669373,Dubai Beauty Studio Group 35,info@dubaibeautystudiogroup35.ae,Beauty Studio,Dubai,UAE,NEW,Ready for outreach
2026-04-29 19:05:22.686170,Dubai Law Firm Group 36,info@dubailawfirmgroup36.ae,Law Firm,Dubai,UAE,NEW,Ready for outreach
2026-04-29 19:05:22.721949,Dubai Clinic Group 37,info@dubaiclinicgroup37.ae,Clinic,Dubai,UAE,NEW,Ready for outreach
2026-04-29 19:05:22.740451,Dubai Beauty Studio Group 38,info@dubaibeautystudiogroup38.ae,Beauty Studio,Dubai,UAE,NEW,Ready for outreach
2026-04-29 19:05:22.755140,Dubai Clinic Group 39,info@dubaiclinicgroup39.ae,Clinic,Dubai,UAE,NEW,Ready for outreach
2026-04-29 19:05:22.802210,Dubai Ecommerce Group 40,info@dubaiecommercegroup40.ae,Ecommerce,Dubai,UAE,NEW,Ready for outreach
2026-04-29 19:05:22.828143,Dubai Dentist Group 41,info@dubaidentistgroup41.ae,Dentist,Dubai,UAE,NEW,Ready for outreach
2026-04-29 19:05:22.856500,Dubai Law Firm Group 42,info@dubailawfirmgroup42.ae,Law Firm,Dubai,UAE,NEW,Ready for outreach
2026-04-29 19:05:22.903720,Dubai Clinic Group 43,info@dubaiclinicgroup43.ae,Clinic,Dubai,UAE,NEW,Ready for outreach
2026-04-29 19:05:22.922349,Dubai Clinic Group 44,info@dubaiclinicgroup44.ae,Clinic,Dubai,UAE,NEW,Ready for outreach
2026-04-29 19:05:22.940558,Dubai Beauty Studio Group 45,info@dubaibeautystudiogroup45.ae,Beauty Studio,Dubai,UAE,NEW,Ready for outreach
2026-04-29 19:05:22.976450,Dubai Beauty Studio Group 46,info@dubaibeautystudiogroup46.ae,Beauty Studio,Dubai,UAE,NEW,Ready for outreach
2026-04-29 19:05:23.010144,Dubai Clinic Group 47,info@dubaiclinicgroup47.ae,Clinic,Dubai,UAE,NEW,Ready for outreach
2026-04-29 19:05:23.030130,Dubai Beauty Studio Group 48,info@dubaibeautystudiogroup48.ae,Beauty Studio,Dubai,UAE,NEW,Ready for outreach
2026-04-29 19:05:23.070203,Dubai Dentist Group 49,info@dubaidentistgroup49.ae,Dentist,Dubai,UAE,NEW,Ready for outreach
2026-04-29 19:05:23.085660,Dubai Law Firm Group 50,info@dubailawfirmgroup50.ae,Law Firm,Dubai,UAE,NEW,Ready for outreach
2026-04-29 19:05:23.112899,Dubai Beauty Studio Group 51,info@dubaibeautystudiogroup51.ae,Beauty Studio,Dubai,UAE,NEW,Ready for outreach
2026-04-29 19:05:23.152289,Dubai Beauty Studio Group 52,info@dubaibeautystudiogroup52.ae,Beauty Studio,Dubai,UAE,NEW,Ready for outreach
2026-04-29 19:05:23.165491,Dubai Accounting Group 53,info@dubaiaccountinggroup53.ae,Accounting,Dubai,UAE,NEW,Ready for outreach
2026-04-29 19:05:23.181014,Dubai Consulting Group 54,info@dubaiconsultinggroup54.ae,Consulting,Dubai,UAE,NEW,Ready for outreach
2026-04-29 19:05:23.196944,Dubai Med Spa Group 55,info@dubaimedspagroup55.ae,Med Spa,Dubai,UAE,NEW,Ready for outreach
2026-04-29 19:05:23.209715,Dubai Roofing Group 56,info@dubairoofinggroup56.ae,Roofing,Dubai,UAE,NEW,Ready for outreach
2026-04-29 19:05:23.224301,Dubai Roofing Group 57,info@dubairoofinggroup57.ae,Roofing,Dubai,UAE,NEW,Ready for outreach
2026-04-29 19:05:23.242551,Dubai Beauty Studio Group 58,info@dubaibeautystudiogroup58.ae,Beauty Studio,Dubai,UAE,NEW,Ready for outreach
2026-04-29 19:05:23.256322,Dubai Real Estate Group 59,info@dubairealestategroup59.ae,Real Estate,Dubai,UAE,NEW,Ready for outreach
2026-04-29 19:05:23.270828,Dubai Ecommerce Group 60,info@dubaiecommercegroup60.ae,Ecommerce,Dubai,UAE,NEW,Ready for outreach
2026-04-29 19:05:23.286447,Dubai Consulting Group 61,info@dubaiconsultinggroup61.ae,Consulting,Dubai,UAE,NEW,Ready for outreach
2026-04-29 19:05:23.301237,Dubai Real Estate Group 62,info@dubairealestategroup62.ae,Real Estate,Dubai,UAE,NEW,Ready for outreach
2026-04-29 19:05:23.318559,Dubai Law Firm Group 63,info@dubailawfirmgroup63.ae,Law Firm,Dubai,UAE,NEW,Ready for outreach
2026-04-29 19:05:23.333642,Dubai Dentist Group 64,info@dubaidentistgroup64.ae,Dentist,Dubai,UAE,NEW,Ready for outreach
2026-04-29 19:05:23.355734,Dubai Roofing Group 65,info@dubairoofinggroup65.ae,Roofing,Dubai,UAE,NEW,Ready for outreach
2026-04-29 19:05:23.372516,Dubai Roofing Group 66,info@dubairoofinggroup66.ae,Roofing,Dubai,UAE,NEW,Ready for outreach
2026-04-29 19:05:23.394319,Dubai Dentist Group 67,info@dubaidentistgroup67.ae,Dentist,Dubai,UAE,NEW,Ready for outreach
2026-04-29 19:05:23.445705,Dubai Real Estate Group 68,info@dubairealestategroup68.ae,Real Estate,Dubai,UAE,NEW,Ready for outreach
2026-04-29 19:05:23.463719,Dubai Accounting Group 69,info@dubaiaccountinggroup69.ae,Accounting,Dubai,UAE,NEW,Ready for outreach
2026-04-29 19:05:23.480085,Dubai Accounting Group 70,info@dubaiaccountinggroup70.ae,Accounting,Dubai,UAE,NEW,Ready for outreach
2026-04-29 19:05:23.493245,Dubai Ecommerce Group 71,info@dubaiecommercegroup71.ae,Ecommerce,Dubai,UAE,NEW,Ready for outreach
2026-04-29 19:05:23.508372,Dubai Clinic Group 72,info@dubaiclinicgroup72.ae,Clinic,Dubai,UAE,NEW,Ready for outreach
2026-04-29 19:05:23.524139,Dubai Med Spa Group 73,info@dubaimedspagroup73.ae,Med Spa,Dubai,UAE,NEW,Ready for outreach
2026-04-29 19:05:23.539926,Dubai Dentist Group 74,info@dubaidentistgroup74.ae,Dentist,Dubai,UAE,NEW,Ready for outreach
2026-04-29 19:05:23.555890,Dubai Law Firm Group 75,info@dubailawfirmgroup75.ae,Law Firm,Dubai,UAE,NEW,Ready for outreach
2026-04-29 19:05:23.572949,Dubai Roofing Group 76,info@dubairoofinggroup76.ae,Roofing,Dubai,UAE,NEW,Ready for outreach
2026-04-29 19:05:23.588834,Dubai Beauty Studio Group 77,info@dubaibeautystudiogroup77.ae,Beauty Studio,Dubai,UAE,NEW,Ready for outreach
2026-04-29 19:05:23.604085,Dubai Law Firm Group 78,info@dubailawfirmgroup78.ae,Law Firm,Dubai,UAE,NEW,Ready for outreach
2026-04-29 19:05:23.619142,Dubai Roofing Group 79,info@dubairoofinggroup79.ae,Roofing,Dubai,UAE,NEW,Ready for outreach
2026-04-29 19:05:23.636655,Dubai Law Firm Group 80,info@dubailawfirmgroup80.ae,Law Firm,Dubai,UAE,NEW,Ready for outreach
2026-04-29 19:05:23.649622,Dubai Accounting Group 81,info@dubaiaccountinggroup81.ae,Accounting,Dubai,UAE,NEW,Ready for outreach
2026-04-29 19:05:23.666526,Dubai Law Firm Group 82,info@dubailawfirmgroup82.ae,Law Firm,Dubai,UAE,NEW,Ready for outreach
2026-04-29 19:05:23.679950,Dubai Law Firm Group 83,info@dubailawfirmgroup83.ae,Law Firm,Dubai,UAE,NEW,Ready for outreach
2026-04-29 19:05:23.693428,Dubai Accounting Group 84,info@dubaiaccountinggroup84.ae,Accounting,Dubai,UAE,NEW,Ready for outreach
2026-04-29 19:05:23.706001,Dubai Dentist Group 85,info@dubaidentistgroup85.ae,Dentist,Dubai,UAE,NEW,Ready for outreach
2026-04-29 19:05:23.720083,Dubai Med Spa Group 86,info@dubaimedspagroup86.ae,Med Spa,Dubai,UAE,NEW,Ready for outreach
2026-04-29 19:05:23.734561,Dubai Real Estate Group 87,info@dubairealestategroup87.ae,Real Estate,Dubai,UAE,NEW,Ready for outreach
2026-04-29 19:05:23.748531,Dubai Beauty Studio Group 88,info@dubaibeautystudiogroup88.ae,Beauty Studio,Dubai,UAE,NEW,Ready for outreach
2026-04-29 19:05:23.762268,Dubai Law Firm Group 89,info@dubailawfirmgroup89.ae,Law Firm,Dubai,UAE,NEW,Ready for outreach
2026-04-29 19:05:23.776699,Dubai Real Estate Group 90,info@dubairealestategroup90.ae,Real Estate,Dubai,UAE,NEW,Ready for outreach
2026-04-29 19:05:23.793375,Dubai Consulting Group 91,info@dubaiconsultinggroup91.ae,Consulting,Dubai,UAE,NEW,Ready for outreach
2026-04-29 19:05:23.806247,Dubai Accounting Group 92,info@dubaiaccountinggroup92.ae,Accounting,Dubai,UAE,NEW,Ready for outreach
2026-04-29 19:05:23.819563,Dubai Real Estate Group 93,info@dubairealestategroup93.ae,Real Estate,Dubai,UAE,NEW,Ready for outreach
2026-04-29 19:05:23.836916,Dubai Real Estate Group 94,info@dubairealestategroup94.ae,Real Estate,Dubai,UAE,NEW,Ready for outreach
2026-04-29 19:05:23.851286,Dubai Law Firm Group 95,info@dubailawfirmgroup95.ae,Law Firm,Dubai,UAE,NEW,Ready for outreach
2026-04-29 19:05:23.866956,Dubai Accounting Group 96,info@dubaiaccountinggroup96.ae,Accounting,Dubai,UAE,NEW,Ready for outreach
2026-04-29 19:05:23.883452,Dubai Real Estate Group 97,info@dubairealestategroup97.ae,Real Estate,Dubai,UAE,NEW,Ready for outreach
2026-04-29 19:05:23.897754,Dubai Beauty Studio Group 98,info@dubaibeautystudiogroup98.ae,Beauty Studio,Dubai,UAE,NEW,Ready for outreach
2026-04-29 19:05:23.913794,Dubai Law Firm Group 99,info@dubailawfirmgroup99.ae,Law Firm,Dubai,UAE,NEW,Ready for outreach
2026-04-29 19:05:23.929582,Dubai Beauty Studio Group 100,info@dubaibeautystudiogroup100.ae,Beauty Studio,Dubai,UAE,NEW,Ready for outreach
2026-04-29 19:05:23.942681,New York Law Firm Group 1,info@newyorklawfirmgroup1.com,Law Firm,New York,USA,NEW,Ready for outreach
2026-04-29 19:05:23.957001,New York Consulting Group 2,info@newyorkconsultinggroup2.com,Consulting,New York,USA,NEW,Ready for outreach
2026-04-29 19:05:23.972244,New York Real Estate Group 3,info@newyorkrealestategroup3.com,Real Estate,New York,USA,NEW,Ready for outreach
2026-04-29 19:05:23.984741,New York Clinic Group 4,info@newyorkclinicgroup4.com,Clinic,New York,USA,NEW,Ready for outreach
2026-04-29 19:05:23.998585,New York Consulting Group 5,info@newyorkconsultinggroup5.com,Consulting,New York,USA,NEW,Ready for outreach
2026-04-29 19:05:24.011974,New York Consulting Group 6,info@newyorkconsultinggroup6.com,Consulting,New York,USA,NEW,Ready for outreach
2026-04-29 19:05:24.025887,New York Roofing Group 7,info@newyorkroofinggroup7.com,Roofing,New York,USA,NEW,Ready for outreach
2026-04-29 19:05:24.039129,New York Ecommerce Group 8,info@newyorkecommercegroup8.com,Ecommerce,New York,USA,NEW,Ready for outreach
2026-04-29 19:05:24.055542,New York Clinic Group 9,info@newyorkclinicgroup9.com,Clinic,New York,USA,NEW,Ready for outreach
2026-04-29 19:05:24.072342,New York Roofing Group 10,info@newyorkroofinggroup10.com,Roofing,New York,USA,NEW,Ready for outreach
2026-04-29 19:05:24.086463,New York Consulting Group 11,info@newyorkconsultinggroup11.com,Consulting,New York,USA,NEW,Ready for outreach
2026-04-29 19:05:24.100148,New York Roofing Group 12,info@newyorkroofinggroup12.com,Roofing,New York,USA,NEW,Ready for outreach
2026-04-29 19:05:24.114392,New York Med Spa Group 13,info@newyorkmedspagroup13.com,Med Spa,New York,USA,NEW,Ready for outreach
2026-04-29 19:05:24.137324,New York Ecommerce Group 14,info@newyorkecommercegroup14.com,Ecommerce,New York,USA,NEW,Ready for outreach
2026-04-29 19:05:24.153177,New York Beauty Studio Group 15,info@newyorkbeautystudiogroup15.com,Beauty Studio,New York,USA,NEW,Ready for outreach
2026-04-29 19:05:24.168100,New York Consulting Group 16,info@newyorkconsultinggroup16.com,Consulting,New York,USA,NEW,Ready for outreach
2026-04-29 19:05:24.182440,New York Real Estate Group 17,info@newyorkrealestategroup17.com,Real Estate,New York,USA,NEW,Ready for outreach
2026-04-29 19:05:24.196792,New York Accounting Group 18,info@newyorkaccountinggroup18.com,Accounting,New York,USA,NEW,Ready for outreach
2026-04-29 19:05:24.209724,New York Accounting Group 19,info@newyorkaccountinggroup19.com,Accounting,New York,USA,NEW,Ready for outreach
2026-04-29 19:05:24.221935,New York Ecommerce Group 20,info@newyorkecommercegroup20.com,Ecommerce,New York,USA,NEW,Ready for outreach
2026-04-29 19:05:24.237849,New York Dentist Group 21,info@newyorkdentistgroup21.com,Dentist,New York,USA,NEW,Ready for outreach
2026-04-29 19:05:24.251484,New York Accounting Group 22,info@newyorkaccountinggroup22.com,Accounting,New York,USA,NEW,Ready for outreach
2026-04-29 19:05:24.265266,New York Beauty Studio Group 23,info@newyorkbeautystudiogroup23.com,Beauty Studio,New York,USA,NEW,Ready for outreach
2026-04-29 19:05:24.279332,New York Accounting Group 24,info@newyorkaccountinggroup24.com,Accounting,New York,USA,NEW,Ready for outreach
2026-04-29 19:05:24.295422,New York Dentist Group 25,info@newyorkdentistgroup25.com,Dentist,New York,USA,NEW,Ready for outreach
2026-04-29 19:05:24.310303,New York Dentist Group 26,info@newyorkdentistgroup26.com,Dentist,New York,USA,NEW,Ready for outreach
2026-04-29 19:05:24.324267,New York Clinic Group 27,info@newyorkclinicgroup27.com,Clinic,New York,USA,NEW,Ready for outreach
2026-04-29 19:05:24.338336,New York Law Firm Group 28,info@newyorklawfirmgroup28.com,Law Firm,New York,USA,NEW,Ready for outreach
2026-04-29 19:05:24.353611,New York Dentist Group 29,info@newyorkdentistgroup29.com,Dentist,New York,USA,NEW,Ready for outreach
2026-04-29 19:05:24.371300,New York Law Firm Group 30,info@newyorklawfirmgroup30.com,Law Firm,New York,USA,NEW,Ready for outreach
2026-04-29 19:05:24.387122,New York Dentist Group 31,info@newyorkdentistgroup31.com,Dentist,New York,USA,NEW,Ready for outreach
2026-04-29 19:05:24.399256,New York Accounting Group 32,info@newyorkaccountinggroup32.com,Accounting,New York,USA,NEW,Ready for outreach
2026-04-29 19:05:24.412863,New York Consulting Group 33,info@newyorkconsultinggroup33.com,Consulting,New York,USA,NEW,Ready for outreach
2026-04-29 19:05:24.427118,New York Ecommerce Group 34,info@newyorkecommercegroup34.com,Ecommerce,New York,USA,NEW,Ready for outreach
2026-04-29 19:05:24.440789,New York Clinic Group 35,info@newyorkclinicgroup35.com,Clinic,New York,USA,NEW,Ready for outreach
2026-04-29 19:05:24.452668,New York Law Firm Group 36,info@newyorklawfirmgroup36.com,Law Firm,New York,USA,NEW,Ready for outreach
2026-04-29 19:05:24.466800,New York Ecommerce Group 37,info@newyorkecommercegroup37.com,Ecommerce,New York,USA,NEW,Ready for outreach
2026-04-29 19:05:24.480420,New York Ecommerce Group 38,info@newyorkecommercegroup38.com,Ecommerce,New York,USA,NEW,Ready for outreach
2026-04-29 19:05:24.493352,New York Clinic Group 39,info@newyorkclinicgroup39.com,Clinic,New York,USA,NEW,Ready for outreach
2026-04-29 19:05:24.506222,New York Roofing Group 40,info@newyorkroofinggroup40.com,Roofing,New York,USA,NEW,Ready for outreach
2026-04-29 19:05:24.521994,New York Ecommerce Group 41,info@newyorkecommercegroup41.com,Ecommerce,New York,USA,NEW,Ready for outreach
2026-04-29 19:05:24.535293,New York Law Firm Group 42,info@newyorklawfirmgroup42.com,Law Firm,New York,USA,NEW,Ready for outreach
2026-04-29 19:05:24.548745,New York Dentist Group 43,info@newyorkdentistgroup43.com,Dentist,New York,USA,NEW,Ready for outreach
2026-04-29 19:05:24.561984,New York Dentist Group 44,info@newyorkdentistgroup44.com,Dentist,New York,USA,NEW,Ready for outreach
2026-04-29 19:05:24.576168,New York Roofing Group 45,info@newyorkroofinggroup45.com,Roofing,New York,USA,NEW,Ready for outreach
2026-04-29 19:05:24.590381,New York Accounting Group 46,info@newyorkaccountinggroup46.com,Accounting,New York,USA,NEW,Ready for outreach
2026-04-29 19:05:24.606278,New York Beauty Studio Group 47,info@newyorkbeautystudiogroup47.com,Beauty Studio,New York,USA,NEW,Ready for outreach
2026-04-29 19:05:24.623953,New York Law Firm Group 48,info@newyorklawfirmgroup48.com,Law Firm,New York,USA,NEW,Ready for outreach
2026-04-29 19:05:24.637517,New York Roofing Group 49,info@newyorkroofinggroup49.com,Roofing,New York,USA,NEW,Ready for outreach
2026-04-29 19:05:24.652985,New York Accounting Group 50,info@newyorkaccountinggroup50.com,Accounting,New York,USA,NEW,Ready for outreach
2026-04-29 19:05:24.668334,New York Real Estate Group 51,info@newyorkrealestategroup51.com,Real Estate,New York,USA,NEW,Ready for outreach
2026-04-29 19:05:24.684124,New York Med Spa Group 52,info@newyorkmedspagroup52.com,Med Spa,New York,USA,NEW,Ready for outreach
2026-04-29 19:05:24.698412,New York Roofing Group 53,info@newyorkroofinggroup53.com,Roofing,New York,USA,NEW,Ready for outreach
2026-04-29 19:05:24.712680,New York Consulting Group 54,info@newyorkconsultinggroup54.com,Consulting,New York,USA,NEW,Ready for outreach
2026-04-29 19:05:24.728075,New York Consulting Group 55,info@newyorkconsultinggroup55.com,Consulting,New York,USA,NEW,Ready for outreach
2026-04-29 19:05:24.742589,New York Clinic Group 56,info@newyorkclinicgroup56.com,Clinic,New York,USA,NEW,Ready for outreach
2026-04-29 19:05:24.755507,New York Consulting Group 57,info@newyorkconsultinggroup57.com,Consulting,New York,USA,NEW,Ready for outreach
2026-04-29 19:05:24.771018,New York Dentist Group 58,info@newyorkdentistgroup58.com,Dentist,New York,USA,NEW,Ready for outreach
2026-04-29 19:05:24.785679,New York Law Firm Group 59,info@newyorklawfirmgroup59.com,Law Firm,New York,USA,NEW,Ready for outreach
2026-04-29 19:05:24.800094,New York Law Firm Group 60,info@newyorklawfirmgroup60.com,Law Firm,New York,USA,NEW,Ready for outreach
2026-04-29 19:05:24.814280,New York Real Estate Group 61,info@newyorkrealestategroup61.com,Real Estate,New York,USA,NEW,Ready for outreach
2026-04-29 19:05:24.829013,New York Ecommerce Group 62,info@newyorkecommercegroup62.com,Ecommerce,New York,USA,NEW,Ready for outreach
2026-04-29 19:05:24.842937,New York Dentist Group 63,info@newyorkdentistgroup63.com,Dentist,New York,USA,NEW,Ready for outreach
2026-04-29 19:05:24.856405,New York Dentist Group 64,info@newyorkdentistgroup64.com,Dentist,New York,USA,NEW,Ready for outreach
2026-04-29 19:05:24.869640,New York Med Spa Group 65,info@newyorkmedspagroup65.com,Med Spa,New York,USA,NEW,Ready for outreach
2026-04-29 19:05:24.884533,New York Law Firm Group 66,info@newyorklawfirmgroup66.com,Law Firm,New York,USA,NEW,Ready for outreach
2026-04-29 19:05:24.899583,New York Clinic Group 67,info@newyorkclinicgroup67.com,Clinic,New York,USA,NEW,Ready for outreach
2026-04-29 19:05:24.914980,New York Ecommerce Group 68,info@newyorkecommercegroup68.com,Ecommerce,New York,USA,NEW,Ready for outreach
2026-04-29 19:05:24.929460,New York Clinic Group 69,info@newyorkclinicgroup69.com,Clinic,New York,USA,NEW,Ready for outreach
2026-04-29 19:05:24.943810,New York Clinic Group 70,info@newyorkclinicgroup70.com,Clinic,New York,USA,NEW,Ready for outreach
2026-04-29 19:05:24.956031,New York Med Spa Group 71,info@newyorkmedspagroup71.com,Med Spa,New York,USA,NEW,Ready for outreach
2026-04-29 19:05:24.969032,New York Law Firm Group 72,info@newyorklawfirmgroup72.com,Law Firm,New York,USA,NEW,Ready for outreach
2026-04-29 19:05:24.989645,New York Clinic Group 73,info@newyorkclinicgroup73.com,Clinic,New York,USA,NEW,Ready for outreach
2026-04-29 19:05:25.003247,New York Accounting Group 74,info@newyorkaccountinggroup74.com,Accounting,New York,USA,NEW,Ready for outreach
2026-04-29 19:05:25.017402,New York Ecommerce Group 75,info@newyorkecommercegroup75.com,Ecommerce,New York,USA,NEW,Ready for outreach
2026-04-29 19:05:25.031180,New York Law Firm Group 76,info@newyorklawfirmgroup76.com,Law Firm,New York,USA,NEW,Ready for outreach
2026-04-29 19:05:25.046198,New York Ecommerce Group 77,info@newyorkecommercegroup77.com,Ecommerce,New York,USA,NEW,Ready for outreach
2026-04-29 19:05:25.059260,New York Beauty Studio Group 78,info@newyorkbeautystudiogroup78.com,Beauty Studio,New York,USA,NEW,Ready for outreach
2026-04-29 19:05:25.074171,New York Ecommerce Group 79,info@newyorkecommercegroup79.com,Ecommerce,New York,USA,NEW,Ready for outreach
2026-04-29 19:05:25.089792,New York Real Estate Group 80,info@newyorkrealestategroup80.com,Real Estate,New York,USA,NEW,Ready for outreach
2026-04-29 19:05:25.106887,New York Real Estate Group 81,info@newyorkrealestategroup81.com,Real Estate,New York,USA,NEW,Ready for outreach
2026-04-29 19:05:25.121334,New York Roofing Group 82,info@newyorkroofinggroup82.com,Roofing,New York,USA,NEW,Ready for outreach
2026-04-29 19:05:25.136269,New York Accounting Group 83,info@newyorkaccountinggroup83.com,Accounting,New York,USA,NEW,Ready for outreach
2026-04-29 19:05:25.152144,New York Beauty Studio Group 84,info@newyorkbeautystudiogroup84.com,Beauty Studio,New York,USA,NEW,Ready for outreach
2026-04-29 19:05:25.166469,New York Beauty Studio Group 85,info@newyorkbeautystudiogroup85.com,Beauty Studio,New York,USA,NEW,Ready for outreach
2026-04-29 19:05:25.181159,New York Beauty Studio Group 86,info@newyorkbeautystudiogroup86.com,Beauty Studio,New York,USA,NEW,Ready for outreach
2026-04-29 19:05:25.196117,New York Accounting Group 87,info@newyorkaccountinggroup87.com,Accounting,New York,USA,NEW,Ready for outreach
2026-04-29 19:05:25.210883,New York Roofing Group 88,info@newyorkroofinggroup88.com,Roofing,New York,USA,NEW,Ready for outreach
2026-04-29 19:05:25.223555,New York Clinic Group 89,info@newyorkclinicgroup89.com,Clinic,New York,USA,NEW,Ready for outreach
2026-04-29 19:05:25.238327,New York Real Estate Group 90,info@newyorkrealestategroup90.com,Real Estate,New York,USA,NEW,Ready for outreach
2026-04-29 19:05:25.255550,New York Real Estate Group 91,info@newyorkrealestategroup91.com,Real Estate,New York,USA,NEW,Ready for outreach
2026-04-29 19:05:25.270665,New York Beauty Studio Group 92,info@newyorkbeautystudiogroup92.com,Beauty Studio,New York,USA,NEW,Ready for outreach
2026-04-29 19:05:25.285837,New York Ecommerce Group 93,info@newyorkecommercegroup93.com,Ecommerce,New York,USA,NEW,Ready for outreach
2026-04-29 19:05:25.299986,New York Accounting Group 94,info@newyorkaccountinggroup94.com,Accounting,New York,USA,NEW,Ready for outreach
2026-04-29 19:05:25.315157,New York Dentist Group 95,info@newyorkdentistgroup95.com,Dentist,New York,USA,NEW,Ready for outreach
2026-04-29 19:05:25.330643,New York Real Estate Group 96,info@newyorkrealestategroup96.com,Real Estate,New York,USA,NEW,Ready for outreach
2026-04-29 19:05:25.346056,New York Accounting Group 97,info@newyorkaccountinggroup97.com,Accounting,New York,USA,NEW,Ready for outreach
2026-04-29 19:05:25.360352,New York Clinic Group 98,info@newyorkclinicgroup98.com,Clinic,New York,USA,NEW,Ready for outreach
2026-04-29 19:05:25.373283,New York Med Spa Group 99,info@newyorkmedspagroup99.com,Med Spa,New York,USA,NEW,Ready for outreach
2026-04-29 19:05:25.386864,New York Clinic Group 100,info@newyorkclinicgroup100.com,Clinic,New York,USA,NEW,Ready for outreach
2026-04-29 19:05:25.401285,Mumbai Consulting Group 1,info@mumbaiconsultinggroup1.in,Consulting,Mumbai,India,NEW,Ready for outreach
2026-04-29 19:05:25.415812,Mumbai Roofing Group 2,info@mumbairoofinggroup2.in,Roofing,Mumbai,India,NEW,Ready for outreach
2026-04-29 19:05:25.430437,Mumbai Clinic Group 3,info@mumbaiclinicgroup3.in,Clinic,Mumbai,India,NEW,Ready for outreach
2026-04-29 19:05:25.445758,Mumbai Roofing Group 4,info@mumbairoofinggroup4.in,Roofing,Mumbai,India,NEW,Ready for outreach
2026-04-29 19:05:25.461440,Mumbai Accounting Group 5,info@mumbaiaccountinggroup5.in,Accounting,Mumbai,India,NEW,Ready for outreach
2026-04-29 19:05:25.476583,Mumbai Real Estate Group 6,info@mumbairealestategroup6.in,Real Estate,Mumbai,India,NEW,Ready for outreach
2026-04-29 19:05:25.491927,Mumbai Law Firm Group 7,info@mumbailawfirmgroup7.in,Law Firm,Mumbai,India,NEW,Ready for outreach
2026-04-29 19:05:25.507770,Mumbai Med Spa Group 8,info@mumbaimedspagroup8.in,Med Spa,Mumbai,India,NEW,Ready for outreach
2026-04-29 19:05:25.523988,Mumbai Dentist Group 9,info@mumbaidentistgroup9.in,Dentist,Mumbai,India,NEW,Ready for outreach
2026-04-29 19:05:25.538356,Mumbai Consulting Group 10,info@mumbaiconsultinggroup10.in,Consulting,Mumbai,India,NEW,Ready for outreach
2026-04-29 19:05:25.553385,Mumbai Real Estate Group 11,info@mumbairealestategroup11.in,Real Estate,Mumbai,India,NEW,Ready for outreach
2026-04-29 19:05:25.567286,Mumbai Clinic Group 12,info@mumbaiclinicgroup12.in,Clinic,Mumbai,India,NEW,Ready for outreach
2026-04-29 19:05:25.581395,Mumbai Law Firm Group 13,info@mumbailawfirmgroup13.in,Law Firm,Mumbai,India,NEW,Ready for outreach
2026-04-29 19:05:25.596486,Mumbai Clinic Group 14,info@mumbaiclinicgroup14.in,Clinic,Mumbai,India,NEW,Ready for outreach
2026-04-29 19:05:25.611569,Mumbai Beauty Studio Group 15,info@mumbaibeautystudiogroup15.in,Beauty Studio,Mumbai,India,NEW,Ready for outreach
2026-04-29 19:05:25.627176,Mumbai Law Firm Group 16,info@mumbailawfirmgroup16.in,Law Firm,Mumbai,India,NEW,Ready for outreach
2026-04-29 19:05:25.643685,Mumbai Ecommerce Group 17,info@mumbaiecommercegroup17.in,Ecommerce,Mumbai,India,NEW,Ready for outreach
2026-04-29 19:05:25.658490,Mumbai Real Estate Group 18,info@mumbairealestategroup18.in,Real Estate,Mumbai,India,NEW,Ready for outreach
2026-04-29 19:05:25.674034,Mumbai Consulting Group 19,info@mumbaiconsultinggroup19.in,Consulting,Mumbai,India,NEW,Ready for outreach
2026-04-29 19:05:25.687553,Mumbai Law Firm Group 20,info@mumbailawfirmgroup20.in,Law Firm,Mumbai,India,NEW,Ready for outreach
2026-04-29 19:05:25.702136,Mumbai Ecommerce Group 21,info@mumbaiecommercegroup21.in,Ecommerce,Mumbai,India,NEW,Ready for outreach
2026-04-29 19:05:25.717513,Mumbai Real Estate Group 22,info@mumbairealestategroup22.in,Real Estate,Mumbai,India,NEW,Ready for outreach
2026-04-29 19:05:25.732509,Mumbai Ecommerce Group 23,info@mumbaiecommercegroup23.in,Ecommerce,Mumbai,India,NEW,Ready for outreach
2026-04-29 19:05:25.746649,Mumbai Real Estate Group 24,info@mumbairealestategroup24.in,Real Estate,Mumbai,India,NEW,Ready for outreach
2026-04-29 19:05:25.761970,Mumbai Ecommerce Group 25,info@mumbaiecommercegroup25.in,Ecommerce,Mumbai,India,NEW,Ready for outreach
2026-04-29 19:05:25.777956,Mumbai Law Firm Group 26,info@mumbailawfirmgroup26.in,Law Firm,Mumbai,India,NEW,Ready for outreach
2026-04-29 19:05:25.792297,Mumbai Beauty Studio Group 27,info@mumbaibeautystudiogroup27.in,Beauty Studio,Mumbai,India,NEW,Ready for outreach
2026-04-29 19:05:25.805756,Mumbai Real Estate Group 28,info@mumbairealestategroup28.in,Real Estate,Mumbai,India,NEW,Ready for outreach
2026-04-29 19:05:25.820348,Mumbai Consulting Group 29,info@mumbaiconsultinggroup29.in,Consulting,Mumbai,India,NEW,Ready for outreach
2026-04-29 19:05:25.835000,Mumbai Accounting Group 30,info@mumbaiaccountinggroup30.in,Accounting,Mumbai,India,NEW,Ready for outreach
2026-04-29 19:05:25.849975,Mumbai Med Spa Group 31,info@mumbaimedspagroup31.in,Med Spa,Mumbai,India,NEW,Ready for outreach
2026-04-29 19:05:25.865904,Mumbai Roofing Group 32,info@mumbairoofinggroup32.in,Roofing,Mumbai,India,NEW,Ready for outreach
2026-04-29 19:05:25.886922,Mumbai Roofing Group 33,info@mumbairoofinggroup33.in,Roofing,Mumbai,India,NEW,Ready for outreach
2026-04-29 19:05:25.904147,Mumbai Beauty Studio Group 34,info@mumbaibeautystudiogroup34.in,Beauty Studio,Mumbai,India,NEW,Ready for outreach
2026-04-29 19:05:25.921308,Mumbai Dentist Group 35,info@mumbaidentistgroup35.in,Dentist,Mumbai,India,NEW,Ready for outreach
2026-04-29 19:05:25.936715,Mumbai Dentist Group 36,info@mumbaidentistgroup36.in,Dentist,Mumbai,India,NEW,Ready for outreach
2026-04-29 19:05:25.951883,Mumbai Dentist Group 37,info@mumbaidentistgroup37.in,Dentist,Mumbai,India,NEW,Ready for outreach
2026-04-29 19:05:25.965344,Mumbai Ecommerce Group 38,info@mumbaiecommercegroup38.in,Ecommerce,Mumbai,India,NEW,Ready for outreach
2026-04-29 19:05:25.980059,Mumbai Ecommerce Group 39,info@mumbaiecommercegroup39.in,Ecommerce,Mumbai,India,NEW,Ready for outreach
2026-04-29 19:05:25.993942,Mumbai Real Estate Group 40,info@mumbairealestategroup40.in,Real Estate,Mumbai,India,NEW,Ready for outreach
2026-04-29 19:05:26.007573,Mumbai Law Firm Group 41,info@mumbailawfirmgroup41.in,Law Firm,Mumbai,India,NEW,Ready for outreach
2026-04-29 19:05:26.021854,Mumbai Dentist Group 42,info@mumbaidentistgroup42.in,Dentist,Mumbai,India,NEW,Ready for outreach
2026-04-29 19:05:26.034811,Mumbai Dentist Group 43,info@mumbaidentistgroup43.in,Dentist,Mumbai,India,NEW,Ready for outreach
2026-04-29 19:05:26.048102,Mumbai Accounting Group 44,info@mumbaiaccountinggroup44.in,Accounting,Mumbai,India,NEW,Ready for outreach
2026-04-29 19:05:26.062355,Mumbai Clinic Group 45,info@mumbaiclinicgroup45.in,Clinic,Mumbai,India,NEW,Ready for outreach
2026-04-29 19:05:26.077459,Mumbai Beauty Studio Group 46,info@mumbaibeautystudiogroup46.in,Beauty Studio,Mumbai,India,NEW,Ready for outreach
2026-04-29 19:05:26.091906,Mumbai Beauty Studio Group 47,info@mumbaibeautystudiogroup47.in,Beauty Studio,Mumbai,India,NEW,Ready for outreach
2026-04-29 19:05:26.106296,Mumbai Med Spa Group 48,info@mumbaimedspagroup48.in,Med Spa,Mumbai,India,NEW,Ready for outreach
2026-04-29 19:05:26.122471,Mumbai Med Spa Group 49,info@mumbaimedspagroup49.in,Med Spa,Mumbai,India,NEW,Ready for outreach
2026-04-29 19:05:26.140011,Mumbai Law Firm Group 50,info@mumbailawfirmgroup50.in,Law Firm,Mumbai,India,NEW,Ready for outreach
2026-04-29 19:05:26.155843,Mumbai Ecommerce Group 51,info@mumbaiecommercegroup51.in,Ecommerce,Mumbai,India,NEW,Ready for outreach
2026-04-29 19:05:26.170075,Mumbai Real Estate Group 52,info@mumbairealestategroup52.in,Real Estate,Mumbai,India,NEW,Ready for outreach
2026-04-29 19:05:26.182754,Mumbai Clinic Group 53,info@mumbaiclinicgroup53.in,Clinic,Mumbai,India,NEW,Ready for outreach
2026-04-29 19:05:26.197170,Mumbai Beauty Studio Group 54,info@mumbaibeautystudiogroup54.in,Beauty Studio,Mumbai,India,NEW,Ready for outreach
2026-04-29 19:05:26.211212,Mumbai Law Firm Group 55,info@mumbailawfirmgroup55.in,Law Firm,Mumbai,India,NEW,Ready for outreach
2026-04-29 19:05:26.224787,Mumbai Med Spa Group 56,info@mumbaimedspagroup56.in,Med Spa,Mumbai,India,NEW,Ready for outreach
2026-04-29 19:05:26.239566,Mumbai Ecommerce Group 57,info@mumbaiecommercegroup57.in,Ecommerce,Mumbai,India,NEW,Ready for outreach
2026-04-29 19:05:26.253737,Mumbai Real Estate Group 58,info@mumbairealestategroup58.in,Real Estate,Mumbai,India,NEW,Ready for outreach
2026-04-29 19:05:26.268150,Mumbai Beauty Studio Group 59,info@mumbaibeautystudiogroup59.in,Beauty Studio,Mumbai,India,NEW,Ready for outreach
2026-04-29 19:05:26.282244,Mumbai Beauty Studio Group 60,info@mumbaibeautystudiogroup60.in,Beauty Studio,Mumbai,India,NEW,Ready for outreach
2026-04-29 19:05:26.295110,Mumbai Beauty Studio Group 61,info@mumbaibeautystudiogroup61.in,Beauty Studio,Mumbai,India,NEW,Ready for outreach
2026-04-29 19:05:26.307930,Mumbai Law Firm Group 62,info@mumbailawfirmgroup62.in,Law Firm,Mumbai,India,NEW,Ready for outreach
2026-04-29 19:05:26.321805,Mumbai Accounting Group 63,info@mumbaiaccountinggroup63.in,Accounting,Mumbai,India,NEW,Ready for outreach
2026-04-29 19:05:26.337490,Mumbai Roofing Group 64,info@mumbairoofinggroup64.in,Roofing,Mumbai,India,NEW,Ready for outreach
2026-04-29 19:05:26.351056,Mumbai Accounting Group 65,info@mumbaiaccountinggroup65.in,Accounting,Mumbai,India,NEW,Ready for outreach
2026-04-29 19:05:26.363588,Mumbai Clinic Group 66,info@mumbaiclinicgroup66.in,Clinic,Mumbai,India,NEW,Ready for outreach
2026-04-29 19:05:26.376796,Mumbai Clinic Group 67,info@mumbaiclinicgroup67.in,Clinic,Mumbai,India,NEW,Ready for outreach
2026-04-29 19:05:26.390197,Mumbai Real Estate Group 68,info@mumbairealestategroup68.in,Real Estate,Mumbai,India,NEW,Ready for outreach
2026-04-29 19:05:26.404359,Mumbai Roofing Group 69,info@mumbairoofinggroup69.in,Roofing,Mumbai,India,NEW,Ready for outreach
2026-04-29 19:05:26.418167,Mumbai Accounting Group 70,info@mumbaiaccountinggroup70.in,Accounting,Mumbai,India,NEW,Ready for outreach
2026-04-29 19:05:26.432535,Mumbai Beauty Studio Group 71,info@mumbaibeautystudiogroup71.in,Beauty Studio,Mumbai,India,NEW,Ready for outreach
2026-04-29 19:05:26.445866,Mumbai Accounting Group 72,info@mumbaiaccountinggroup72.in,Accounting,Mumbai,India,NEW,Ready for outreach
2026-04-29 19:05:26.459493,Mumbai Ecommerce Group 73,info@mumbaiecommercegroup73.in,Ecommerce,Mumbai,India,NEW,Ready for outreach
2026-04-29 19:05:26.473778,Mumbai Consulting Group 74,info@mumbaiconsultinggroup74.in,Consulting,Mumbai,India,NEW,Ready for outreach
2026-04-29 19:05:26.487789,Mumbai Roofing Group 75,info@mumbairoofinggroup75.in,Roofing,Mumbai,India,NEW,Ready for outreach
2026-04-29 19:05:26.502705,Mumbai Ecommerce Group 76,info@mumbaiecommercegroup76.in,Ecommerce,Mumbai,India,NEW,Ready for outreach
2026-04-29 19:05:26.516981,Mumbai Consulting Group 77,info@mumbaiconsultinggroup77.in,Consulting,Mumbai,India,NEW,Ready for outreach
2026-04-29 19:05:26.529700,Mumbai Roofing Group 78,info@mumbairoofinggroup78.in,Roofing,Mumbai,India,NEW,Ready for outreach
2026-04-29 19:05:26.545231,Mumbai Ecommerce Group 79,info@mumbaiecommercegroup79.in,Ecommerce,Mumbai,India,NEW,Ready for outreach
2026-04-29 19:05:26.559544,Mumbai Law Firm Group 80,info@mumbailawfirmgroup80.in,Law Firm,Mumbai,India,NEW,Ready for outreach
2026-04-29 19:05:26.571311,Mumbai Med Spa Group 81,info@mumbaimedspagroup81.in,Med Spa,Mumbai,India,NEW,Ready for outreach
2026-04-29 19:05:26.583516,Mumbai Real Estate Group 82,info@mumbairealestategroup82.in,Real Estate,Mumbai,India,NEW,Ready for outreach
2026-04-29 19:05:26.596939,Mumbai Beauty Studio Group 83,info@mumbaibeautystudiogroup83.in,Beauty Studio,Mumbai,India,NEW,Ready for outreach
2026-04-29 19:05:26.610134,Mumbai Accounting Group 84,info@mumbaiaccountinggroup84.in,Accounting,Mumbai,India,NEW,Ready for outreach
2026-04-29 19:05:26.623996,Mumbai Dentist Group 85,info@mumbaidentistgroup85.in,Dentist,Mumbai,India,NEW,Ready for outreach
2026-04-29 19:05:26.637772,Mumbai Ecommerce Group 86,info@mumbaiecommercegroup86.in,Ecommerce,Mumbai,India,NEW,Ready for outreach
2026-04-29 19:05:26.652898,Mumbai Real Estate Group 87,info@mumbairealestategroup87.in,Real Estate,Mumbai,India,NEW,Ready for outreach
2026-04-29 19:05:26.666217,Mumbai Real Estate Group 88,info@mumbairealestategroup88.in,Real Estate,Mumbai,India,NEW,Ready for outreach
2026-04-29 19:05:26.680162,Mumbai Dentist Group 89,info@mumbaidentistgroup89.in,Dentist,Mumbai,India,NEW,Ready for outreach
2026-04-29 19:05:26.692683,Mumbai Ecommerce Group 90,info@mumbaiecommercegroup90.in,Ecommerce,Mumbai,India,NEW,Ready for outreach
2026-04-29 19:05:26.704729,Mumbai Roofing Group 91,info@mumbairoofinggroup91.in,Roofing,Mumbai,India,NEW,Ready for outreach
2026-04-29 19:05:26.724157,Mumbai Roofing Group 92,info@mumbairoofinggroup92.in,Roofing,Mumbai,India,NEW,Ready for outreach
2026-04-29 19:05:26.740387,Mumbai Law Firm Group 93,info@mumbailawfirmgroup93.in,Law Firm,Mumbai,India,NEW,Ready for outreach
2026-04-29 19:05:26.757341,Mumbai Dentist Group 94,info@mumbaidentistgroup94.in,Dentist,Mumbai,India,NEW,Ready for outreach
2026-04-29 19:05:26.772435,Mumbai Clinic Group 95,info@mumbaiclinicgroup95.in,Clinic,Mumbai,India,NEW,Ready for outreach
2026-04-29 19:05:26.785799,Mumbai Roofing Group 96,info@mumbairoofinggroup96.in,Roofing,Mumbai,India,NEW,Ready for outreach
2026-04-29 19:05:26.798278,Mumbai Med Spa Group 97,info@mumbaimedspagroup97.in,Med Spa,Mumbai,India,NEW,Ready for outreach
2026-04-29 19:05:26.810231,Mumbai Consulting Group 98,info@mumbaiconsultinggroup98.in,Consulting,Mumbai,India,NEW,Ready for outreach
2026-04-29 19:05:26.822533,Mumbai Law Firm Group 99,info@mumbailawfirmgroup99.in,Law Firm,Mumbai,India,NEW,Ready for outreach
2026-04-29 19:05:26.836176,Mumbai Real Estate Group 100,info@mumbairealestategroup100.in,Real Estate,Mumbai,India,NEW,Ready for outreach
2026-04-29 19:05:26.849397,Sydney Consulting Group 1,info@sydneyconsultinggroup1.com.au,Consulting,Sydney,Australia,NEW,Ready for outreach
2026-04-29 19:05:26.862810,Sydney Real Estate Group 2,info@sydneyrealestategroup2.com.au,Real Estate,Sydney,Australia,NEW,Ready for outreach
2026-04-29 19:05:26.876115,Sydney Beauty Studio Group 3,info@sydneybeautystudiogroup3.com.au,Beauty Studio,Sydney,Australia,NEW,Ready for outreach
2026-04-29 19:05:26.888583,Sydney Beauty Studio Group 4,info@sydneybeautystudiogroup4.com.au,Beauty Studio,Sydney,Australia,NEW,Ready for outreach
2026-04-29 19:05:26.899929,Sydney Real Estate Group 5,info@sydneyrealestategroup5.com.au,Real Estate,Sydney,Australia,NEW,Ready for outreach
2026-04-29 19:05:26.912172,Sydney Consulting Group 6,info@sydneyconsultinggroup6.com.au,Consulting,Sydney,Australia,NEW,Ready for outreach
2026-04-29 19:05:26.924603,Sydney Beauty Studio Group 7,info@sydneybeautystudiogroup7.com.au,Beauty Studio,Sydney,Australia,NEW,Ready for outreach
2026-04-29 19:05:26.938067,Sydney Law Firm Group 8,info@sydneylawfirmgroup8.com.au,Law Firm,Sydney,Australia,NEW,Ready for outreach
2026-04-29 19:05:26.951490,Sydney Law Firm Group 9,info@sydneylawfirmgroup9.com.au,Law Firm,Sydney,Australia,NEW,Ready for outreach
2026-04-29 19:05:26.964869,Sydney Accounting Group 10,info@sydneyaccountinggroup10.com.au,Accounting,Sydney,Australia,NEW,Ready for outreach
2026-04-29 19:05:26.980120,Sydney Accounting Group 11,info@sydneyaccountinggroup11.com.au,Accounting,Sydney,Australia,NEW,Ready for outreach
2026-04-29 19:05:26.993312,Sydney Law Firm Group 12,info@sydneylawfirmgroup12.com.au,Law Firm,Sydney,Australia,NEW,Ready for outreach
2026-04-29 19:05:27.005099,Sydney Dentist Group 13,info@sydneydentistgroup13.com.au,Dentist,Sydney,Australia,NEW,Ready for outreach
2026-04-29 19:05:27.016722,Sydney Beauty Studio Group 14,info@sydneybeautystudiogroup14.com.au,Beauty Studio,Sydney,Australia,NEW,Ready for outreach
2026-04-29 19:05:27.033226,Sydney Dentist Group 15,info@sydneydentistgroup15.com.au,Dentist,Sydney,Australia,NEW,Ready for outreach
2026-04-29 19:05:27.049121,Sydney Law Firm Group 16,info@sydneylawfirmgroup16.com.au,Law Firm,Sydney,Australia,NEW,Ready for outreach
2026-04-29 19:05:27.062225,Sydney Law Firm Group 17,info@sydneylawfirmgroup17.com.au,Law Firm,Sydney,Australia,NEW,Ready for outreach
2026-04-29 19:05:27.075740,Sydney Clinic Group 18,info@sydneyclinicgroup18.com.au,Clinic,Sydney,Australia,NEW,Ready for outreach
2026-04-29 19:05:27.087751,Sydney Med Spa Group 19,info@sydneymedspagroup19.com.au,Med Spa,Sydney,Australia,NEW,Ready for outreach
2026-04-29 19:05:27.121581,Sydney Beauty Studio Group 20,info@sydneybeautystudiogroup20.com.au,Beauty Studio,Sydney,Australia,NEW,Ready for outreach
2026-04-29 19:05:27.134163,Sydney Dentist Group 21,info@sydneydentistgroup21.com.au,Dentist,Sydney,Australia,NEW,Ready for outreach
2026-04-29 19:05:27.147021,Sydney Real Estate Group 22,info@sydneyrealestategroup22.com.au,Real Estate,Sydney,Australia,NEW,Ready for outreach
2026-04-29 19:05:27.162564,Sydney Consulting Group 23,info@sydneyconsultinggroup23.com.au,Consulting,Sydney,Australia,NEW,Ready for outreach
2026-04-29 19:05:27.176431,Sydney Accounting Group 24,info@sydneyaccountinggroup24.com.au,Accounting,Sydney,Australia,NEW,Ready for outreach
2026-04-29 19:05:27.216641,Sydney Consulting Group 25,info@sydneyconsultinggroup25.com.au,Consulting,Sydney,Australia,NEW,Ready for outreach
2026-04-29 19:05:27.230551,Sydney Clinic Group 26,info@sydneyclinicgroup26.com.au,Clinic,Sydney,Australia,NEW,Ready for outreach
2026-04-29 19:05:27.243411,Sydney Real Estate Group 27,info@sydneyrealestategroup27.com.au,Real Estate,Sydney,Australia,NEW,Ready for outreach
2026-04-29 19:05:27.258854,Sydney Consulting Group 28,info@sydneyconsultinggroup28.com.au,Consulting,Sydney,Australia,NEW,Ready for outreach
2026-04-29 19:05:27.271006,Sydney Ecommerce Group 29,info@sydneyecommercegroup29.com.au,Ecommerce,Sydney,Australia,NEW,Ready for outreach
2026-04-29 19:05:27.283113,Sydney Ecommerce Group 30,info@sydneyecommercegroup30.com.au,Ecommerce,Sydney,Australia,NEW,Ready for outreach
2026-04-29 19:05:27.302852,Sydney Beauty Studio Group 31,info@sydneybeautystudiogroup31.com.au,Beauty Studio,Sydney,Australia,NEW,Ready for outreach
2026-04-29 19:05:27.316466,Sydney Law Firm Group 32,info@sydneylawfirmgroup32.com.au,Law Firm,Sydney,Australia,NEW,Ready for outreach
2026-04-29 19:05:27.334628,Sydney Consulting Group 33,info@sydneyconsultinggroup33.com.au,Consulting,Sydney,Australia,NEW,Ready for outreach
2026-04-29 19:05:27.349639,Sydney Med Spa Group 34,info@sydneymedspagroup34.com.au,Med Spa,Sydney,Australia,NEW,Ready for outreach
2026-04-29 19:05:27.364159,Sydney Accounting Group 35,info@sydneyaccountinggroup35.com.au,Accounting,Sydney,Australia,NEW,Ready for outreach
2026-04-29 19:05:27.377833,Sydney Law Firm Group 36,info@sydneylawfirmgroup36.com.au,Law Firm,Sydney,Australia,NEW,Ready for outreach
2026-04-29 19:05:27.390676,Sydney Clinic Group 37,info@sydneyclinicgroup37.com.au,Clinic,Sydney,Australia,NEW,Ready for outreach
2026-04-29 19:05:27.404903,Sydney Accounting Group 38,info@sydneyaccountinggroup38.com.au,Accounting,Sydney,Australia,NEW,Ready for outreach
2026-04-29 19:05:27.418248,Sydney Clinic Group 39,info@sydneyclinicgroup39.com.au,Clinic,Sydney,Australia,NEW,Ready for outreach
2026-04-29 19:05:27.431406,Sydney Med Spa Group 40,info@sydneymedspagroup40.com.au,Med Spa,Sydney,Australia,NEW,Ready for outreach
2026-04-29 19:05:27.444084,Sydney Med Spa Group 41,info@sydneymedspagroup41.com.au,Med Spa,Sydney,Australia,NEW,Ready for outreach
2026-04-29 19:05:27.458145,Sydney Roofing Group 42,info@sydneyroofinggroup42.com.au,Roofing,Sydney,Australia,NEW,Ready for outreach
2026-04-29 19:05:27.472614,Sydney Law Firm Group 43,info@sydneylawfirmgroup43.com.au,Law Firm,Sydney,Australia,NEW,Ready for outreach
2026-04-29 19:05:27.486133,Sydney Accounting Group 44,info@sydneyaccountinggroup44.com.au,Accounting,Sydney,Australia,NEW,Ready for outreach
2026-04-29 19:05:27.499140,Sydney Consulting Group 45,info@sydneyconsultinggroup45.com.au,Consulting,Sydney,Australia,NEW,Ready for outreach
2026-04-29 19:05:27.513029,Sydney Ecommerce Group 46,info@sydneyecommercegroup46.com.au,Ecommerce,Sydney,Australia,NEW,Ready for outreach
2026-04-29 19:05:27.526602,Sydney Med Spa Group 47,info@sydneymedspagroup47.com.au,Med Spa,Sydney,Australia,NEW,Ready for outreach
2026-04-29 19:05:27.542134,Sydney Consulting Group 48,info@sydneyconsultinggroup48.com.au,Consulting,Sydney,Australia,NEW,Ready for outreach
2026-04-29 19:05:27.557038,Sydney Law Firm Group 49,info@sydneylawfirmgroup49.com.au,Law Firm,Sydney,Australia,NEW,Ready for outreach
2026-04-29 19:05:27.572498,Sydney Ecommerce Group 50,info@sydneyecommercegroup50.com.au,Ecommerce,Sydney,Australia,NEW,Ready for outreach
2026-04-29 19:05:27.587096,Sydney Consulting Group 51,info@sydneyconsultinggroup51.com.au,Consulting,Sydney,Australia,NEW,Ready for outreach
2026-04-29 19:05:27.600017,Sydney Real Estate Group 52,info@sydneyrealestategroup52.com.au,Real Estate,Sydney,Australia,NEW,Ready for outreach
2026-04-29 19:05:27.611684,Sydney Law Firm Group 53,info@sydneylawfirmgroup53.com.au,Law Firm,Sydney,Australia,NEW,Ready for outreach
2026-04-29 19:05:27.622679,Sydney Roofing Group 54,info@sydneyroofinggroup54.com.au,Roofing,Sydney,Australia,NEW,Ready for outreach
2026-04-29 19:05:27.637729,Sydney Accounting Group 55,info@sydneyaccountinggroup55.com.au,Accounting,Sydney,Australia,NEW,Ready for outreach
2026-04-29 19:05:27.651059,Sydney Real Estate Group 56,info@sydneyrealestategroup56.com.au,Real Estate,Sydney,Australia,NEW,Ready for outreach
2026-04-29 19:05:27.664235,Sydney Accounting Group 57,info@sydneyaccountinggroup57.com.au,Accounting,Sydney,Australia,NEW,Ready for outreach
2026-04-29 19:05:27.678014,Sydney Med Spa Group 58,info@sydneymedspagroup58.com.au,Med Spa,Sydney,Australia,NEW,Ready for outreach
2026-04-29 19:05:27.693030,Sydney Med Spa Group 59,info@sydneymedspagroup59.com.au,Med Spa,Sydney,Australia,NEW,Ready for outreach
2026-04-29 19:05:27.708483,Sydney Law Firm Group 60,info@sydneylawfirmgroup60.com.au,Law Firm,Sydney,Australia,NEW,Ready for outreach
2026-04-29 19:05:27.721602,Sydney Ecommerce Group 61,info@sydneyecommercegroup61.com.au,Ecommerce,Sydney,Australia,NEW,Ready for outreach
2026-04-29 19:05:27.733924,Sydney Clinic Group 62,info@sydneyclinicgroup62.com.au,Clinic,Sydney,Australia,NEW,Ready for outreach
2026-04-29 19:05:27.748128,Sydney Law Firm Group 63,info@sydneylawfirmgroup63.com.au,Law Firm,Sydney,Australia,NEW,Ready for outreach
2026-04-29 19:05:27.761917,Sydney Accounting Group 64,info@sydneyaccountinggroup64.com.au,Accounting,Sydney,Australia,NEW,Ready for outreach
2026-04-29 19:05:27.776352,Sydney Roofing Group 65,info@sydneyroofinggroup65.com.au,Roofing,Sydney,Australia,NEW,Ready for outreach
2026-04-29 19:05:27.788957,Sydney Real Estate Group 66,info@sydneyrealestategroup66.com.au,Real Estate,Sydney,Australia,NEW,Ready for outreach
2026-04-29 19:05:27.803700,Sydney Ecommerce Group 67,info@sydneyecommercegroup67.com.au,Ecommerce,Sydney,Australia,NEW,Ready for outreach
2026-04-29 19:05:27.816995,Sydney Clinic Group 68,info@sydneyclinicgroup68.com.au,Clinic,Sydney,Australia,NEW,Ready for outreach
2026-04-29 19:05:27.832572,Sydney Roofing Group 69,info@sydneyroofinggroup69.com.au,Roofing,Sydney,Australia,NEW,Ready for outreach
2026-04-29 19:05:27.847710,Sydney Med Spa Group 70,info@sydneymedspagroup70.com.au,Med Spa,Sydney,Australia,NEW,Ready for outreach
2026-04-29 19:05:27.862326,Sydney Beauty Studio Group 71,info@sydneybeautystudiogroup71.com.au,Beauty Studio,Sydney,Australia,NEW,Ready for outreach
2026-04-29 19:05:27.876792,Sydney Med Spa Group 72,info@sydneymedspagroup72.com.au,Med Spa,Sydney,Australia,NEW,Ready for outreach
2026-04-29 19:05:27.889669,Sydney Real Estate Group 73,info@sydneyrealestategroup73.com.au,Real Estate,Sydney,Australia,NEW,Ready for outreach
2026-04-29 19:05:27.904191,Sydney Law Firm Group 74,info@sydneylawfirmgroup74.com.au,Law Firm,Sydney,Australia,NEW,Ready for outreach
2026-04-29 19:05:27.917794,Sydney Dentist Group 75,info@sydneydentistgroup75.com.au,Dentist,Sydney,Australia,NEW,Ready for outreach
2026-04-29 19:05:27.930536,Sydney Beauty Studio Group 76,info@sydneybeautystudiogroup76.com.au,Beauty Studio,Sydney,Australia,NEW,Ready for outreach
2026-04-29 19:05:27.945207,Sydney Dentist Group 77,info@sydneydentistgroup77.com.au,Dentist,Sydney,Australia,NEW,Ready for outreach
2026-04-29 19:05:27.957756,Sydney Accounting Group 78,info@sydneyaccountinggroup78.com.au,Accounting,Sydney,Australia,NEW,Ready for outreach
2026-04-29 19:05:27.970354,Sydney Dentist Group 79,info@sydneydentistgroup79.com.au,Dentist,Sydney,Australia,NEW,Ready for outreach
2026-04-29 19:05:27.983735,Sydney Ecommerce Group 80,info@sydneyecommercegroup80.com.au,Ecommerce,Sydney,Australia,NEW,Ready for outreach
2026-04-29 19:05:27.997475,Sydney Beauty Studio Group 81,info@sydneybeautystudiogroup81.com.au,Beauty Studio,Sydney,Australia,NEW,Ready for outreach
2026-04-29 19:05:28.011428,Sydney Ecommerce Group 82,info@sydneyecommercegroup82.com.au,Ecommerce,Sydney,Australia,NEW,Ready for outreach
2026-04-29 19:05:28.025261,Sydney Clinic Group 83,info@sydneyclinicgroup83.com.au,Clinic,Sydney,Australia,NEW,Ready for outreach
2026-04-29 19:05:28.039450,Sydney Ecommerce Group 84,info@sydneyecommercegroup84.com.au,Ecommerce,Sydney,Australia,NEW,Ready for outreach
2026-04-29 19:05:28.054321,Sydney Clinic Group 85,info@sydneyclinicgroup85.com.au,Clinic,Sydney,Australia,NEW,Ready for outreach
2026-04-29 19:05:28.067680,Sydney Dentist Group 86,info@sydneydentistgroup86.com.au,Dentist,Sydney,Australia,NEW,Ready for outreach
2026-04-29 19:05:28.081863,Sydney Accounting Group 87,info@sydneyaccountinggroup87.com.au,Accounting,Sydney,Australia,NEW,Ready for outreach
2026-04-29 19:05:28.100893,Sydney Beauty Studio Group 88,info@sydneybeautystudiogroup88.com.au,Beauty Studio,Sydney,Australia,NEW,Ready for outreach
2026-04-29 19:05:28.115938,Sydney Real Estate Group 89,info@sydneyrealestategroup89.com.au,Real Estate,Sydney,Australia,NEW,Ready for outreach
2026-04-29 19:05:28.128140,Sydney Med Spa Group 90,info@sydneymedspagroup90.com.au,Med Spa,Sydney,Australia,NEW,Ready for outreach
2026-04-29 19:05:28.142851,Sydney Dentist Group 91,info@sydneydentistgroup91.com.au,Dentist,Sydney,Australia,NEW,Ready for outreach
2026-04-29 19:05:28.157791,Sydney Roofing Group 92,info@sydneyroofinggroup92.com.au,Roofing,Sydney,Australia,NEW,Ready for outreach
2026-04-29 19:05:28.173340,Sydney Clinic Group 93,info@sydneyclinicgroup93.com.au,Clinic,Sydney,Australia,NEW,Ready for outreach
2026-04-29 19:05:28.187561,Sydney Consulting Group 94,info@sydneyconsultinggroup94.com.au,Consulting,Sydney,Australia,NEW,Ready for outreach
2026-04-29 19:05:28.201629,Sydney Accounting Group 95,info@sydneyaccountinggroup95.com.au,Accounting,Sydney,Australia,NEW,Ready for outreach
2026-04-29 19:05:28.216114,Sydney Consulting Group 96,info@sydneyconsultinggroup96.com.au,Consulting,Sydney,Australia,NEW,Ready for outreach
2026-04-29 19:05:28.230399,Sydney Roofing Group 97,info@sydneyroofinggroup97.com.au,Roofing,Sydney,Australia,NEW,Ready for outreach
2026-04-29 19:05:28.245021,Sydney Accounting Group 98,info@sydneyaccountinggroup98.com.au,Accounting,Sydney,Australia,NEW,Ready for outreach
2026-04-29 19:05:28.259234,Sydney Law Firm Group 99,info@sydneylawfirmgroup99.com.au,Law Firm,Sydney,Australia,NEW,Ready for outreach
2026-04-29 19:05:28.272654,Sydney Med Spa Group 100,info@sydneymedspagroup100.com.au,Med Spa,Sydney,Australia,NEW,Ready for outreach
