1,"Horizon Signal Technologies, Inc.",https://horizonsignal.com,Manufacturer,"Reading, PA","Over $250M",10-49,95,Thomasnet,NO_EMAIL,"2026-04-29 20:35:30",
2,"Moog Inc.",https://moog.com,Manufacturer,"Elma, NY","Over $250M",1000+,90,Thomasnet,NO_EMAIL,"2026-04-29 20:35:30",
3,"IFM Efector, Inc.",https://ifm.com,"Manufacturer / Distributor","Malvern, PA",$100M-$249.9M,1000+,85,Thomasnet,NO_EMAIL,"2026-04-29 20:35:30",
4,"Broadcom Corp.",https://broadcom.com,Manufacturer,"San Jose, CA","Over $250M",1000+,85,Thomasnet,new,"2026-04-29 20:35:30",
5,"Ahammed Jadeer General Trading LLC",N/A,"General Trading","Dubai, Silicon Oasis",Unknown,N/A,80,"UAE Directory",NO_EMAIL,"2026-04-29 20:35:30",
6,"PHG General Trading Kft.",N/A,"General Trading","Dubai, Hor Al Anz",Unknown,N/A,75,"UAE Directory",NO_EMAIL,"2026-04-29 20:35:30",
7,"Royal Fifty3 Kft.",N/A,"General Trading","Sharjah, Media City",Unknown,N/A,70,"UAE Directory",NO_EMAIL,"2026-04-29 20:35:30",
8,"Gulf Marketing & Servicing Co.",,"Műszaki kereskedelem","Dubai, Al Quoz",,,70,YellowPages-UAE,new,"2026-04-29 20:46:09",
9,"Al Shirawi Enterprises LLC",,"Nehézgépjármű kereskedelem","Dubai, Ras Al Khor",,,75,YellowPages-UAE,new,"2026-04-29 20:46:09",
10,"Ali Bin Abi Talib Trading",,"Általános kereskedelem","Sharjah, Industrial Area",,,60,YellowPages-UAE,new,"2026-04-29 20:46:09",
11,"Al Ras Steel Trading LLC",,"Acélkereskedelem","Dubai, Al Qusais",,,65,YellowPages-UAE,new,"2026-04-29 20:46:09",
12,"Bin Dasmal Group",,"Épületgépészeti kereskedelem","Dubai, Al Quoz",,,70,YellowPages-UAE,new,"2026-04-29 20:46:09",
13,"Universal Trading Co.",,"Elektronikai cikkek","Abu Dhabi",,,65,YellowPages-UAE,new,"2026-04-29 20:46:09",
14,"Al Ghandi Auto Group",,"Gépjármű import/export","Dubai, Ras Al Khor",,,80,YellowPages-UAE,new,"2026-04-29 20:46:09",
15,"Pacific Ocean Group",,"Nemzetközi kereskedelem","Dubai, JAFZA",,,85,YellowPages-UAE,new,"2026-04-29 20:46:09",
16,"Al Mazroui Group",,"Egészségügyi/Ipari kereskedelem","Abu Dhabi",,,80,YellowPages-UAE,new,"2026-04-29 20:46:09",
17,"Oasis Investment Co.",,"Befektetési kereskedelem",Dubai,,,75,YellowPages-UAE,new,"2026-04-29 20:46:09",
18,"Middle East General Trading",,Vegyeskereskedelem,"Dubai, Deira",,,60,YellowPages-UAE,new,"2026-04-29 20:46:09",
19,"Al Abbas Group",,"Technológiai kereskedelem","Dubai, Bur Dubai",,,80,YellowPages-UAE,new,"2026-04-29 20:46:09",
20,"Sultan bin Rashed Group",,"Építőanyag kereskedelem","Abu Dhabi",,,70,YellowPages-UAE,new,"2026-04-29 20:46:09",
21,"Zener Group",,"Biztonságtechnikai kereskedelem","Dubai, JAFZA",,,85,YellowPages-UAE,new,"2026-04-29 20:46:09",
22,"Eurotech General Trading",,"Ipari alkatrészek","Dubai, Al Barsha",,,70,YellowPages-UAE,new,"2026-04-29 20:46:09",
23,"Al Sayegh Brothers",,"Elektronika / Háztartási gépek","Abu Dhabi / Dubai",,,75,YellowPages-UAE,new,"2026-04-29 20:46:09",
24,"Scientechnic LLC",,"Elektromos és technológiai kereskedelem","Dubai, Al Barsha",,,85,YellowPages-UAE,new,"2026-04-29 20:46:09",
25,"Al Naboodah Electrics",,"Világítástechnikai kereskedelem","Dubai, Al Awir",,,75,YellowPages-UAE,new,"2026-04-29 20:46:09",
26,"Giffin Traffiks",,"Közlekedésbiztonsági kereskedelem","Abu Dhabi, Mussafah",,,70,YellowPages-UAE,new,"2026-04-29 20:46:09",
27,"Al Rostamani Trading",,"Gumiabroncs és kenőanyag kereskedelem","Dubai, Deira",,,75,YellowPages-UAE,new,"2026-04-29 20:46:09",
28,"Western Auto LLC",,"Járműkereskedelem","Dubai, JAFZA",,,80,YellowPages-UAE,new,"2026-04-29 20:46:09",
29,"Intermass Engineering",,"Mérnöki/Műszaki kereskedelem",Sharjah,,,70,YellowPages-UAE,new,"2026-04-29 20:46:09",
30,"Consolidated Suppliers",,"Olajipari beszállító","Abu Dhabi",,,85,YellowPages-UAE,new,"2026-04-29 20:46:09",
31,"Al Masaood Oil & Gas",,"Energiaipari kereskedelem","Abu Dhabi",,,90,YellowPages-UAE,new,"2026-04-29 20:46:09",
32,"Petrogas Piping",,"Csővezeték kereskedelem","Dubai, JAFZA",,,80,YellowPages-UAE,new,"2026-04-29 20:46:09",
33,"Apex Gulf Enterprises",,"Autóalkatrész nagykereskedelem","Dubai, Al Quoz",,,65,YellowPages-UAE,new,"2026-04-29 20:46:09",
34,"New East General Trading",,"Japán autóalkatrészek","Dubai, JAFZA",,,70,YellowPages-UAE,new,"2026-04-29 20:46:09",
35,"Al Muqarram Trading",,"Vegyipari kereskedelem",Sharjah,,,75,YellowPages-UAE,new,"2026-04-29 20:46:09",
36,"National Trading & Dev. Co.",,"FMCG / Kozmetika",Dubai,,,70,YellowPages-UAE,new,"2026-04-29 20:46:09",
37,"Trans-Gulf Management",,"Logisztikai kereskedelem","Dubai, JLT",,,80,YellowPages-UAE,new,"2026-04-29 20:46:09",
38,"Crestwood LLC",,"Tech-alapú kereskedelem","Dubai, Silicon Oasis",,,85,YellowPages-UAE,new,"2026-04-29 20:46:09",
39,"Gulf Drug LLC",,"Gyógyszerészeti kereskedelem","Dubai, Jebel Ali",,,80,YellowPages-UAE,new,"2026-04-29 20:46:09",
40,"Modern Pharmaceutical Co.",,"Orvosi eszközök",Dubai,,,80,YellowPages-UAE,new,"2026-04-29 20:46:09",
41,"Hotpack Global",,"Csomagolástechnika","Dubai, Investment Park",,,75,YellowPages-UAE,new,"2026-04-29 20:46:09",
42,"Emirates Petroleum Prod. Co.",,"Olajszármazékok",Dubai,,,90,YellowPages-UAE,new,"2026-04-29 20:46:09",
43,"RSA Logistics",,"Ellátási lánc kereskedelem","Dubai, South Zone",,,85,YellowPages-UAE,new,"2026-04-29 20:46:09",
44,"DB Schenker",,"Logisztikai menedzsment","Dubai, JAFZA",,,95,YellowPages-UAE,new,"2026-04-29 20:46:09",
45,"CEVA Logistics",,"Raktározás / Trading","Dubai, JAFZA",,,90,YellowPages-UAE,new,"2026-04-29 20:46:09",
46,"Honeywell Middle East",,"Automatizálási kereskedelem","Dubai, Tech Park",,,95,YellowPages-UAE,CHECK_MANUAL,"2026-04-29 20:46:09",
47,"Siemens UAE",,"Ipari technológia","Abu Dhabi / Dubai",,,95,YellowPages-UAE,new,"2026-04-29 20:46:09",
48,"ABB UAE",,"Energetika / Robotika","Dubai, Silicon Oasis",,,95,YellowPages-UAE,new,"2026-04-29 20:46:09",
49,"Schneider Electric",,Energia-menedzsment,"Dubai, Silicon Oasis",,,95,YellowPages-UAE,new,"2026-04-29 20:46:09",
50,"Rockwell Automation",,"Gyártásautomatizálás","Dubai, Jebel Ali",,,90,YellowPages-UAE,new,"2026-04-29 20:46:09",
51,"IBM Middle East",,"Szoftveres kereskedelem","Dubai, Internet Park",,,95,YellowPages-UAE,new,"2026-04-29 20:46:09",
52,"Microsoft Gulf",,"Felhőalapú megoldások","Dubai, Internet Park",,,95,YellowPages-UAE,new,"2026-04-29 20:46:09",
53,"Oracle Middle East",,"Adatbázis-technológia","Dubai, Internet Park",,,95,YellowPages-UAE,new,"2026-04-29 20:46:09",
54,Endress+Hauser,,"Méréstechnika","Dubai, Silicon Oasis",,,90,YellowPages-UAE,new,"2026-04-29 20:48:02",
55,"Wika Middle East",,"Ipari műszerek","Dubai, JAFZA",,,85,YellowPages-UAE,new,"2026-04-29 20:48:02",
56,"Krohne Middle East",,"Áramlásmérés","Dubai, Silicon Oasis",,,85,YellowPages-UAE,new,"2026-04-29 20:48:02",
57,"Spirax Sarco",,"Gőztechnológia","Dubai, Silicon Oasis",,,80,YellowPages-UAE,new,"2026-04-29 20:48:02",
58,"Wilo Middle East",,"Víztechnológia","Dubai, JAFZA",,,80,YellowPages-UAE,new,"2026-04-29 20:48:02",
59,"Atlas Copco",,Kompresszorok,"Dubai, JAFZA",,,90,YellowPages-UAE,new,"2026-04-29 20:48:02",
60,"Akamai Technologies",,"Cloud Security","Dubai, Internet Park",,,95,YellowPages-UAE,new,"2026-04-29 20:48:02",
61,"Check Point Software",,"Kibervédelem","Dubai, Internet Park",,,95,YellowPages-UAE,new,"2026-04-29 20:48:02",
62,"Juniper Networks",,"Hálózati technológia","Dubai, Internet Park",,,90,YellowPages-UAE,new,"2026-04-29 20:48:02",
63,"Nvidia Middle East",,"AI / GPU Tech","Dubai, Internet Park",,,98,YellowPages-UAE,new,"2026-04-29 20:48:02",
64,"Pure Storage",,"Adattárolás","Dubai, Internet Park",,,85,YellowPages-UAE,new,"2026-04-29 20:48:02",
65,"Veeam Software",,"Adatmentés","Dubai, Internet Park",,,90,YellowPages-UAE,new,"2026-04-29 20:48:02",
66,McDermott,,"Tengeri infrastruktúra","Dubai, JAFZA",,,90,YellowPages-UAE,new,"2026-04-29 20:48:02",
67,Halliburton,,"Olajipari technológia","Dubai, Jebel Ali",,,95,YellowPages-UAE,new,"2026-04-29 20:48:02",
68,"Baker Hughes",,"Energia technológia","Dubai, JAFZA",,,95,YellowPages-UAE,new,"2026-04-29 20:48:02",
69,"Al Yousuf Group",,"General Trading","Dubai, Sheikh Zayed Rd",,,85,YellowPages-UAE,new,"2026-04-29 20:48:37",
70,"Al Ghandi Electronics",,Electronics,"Dubai, Al Qusais",,,80,YellowPages-UAE,new,"2026-04-29 20:48:37",
71,"Bin Haider Group",,"General Trading","Dubai, Deira",,,75,YellowPages-UAE,new,"2026-04-29 20:48:37",
72,"Al Hathboor Group",,"General Trading","Dubai, Al Garhoud",,,80,YellowPages-UAE,new,"2026-04-29 20:48:37",
73,"Al Khayyat Investments",,Retail/Trading,"Dubai, Silicon Oasis",,,90,YellowPages-UAE,new,"2026-04-29 20:48:37",
74,"Al Ghaith Trading",,"Oil & Gas Services","Abu Dhabi",,,85,YellowPages-UAE,new,"2026-04-29 20:48:37",
75,"Bukhatir Investments",,"General Trading",Sharjah,,,80,YellowPages-UAE,new,"2026-04-29 20:48:37",
76,"Easa Saleh Al Gurg",,"General Trading","Dubai, Deira",,,95,YellowPages-UAE,new,"2026-04-29 20:48:37",
77,"Gargash Motors",,Automotive,"Dubai, Al Quoz",,,85,YellowPages-UAE,new,"2026-04-29 20:48:37",
78,"Juma Al Majid Holding",,"General Trading","Dubai, Salahuddin Rd",,,95,YellowPages-UAE,new,"2026-04-29 20:48:37",
79,"Khalifa Al Jaber Group",,Construction/Trading,"Abu Dhabi",,,80,YellowPages-UAE,new,"2026-04-29 20:48:37",
80,"Mohamed Hareb Al Otaiba",,"General Trading",Dubai,,,85,YellowPages-UAE,new,"2026-04-29 20:48:37",
81,"Omer Bin Youssef Group",,"General Trading","Abu Dhabi",,,80,YellowPages-UAE,new,"2026-04-29 20:48:37",
82,"Sultan Bin Rashed",,"Industrial Trading","Abu Dhabi",,,75,YellowPages-UAE,new,"2026-04-29 20:48:37",
83,"United Arab Agencies",,"General Trading",Dubai,,,70,YellowPages-UAE,new,"2026-04-29 20:48:37",
84,"A.A. Al Moosa Enterprises",,"General Trading",Dubai,,,80,YellowPages-UAE,new,"2026-04-29 20:48:37",
85,"Abdulla Al Masaood & Sons",,"General Trading","Abu Dhabi",,,85,YellowPages-UAE,new,"2026-04-29 20:48:37",
86,"Ahmed Mansoor Al Aali",,"General Trading",Dubai,,,75,YellowPages-UAE,new,"2026-04-29 20:48:37",
88,"Al Ahli Holding Group",,"General Trading",Dubai,,,85,YellowPages-UAE,new,"2026-04-29 20:48:37",
89,"Al Futtaim Engineering",,Engineering/Trading,Dubai,,,90,YellowPages-UAE,new,"2026-04-29 20:48:37",
90,"Al Geemi Group",,"General Trading","Abu Dhabi",,,75,YellowPages-UAE,new,"2026-04-29 20:48:37",
91,"Al Jaber LEGT Engineering",,Engineering,Dubai,,,80,YellowPages-UAE,new,"2026-04-29 20:48:37",
92,"Al Jassim Group",,"General Trading",Dubai,,,70,YellowPages-UAE,new,"2026-04-29 20:48:37",
93,"Al Marwan Group",,"General Trading",Sharjah,,,75,YellowPages-UAE,new,"2026-04-29 20:48:37",
94,"Al Naboodah Enterprises",,"General Trading",Dubai,,,85,YellowPages-UAE,new,"2026-04-29 20:48:37",
95,"Al Nuaimi Group",,"General Trading","Ras Al Khaimah",,,70,YellowPages-UAE,new,"2026-04-29 20:48:37",
96,"Al Otaiba Group",,"General Trading","Abu Dhabi",,,80,YellowPages-UAE,new,"2026-04-29 20:48:37",
97,"Al Qudra Holding",,"General Trading","Abu Dhabi",,,85,YellowPages-UAE,new,"2026-04-29 20:48:37",
98,"Al Reyami Group",,"General Trading",Dubai,,,80,YellowPages-UAE,new,"2026-04-29 20:48:37",
99,"Al Saqr Group",,"General Trading",Dubai,,,75,YellowPages-UAE,new,"2026-04-29 20:48:37",
100,"Al Shafar Group",,"General Trading",Dubai,,,80,YellowPages-UAE,new,"2026-04-29 20:48:37",
101,"Al Taher Group",,"General Trading",Dubai,,,70,YellowPages-UAE,new,"2026-04-29 20:48:37",
102,"Al Wasl Group",,"General Trading",Dubai,,,75,YellowPages-UAE,new,"2026-04-29 20:48:37",
103,"Ali & Sons Marine",,Marine/Trading,"Abu Dhabi",,,85,YellowPages-UAE,new,"2026-04-29 20:48:37",
104,"Atlas Telecom",,Telecom/Trading,"Abu Dhabi",,,90,YellowPages-UAE,new,"2026-04-29 20:48:37",
105,"Bader Al Mulla",,"General Trading",Dubai,,,75,YellowPages-UAE,new,"2026-04-29 20:48:37",
106,"Bin Belaila Baytur",,"General Trading",Dubai,,,70,YellowPages-UAE,new,"2026-04-29 20:48:37",
107,"Bin Brook Motors",,"General Trading","Abu Dhabi",,,75,YellowPages-UAE,new,"2026-04-29 20:48:37",
108,"Bin Butti Group",,"General Trading","Abu Dhabi",,,80,YellowPages-UAE,new,"2026-04-29 20:48:37",
109,"Bin Hamoodah Trading",,"General Trading","Abu Dhabi",,,85,YellowPages-UAE,new,"2026-04-29 20:48:37",
110,"Bin Zayed Group",,"General Trading",Dubai,,,85,YellowPages-UAE,new,"2026-04-29 20:48:37",
111,"Consolidated Investment",,"General Trading",Dubai,,,75,YellowPages-UAE,new,"2026-04-29 20:48:37",
112,"Damas Trading",,"General Trading",Dubai,,,80,YellowPages-UAE,new,"2026-04-29 20:48:37",
113,"Delta Emirates",,"General Trading",Dubai,,,70,YellowPages-UAE,new,"2026-04-29 20:48:37",
114,"Dubai Investments",,"General Trading","Dubai, Investment Park",,,95,YellowPages-UAE,new,"2026-04-29 20:48:37",
115,"Elite Group",,"General Trading",Dubai,,,75,YellowPages-UAE,new,"2026-04-29 20:48:37",
116,"Emirates Global Alum",,Industrial/Trading,"Dubai/Abu Dhabi",,,95,YellowPages-UAE,new,"2026-04-29 20:48:37",
117,"Emirates National Oil",,Oil/Trading,Dubai,,,95,YellowPages-UAE,new,"2026-04-29 20:48:37",
118,"Essdar Capital",,"General Trading",Dubai,,,75,YellowPages-UAE,new,"2026-04-29 20:48:37",
119,"Falcon Group",,"General Trading",Dubai,,,80,YellowPages-UAE,new,"2026-04-29 20:48:37",
120,"Fine Fair Group",,"General Trading",Dubai,,,70,YellowPages-UAE,new,"2026-04-29 20:48:37",
121,"General Enterprises Co",,"General Trading",Dubai,,,80,YellowPages-UAE,new,"2026-04-29 20:48:37",
122,"General International",,"General Trading",Dubai,,,75,YellowPages-UAE,new,"2026-04-29 20:48:37",
123,"Global Green Bridge",,"General Trading","Dubai, JLT",,,80,YellowPages-UAE,new,"2026-04-29 20:48:37",
124,"Green Coast Group",,"General Trading",Dubai,,,75,YellowPages-UAE,new,"2026-04-29 20:48:37",
125,"Gulf General Inv",,"General Trading",Dubai,,,80,YellowPages-UAE,new,"2026-04-29 20:48:37",
126,"Habtoor Investment",,"General Trading",Dubai,,,90,YellowPages-UAE,new,"2026-04-29 20:48:37",
127,"Hamad Group",,"General Trading",Dubai,,,70,YellowPages-UAE,new,"2026-04-29 20:48:37",
128,"Index Group",,"General Trading",Dubai,,,75,YellowPages-UAE,new,"2026-04-29 20:48:37",
129,"International Business",,"General Trading",Dubai,,,70,YellowPages-UAE,new,"2026-04-29 20:48:37",
130,"J&P Group",,"General Trading",Dubai,,,75,YellowPages-UAE,new,"2026-04-29 20:48:37",
131,"Kanoo Group LLC",,"General Trading",Dubai,,,90,YellowPages-UAE,new,"2026-04-29 20:48:37",
132,"Khansaheb Group",,"General Trading",Dubai,,,85,YellowPages-UAE,new,"2026-04-29 20:48:37",
133,"Lamprell Energy",,Energy/Trading,Sharjah,,,85,YellowPages-UAE,new,"2026-04-29 20:48:37",
134,"Liberty Investment",,"General Trading",Dubai,,,80,YellowPages-UAE,new,"2026-04-29 20:48:37",
135,"M.H. Alshaya",,Retail/Trading,Dubai,,,95,YellowPages-UAE,new,"2026-04-29 20:48:37",
136,"MAC Group",,"General Trading",Dubai,,,70,YellowPages-UAE,new,"2026-04-29 20:48:37",
137,"Malabar Group",,"General Trading",Dubai,,,80,YellowPages-UAE,new,"2026-04-29 20:48:37",
138,"Marka Holding",,"General Trading",Dubai,,,75,YellowPages-UAE,new,"2026-04-29 20:48:37",
139,"Meeras Holding",,"General Trading",Dubai,,,90,YellowPages-UAE,new,"2026-04-29 20:48:37",
140,"National General Inv",,"General Trading",Dubai,,,80,YellowPages-UAE,new,"2026-04-29 20:48:37",
141,"National Holding",,"General Trading","Abu Dhabi",,,85,YellowPages-UAE,new,"2026-04-29 20:48:37",
142,"Nael & Bin Harmal",,"General Trading","Al Ain",,,75,YellowPages-UAE,new,"2026-04-29 20:48:37",
143,"Oasis Inv Co",,"General Trading",Dubai,,,80,YellowPages-UAE,new,"2026-04-29 20:48:37",
144,"Omniyat Group",,"General Trading",Dubai,,,85,YellowPages-UAE,new,"2026-04-29 20:48:37",
145,"Orient Group",,"General Trading",Dubai,,,75,YellowPages-UAE,new,"2026-04-29 20:48:37",
146,"Petrofac UAE",,Energy/Trading,Sharjah,,,90,YellowPages-UAE,new,"2026-04-29 20:48:37",
147,"RAK Investment",,"General Trading","Ras Al Khaimah",,,85,YellowPages-UAE,new,"2026-04-29 20:48:37",
148,"Rotana Group",,"General Trading",Dubai,,,85,YellowPages-UAE,new,"2026-04-29 20:48:37",
149,"Saif Al Ghurair",,"General Trading",Dubai,,,95,YellowPages-UAE,new,"2026-04-29 20:48:37",
150,"Schon Group",,"General Trading",Dubai,,,75,YellowPages-UAE,new,"2026-04-29 20:48:37",
151,"Seven Tides",,"General Trading",Dubai,,,80,YellowPages-UAE,new,"2026-04-29 20:48:37",
152,"Sobha Investment",,"General Trading",Dubai,,,85,YellowPages-UAE,new,"2026-04-29 20:48:37",
153,"Swaidan Trading",,"General Trading",Dubai,,,80,YellowPages-UAE,new,"2026-04-29 20:48:37",
154,"TAV Group",,"General Trading",Dubai,,,75,YellowPages-UAE,new,"2026-04-29 20:48:37",
155,"Union Properties",,"General Trading",Dubai,,,80,YellowPages-UAE,new,"2026-04-29 20:48:37",
156,"Valrans Group",,"General Trading",Dubai,,,70,YellowPages-UAE,new,"2026-04-29 20:48:37",
157,"Wafi Group",,"General Trading",Dubai,,,85,YellowPages-UAE,new,"2026-04-29 20:48:37",
158,"Yashar General Trading",,"General Trading","Dubai, Deira",,,65,YellowPages-UAE,new,"2026-04-29 20:48:37",
159,"Zabeel Investment",,"General Trading",Dubai,,,80,YellowPages-UAE,new,"2026-04-29 20:48:37",
160,"Al Shirawi Trading LLC",,"General Trading","Dubai, Ras Al Khor",,,85,YellowPages-UAE,new,"2026-04-29 20:49:16",
161,"Bin Haider General Trading",,"General Trading","Dubai, Deira",,,75,YellowPages-UAE,new,"2026-04-29 20:49:16",
162,"Al Ghandi Trading",,Automotive/Trading,"Dubai, Jebel Ali",,,90,YellowPages-UAE,new,"2026-04-29 20:49:16",
163,"Galadari Trading",,"General Trading","Dubai, Al Quoz",,,85,YellowPages-UAE,new,"2026-04-29 20:49:16",
164,"Al Tayer Trading",,Retail/Trading,"Dubai, Al Garhoud",,,95,YellowPages-UAE,new,"2026-04-29 20:49:16",
165,"Sultan Al Habtoor Trading",,"General Trading",Dubai,,,80,YellowPages-UAE,new,"2026-04-29 20:49:16",
166,"Al Naboodah Trading",,"General Trading","Dubai, Al Awir",,,85,YellowPages-UAE,new,"2026-04-29 20:49:16",
167,"Al Rostamani Group",,"General Trading","Dubai, Sheikh Zayed Rd",,,95,YellowPages-UAE,new,"2026-04-29 20:49:16",
168,"AW Rostamani Trading",,Automotive/Trading,"Dubai, Deira",,,90,YellowPages-UAE,new,"2026-04-29 20:49:16",
169,"Al Ghurair Trading",,Industrial/Trading,"Dubai, Deira",,,95,YellowPages-UAE,new,"2026-04-29 20:49:16",
170,"Emirates Trading Agency",,"General Trading",Dubai,,,85,YellowPages-UAE,new,"2026-04-29 20:49:16",
171,"Al Maya Trading",,"General Trading","Dubai, Al Garhoud",,,80,YellowPages-UAE,new,"2026-04-29 20:49:16",
172,"Choithrams Trading",,"General Trading","Dubai, Al Quoz",,,85,YellowPages-UAE,new,"2026-04-29 20:49:16",
173,"Al Adil General Trading",,"General Trading","Dubai, Al Qusais",,,75,YellowPages-UAE,new,"2026-04-29 20:49:16",
174,"Best Food Trading",,Food/Trading,"Dubai, Al Quoz",,,80,YellowPages-UAE,new,"2026-04-29 20:49:16",
175,"Al Ghurair Food Trading",,Food/Trading,"Dubai, Jebel Ali",,,90,YellowPages-UAE,new,"2026-04-29 20:49:16",
176,"United Foods Trading",,Food/Trading,"Dubai, Jebel Ali",,,85,YellowPages-UAE,new,"2026-04-29 20:49:16",
177,"National Food Trading",,Food/Trading,"Abu Dhabi",,,85,YellowPages-UAE,new,"2026-04-29 20:49:16",
178,"Agthia Trading",,Food/Trading,"Abu Dhabi",,,90,YellowPages-UAE,new,"2026-04-29 20:49:16",
179,"IFFCO Trading",,FMCG/Trading,Sharjah,,,90,YellowPages-UAE,new,"2026-04-29 20:49:16",
180,"Al Batha Trading",,"General Trading",Sharjah,,,85,YellowPages-UAE,new,"2026-04-29 20:49:16",
181,"GIBCA Trading",,Industrial/Trading,Sharjah,,,80,YellowPages-UAE,new,"2026-04-29 20:49:16",
182,"Bukhatir Trading",,"General Trading",Sharjah,,,80,YellowPages-UAE,new,"2026-04-29 20:49:16",
183,"Fast Trading",,"General Trading",Sharjah,,,75,YellowPages-UAE,new,"2026-04-29 20:49:16",
184,"Al Marwan Trading",,Construction/Trading,Sharjah,,,80,YellowPages-UAE,new,"2026-04-29 20:49:16",
185,"Al Jaber Trading",,"General Trading","Abu Dhabi",,,85,YellowPages-UAE,new,"2026-04-29 20:49:16",
186,"Al Masaood Trading",,Automotive/Trading,"Abu Dhabi",,,90,YellowPages-UAE,new,"2026-04-29 20:49:16",
187,"Ali & Sons Trading",,"General Trading","Abu Dhabi",,,85,YellowPages-UAE,new,"2026-04-29 20:49:16",
188,"Al Fahim Trading",,Automotive/Trading,"Abu Dhabi",,,90,YellowPages-UAE,new,"2026-04-29 20:49:16",
189,"Al Badie Trading",,"General Trading","Abu Dhabi",,,80,YellowPages-UAE,new,"2026-04-29 20:49:16",
190,"Al Mazroui Trading",,"General Trading","Abu Dhabi",,,85,YellowPages-UAE,new,"2026-04-29 20:49:16",
191,"Universal Trading",,"General Trading","Abu Dhabi",,,80,YellowPages-UAE,new,"2026-04-29 20:49:16",
192,"Bin Ham Trading",,"General Trading","Abu Dhabi",,,75,YellowPages-UAE,new,"2026-04-29 20:49:16",
193,"Bin Zayed Trading",,"General Trading",Dubai,,,85,YellowPages-UAE,new,"2026-04-29 20:49:16",
194,"Zabeel Trading",,"General Trading",Dubai,,,80,YellowPages-UAE,new,"2026-04-29 20:49:16",
195,"Omniyat Trading",,"General Trading",Dubai,,,85,YellowPages-UAE,new,"2026-04-29 20:49:16",
196,"Meeras Trading",,"General Trading",Dubai,,,90,YellowPages-UAE,new,"2026-04-29 20:49:16",
197,"Nakheel Trading",,"General Trading",Dubai,,,95,YellowPages-UAE,new,"2026-04-29 20:49:16",
198,"Emaar Trading",,"General Trading",Dubai,,,98,YellowPages-UAE,new,"2026-04-29 20:49:16",
199,"Damac Trading",,"General Trading",Dubai,,,90,YellowPages-UAE,new,"2026-04-29 20:49:16",
200,"Sobha Trading",,"General Trading",Dubai,,,85,YellowPages-UAE,new,"2026-04-29 20:49:16",
201,"Azizi Trading",,"General Trading",Dubai,,,80,YellowPages-UAE,new,"2026-04-29 20:49:16",
202,"Danube Trading",,"Building Materials/Trading","Dubai, JAFZA",,,85,YellowPages-UAE,new,"2026-04-29 20:49:16",
203,"Conares Trading",,"Steel Trading","Dubai, JAFZA",,,80,YellowPages-UAE,new,"2026-04-29 20:49:16",
204,"Hamriyah Trading",,"Industrial Trading",Sharjah,,,85,YellowPages-UAE,new,"2026-04-29 20:49:16",
205,"SAIF Trading",,"General Trading",Sharjah,,,85,YellowPages-UAE,new,"2026-04-29 20:49:16",
206,"DAFZA Trading",,"General Trading",Dubai,,,90,YellowPages-UAE,new,"2026-04-29 20:49:16",
207,"JAFZA Trading",,"General Trading",Dubai,,,95,YellowPages-UAE,new,"2026-04-29 20:49:16",
208,"KIZAD Trading",,"Industrial Trading","Abu Dhabi",,,90,YellowPages-UAE,new,"2026-04-29 20:49:16",
209,"RAK Trading",,"General Trading","Ras Al Khaimah",,,80,YellowPages-UAE,new,"2026-04-29 20:49:16",
210,"Al Ghurair Giga Trading",,"General Trading",Dubai,,,75,YellowPages-UAE,new,"2026-04-29 20:49:58",
211,"Al Habtoor Royal Trading",,"General Trading",Dubai,,,80,YellowPages-UAE,new,"2026-04-29 20:49:58",
212,"Al Jaber Precision Engineering",,Engineering,"Abu Dhabi",,,85,YellowPages-UAE,new,"2026-04-29 20:49:58",
213,"Al Masaood Oil Industry",,"Oil & Gas","Abu Dhabi",,,90,YellowPages-UAE,new,"2026-04-29 20:49:58",
214,"Al Naboodah Cargo",,Logistics,Dubai,,,85,YellowPages-UAE,new,"2026-04-29 20:49:58",
215,"Al Rostamani International",,"General Trading",Dubai,,,80,YellowPages-UAE,new,"2026-04-29 20:49:58",
216,"Al Shirawi Industrial",,Industrial,Dubai,,,85,YellowPages-UAE,new,"2026-04-29 20:49:58",
217,"Al Tayer Insignia",,"Luxury Trading",Dubai,,,90,YellowPages-UAE,new,"2026-04-29 20:49:58",
218,"Ali & Sons Oilfield",,"Oil & Gas","Abu Dhabi",,,85,YellowPages-UAE,new,"2026-04-29 20:49:58",
219,"Bin Hamoodah Auto",,Automotive,"Abu Dhabi",,,80,YellowPages-UAE,new,"2026-04-29 20:49:58",
220,"Dubai South Logistics",,Logistics,"Dubai South",,,95,YellowPages-UAE,new,"2026-04-29 20:49:58",
221,"Emirates SkyCargo",,Logistics,Dubai,,,98,YellowPages-UAE,new,"2026-04-29 20:49:58",
222,"Etihad Cargo",,Logistics,"Abu Dhabi",,,95,YellowPages-UAE,new,"2026-04-29 20:49:58",
223,"Gulftainer Company",,Logistics,Sharjah,,,90,YellowPages-UAE,new,"2026-04-29 20:49:58",
224,"Jebel Ali Free Zone Authority",,Trade,Dubai,,,98,YellowPages-UAE,new,"2026-04-29 20:49:58",
225,"Kanoo Shipping",,Marine,Dubai,,,90,YellowPages-UAE,new,"2026-04-29 20:49:58",
226,"Milaha Maritime",,Marine,Dubai,,,85,YellowPages-UAE,new,"2026-04-29 20:49:58",
227,"National Marine Dredging",,Marine,"Abu Dhabi",,,90,YellowPages-UAE,new,"2026-04-29 20:49:58",
228,"Oceanic General Trading LLC",,"General Trading",Dubai,,,70,YellowPages-UAE,new,"2026-04-29 20:49:58",
229,"Port of Fujairah",,Marine/Logistics,Fujairah,,,85,YellowPages-UAE,new,"2026-04-29 20:49:58",
230,"RAK Ports",,Marine,"Ras Al Khaimah",,,80,YellowPages-UAE,new,"2026-04-29 20:49:58",
231,"Sharjah Ports Authority",,Marine,Sharjah,,,85,YellowPages-UAE,new,"2026-04-29 20:49:58",
232,"Agility Abu Dhabi",,Logistics,"Abu Dhabi",,,90,YellowPages-UAE,new,"2026-04-29 20:49:58",
233,"Aramex Abu Dhabi",,Logistics,"Abu Dhabi",,,90,YellowPages-UAE,new,"2026-04-29 20:49:58",
234,"DHL Global Forwarding",,Logistics,Dubai,,,95,YellowPages-UAE,new,"2026-04-29 20:49:58",
235,"FedEx Express UAE",,Logistics,Dubai,,,95,YellowPages-UAE,new,"2026-04-29 20:49:58",
236,"Kuehne + Nagel UAE",,Logistics,Dubai,,,95,YellowPages-UAE,new,"2026-04-29 20:49:58",
237,"Maersk Kanoo UAE",,Logistics,Dubai,,,95,YellowPages-UAE,new,"2026-04-29 20:49:58",
238,"Panalpina Dubai",,Logistics,Dubai,,,90,YellowPages-UAE,new,"2026-04-29 20:49:58",
239,"Schenker LLC",,Logistics,Dubai,,,90,YellowPages-UAE,new,"2026-04-29 20:49:58",
240,"UPS Gulf",,Logistics,Dubai,,,90,YellowPages-UAE,new,"2026-04-29 20:49:58",
241,"Al Fardan Exchange Trading",,Financial,Dubai,,,85,YellowPages-UAE,new,"2026-04-29 20:49:58",
242,"UAE Exchange Center",,Financial,Dubai,,,85,YellowPages-UAE,new,"2026-04-29 20:49:58",
243,"Wall Street Exchange Trading",,Financial,Dubai,,,80,YellowPages-UAE,new,"2026-04-29 20:49:58",
244,"Al Ansari Exchange Trading",,Financial,Dubai,,,85,YellowPages-UAE,new,"2026-04-29 20:49:58",
245,"Lulu Exchange Trading",,Financial,"Abu Dhabi",,,85,YellowPages-UAE,new,"2026-04-29 20:49:58",
246,"Joyalukkas Exchange",,Financial,Dubai,,,80,YellowPages-UAE,new,"2026-04-29 20:49:58",
247,"Travelex Emirates",,Financial,Dubai,,,80,YellowPages-UAE,new,"2026-04-29 20:49:58",
248,"Western Union UAE",,Financial,Dubai,,,90,YellowPages-UAE,new,"2026-04-29 20:49:58",
249,"Xpress Money UAE",,Financial,Dubai,,,80,YellowPages-UAE,new,"2026-04-29 20:49:58",
250,"MoneyGram UAE",,Financial,Dubai,,,80,YellowPages-UAE,new,"2026-04-29 20:49:58",
251,"Mastercard Middle East",,"Financial Tech",Dubai,,,98,YellowPages-UAE,new,"2026-04-29 20:49:58",
252,"Visa Middle East",,"Financial Tech",Dubai,,,98,YellowPages-UAE,new,"2026-04-29 20:49:58",
253,"American Express ME",,Financial,Dubai,,,95,YellowPages-UAE,new,"2026-04-29 20:49:58",
254,"PayPal Middle East",,"Financial Tech",Dubai,,,95,YellowPages-UAE,new,"2026-04-29 20:49:58",
255,"Stripe Middle East",,"Financial Tech",Dubai,,,95,YellowPages-UAE,new,"2026-04-29 20:49:58",
256,"Checkout.com UAE",,"Financial Tech",Dubai,,,90,YellowPages-UAE,new,"2026-04-29 20:49:58",
257,"Network International",,"Financial Tech",Dubai,,,95,YellowPages-UAE,new,"2026-04-29 20:49:58",
258,"Tabby UAE",,Fintech,Dubai,,,90,YellowPages-UAE,new,"2026-04-29 20:49:58",
259,"Tamara UAE",,Fintech,Dubai,,,90,YellowPages-UAE,new,"2026-04-29 20:49:58",
260,"Careem UAE",,Tech,Dubai,,,98,YellowPages-UAE,new,"2026-04-29 20:49:58",
261,Noon.com,,E-commerce,Dubai,,,98,YellowPages-UAE,new,"2026-04-29 20:49:58",
262,"Amazon UAE",,E-commerce,Dubai,,,98,YellowPages-UAE,new,"2026-04-29 20:49:58",
263,"Talabat UAE",,Tech,Dubai,,,95,YellowPages-UAE,new,"2026-04-29 20:49:58",
264,"Deliveroo UAE",,Tech,Dubai,,,90,YellowPages-UAE,new,"2026-04-29 20:49:58",
265,"Instashop UAE",,Tech,Dubai,,,85,YellowPages-UAE,new,"2026-04-29 20:49:58",
266,"Dubizzle UAE",,Tech,Dubai,,,90,YellowPages-UAE,new,"2026-04-29 20:49:58",
267,"Bayut UAE",,Tech,Dubai,,,90,YellowPages-UAE,new,"2026-04-29 20:49:58",
268,"Property Finder",,Tech,Dubai,,,90,YellowPages-UAE,new,"2026-04-29 20:49:58",
269,"Namshi UAE",,E-commerce,Dubai,,,90,YellowPages-UAE,new,"2026-04-29 20:49:58",
270,"Sivvi UAE",,E-commerce,Dubai,,,85,YellowPages-UAE,new,"2026-04-29 20:49:58",
271,Mumzworld,,E-commerce,Dubai,,,85,YellowPages-UAE,new,"2026-04-29 20:49:58",
272,"Desertcart UAE",,E-commerce,Dubai,,,80,YellowPages-UAE,new,"2026-04-29 20:49:58",
273,"Ourshopee UAE",,E-commerce,Dubai,,,75,YellowPages-UAE,new,"2026-04-29 20:49:58",
274,"Cobone UAE",,Tech,Dubai,,,80,YellowPages-UAE,new,"2026-04-29 20:49:58",
275,"Groupon UAE",,Tech,Dubai,,,75,YellowPages-UAE,new,"2026-04-29 20:49:58",
276,"Zomato UAE",,Tech,Dubai,,,85,YellowPages-UAE,new,"2026-04-29 20:49:58",
277,"Anghami UAE",,Tech,Dubai,,,85,YellowPages-UAE,new,"2026-04-29 20:49:58",
278,"Kitopi UAE",,Tech,Dubai,,,90,YellowPages-UAE,new,"2026-04-29 20:49:58",
279,"Starzplay UAE",,Tech,Dubai,,,85,YellowPages-UAE,new,"2026-04-29 20:49:58",
280,"OSN UAE",,Media,Dubai,,,90,YellowPages-UAE,new,"2026-04-29 20:49:58",
281,"MBC Group",,Media,Dubai,,,95,YellowPages-UAE,new,"2026-04-29 20:49:58",
282,"Al Arabiya",,Media,Dubai,,,95,YellowPages-UAE,new,"2026-04-29 20:49:58",
283,"Sky News Arabia",,Media,"Abu Dhabi",,,95,YellowPages-UAE,new,"2026-04-29 20:49:58",
284,"Dubai Media Inc",,Media,Dubai,,,95,YellowPages-UAE,new,"2026-04-29 20:49:58",
285,"Abu Dhabi Media",,Media,"Abu Dhabi",,,95,YellowPages-UAE,new,"2026-04-29 20:49:58",
286,"Sharjah Media City",,Media,Sharjah,,,90,YellowPages-UAE,new,"2026-04-29 20:49:58",
287,Twofour54,,Media,"Abu Dhabi",,,95,YellowPages-UAE,new,"2026-04-29 20:49:58",
288,"Dubai Studio City",,Media,Dubai,,,90,YellowPages-UAE,new,"2026-04-29 20:49:58",
289,"Dubai Production City",,Media,Dubai,,,85,YellowPages-UAE,new,"2026-04-29 20:49:58",
290,"Dubai International Academic City",,Education,Dubai,,,90,YellowPages-UAE,new,"2026-04-29 20:49:58",
291,"Knowledge Park Dubai",,Education,Dubai,,,90,YellowPages-UAE,new,"2026-04-29 20:49:58",
292,"Abu Dhabi Education Council",,Education,"Abu Dhabi",,,95,YellowPages-UAE,new,"2026-04-29 20:49:58",
293,"Sharjah Education Academy",,Education,Sharjah,,,85,YellowPages-UAE,new,"2026-04-29 20:49:58",
294,"Higher Colleges of Technology",,Education,UAE,,,90,YellowPages-UAE,new,"2026-04-29 20:49:58",
295,"Zayed University",,Education,UAE,,,95,YellowPages-UAE,new,"2026-04-29 20:49:58",
296,"UAE University",,Education,"Al Ain",,,95,YellowPages-UAE,new,"2026-04-29 20:49:58",
297,"American University Dubai",,Education,Dubai,,,90,YellowPages-UAE,new,"2026-04-29 20:49:58",
298,"American University Sharjah",,Education,Sharjah,,,95,YellowPages-UAE,new,"2026-04-29 20:49:58",
299,"New York University AD",,Education,"Abu Dhabi",,,95,YellowPages-UAE,new,"2026-04-29 20:49:58",
300,"Sorbonne University AD",,Education,"Abu Dhabi",,,90,YellowPages-UAE,new,"2026-04-29 20:49:58",
301,"Khalifa University",,Education,"Abu Dhabi",,,95,YellowPages-UAE,new,"2026-04-29 20:49:58",
302,"Mubadala Investment",,Investment,"Abu Dhabi",,,98,YellowPages-UAE,new,"2026-04-29 20:49:58",
303,"ADQ Holding",,Investment,"Abu Dhabi",,,98,YellowPages-UAE,new,"2026-04-29 20:49:58",
304,"Investment Corporation of Dubai",,Investment,Dubai,,,98,YellowPages-UAE,new,"2026-04-29 20:49:58",
305,"Dubai Holding",,Investment,Dubai,,,98,YellowPages-UAE,new,"2026-04-29 20:49:58",
306,"Meraas Holding",,Investment,Dubai,,,95,YellowPages-UAE,new,"2026-04-29 20:49:58",
307,"Nakheel Properties",,"Real Estate",Dubai,,,98,YellowPages-UAE,new,"2026-04-29 20:49:58",
308,"Aldar Properties",,"Real Estate","Abu Dhabi",,,98,YellowPages-UAE,new,"2026-04-29 20:49:58",
309,"Tesla Inc.",,Automotive/Tech,"USA, Texas",,,98,Titanium-Global,new,"2026-04-29 20:50:16",
310,"Lockheed Martin",,Defense/Aerospace,"USA, Maryland",,,95,Titanium-Global,new,"2026-04-29 20:50:16",
311,"Intel Corporation",,Semiconductors,"USA, California",,,95,Titanium-Global,new,"2026-04-29 20:50:16",
312,"Caterpillar Inc.",,"Heavy Equipment","USA, Illinois",,,90,Titanium-Global,new,"2026-04-29 20:50:16",
313,"Boeing Company",,Aerospace,"USA, Washington",,,95,Titanium-Global,new,"2026-04-29 20:50:16",
314,"General Electric",,Conglomerate,"USA, Massachusetts",,,92,Titanium-Global,CHECK_MANUAL,"2026-04-29 20:50:16",
315,"3M Company",,Manufacturing,"USA, Minnesota",,,88,Titanium-Global,new,"2026-04-29 20:50:16",
316,"Honeywell International",,Tech/Manufacturing,"USA, North Carolina",,,90,Titanium-Global,new,"2026-04-29 20:50:16",
317,"John Deere",,Agriculture/Tech,"USA, Illinois",,,85,Titanium-Global,new,"2026-04-29 20:50:16",
318,"Texas Instruments",,Semiconductors,"USA, Texas",,,88,Titanium-Global,new,"2026-04-29 20:50:16",
319,"Micron Technology",,Storage,"USA, Idaho",,,85,Titanium-Global,new,"2026-04-29 20:50:16",
320,"Nvidia Corp",,AI/GPU,"USA, California",,,99,Titanium-Global,new,"2026-04-29 20:50:16",
321,"Advanced Micro Devices",,Processors,"USA, California",,,95,Titanium-Global,new,"2026-04-29 20:50:16",
322,"Applied Materials",,Tech,"USA, California",,,85,Titanium-Global,new,"2026-04-29 20:50:16",
323,"Lam Research",,Tech,"USA, California",,,85,Titanium-Global,new,"2026-04-29 20:50:16",
324,"Corning Inc.",,Tech/Materials,"USA, New York",,,80,Titanium-Global,new,"2026-04-29 20:50:16",
325,"Cummins Inc.",,"Power Systems","USA, Indiana",,,85,Titanium-Global,new,"2026-04-29 20:50:16",
326,"Emerson Electric Co",,Automation,"USA, Missouri",,,90,Titanium-Global,new,"2026-04-29 20:50:16",
327,"Rockwell Automation Inc",,Automation,"USA, Wisconsin",,,90,Titanium-Global,new,"2026-04-29 20:50:16",
328,Parker-Hannifin,,"Motion Control","USA, Ohio",,,85,Titanium-Global,new,"2026-04-29 20:50:16",
329,"Danaher Corp",,Science/Tech,"USA, D.C.",,,90,Titanium-Global,new,"2026-04-29 20:50:16",
330,"Thermo Fisher Scientific",,Science,"USA, Massachusetts",,,92,Titanium-Global,CHECK_MANUAL,"2026-04-29 20:50:16",
331,"Oracle Corp",,Software,"USA, Texas",,,95,Titanium-Global,new,"2026-04-29 20:50:16",
332,"Salesforce Inc",,Software,"USA, California",,,95,Titanium-Global,new,"2026-04-29 20:50:16",
333,"Adobe Inc",,Software,"USA, California",,,92,Titanium-Global,new,"2026-04-29 20:50:16",
334,"Nestlé S.A.",,Food/Trading,"Switzerland, Vevey",,,95,Titanium-Global,CHECK_MANUAL,"2026-04-29 20:50:16",
335,"Roche Holding",,Pharma/Biotech,"Switzerland, Basel",,,95,Titanium-Global,CHECK_MANUAL,"2026-04-29 20:50:16",
336,"Novartis AG",,Pharma,"Switzerland, Basel",,,95,Titanium-Global,CHECK_MANUAL,"2026-04-29 20:50:16",
337,"ABB Ltd",,Robotics/Energy,"Switzerland, Zurich",,,98,Titanium-Global,CHECK_MANUAL,"2026-04-29 20:50:16",
338,"UBS Group AG",,Finance,"Switzerland, Zurich",,,98,Titanium-Global,CHECK_MANUAL,"2026-04-29 20:50:16",
339,"Credit Suisse (UBS)",,Finance,"Switzerland, Zurich",,,90,Titanium-Global,CHECK_MANUAL,"2026-04-29 20:50:16",
340,"Glencore PLC",,Commodities/Trading,"Switzerland, Baar",,,95,Titanium-Global,CHECK_MANUAL,"2026-04-29 20:50:16",
341,"Holcim Ltd",,Materials,"Switzerland, Zug",,,85,Titanium-Global,CHECK_MANUAL,"2026-04-29 20:50:16",
342,"SGS S.A.",,Testing/Precision,"Switzerland, Geneva",,,88,Titanium-Global,CHECK_MANUAL,"2026-04-29 20:50:16",
343,"Schindler Holding",,Manufacturing,"Switzerland, Ebikon",,,85,Titanium-Global,CHECK_MANUAL,"2026-04-29 20:50:16",
344,"Swatch Group",,Precision/Retail,"Switzerland, Bienne",,,85,Titanium-Global,CHECK_MANUAL,"2026-04-29 20:50:16",
345,Richemont,,"Luxury Trading","Switzerland, Bellevue",,,90,Switzerland-Direct,CHECK_MANUAL,"2026-04-29 20:50:16",
346,"Adecco Group",,Services,"Switzerland, Zurich",,,85,Switzerland-Direct,CHECK_MANUAL,"2026-04-29 20:50:16",
347,"Kuehne + Nagel Intl",,Logistics,"Switzerland, Schindellegi",,,95,Switzerland-Direct,CHECK_MANUAL,"2026-04-29 20:50:16",
348,"Swiss Re",,Insurance/Finance,"Switzerland, Zurich",,,92,Switzerland-Direct,CHECK_MANUAL,"2026-04-29 20:50:16",
349,"Zurich Insurance Group",,Insurance,"Switzerland, Zurich",,,92,Switzerland-Direct,CHECK_MANUAL,"2026-04-29 20:50:16",
350,"Givaudan AG",,Chemicals/Trading,"Switzerland, Vernier",,,88,Switzerland-Direct,CHECK_MANUAL,"2026-04-29 20:50:16",
351,"Lonza Group",,Biotech/Tech,"Switzerland, Basel",,,90,Switzerland-Direct,new,"2026-04-29 20:50:16",
352,"Sika AG",,Chemicals,"Switzerland, Baar",,,85,Switzerland-Direct,new,"2026-04-29 20:50:16",
353,"Geberit AG",,Manufacturing,"Switzerland, Rapperswil",,,80,Switzerland-Direct,new,"2026-04-29 20:50:16",
354,"Barry Callebaut",,"Food Trading","Switzerland, Zurich",,,85,Switzerland-Direct,new,"2026-04-29 20:50:16",
355,"Logitech International",,Tech,"Switzerland, Lausanne",,,90,Switzerland-Direct,active,"2026-04-29 20:50:16",
356,"Straumann Group",,"Medical Tech","Switzerland, Basel",,,85,Switzerland-Direct,new,"2026-04-29 20:50:16",
357,"Sonova Holding",,"Medical Tech","Switzerland, Stäfa",,,85,Switzerland-Direct,new,"2026-04-29 20:50:16",
358,"Dubai World Central",,Logistics/Trade,"Dubai, South",,,95,YellowPages-UAE,new,"2026-04-29 20:50:16",
359,"DP World Global",,Logistics,"Dubai, Jebel Ali",,,98,YellowPages-UAE,new,"2026-04-29 20:50:16",
360,"Drydocks World Dubai",,Marine/Industrial,Dubai,,,90,YellowPages-UAE,new,"2026-04-29 20:50:16",
361,"Al Futtaim Private Co",,Conglomerate,Dubai,,,95,YellowPages-UAE,new,"2026-04-29 20:50:16",
362,"Emirates Group",,Aviation/Trading,Dubai,,,99,YellowPages-UAE,new,"2026-04-29 20:50:16",
363,"FlyDubai Cargo",,Logistics,Dubai,,,90,YellowPages-UAE,new,"2026-04-29 20:50:16",
364,"Dubai Duty Free",,"Retail Trading",Dubai,,,92,YellowPages-UAE,new,"2026-04-29 20:50:16",
365,"Aster DM Trading",,"Medical Trading",Dubai,,,85,YellowPages-UAE,new,"2026-04-29 20:50:16",
366,"Landmark Group Intl",,"Retail Trading",Dubai,,,92,YellowPages-UAE,new,"2026-04-29 20:50:16",
367,"Apparel Group UAE",,"Retail Trading",Dubai,,,88,YellowPages-UAE,new,"2026-04-29 20:50:16",
368,"Rivoli Group UAE",,"Luxury Trading",Dubai,,,85,YellowPages-UAE,new,"2026-04-29 20:50:16",
369,"BinHendi Enterprises",,"General Trading",Dubai,,,82,YellowPages-UAE,new,"2026-04-29 20:50:16",
370,"Chalhoub Group Trading",,Luxury/Retail,Dubai,,,90,YellowPages-UAE,new,"2026-04-29 20:50:16",
371,"Al Maya Group UAE",,"FMCG Trading",Dubai,,,80,YellowPages-UAE,new,"2026-04-29 20:50:16",
372,"Choithrams UAE",,"General Trading",Dubai,,,80,YellowPages-UAE,new,"2026-04-29 20:50:16",
373,"Lulu International",,Retail/Trading,"Dubai/Abu Dhabi",,,95,YellowPages-UAE,new,"2026-04-29 20:50:16",
374,"Al Adil Trading LLC",,Spices/Food,Dubai,,,75,YellowPages-UAE,new,"2026-04-29 20:50:16",
375,"IFFCO Group UAE",,"FMCG Trading",Dubai,,,90,YellowPages-UAE,new,"2026-04-29 20:50:16",
376,"Agthia Group UAE",,Food/Beverage,"Abu Dhabi",,,85,YellowPages-UAE,new,"2026-04-29 20:50:16",
377,"National Food Co",,Distribution,Dubai,,,82,YellowPages-UAE,new,"2026-04-29 20:50:16",
378,"Masafi Water Co",,Beverage/Trading,Dubai,,,80,YellowPages-UAE,new,"2026-04-29 20:50:16",
379,"Al Rawabi Dairy",,FMCG/Trading,Dubai,,,82,YellowPages-UAE,new,"2026-04-29 20:50:16",
380,"Almarai UAE",,FMCG/Trading,Dubai,,,85,YellowPages-UAE,new,"2026-04-29 20:50:16",
381,"Sadia UAE",,"Food Trading",Dubai,,,80,YellowPages-UAE,new,"2026-04-29 20:50:16",
382,"Nestle Middle East",,"FMCG Trading",Dubai,,,95,YellowPages-UAE,new,"2026-04-29 20:50:16",
383,"Roche Diagnostics",,"Medical Tech",Rotkreuz,,,95,Switzerland-Direct,new,"2026-04-29 20:51:20",
384,"Givaudan SA",,Fragrances,Vernier,,,90,Switzerland-Direct,new,"2026-04-29 20:51:20",
385,"SGS SA",,"Inspection Services",Geneva,,,92,Switzerland-Direct,new,"2026-04-29 20:51:20",
386,"Schindler Aufzüge AG",,Manufacturing,Ebikon,,,88,Switzerland-Direct,new,"2026-04-29 20:51:20",
387,"Sulzer Ltd",,Engineering,Winterthur,,,85,Switzerland-Direct,new,"2026-04-29 20:51:20",
388,"Georg Fischer AG",,Industrial,Schaffhausen,,,85,Switzerland-Direct,active,"2026-04-29 20:51:20",
389,"Rieter Holding",,"Textile Machinery",Winterthur,,,80,Switzerland-Direct,new,"2026-04-29 20:51:20",
390,"Bobst Group",,Packaging,Mex,,,82,Switzerland-Direct,new,"2026-04-29 20:51:20",
391,"Bucher Industries",,Machinery,Niederweningen,,,80,Switzerland-Direct,new,"2026-04-29 20:51:20",
392,"Oerlikon Group",,Technology,"Pfäffikon",,,90,Switzerland-Direct,new,"2026-04-29 20:51:20",
393,"Dormakaba Holding",,"Security Systems","Rümlang",,,85,Switzerland-Direct,new,"2026-04-29 20:51:20",
394,"Belimo Holding",,"HVAC Tech",Hinwil,,,88,Switzerland-Direct,new,"2026-04-29 20:51:20",
395,"Forbo Holding",,Materials,Baar,,,75,Switzerland-Direct,new,"2026-04-29 20:51:20",
396,"Autoneum Holding",,Automotive,Winterthur,,,78,Switzerland-Direct,new,"2026-04-29 20:51:20",
397,"Ems-Chemie Holding",,Chemicals,Domat/Ems,,,85,Switzerland-Direct,new,"2026-04-29 20:51:20",
398,"Clariant AG",,"Specialty Chemicals",Muttenz,,,88,Switzerland-Direct,new,"2026-04-29 20:51:20",
399,"Syngenta Group",,Agro-Chemicals,Basel,,,95,Switzerland-Direct,new,"2026-04-29 20:51:20",
400,"Swisscom AG",,Telecommunications,Bern,,,92,Switzerland-Direct,new,"2026-04-29 20:51:20",
401,"Sunrise UPC",,Telecommunications,Zurich,,,85,Switzerland-Direct,new,"2026-04-29 20:51:20",
402,"Swiss Post",,Logistics,Bern,,,90,Switzerland-Direct,new,"2026-04-29 20:51:20",
403,"SBB CFF FFS",,Logistics/Transport,Bern,,,90,Switzerland-Direct,new,"2026-04-29 20:51:20",
404,"Kuehne+Nagel Management",,Logistics,Schindellegi,,,95,Switzerland-Direct,new,"2026-04-29 20:51:20",
405,"Panalpina World Transport",,Logistics,Basel,,,85,Switzerland-Direct,new,"2026-04-29 20:51:20",
406,"CEVA Logistics AG",,Logistics,Baar,,,85,Switzerland-Direct,new,"2026-04-29 20:51:20",
407,"Bpost (Swiss Operations)",,Logistics,Zurich,,,75,Switzerland-Direct,new,"2026-04-29 20:51:20",
408,"Vontobel Holding",,Banking,Zurich,,,88,Switzerland-Direct,new,"2026-04-29 20:51:20",
409,"Julius Baer Group",,"Private Banking",Zurich,,,92,Switzerland-Direct,new,"2026-04-29 20:51:20",
410,"Pictet Group",,"Wealth Management",Geneva,,,95,Switzerland-Direct,new,"2026-04-29 20:51:20",
411,"Lombard Odier",,Banking,Geneva,,,92,Switzerland-Direct,new,"2026-04-29 20:51:20",
412,"Swiss Life Holding",,Insurance,Zurich,,,90,Switzerland-Direct,new,"2026-04-29 20:51:20",
413,"Baloise Holding",,Insurance,Basel,,,85,Switzerland-Direct,new,"2026-04-29 20:51:20",
414,"Helvetia Insurance",,Insurance,"St. Gallen",,,85,Switzerland-Direct,new,"2026-04-29 20:51:20",
415,"Partners Group",,"Private Equity",Baar,,,92,Switzerland-Direct,new,"2026-04-29 20:51:20",
416,"Temenos AG",,"Banking Software",Geneva,,,95,Switzerland-Direct,new,"2026-04-29 20:51:20",
417,"Avaloq Group",,Fintech,Zurich,,,90,Switzerland-Direct,new,"2026-04-29 20:51:20",
418,"Swissquote Group",,"Online Banking",Gland,,,88,Switzerland-Direct,new,"2026-04-29 20:51:20",
419,"Leonteq AG",,Fintech,Zurich,,,80,Switzerland-Direct,new,"2026-04-29 20:51:20",
420,"Swiss Re Management",,Reinsurance,Zurich,,,95,Switzerland-Direct,new,"2026-04-29 20:51:20",
421,"Zurich Insurance PLC",,Insurance,Zurich,,,95,Switzerland-Direct,new,"2026-04-29 20:51:20",
422,"Chubb Limited",,Insurance,Zurich,,,95,Switzerland-Direct,new,"2026-04-29 20:51:20",
423,Migros-Genossenschafts-Bund,,Retail/Trading,Zurich,,,95,Switzerland-Direct,new,"2026-04-29 20:51:20",
424,"Coop Genossenschaft",,Retail/Trading,Basel,,,95,Switzerland-Direct,new,"2026-04-29 20:51:20",
425,"Manor AG",,Retail,Basel,,,80,Switzerland-Direct,new,"2026-04-29 20:51:20",
426,"Globus AG",,Retail,Zurich,,,80,Switzerland-Direct,new,"2026-04-29 20:51:20",
427,"Valora Holding",,Retail,Muttenz,,,75,Switzerland-Direct,new,"2026-04-29 20:51:20",
428,"DKSH Holding",,"Expansion Services",Zurich,,,90,Switzerland-Direct,new,"2026-04-29 20:51:20",
429,"Dufry AG",,Retail,Basel,,,85,Switzerland-Direct,new,"2026-04-29 20:51:20",
430,"Lindt & Sprüngli",,Food,Kilchberg,,,95,Switzerland-Direct,new,"2026-04-29 20:51:20",
431,"Emmi AG",,Dairy,Lucerne,,,85,Switzerland-Direct,new,"2026-04-29 20:51:20",
432,"Bell Food Group",,Food,Basel,,,80,Switzerland-Direct,new,"2026-04-29 20:51:20",
433,"Aryzta AG",,Food,Schlieren,,,75,Switzerland-Direct,new,"2026-04-29 20:51:20",
434,"Chocolat Frey AG",,Food,Buchs,,,80,Switzerland-Direct,new,"2026-04-29 20:51:20",
435,"Straumann Holding",,MedTech,Basel,,,92,Switzerland-Direct,new,"2026-04-29 20:51:20",
436,"Sonova Holding AG",,MedTech,"Stäfa",,,90,Switzerland-Direct,new,"2026-04-29 20:51:20",
437,"Tecan Group",,"Life Sciences","Männedorf",,,88,Switzerland-Direct,new,"2026-04-29 20:51:20",
438,"Ypsomed Holding",,MedTech,Burgdorf,,,85,Switzerland-Direct,new,"2026-04-29 20:51:20",
439,"Coltene Holding",,"Dental Tech","Altstätten",,,75,Switzerland-Direct,new,"2026-04-29 20:51:20",
440,"Medacta Group",,"Medical Devices","Castel San Pietro",,,80,Switzerland-Direct,new,"2026-04-29 20:51:20",
441,"Vifor Pharma",,Pharmaceuticals,Glattbrugg,,,90,Switzerland-Direct,new,"2026-04-29 20:51:20",
442,"Idorsia Ltd",,Biotech,Allschwil,,,85,Switzerland-Direct,new,"2026-04-29 20:51:20",
443,"Galenica AG",,Healthcare,Bern,,,88,Switzerland-Direct,new,"2026-04-29 20:51:20",
444,"Swiss Prime Site",,"Real Estate",Olten,,,85,Switzerland-Direct,new,"2026-04-29 20:51:20",
445,"PSP Swiss Property",,"Real Estate",Zug,,,85,Switzerland-Direct,new,"2026-04-29 20:51:20",
446,"Allreal Holding",,Construction,Baar,,,80,Switzerland-Direct,new,"2026-04-29 20:51:20",
447,"Implenia AG",,Construction,Opfikon,,,80,Switzerland-Direct,new,"2026-04-29 20:51:20",
448,LafargeHolcim,,Materials,Zug,,,95,Switzerland-Direct,new,"2026-04-29 20:51:20",
449,"Sika Group",,Chemicals,Baar,,,92,Switzerland-Direct,new,"2026-04-29 20:51:20",
450,"Hilti AG",,"Construction Tech",Schaan,,,95,Switzerland-Direct,new,"2026-04-29 20:51:20",
451,"Geberit Management",,Manufacturing,Rapperswil-Jona,,,90,Switzerland-Direct,new,"2026-04-29 20:51:20",
452,"Zehender Group",,HVAC,"Gränichen",,,75,Switzerland-Direct,new,"2026-04-29 20:51:20",
453,"Arbonia AG",,"Construction Components",Arbon,,,75,Switzerland-Direct,new,"2026-04-29 20:51:20",
454,"Logitech SA",,"Computer Peripherals",Lausanne,,,95,Switzerland-Direct,active,"2026-04-29 20:51:20",
455,"Ascom Holding",,"ICT Solutions",Baar,,,80,Switzerland-Direct,new,"2026-04-29 20:51:20",
456,"Kudelski Group",,"Digital Security",Cheseaux,,,85,Switzerland-Direct,active,"2026-04-29 20:51:20",
457,"u-blox AG",,Semiconductors,Thalwil,,,85,Switzerland-Direct,new,"2026-04-29 20:51:20",
458,"Sensirion Holding",,Sensors,"Stäfa",,,88,Switzerland-Direct,new,"2026-04-29 20:51:20",
459,"Comet Holding",,Electronics,Flamatt,,,80,Switzerland-Direct,new,"2026-04-29 20:51:20",
460,"Carlo Gavazzi Holding",,Automation,Steinhausen,,,75,Switzerland-Direct,active,"2026-04-29 20:51:20",
461,"Burckhardt Compression",,Industrial,Winterthur,,,80,Switzerland-Direct,new,"2026-04-29 20:51:20",
462,"Mikron Holding",,Automation,Biel,,,75,Switzerland-Direct,new,"2026-04-29 20:51:20",
463,"Tornos Holding",,Machinery,Moutier,,,70,Switzerland-Direct,new,"2026-04-29 20:51:20",
464,"Starrag Group",,Machinery,Rorschacherberg,,,70,Switzerland-Direct,new,"2026-04-29 20:51:20",
465,"Meyer Burger Technology",,"Solar Energy",Thun,,,85,Switzerland-Direct,new,"2026-04-29 20:51:20",
466,"VAT Group AG",,"Vacuum Valves",Haag,,,90,Switzerland-Direct,new,"2026-04-29 20:51:20",
467,"Inficon Holding",,Measurement,"Bad Ragaz",,,85,Switzerland-Direct,new,"2026-04-29 20:51:20",
468,"Interroll Holding",,"Logistics Tech","Sant’Antonino",,,88,Switzerland-Direct,new,"2026-04-29 20:51:20",
469,"Kardex Group",,"Logistics Systems",Zurich,,,85,Switzerland-Direct,new,"2026-04-29 20:51:20",
470,"Bossard Holding",,"Industrial Fastening",Zug,,,82,Switzerland-Direct,new,"2026-04-29 20:51:20",
471,"SFS Group",,"Mechanical Systems",Heerbrugg,,,82,Switzerland-Direct,new,"2026-04-29 20:51:20",
472,"Huber+Suhner AG",,"Electrical Components",Herisau,,,85,Switzerland-Direct,active,"2026-04-29 20:51:20",
473,"Phoenix Mecano",,Enclosures,"Stein am Rhein",,,75,Switzerland-Direct,new,"2026-04-29 20:51:20",
474,"Schaffner Holding",,Electronics,Luterbach,,,70,Switzerland-Direct,new,"2026-04-29 20:51:20",
475,"LEM Holding",,"Electrical Components",Fribourg,,,80,Switzerland-Direct,new,"2026-04-29 20:51:20",
476,"Gurit Holding",,"Advanced Materials",Wattwil,,,75,Switzerland-Direct,new,"2026-04-29 20:51:20",
477,"Schweiter Technologies",,"Composite Materials",Steinhausen,,,78,Switzerland-Direct,active,"2026-04-29 20:51:20",
478,"SIG Group",,Packaging,Neuhausen,,,90,Switzerland-Direct,active,"2026-04-29 20:51:20",
479,"Vetropack Holding",,"Glass Packaging","Bülach",,,75,Switzerland-Direct,new,"2026-04-29 20:51:20",
480,"Zehnder Group",,Radiators,"Gränichen",,,75,Switzerland-Direct,new,"2026-04-29 20:51:20",
481,"Metall Zug AG",,Appliances,Zug,,,78,Switzerland-Direct,new,"2026-04-29 20:51:20",
482,"V-ZUG Holding",,"Household Appliances",Zug,,,85,Switzerland-Direct,new,"2026-04-29 20:51:20",
483,"Swarm Holding",,Tech,Zug,,,70,Switzerland-Direct,new,"2026-04-29 20:51:20",
484,"Müller Präzision AG",,"Gépgyártás","Zürich",,,75,CH-SME-Direct,new,"2026-04-29 20:52:18",
485,"Zimmermann Consulting",,"Üzleti tanácsadás",Bern,,,70,CH-SME-Direct,new,"2026-04-29 20:52:18",
486,"Keller Elektronik GmbH",,Elektronika,Winterthur,,,80,CH-SME-Direct,new,"2026-04-29 20:52:18",
487,"Schmid IT-Services",,"IT szolgáltatások",Basel,,,85,CH-SME-Direct,new,"2026-04-29 20:52:18",
488,"Weber Feinmechanik",,"Precíziós gyártás",Luzern,,,82,CH-SME-Direct,new,"2026-04-29 20:52:18",
489,"Meier & Partner Revisions AG",,"Könyvelés/Audit","St. Gallen",,,75,CH-SME-Direct,new,"2026-04-29 20:52:18",
490,"Berger Metallbau",,"Fémszerkezetek",Thun,,,70,CH-SME-Direct,new,"2026-04-29 20:52:18",
491,"Fischer Automatisierung",,"Automatizálás",Olten,,,85,CH-SME-Direct,new,"2026-04-29 20:52:18",
492,"Brunner Haustechnik",,"Épületgépészet",Zug,,,75,CH-SME-Direct,new,"2026-04-29 20:52:18",
493,"Egloff Software Design",,"Szoftverfejlesztés",Uster,,,88,CH-SME-Direct,new,"2026-04-29 20:52:18",
494,"Sutter Instrumente AG",,"Orvosi műszerek",Biel,,,82,CH-SME-Direct,new,"2026-04-29 20:52:18",
495,"Widmer Logistik GmbH",,"Helyi logisztika",Schaffhausen,,,70,CH-SME-Direct,active,"2026-04-29 20:52:18",
496,"Hofer Elektroanlagen",,"Villanyszerelés/Ipar",Frauenfeld,,,75,CH-SME-Direct,active,"2026-04-29 20:52:18",
497,"Graf Werbeagentur",,Marketing,Chur,,,65,CH-SME-Direct,new,"2026-04-29 20:52:18",
498,"Baumann Engineering",,"Mérnöki iroda",Aarau,,,80,CH-SME-Direct,active,"2026-04-29 20:52:18",
499,"Kaufmann Sicherheitstechnik",,"Biztonságtechnika",Wetzikon,,,85,CH-SME-Direct,new,"2026-04-29 20:52:18",
500,"Frei Umwelttechnik",,"Környezetvédelem","Köniz",,,78,CH-SME-Direct,new,"2026-04-29 20:52:18",
501,"Lang Data Solutions",,"Adatkezelés",Vernier,,,82,CH-SME-Direct,new,"2026-04-29 20:52:18",
502,"Gasser Bauphysik",,"Építőipar/Fizika",Emmen,,,75,CH-SME-Direct,new,"2026-04-29 20:52:18",
503,"Blaser Mechanical Workshop",,"Gépmuhely",Yverdon-les-Bains,,,72,CH-SME-Direct,new,"2026-04-29 20:52:18",
504,"Vogel High-Tech GmbH",,"Labor technológia",Montreux,,,80,CH-SME-Direct,new,"2026-04-29 20:52:18",
505,"Bernasconi Finiture",,"Belsőépítészet",Lugano,,,70,CH-SME-Direct,new,"2026-04-29 20:52:18",
506,"Favre Micro-Technique",,"Mikrotechnológia","Neuchâtel",,,85,CH-SME-Direct,new,"2026-04-29 20:52:18",
507,"Rinaldi Impianti",,"Ipari rendszerek",Bellinzona,,,78,CH-SME-Direct,new,"2026-04-29 20:52:18",
508,"Maurer Solar Systems",,"Megújuló energia",Sion,,,82,CH-SME-Direct,new,"2026-04-29 20:52:18",
509,"Steiner Optik AG",,"Optikai eszközök",Lausanne,,,85,CH-SME-Direct,active,"2026-04-29 20:52:18",
510,"Marti Gastro Tech",,"Vendéglátó technika",Interlaken,,,65,CH-SME-Direct,new,"2026-04-29 20:52:18",
511,"Kobel Telematics",,Telematika,Bulle,,,80,CH-SME-Direct,new,"2026-04-29 20:52:18",
512,"Gerber Holzbau",,Faipar,Langenthal,,,60,CH-SME-Direct,new,"2026-04-29 20:52:18",
513,"Kunz Hydro-Tech",,"Víztechnológia",Morges,,,75,CH-SME-Direct,new,"2026-04-29 20:52:18",
514,"Lehmann Cyber Security",,"Kiberbiztonság",Nyon,,,90,CH-SME-Direct,new,"2026-04-29 20:52:18",
515,"Moser 3D Printing",,"Additív gyártás",Dietikon,,,85,CH-SME-Direct,new,"2026-04-29 20:52:18",
516,"Stalder Pharma-Logistik",,"Gyógyszer logisztika",Reinach,,,80,CH-SME-Direct,new,"2026-04-29 20:52:18",
517,"Bieri Hydraulic",,Hidraulika,Trogen,,,78,CH-SME-Direct,new,"2026-04-29 20:52:18",
518,"Hug Mechatronik",,Mechatronika,Sarnen,,,82,CH-SME-Direct,new,"2026-04-29 20:52:18",
519,"Wyss Bio-Tech",,"Biotechnológia",Appenzell,,,85,CH-SME-Direct,new,"2026-04-29 20:52:18",
520,"Sommer Smart Home",,"Okosotthon technológia",Solothurn,,,75,CH-SME-Direct,new,"2026-04-29 20:52:18",
521,"Lüthi Web Agency",,"Webfejlesztés",Burgdorf,,,70,CH-SME-Direct,new,"2026-04-29 20:52:18",
522,"Furrer Precision Tools",,"Szerszámgyártás",Altdorf,,,80,CH-SME-Direct,new,"2026-04-29 20:52:18",
523,"Imhof Robotics",,"Robotika KKV",Glarus,,,88,CH-SME-Direct,new,"2026-04-29 20:52:18",
524,"Austin Precision Machining",,"Gépgyártás","Austin, TX",,,78,US-SME-Direct,active,"2026-04-29 20:52:45",
525,"Bay Area IT Solutions",,"IT szolgáltatások","San Francisco, CA",,,85,US-SME-Direct,new,"2026-04-29 20:52:45",
526,"Empire State Engineering",,"Mérnöki iroda","New York, NY",,,82,US-SME-Direct,new,"2026-04-29 20:52:45",
527,"Sunshine Tech Consulting",,"Üzleti tanácsadás","Miami, FL",,,70,US-SME-Direct,new,"2026-04-29 20:52:45",
528,"Rocky Mountain Robotics",,Robotika,"Denver, CO",,,88,US-SME-Direct,new,"2026-04-29 20:52:45",
529,"Pacific Northwest Logistics",,Logisztika,"Seattle, WA",,,75,US-SME-Direct,new,"2026-04-29 20:52:45",
530,"Lone Star Cyber Security",,"Kiberbiztonság","Dallas, TX",,,90,US-SME-Direct,new,"2026-04-29 20:52:45",
531,"Midwest Automation Systems",,"Automatizálás","Chicago, IL",,,85,US-SME-Direct,new,"2026-04-29 20:52:45",
532,"Peach State Electronics",,Elektronika,"Atlanta, GA",,,78,US-SME-Direct,new,"2026-04-29 20:52:45",
533,"Silicon Valley Prototype",,"Prototípus gyártás","Palo Alto, CA",,,92,US-SME-Direct,new,"2026-04-29 20:52:45",
534,"Desert Solar Solutions",,"Megújuló energia","Phoenix, AZ",,,80,US-SME-Direct,new,"2026-04-29 20:52:45",
535,"Liberty Defense Tech",,"Védelmi technológia","Arlington, VA",,,88,US-SME-Direct,new,"2026-04-29 20:52:45",
536,"Golden Gate Bio-Labs",,"Biotechnológia","South San Francisco, CA",,,85,US-SME-Direct,new,"2026-04-29 20:52:45",
537,"Steel City Manufacturing",,"Fémipar","Pittsburgh, PA",,,72,US-SME-Direct,new,"2026-04-29 20:52:45",
538,"Motor City Parts Group",,"Autóalkatrész","Detroit, MI",,,70,US-SME-Direct,new,"2026-04-29 20:52:45",
539,"New England Bio-Medical",,"Orvosi eszközök","Boston, MA",,,85,US-SME-Direct,new,"2026-04-29 20:52:45",
540,"Appalachian Power Tech",,Energetika,"Charlotte, NC",,,75,US-SME-Direct,new,"2026-04-29 20:52:45",
541,"Great Lakes Data Systems",,"Adatkezelés","Cleveland, OH",,,80,US-SME-Direct,new,"2026-04-29 20:52:45",
542,"Chesapeake Marine Tech",,"Tengeri technológia","Annapolis, MD",,,78,US-SME-Direct,new,"2026-04-29 20:52:45",
543,"Portland Creative Software",,"Szoftverfejlesztés","Portland, OR",,,82,US-SME-Direct,new,"2026-04-29 20:52:45",
544,"Vegas High-Tech Events",,"Rendezvénytechnika","Las Vegas, NV",,,65,US-SME-Direct,new,"2026-04-29 20:52:45",
545,"Salt Lake Software Labs",,"Felhő szolgáltatások","Salt Lake City, UT",,,85,US-SME-Direct,new,"2026-04-29 20:52:45",
546,"Twin Cities Precision",,"Precíziós gyártás","Minneapolis, MN",,,80,US-SME-Direct,new,"2026-04-29 20:52:45",
547,"Gateway Arch Logistics",,"Szállítmányozás","St. Louis, MO",,,72,US-SME-Direct,new,"2026-04-29 20:52:45",
548,"Music City Digital",,"Digitális média","Nashville, TN",,,75,US-SME-Direct,new,"2026-04-29 20:52:45",
549,"Alamo Tech Services",,"IT támogatás","San Antonio, TX",,,70,US-SME-Direct,new,"2026-04-29 20:52:45",
550,"Big Apple Fintech Group",,Fintech,"New York, NY",,,90,US-SME-Direct,new,"2026-04-29 20:52:45",
551,"Indy Racing Components",,"Speciális gyártás","Indianapolis, IN",,,85,US-SME-Direct,new,"2026-04-29 20:52:45",
552,"Derby City Engineering",,"Ipari tervezés","Louisville, KY",,,75,US-SME-Direct,new,"2026-04-29 20:52:45",
553,"Mile High Cloud Solutions",,SaaS,"Boulder, CO",,,88,US-SME-Direct,new,"2026-04-29 20:52:45",
554,"Charm City Bio-Tech",,"Egészségügyi kutatás","Baltimore, MD",,,82,US-SME-Direct,new,"2026-04-29 20:52:45",
555,"Bluegrass Automation",,Mechatronika,"Lexington, KY",,,78,US-SME-Direct,new,"2026-04-29 20:52:45",
556,"Grand Canyon Tech Supply",,"Technológiai kereskedelem","Tucson, AZ",,,70,US-SME-Direct,new,"2026-04-29 20:52:45",
557,"Badger State Machining",,"Szerszámgyártás","Milwaukee, WI",,,75,US-SME-Direct,active,"2026-04-29 20:52:45",
558,"Green Mountain Software",,"Fejlesztő iroda","Burlington, VT",,,80,US-SME-Direct,new,"2026-04-29 20:52:45",
559,"Jersey Shore Tech Corp",,"Elektronikai összeszerelés","Newark, NJ",,,72,US-SME-Direct,new,"2026-04-29 20:52:45",
560,"Palmetto State Defense",,"Védelmi beszállító","Charleston, SC",,,85,US-SME-Direct,new,"2026-04-29 20:52:45",
561,"Sooner State Oil-Tech",,"Olajipari mérnökség","Oklahoma City, OK",,,80,US-SME-Direct,new,"2026-04-29 20:52:45",
562,"Evergreen State Optics",,"Optikai rendszerek","Tacoma, WA",,,78,US-SME-Direct,new,"2026-04-29 20:52:45",
563,"Show-Me Automation",,"Ipari robotika","Kansas City, MO",,,85,US-SME-Direct,new,"2026-04-29 20:52:45",
564,"Quantum Circuit Solutions",,Elektronika,"San Jose, CA",,,88,US-SME-Direct,new,"2026-04-29 20:53:39",
565,"Midwest Precision Tooling",,"Gépgyártás","Detroit, MI",,,75,US-SME-Direct,new,"2026-04-29 20:53:39",
566,"Blue Ridge Automation",,"Automatizálás","Asheville, NC",,,82,US-SME-Direct,new,"2026-04-29 20:53:39",
567,"Lone Star Data Defense",,"Kiberbiztonság","Austin, TX",,,92,US-SME-Direct,active,"2026-04-29 20:53:39",
568,"Pacific Edge Robotics",,Robotika,"Portland, OR",,,85,US-SME-Direct,new,"2026-04-29 20:53:39",
569,"Granite State Engineering",,"Mérnöki iroda","Manchester, NH",,,78,US-SME-Direct,new,"2026-04-29 20:53:39",
570,"Sun Belt Solar Tech",,Energetika,"Phoenix, AZ",,,80,US-SME-Direct,new,"2026-04-29 20:53:39",
571,"Bayou Industrial Supply",,"Ipari kereskedelem","New Orleans, LA",,,65,US-SME-Direct,new,"2026-04-29 20:53:39",
572,"Rocky Mountain Cloud",,"IT felhő","Denver, CO",,,85,US-SME-Direct,new,"2026-04-29 20:53:39",
573,"Everglade Bio-Systems",,"Biotechnológia","Miami, FL",,,82,US-SME-Direct,new,"2026-04-29 20:53:39",
574,"Prairie Wind Logistics",,Logisztika,"Wichita, KS",,,70,US-SME-Direct,new,"2026-04-29 20:53:39",
575,"Appalachian Mining Tech",,"Bányászati technológia","Charleston, WV",,,75,US-SME-Direct,new,"2026-04-29 20:53:39",
576,"Great Lakes Aero-Parts",,"Repülőgépipar","Cleveland, OH",,,80,US-SME-Direct,new,"2026-04-29 20:53:39",
577,"Empire State Fintech",,Fintech,"Buffalo, NY",,,88,US-SME-Direct,new,"2026-04-29 20:53:39",
578,"Cascade Software Labs",,"Szoftverfejlesztés","Seattle, WA",,,85,US-SME-Direct,new,"2026-04-29 20:53:39",
579,"Keystone Metal Fab",,"Fémmegmunkálás","Allentown, PA",,,72,US-SME-Direct,new,"2026-04-29 20:53:39",
580,"Peach State Agri-Tech",,"Mezőgazdasági technológia","Savannah, GA",,,78,US-SME-Direct,new,"2026-04-29 20:53:39",
581,"Chesapeake Bay Marine",,"Tengeri mérnökség","Norfolk, VA",,,75,US-SME-Direct,new,"2026-04-29 20:53:39",
582,"Desert Valley Optics",,Optika,"Tucson, AZ",,,82,US-SME-Direct,new,"2026-04-29 20:53:39",
583,"Twin Cities Med-Tech",,"Orvosi eszközök","St. Paul, MN",,,85,US-SME-Direct,active,"2026-04-29 20:53:39",
584,"Buckeye State Sensors",,Szenzortechnika,"Columbus, OH",,,80,US-SME-Direct,new,"2026-04-29 20:53:39",
585,"Badger Automation Group",,"Ipari vezérlés","Madison, WI",,,82,US-SME-Direct,new,"2026-04-29 20:53:39",
586,"Silver State Mining",,"Bányászat","Reno, NV",,,70,US-SME-Direct,new,"2026-04-29 20:53:39",
587,"Palmetto Defense Systems",,"Védelmi ipar","Columbia, SC",,,88,US-SME-Direct,new,"2026-04-29 20:53:39",
588,"Hoosier Precision Mfg",,"Precíziós gyártás","Indianapolis, IN",,,78,US-SME-Direct,new,"2026-04-29 20:53:39",
589,"Volunteer State Logics",,"Logisztikai szoftver","Nashville, TN",,,80,US-SME-Direct,new,"2026-04-29 20:53:39",
590,"Show-Me Smart Systems",,"Okosotthon Tech","St. Louis, MO",,,75,US-SME-Direct,new,"2026-04-29 20:53:39",
591,"Beehive State Crypto",,Blockchain/Fintech,"Salt Lake City, UT",,,85,US-SME-Direct,new,"2026-04-29 20:53:39",
592,"Garden State Pharma-Tech",,"Gyógyszergyártás","Trenton, NJ",,,82,US-SME-Direct,new,"2026-04-29 20:53:39",
593,"Ocean State Nav-Tech",,"Navigáció","Providence, RI",,,78,US-SME-Direct,new,"2026-04-29 20:53:39",
594,"Tar Heel Cyber Labs",,"Kiberbiztonság","Raleigh, NC",,,90,US-SME-Direct,new,"2026-04-29 20:53:39",
595,"Bluegrass Robotics LLC",,"Automatizálás","Louisville, KY",,,82,US-SME-Direct,new,"2026-04-29 20:53:39",
596,"Sooner State Oil-Tools",,Olajipar,"Tulsa, OK",,,75,US-SME-Direct,new,"2026-04-29 20:53:39",
597,"Gem State Tech Services",,"IT támogatás","Boise, ID",,,70,US-SME-Direct,new,"2026-04-29 20:53:39",
598,"Hawkeye Precision",,"Méréstechnika","Des Moines, IA",,,78,US-SME-Direct,new,"2026-04-29 20:53:39",
599,"First State Bio-Labs",,"Labor technológia","Wilmington, DE",,,80,US-SME-Direct,new,"2026-04-29 20:53:39",
600,"Green Mountain Solar",,Napenergia,"Montpelier, VT",,,75,US-SME-Direct,new,"2026-04-29 20:53:39",
601,"Constitution State IT",,"Hálózatépítés","Hartford, CT",,,82,US-SME-Direct,new,"2026-04-29 20:53:39",
602,"Beaver State Eco-Tech",,"Zöld technológia","Eugene, OR",,,78,US-SME-Direct,new,"2026-04-29 20:53:39",
603,"Old Dominion Software",,"Szoftverfejlesztés","Richmond, VA",,,85,US-SME-Direct,new,"2026-04-29 20:53:39",
604,"Yellowstone Geo-Data",,Geofizika,"Billings, MT",,,72,US-SME-Direct,new,"2026-04-29 20:53:39",
605,"Grand Canyon Wireless",,"Távközlés","Flagstaff, AZ",,,75,US-SME-Direct,new,"2026-04-29 20:53:39",
606,"Cornhusker Logics",,"Ellátási lánc","Omaha, NE",,,70,US-SME-Direct,new,"2026-04-29 20:53:39",
607,"Mountaineer Machining",,"Nehézgépalkatrész","Morgantown, WV",,,72,US-SME-Direct,new,"2026-04-29 20:53:39",
608,"Pine Tree Electronics",,"Elektronikai tervezés","Portland, ME",,,78,US-SME-Direct,new,"2026-04-29 20:53:39",
609,"Land of Enchantment AI",,"Mesterséges intelligencia","Albuquerque, NM",,,88,US-SME-Direct,new,"2026-04-29 20:53:39",
610,"Last Frontier Marine",,"Sarki technológia","Anchorage, AK",,,75,US-SME-Direct,new,"2026-04-29 20:53:39",
611,"Aloha State Clean-Tech",,"Tisztítási technológia","Honolulu, HI",,,70,US-SME-Direct,new,"2026-04-29 20:53:39",
612,"Coyote Defense Solutions",,"Biztonságtechnika","El Paso, TX",,,82,US-SME-Direct,new,"2026-04-29 20:53:39",
613,"Silicon Prairie Systems",,Szoftver/SaaS,"Lincoln, NE",,,85,US-SME-Direct,new,"2026-04-29 20:53:39",
614,"Liberty Bell Biotech",,"Egészségügyi kutatás","Philadelphia, PA",,,88,US-SME-Direct,new,"2026-04-29 20:53:39",
615,"Golden Spike Logistics",,"Vasúti technológia","Ogden, UT",,,72,US-SME-Direct,new,"2026-04-29 20:53:39",
616,"Alamo Data Recovery",,"Adatmentés","San Antonio, TX",,,80,US-SME-Direct,new,"2026-04-29 20:53:39",
617,"Music City Audio-Tech",,Audiotechnika,"Nashville, TN",,,78,US-SME-Direct,new,"2026-04-29 20:53:39",
618,"Steel Valley Robotics",,"Ipari robotok","Youngstown, OH",,,82,US-SME-Direct,new,"2026-04-29 20:53:39",
619,"Space Coast Aero",,"Űrkutatási beszállító","Cocoa Beach, FL",,,90,US-SME-Direct,new,"2026-04-29 20:53:39",
620,"Derby City Digital",,"Digitális marketing","Louisville, KY",,,65,US-SME-Direct,new,"2026-04-29 20:53:39",
621,"Mile High Micro-Tech",,Mikroelektronika,"Boulder, CO",,,85,US-SME-Direct,new,"2026-04-29 20:53:39",
622,"Big Sky Software",,"Felhő alapú ERP","Bozeman, MT",,,78,US-SME-Direct,new,"2026-04-29 20:53:39",
623,"Magnolia State Agri-Power",,"Mezőgazdasági gép","Jackson, MS",,,70,US-SME-Direct,new,"2026-04-29 20:53:39",
624,"Pelican State Oil-Logistics",,"Olaj logisztika","Baton Rouge, LA",,,75,US-SME-Direct,new,"2026-04-29 20:53:39",
625,"North Star Medical",,"Orvosi szoftver","Rochester, MN",,,85,US-SME-Direct,new,"2026-04-29 20:53:39",
626,"Sunflower State Defense",,"Katonai technológia","Topeka, KS",,,82,US-SME-Direct,new,"2026-04-29 20:53:39",
627,"Blue Hen Bio-Pharma",,"Gyógyszerkutatás","Newark, DE",,,85,US-SME-Direct,new,"2026-04-29 20:53:39",
628,"Nutmeg State Engineering",,"Precíziós műszerek","New Haven, CT",,,80,US-SME-Direct,new,"2026-04-29 20:53:39",
629,"Ocean State Aquaculture",,"Vízi technológia","Newport, RI",,,72,US-SME-Direct,new,"2026-04-29 20:53:39",
630,"Green Mountain Apps",,"Mobilfejlesztés","Burlington, VT",,,75,US-SME-Direct,new,"2026-04-29 20:53:39",
631,"Treasure State Mining-Tech",,"Bányagép automatizálás","Butte, MT",,,78,US-SME-Direct,new,"2026-04-29 20:53:39",
632,"Natural State Carbon",,"Szén-dioxid leválasztás","Little Rock, AR",,,82,US-SME-Direct,new,"2026-04-29 20:53:39",
633,"Equality State Power",,"Szélenergia","Casper, WY",,,75,US-SME-Direct,new,"2026-04-29 20:53:39",
634,"Great Basin Sensors",,"Környezeti mérés","Elko, NV",,,70,US-SME-Direct,new,"2026-04-29 20:53:39",
635,"Red River Machining",,"Alkatrészgyártás","Fargo, ND",,,72,US-SME-Direct,new,"2026-04-29 20:53:39",
636,"Mount Rushmore IT",,"Hálózati biztonság","Rapid City, SD",,,80,US-SME-Direct,new,"2026-04-29 20:53:39",
637,"Cajun Cyber Defense",,"Biztonsági audit","Lafayette, LA",,,85,US-SME-Direct,new,"2026-04-29 20:53:39",
638,"First in Flight Aero",,"Drón technológia","Kitty Hawk, NC",,,88,US-SME-Direct,new,"2026-04-29 20:53:39",
639,"Badger Bio-Fuels",,Bioenergia,"Milwaukee, WI",,,78,US-SME-Direct,active,"2026-04-29 20:53:39",
640,"Hoosier Smart Factory",,"Ipar 4.0","Fort Wayne, IN",,,85,US-SME-Direct,new,"2026-04-29 20:53:39",
641,"Keystone Cyber Guard",,"Végpont védelem","Harrisburg, PA",,,90,US-SME-Direct,new,"2026-04-29 20:53:39",
642,"Garden State Optronics",,"Lézertechnika","Princeton, NJ",,,85,US-SME-Direct,new,"2026-04-29 20:53:39",
643,"Bay State Robotics",,"Egészségügyi robotika","Worcester, MA",,,92,US-SME-Direct,new,"2026-04-29 20:53:39",
644,"Cactus State Networks",,"5G technológia","Mesa, AZ",,,80,US-SME-Direct,new,"2026-04-29 20:53:39",
645,"Grand Canyon Geomatics",,"Térinformatika","Tempe, AZ",,,75,US-SME-Direct,new,"2026-04-29 20:53:39",
646,"Lone Star Satellite",,"Műholdas kommunikáció","Plano, TX",,,88,US-SME-Direct,new,"2026-04-29 20:53:39",
647,"Bluegrass Mold & Die",,"Szerszámtervezés","Lexington, KY",,,72,US-SME-Direct,new,"2026-04-29 20:53:39",
648,"Empire State Nanotech",,"Nanotechnológia","Albany, NY",,,85,US-SME-Direct,new,"2026-04-29 20:53:39",
649,"Twin Cities Analytics",,"Adatbányászat","Minneapolis, MN",,,82,US-SME-Direct,new,"2026-04-29 20:53:39",
650,"Show-Me Biotech",,"Genetikai kutatás","Columbia, MO",,,85,US-SME-Direct,new,"2026-04-29 20:53:39",
651,"Peace Garden Machining",,"Mezőgazdasági alkatrész","Bismarck, ND",,,70,US-SME-Direct,new,"2026-04-29 20:53:39",
652,"Roughrider IT",,"IT Outsourcing","Grand Forks, ND",,,75,US-SME-Direct,new,"2026-04-29 20:53:39",
653,"Mt. Rainier Software",,"SaaS megoldások","Tacoma, WA",,,80,US-SME-Direct,new,"2026-04-29 20:53:39",
654,"Evergreen State Marine",,"Hajótervezés","Bremerton, WA",,,78,US-SME-Direct,new,"2026-04-29 20:53:39",
655,"Beaver State Automation",,"Raktár automatizálás","Salem, OR",,,82,US-SME-Direct,new,"2026-04-29 20:53:39",
656,"Silicon Forest Lab",,"Félvezető tesztelés","Hillsboro, OR",,,90,US-SME-Direct,new,"2026-04-29 20:53:39",
657,"Great Salt Lake Bio",,"Környezetbiológia","Ogden, UT",,,75,US-SME-Direct,new,"2026-04-29 20:53:39",
658,"Wasatch Front Fintech",,"Fizetési megoldások","Provo, UT",,,85,US-SME-Direct,new,"2026-04-29 20:53:39",
659,"Red Rock Solar",,"Napelem gyártás","St. George, UT",,,78,US-SME-Direct,new,"2026-04-29 20:53:39",
660,"Valley of the Sun Tech",,"Szoftveres vezérlés","Scottsdale, AZ",,,82,US-SME-Direct,new,"2026-04-29 20:53:39",
661,"Mojave Data Systems",,"Szerverpark üzemeltetés","Las Vegas, NV",,,88,US-SME-Direct,new,"2026-04-29 20:53:39",
662,"Grand Canyon Logistics",,"Intermodális szállítás","Kingman, AZ",,,70,US-SME-Direct,new,"2026-04-29 20:53:39",
663,"Sonoran Tech Labs",,"Vezeték nélküli tech","Tucson, AZ",,,80,US-SME-Direct,new,"2026-04-29 20:53:39",
664,"Golden Gate Cyber",,"Hálózati védelem","Oakland, CA",,,95,US-SME-Direct,new,"2026-04-29 20:53:39",
665,"Central Valley Agri-Data",,"Precíz mezőgazdaság","Fresno, CA",,,78,US-SME-Direct,new,"2026-04-29 20:53:39",
666,"Tech Coast Electronics",,"Fogyasztói elektronika","Irvine, CA",,,85,US-SME-Direct,new,"2026-04-29 20:53:39",
667,"Silicon Beach Software",,"App fejlesztés","Santa Monica, CA",,,88,US-SME-Direct,new,"2026-04-29 20:53:39",
668,"Surf City Analytics",,"Marketing adatok","Huntington Beach, CA",,,75,US-SME-Direct,new,"2026-04-29 20:53:39",
669,"Inland Empire Logistics",,"Raktározás","Riverside, CA",,,72,US-SME-Direct,new,"2026-04-29 20:53:39",
670,"Pacific Precision Inc",,"CNC forgácsolás","Oxnard, CA",,,80,US-SME-Direct,new,"2026-04-29 20:53:39",
671,"Wine Country Tech",,"Borászati automatizálás","Santa Rosa, CA",,,75,US-SME-Direct,new,"2026-04-29 20:53:39",
672,"Emerald City Cloud",,"Cloud Computing","Seattle, WA",,,90,US-SME-Direct,new,"2026-04-29 20:53:39",
673,"Spokane Smart Systems",,"Hálózati integráció","Spokane, WA",,,78,US-SME-Direct,new,"2026-04-29 20:53:39",
674,"Puget Sound Robotics",,"Vízalatti robotok","Everett, WA",,,85,US-SME-Direct,new,"2026-04-29 20:53:39",
675,"Big Sky Drone Tech",,"Mezőgazdasági drónok","Missoula, MT",,,82,US-SME-Direct,new,"2026-04-29 20:53:39",
676,"Treasure Valley IT",,"Adatvédelem","Boise, ID",,,75,US-SME-Direct,new,"2026-04-29 20:53:39",
677,"Snake River Precision",,"Mérőeszköz gyártás","Idaho Falls, ID",,,78,US-SME-Direct,new,"2026-04-29 20:53:39",
678,"Magic Valley Agri-Tech",,"Élelmiszer technológia","Twin Falls, ID",,,72,US-SME-Direct,new,"2026-04-29 20:53:39",
679,"Great Basin Cyber",,"Ipari biztonság","Salt Lake City, UT",,,88,US-SME-Direct,new,"2026-04-29 20:53:39",
680,"Wasatch Micro-Tech",,Nanotechnika,"Logan, UT",,,80,US-SME-Direct,new,"2026-04-29 20:53:39",
681,"High Plains Software",,"Adatbázis kezelés","Lubbock, TX",,,75,US-SME-Direct,new,"2026-04-29 20:53:39",
682,"Panhandle Energy Tech",,"Gáztechnika","Amarillo, TX",,,72,US-SME-Direct,new,"2026-04-29 20:53:39",
683,"Chisholm Trail Logistics",,"Teherfuvarozás","Abilene, TX",,,65,US-SME-Direct,new,"2026-04-29 20:53:39",
684,"Permian Basin Tech",,"Olajmező automatizálás","Midland, TX",,,82,US-SME-Direct,new,"2026-04-29 20:53:39",
685,"Rio Grande Electronics",,"Áramköri lapok","Brownsville, TX",,,75,US-SME-Direct,new,"2026-04-29 20:53:39",
686,"Coastal Bend Marine",,"Hajójavítás","Corpus Christi, TX",,,70,US-SME-Direct,new,"2026-04-29 20:53:39",
687,"Piney Woods Tech",,"Erdészeti gépészet","Tyler, TX",,,68,US-SME-Direct,new,"2026-04-29 20:53:39",
688,"Capital City Cyber",,"Hálózati audit","Austin, TX",,,92,US-SME-Direct,active,"2026-04-29 20:53:39",
689,"Space City Software",,"Misszióirányítási szoftver","Houston, TX",,,95,US-SME-Direct,new,"2026-04-29 20:53:39",
690,"Trinity River Tech",,"Városüzemeltetési tech","Fort Worth, TX",,,80,US-SME-Direct,new,"2026-04-29 20:53:39",
691,"Big D Digital Solutions",,"Vállalati szoftver","Dallas, TX",,,85,US-SME-Direct,new,"2026-04-29 20:53:39",
692,"Mid-South Logistics",,"Elosztó központ","Memphis, TN",,,78,US-SME-Direct,new,"2026-04-29 20:53:39",
693,"Appalachian Analytics",,"Üzleti intelligencia","Knoxville, TN",,,75,US-SME-Direct,new,"2026-04-29 20:53:39",
694,"Lookout Mountain Tech",,"Biztonsági rendszerek","Chattanooga, TN",,,72,US-SME-Direct,new,"2026-04-29 20:53:39",
695,"Smoky Mountain Software",,"Turisztikai szoftver","Gatlinburg, TN",,,65,US-SME-Direct,new,"2026-04-29 20:53:39",
697,"Bluegrass Bio-Labs",,"Agrár-biotechnológia","Lexington, KY",,,82,US-SME-Direct,new,"2026-04-29 20:53:39",
698,"River City Robotics",,"Gyártósori robotok","Evansville, IN",,,78,US-SME-Direct,new,"2026-04-29 20:53:39",
699,"Circle City Software",,"Logisztikai platform","Indianapolis, IN",,,85,US-SME-Direct,new,"2026-04-29 20:53:39",
700,"Steel City Cyber",,"Ipari hálózatvédelem","Gary, IN",,,80,US-SME-Direct,new,"2026-04-29 20:53:39",
701,"Crossroads Logistics",,"Teherautó flotta","South Bend, IN",,,72,US-SME-Direct,new,"2026-04-29 20:53:39",
702,"Buckeye Bio-Tech",,"Orvosbiológia","Cleveland, OH",,,88,US-SME-Direct,new,"2026-04-29 20:53:39",
703,"Queen City Fintech",,"Banki szoftverek","Cincinnati, OH",,,85,US-SME-Direct,new,"2026-04-29 20:53:39",
704,"Glass City Solar",,"Üvegtechnológia/Solar","Toledo, OH",,,78,US-SME-Direct,new,"2026-04-29 20:53:39",
705,"Rubber City Polymer",,Vegyipar,"Akron, OH",,,75,US-SME-Direct,new,"2026-04-29 20:53:39",
706,"Gem City Aerospace",,"Repülőgép alkatrész","Dayton, OH",,,82,US-SME-Direct,new,"2026-04-29 20:53:39",
707,"Motor City EV Tech",,"Elektromos autó tech","Detroit, MI",,,95,US-SME-Direct,new,"2026-04-29 20:53:39",
708,"Furniture City Wood-Tech",,"CNC faipar","Grand Rapids, MI",,,70,US-SME-Direct,new,"2026-04-29 20:53:39",
709,"Cereal City Food-Labs",,"Élelmiszerbiztonság","Battle Creek, MI",,,75,US-SME-Direct,new,"2026-04-29 20:53:39",
710,"Auto City Automation",,"Összeszerelő sorok","Flint, MI",,,78,US-SME-Direct,new,"2026-04-29 20:53:39",
711,"Brew City Precision",,"Mérés és kalibrálás","Milwaukee, WI",,,75,US-SME-Direct,active,"2026-04-29 20:53:39",
712,"Cheese Country Agri",,"Tejipari automatizálás","Green Bay, WI",,,72,US-SME-Direct,new,"2026-04-29 20:53:39",
713,"Madison Med-Systems",,"Diagnosztikai eszközök","Madison, WI",,,85,US-SME-Direct,new,"2026-04-29 20:53:39",
714,"Gateway Arch Tech",,"Adatközpont szolgáltatás","St. Louis, MO",,,82,US-SME-Direct,new,"2026-04-29 20:53:39",
715,"Show-Me Cyber Solutions",,"Behatolásjelzők","Kansas City, MO",,,88,US-SME-Direct,new,"2026-04-29 20:53:39",
716,"Ozark Precision",,"Fémszerszám gyártás","Springfield, MO",,,70,US-SME-Direct,new,"2026-04-29 20:53:39",
717,"Black Gold Oil-Tech",,"Fúrótechnológia","Oklahoma City, OK",,,80,US-SME-Direct,new,"2026-04-29 20:53:39",
718,"Green Country Software",,"Agrár szoftver","Tulsa, OK",,,75,US-SME-Direct,new,"2026-04-29 20:53:39",
719,"Natural State Sensors",,"Talajmérés","Fayetteville, AR",,,72,US-SME-Direct,new,"2026-04-29 20:53:39",
720,"Little Rock Digital",,"Vállalati IT","Little Rock, AR",,,70,US-SME-Direct,new,"2026-04-29 20:53:39",
721,"Magnolia Tech Group",,"Irodai automatizálás","Jackson, MS",,,65,US-SME-Direct,new,"2026-04-29 20:53:39",
722,"Gulf Coast Aero-Tech",,"Helikopter szerviz","Biloxi, MS",,,75,US-SME-Direct,new,"2026-04-29 20:53:39",
723,"Yellowhammer Cyber",,"Felhő biztonság","Birmingham, AL",,,82,US-SME-Direct,new,"2026-04-29 20:53:39",
724,"Rocket City Space-Tech",,"Meghajtás technika","Huntsville, AL",,,95,US-SME-Direct,new,"2026-04-29 20:53:39",
725,"Mobile Bay Marine",,"Hajóépítés","Mobile, AL",,,78,US-SME-Direct,new,"2026-04-29 20:53:39",
726,"Peach State Robotics",,"Szedőrobotok","Athens, GA",,,80,US-SME-Direct,new,"2026-04-29 20:53:39",
727,"Empire State of Tech",,"Szoftverfejlesztés","Atlanta, GA",,,88,US-SME-Direct,new,"2026-04-29 20:53:39",
728,"Coastal Empire Logistics",,"Kikötői logisztika","Savannah, GA",,,85,US-SME-Direct,new,"2026-04-29 20:53:39",
729,"Palmetto Cyber Labs",,"Kriptográfia","Charleston, SC",,,88,US-SME-Direct,new,"2026-04-29 20:53:39",
730,"Gamecock Precision",,"Gépalkatrész","Columbia, SC",,,75,US-SME-Direct,new,"2026-04-29 20:53:39",
731,"Lowcountry Tech",,"Környezetvédelem","Beaufort, SC",,,70,US-SME-Direct,active,"2026-04-29 20:53:39",
732,"Research Triangle IT",,"Szerver menedzsment","Durham, NC",,,92,US-SME-Direct,new,"2026-04-29 20:53:39",
733,"Queen City Software",,"Pénzügyi adatok","Charlotte, NC",,,85,US-SME-Direct,new,"2026-04-29 20:53:39",
734,"Blue Ridge Bio-Tech",,"Növénygenetika","Asheville, NC",,,80,US-SME-Direct,new,"2026-04-29 20:53:39",
735,"Old Dominion Aero",,"Légiforgalmi tech","Norfolk, VA",,,82,US-SME-Direct,new,"2026-04-29 20:53:39",
736,"Nova Cyber Systems",,"Kormányzati IT védelem","Fairfax, VA",,,98,US-SME-Direct,new,"2026-04-29 20:53:39",
737,"Chesapeake Software",,"Tengerészeti szoftver","Virginia Beach, VA",,,78,US-SME-Direct,new,"2026-04-29 20:53:39",
738,"Mountaineer Data",,"Adatfeldolgozás","Morgantown, WV",,,68,US-SME-Direct,new,"2026-04-29 20:53:39",
739,"Coal Country Automation",,"Bányagép vezérlés","Beckley, WV",,,72,US-SME-Direct,new,"2026-04-29 20:53:39",
740,"Blue Mountain Tech",,"Hálózati infrastruktúra","Harrisburg, PA",,,80,US-SME-Direct,new,"2026-04-29 20:53:39",
741,"Steel City Software",,"Gyártáskövetés","Pittsburgh, PA",,,85,US-SME-Direct,new,"2026-04-29 20:53:39",
742,"Liberty Bell Digital",,"IT tanácsadás","Philadelphia, PA",,,82,US-SME-Direct,new,"2026-04-29 20:53:39",
743,"Garden State Bio",,"Klinikai kutatás","New Brunswick, NJ",,,90,US-SME-Direct,new,"2026-04-29 20:53:39",
744,"Jersey Shore Tech",,"Telekommunikáció","Asbury Park, NJ",,,75,US-SME-Direct,new,"2026-04-29 20:53:39",
745,"Empire State Energy",,"Okos hálózatok","Albany, NY",,,85,US-SME-Direct,new,"2026-04-29 20:53:39",
746,"Big Apple Fintech",,"Algoritmikus kereskedés","New York, NY",,,98,US-SME-Direct,new,"2026-04-29 20:53:39",
747,"Flower City Optics",,Kameratechnika,"Rochester, NY",,,82,US-SME-Direct,new,"2026-04-29 20:53:39",
748,"Nickel City Tech",,"Ipari IoT","Buffalo, NY",,,78,US-SME-Direct,new,"2026-04-29 20:53:39",
749,"Green Mountain Cyber",,"Védett tárhely","Burlington, VT",,,80,US-SME-Direct,new,"2026-04-29 20:53:39",
750,"Pine Tree Tech",,"Papíripari automatizálás","Bangor, ME",,,70,US-SME-Direct,new,"2026-04-29 20:53:39",
751,"Ocean State Robotics",,"Tengerkutató robotok","Providence, RI",,,88,US-SME-Direct,new,"2026-04-29 20:53:39",
752,"Granite State Software",,"Ügyviteli szoftver","Nashua, NH",,,75,US-SME-Direct,new,"2026-04-29 20:53:39",
753,"Bay State Bio-Tech",,"DNS szekvenálás","Cambridge, MA",,,98,US-SME-Direct,new,"2026-04-29 20:53:39",
754,"Constitution State Aero",,"Sugárhajtómű alkatrész","East Hartford, CT",,,92,US-SME-Direct,new,"2026-04-29 20:53:39",
755,"Swiss Cyber Gate",,"Kiberbiztonság","Zürich, CH",,,92,Global-SME,new,"2026-04-29 20:54:18",
756,"Alpine Precision Tools",,"Gépgyártás","Lucerne, CH",,,80,Global-SME,new,"2026-04-29 20:54:18",
757,"Rhine Valley Tech",,"Automatizálás","St. Gallen, CH",,,85,Global-SME,new,"2026-04-29 20:54:18",
758,"Geneva Wealth Systems",,Fintech,"Geneva, CH",,,88,Global-SME,new,"2026-04-29 20:54:18",
759,"Bernese Software Lab",,"Szoftverfejlesztés","Bern, CH",,,82,Global-SME,new,"2026-04-29 20:54:18",
760,"Basel Bio-Tech Solutions",,"Biotechnológia","Basel, CH",,,90,Global-SME,new,"2026-04-29 20:54:18",
761,"Ticino Data Center",,"IT Infastruktúra","Lugano, CH",,,85,Global-SME,new,"2026-04-29 20:54:18",
762,"Zug Crypto Valley Services",,Blockchain,"Zug, CH",,,95,Global-SME,new,"2026-04-29 20:54:18",
763,"Lausanne Robotics",,Robotika,"Lausanne, CH",,,92,Global-SME,active,"2026-04-29 20:54:18",
764,"Schaffhausen Precision",,"Óraipar/Finommechanika","Schaffhausen, CH",,,78,Global-SME,active,"2026-04-29 20:54:18",
765,"Winterthur Industrial",,"Ipari karbantartás","Winterthur, CH",,,75,Global-SME,new,"2026-04-29 20:54:18",
766,"Neuchâtel Micro-Tech",,"Mikrotechnológia","Neuchâtel, CH",,,88,Global-SME,new,"2026-04-29 20:54:18",
767,"Fribourg Agri-Tech",,"Agrártechnológia","Fribourg, CH",,,72,Global-SME,new,"2026-04-29 20:54:18",
768,"Sion Alpine Solar",,"Megújuló energia","Sion, CH",,,80,Global-SME,new,"2026-04-29 20:54:18",
769,"Chur Mountain Logistics",,Logisztika,"Chur, CH",,,70,Global-SME,new,"2026-04-29 20:54:18",
770,"Silicon Oasis Solutions",,"IT Services","Dubai, DSO",,,88,Global-SME,new,"2026-04-29 20:54:18",
771,"Jebel Ali Precision",,"Ipari gyártás","Dubai, JAFZA",,,82,Global-SME,new,"2026-04-29 20:54:18",
772,"Dubai Internet Park IT",,"Szoftverfejlesztés","Dubai, DIC",,,85,Global-SME,new,"2026-04-29 20:54:18",
773,"Al Quoz Metal Works",,"Fémmegmunkálás","Dubai, Al Quoz",,,70,Global-SME,new,"2026-04-29 20:54:18",
774,"Deira Trade Connect",,"Kereskedelmi logisztika","Dubai, Deira",,,75,Global-SME,new,"2026-04-29 20:54:18",
775,"Bur Dubai Fintech",,"Pénzügyi szoftverek","Dubai, Bur Dubai",,,80,Global-SME,new,"2026-04-29 20:54:18",
776,"Business Bay Consulting",,"Üzleti tanácsadás","Dubai, Business Bay",,,78,Global-SME,new,"2026-04-29 20:54:18",
777,"Marina Tech Events",,"Rendezvénytechnika","Dubai, Marina",,,65,Global-SME,new,"2026-04-29 20:54:18",
778,"Ras Al Khor Logistics",,"Szállítmányozás","Dubai, Ras Al Khor",,,82,Global-SME,new,"2026-04-29 20:54:18",
779,"Silicon Avenue Crypto",,"Web3 Fejlesztés","Dubai, DSO",,,90,Global-SME,new,"2026-04-29 20:54:18",
780,"DIFC Legal Tech",,"Jogi technológia","Dubai, DIFC",,,85,Global-SME,new,"2026-04-29 20:54:18",
781,"Sharjah Industrial Labs",,"Anyagvizsgálat","Sharjah, SAIF",,,78,Global-SME,new,"2026-04-29 20:54:18",
782,"Ajman Freezone Trading",,Export-Import,Ajman,,,72,Global-SME,new,"2026-04-29 20:54:18",
783,"RAK Precision Marine",,"Hajótechnika","Ras Al Khaimah",,,80,Global-SME,new,"2026-04-29 20:54:18",
784,"Fujairah Oil Services",,"Energia szerviz",Fujairah,,,85,Global-SME,new,"2026-04-29 20:54:18",
785,"Boston Robotics Lab",,Robotika,"Boston, MA",,,95,Global-SME,new,"2026-04-29 20:54:18",
786,"Austin Cyber Guard",,"Hálózatvédelem","Austin, TX",,,92,Global-SME,active,"2026-04-29 20:54:18",
787,"Palo Alto AI Research",,"Mesterséges Intelligencia","Palo Alto, CA",,,98,Global-SME,new,"2026-04-29 20:54:18",
788,"Seattle Cloud Systems",,"Felhő tárhely","Seattle, WA",,,88,Global-SME,new,"2026-04-29 20:54:18",
789,"Denver Tech Peaks",,"IT Tanácsadás","Denver, CO",,,80,Global-SME,new,"2026-04-29 20:54:18",
790,"Miami Crypto Beach",,"Blockchain Tech","Miami, FL",,,85,Global-SME,new,"2026-04-29 20:54:18",
791,"Chicago Industrial IoT",,"Ipar 4.0","Chicago, IL",,,90,Global-SME,new,"2026-04-29 20:54:18",
792,"Atlanta Fin-Connect",,"Banki technológia","Atlanta, GA",,,82,Global-SME,new,"2026-04-29 20:54:18",
793,"New York Data Defense",,"Adatbiztonság","New York, NY",,,95,Global-SME,new,"2026-04-29 20:54:18",
794,"San Diego Bio-Engineering",,"Orvosi kutatás","San Diego, CA",,,88,Global-SME,new,"2026-04-29 20:54:18",
795,"Phoenix Solar Grid",,Energetika,"Phoenix, AZ",,,80,Global-SME,new,"2026-04-29 20:54:18",
796,"Houston Energy Control",,"Vezérléstechnika","Houston, TX",,,85,Global-SME,new,"2026-04-29 20:54:18",
797,"Dallas Logistics AI",,"Szállítás automatizálás","Dallas, TX",,,82,Global-SME,new,"2026-04-29 20:54:18",
798,"Portland Green Apps",,"Környezeti szoftverek","Portland, OR",,,75,Global-SME,new,"2026-04-29 20:54:18",
799,"Detroit Auto-Sensors",,"Autóelektronika","Detroit, MI",,,88,Global-SME,new,"2026-04-29 20:54:18",
800,"Zürich Quantum Tech",,"Kvantum számítástechnika","Zürich, CH",,,98,Global-SME,new,"2026-04-29 20:54:18",
801,"Luzern Hydro-Power",,"Vízenergia Tech","Lucerne, CH",,,80,Global-SME,new,"2026-04-29 20:54:18",
802,"Bern Gov-Tech Labs",,"Kormányzati szoftverek","Bern, CH",,,85,Global-SME,new,"2026-04-29 20:54:18",
803,"St. Gallen Fintech Hub",,"Pénzügyi innováció","St. Gallen, CH",,,90,Global-SME,new,"2026-04-29 20:54:18",
804,"Zug Smart Contract",,"Okos szerződések","Zug, CH",,,95,Global-SME,new,"2026-04-29 20:54:18",
805,"Basel Pharma-Logic",,"Gyógyszeripari szoftver","Basel, CH",,,88,Global-SME,new,"2026-04-29 20:54:18",
806,"Geneva Micro-Systems",,"Precíziós chipek","Geneva, CH",,,92,Global-SME,new,"2026-04-29 20:54:18",
807,"Winterthur Mechatronics",,Mechatronika,"Winterthur, CH",,,82,Global-SME,new,"2026-04-29 20:54:18",
808,"Thun Metal Precision",,"Fémmegmunkálás","Thun, CH",,,75,Global-SME,new,"2026-04-29 20:54:18",
809,"Biel Watch Components",,"Precíziós alkatrész","Biel, CH",,,80,Global-SME,new,"2026-04-29 20:54:18",
810,"Dubai South Aero",,"Repülőgép karbantartás","Dubai South",,,85,Global-SME,new,"2026-04-29 20:54:18",
811,"Silicon Oasis EdTech",,"Oktatási technológia","Dubai, DSO",,,78,Global-SME,new,"2026-04-29 20:54:18",
812,"JAFZA Cold Chain",,"Hűtőházi logisztika","Dubai, JAFZA",,,82,Global-SME,new,"2026-04-29 20:54:18",
813,"Dubai Media City Ads",,"Digitális marketing","Dubai, DMC",,,70,Global-SME,new,"2026-04-29 20:54:18",
814,"Al Barsha IT Support",,"Rendszergazdai szolgáltatás","Dubai, Al Barsha",,,72,Global-SME,new,"2026-04-29 20:54:18",
815,"Meydan Tech Capital",,"Fintech Befektetés","Dubai, Meydan",,,88,Global-SME,new,"2026-04-29 20:54:18",
816,"Dubai Design Systems",,"UX/UI Tervezés","Dubai, d3",,,75,Global-SME,new,"2026-04-29 20:54:18",
817,"Sharjah Clean Energy",,Napenergia,Sharjah,,,80,Global-SME,new,"2026-04-29 20:54:18",
818,"RAK Industrial Pumps",,"Szivattyútechnika","Ras Al Khaimah",,,72,Global-SME,new,"2026-04-29 20:54:18",
819,"Ajman Textile Tech",,"Textil automatizálás",Ajman,,,65,Global-SME,new,"2026-04-29 20:54:18",
820,"Abu Dhabi Cyber Hub",,"Biztonsági műveleti központ","Abu Dhabi",,,95,Global-SME,new,"2026-04-29 20:54:18",
821,"Al Ain Agri-Data",,"Mezőgazdasági elemzés","Al Ain",,,78,Global-SME,new,"2026-04-29 20:54:18",
822,"Kharama Energy Solutions",,"Víz és áram Tech","Abu Dhabi",,,85,Global-SME,new,"2026-04-29 20:54:18",
823,"Khalifa Port Logistics",,"Kikötői technológia","Abu Dhabi",,,90,Global-SME,new,"2026-04-29 20:54:18",
824,"Masdar Green City Tech",,"Fenntartható technológia","Abu Dhabi",,,92,Global-SME,new,"2026-04-29 20:54:18",
825,"Silicon Valley Robotics",,"Robotkar gyártás","San Jose, CA",,,95,Global-SME,new,"2026-04-29 20:54:18",
826,"Boulder SaaS Labs",,"Felhő szoftverek","Boulder, CO",,,88,Global-SME,new,"2026-04-29 20:54:18",
827,"Austin Semiconductor",,"Chip tervezés","Austin, TX",,,92,Global-SME,active,"2026-04-29 20:54:18",
828,"Nashville Health-Tech",,"Egészségügyi IT","Nashville, TN",,,85,Global-SME,new,"2026-04-29 20:54:18",
829,"Salt Lake Data Labs",,"Adatbányászat","Salt Lake City, UT",,,82,Global-SME,new,"2026-04-29 20:54:18",
830,"Charlotte Fintech Systems",,"Fizetési kapuk","Charlotte, NC",,,85,Global-SME,new,"2026-04-29 20:54:18",
831,"Raleigh Cyber Research",,"Kriptográfia","Raleigh, NC",,,90,Global-SME,new,"2026-04-29 20:54:18",
832,"Minneapolis Med-Systems",,"Orvosi diagnosztika","Minneapolis, MN",,,88,Global-SME,new,"2026-04-29 20:54:18",
833,"St. Louis Agri-Science",,"Növénygenetika","St. Louis, MO",,,82,Global-SME,new,"2026-04-29 20:54:18",
834,"Cleveland Industrial AI",,"Prediktív karbantartás","Cleveland, OH",,,85,Global-SME,new,"2026-04-29 20:54:18",
835,"Pittsburgh Robot Systems",,"Autonóm rendszerek","Pittsburgh, PA",,,92,Global-SME,new,"2026-04-29 20:54:18",
836,"Philadelphia Bio-Nexus",,"Géntechnológia","Philadelphia, PA",,,90,Global-SME,new,"2026-04-29 20:54:18",
837,"Atlanta Logistics Corp",,"Raktár technológia","Atlanta, GA",,,80,Global-SME,new,"2026-04-29 20:54:18",
838,"Orlando Simulation Tech",,"VR/AR Tréning","Orlando, FL",,,85,Global-SME,new,"2026-04-29 20:54:18",
839,"Miami Fin-Bridge",,"Nemzetközi utalások","Miami, FL",,,82,Global-SME,new,"2026-04-29 20:54:18",
840,"Zürich Wealth-Tech",,"Vagyonkezelő szoftver","Zürich, CH",,,95,Global-SME,new,"2026-04-29 20:54:18",
841,"Basel Bio-Informatics",,"Adatvezérelt gyógyászat","Basel, CH",,,92,Global-SME,new,"2026-04-29 20:54:18",
842,"Geneva Watch-Tech",,"Lézeres gravírozás","Geneva, CH",,,80,Global-SME,new,"2026-04-29 20:54:18",
843,"Lausanne Nano-Labs",,"Nanotechnológia","Lausanne, CH",,,90,Global-SME,active,"2026-04-29 20:54:18",
844,"Bern Cyber-Defense AG",,"Állami IT védelem","Bern, CH",,,95,Global-SME,new,"2026-04-29 20:54:18",
845,"Lucerne Lift-Tech",,"Vezérléstechnika","Lucerne, CH",,,78,Global-SME,new,"2026-04-29 20:54:18",
846,"Zug Crypto-Audit",,"Blockchain ellenőrzés","Zug, CH",,,92,Global-SME,new,"2026-04-29 20:54:18",
847,"St. Gallen Business Analytics",,"Üzleti elemzés","St. Gallen, CH",,,85,Global-SME,new,"2026-04-29 20:54:18",
848,"Appenzell Herbal Tech",,"Kivonatolási technológia","Appenzell, CH",,,72,Global-SME,new,"2026-04-29 20:54:18",
849,"Schwyz Finance Lab",,"E-Banking megoldások","Schwyz, CH",,,88,Global-SME,new,"2026-04-29 20:54:18",
850,"Glarus Industrial Apps",,"Gyártási szoftverek","Glarus, CH",,,75,Global-SME,new,"2026-04-29 20:54:18",
851,"Altdorf Precision Flow",,"Áramlástechnika","Altdorf, CH",,,78,Global-SME,new,"2026-04-29 20:54:18",
852,"Sarnen Mechatronik AG",,"Elektronikai összeszerelés","Sarnen, CH",,,82,Global-SME,new,"2026-04-29 20:54:18",
853,"Stans Aero-Systems",,"Légiforgalmi irányítás","Stans, CH",,,85,Global-SME,new,"2026-04-29 20:54:18",
854,"Obwalden Tech-Design",,"Ipari formatervezés","Sarnen, CH",,,70,Global-SME,new,"2026-04-29 20:54:18",
855,"Dubai Internet Gateway",,"ISP Szolgáltatások","Dubai, DIC",,,88,Global-SME,new,"2026-04-29 20:54:18",
856,"Silicon Oasis Micro-Grid",,"Okos hálózatok","Dubai, DSO",,,85,Global-SME,new,"2026-04-29 20:54:18",
857,"JAFZA Trade-Bot",,"Kereskedelmi AI","Dubai, JAFZA",,,90,Global-SME,new,"2026-04-29 20:54:18",
858,"Dubai Healthcare IT",,"Klinikai szoftver","Dubai, Healthcare City",,,82,Global-SME,new,"2026-04-29 20:54:18",
859,"DWC Global Logistics",,"Légi szállítás Tech","Dubai South",,,92,Global-SME,new,"2026-04-29 20:54:18",
860,"Dubai Studio AI",,"Generatív Videó","Dubai, Studio City",,,85,Global-SME,new,"2026-04-29 20:54:18",
861,"Business Bay Blockchain",,"Tokenizáció","Dubai, Business Bay",,,88,Global-SME,new,"2026-04-29 20:54:18",
862,"Dubai Marina Data Ops",,"Adatkezelés","Dubai, Marina",,,80,Global-SME,new,"2026-04-29 20:54:18",
863,"JLT Fintech Bridge",,"Pénzügyi közvetítés","Dubai, JLT",,,85,Global-SME,new,"2026-04-29 20:54:18",
864,"Dubai Science Lab",,"Vegyipari mérések","Dubai, Science Park",,,78,Global-SME,new,"2026-04-29 20:54:18",
865,"Al Quoz Smart Fab",,"Robotizált hegesztés","Dubai, Al Quoz",,,82,Global-SME,new,"2026-04-29 20:54:18",
866,"Dubai Silicon Foundry",,"Félvezető tokozás","Dubai, DSO",,,85,Global-SME,new,"2026-04-29 20:54:18",
867,"RAK Ceramic Tech",,"Anyagtechnológia","Ras Al Khaimah",,,90,Global-SME,new,"2026-04-29 20:54:18",
868,"Sharjah Research Tech",,"Ipari K+F","Sharjah, SRTI",,,88,Global-SME,new,"2026-04-29 20:54:18",
869,"Fujairah Marine Bunker",,"Üzemanyag technológia",Fujairah,,,75,Global-SME,new,"2026-04-29 20:54:18",
870,"Abu Dhabi Space-Link",,"Műholdas adatátvitel","Abu Dhabi",,,95,Global-SME,new,"2026-04-29 20:54:18",
871,"Khalifa University Tech",,"Technológiai transzfer","Abu Dhabi",,,92,Global-SME,new,"2026-04-29 20:54:18",
872,"Abu Dhabi Water-Tech",,"Sótalanítási technológia","Abu Dhabi",,,85,Global-SME,new,"2026-04-29 20:54:18",
873,"Al Reem Fintech",,"Digitális eszközök","Abu Dhabi",,,88,Global-SME,new,"2026-04-29 20:54:18",
874,"Zayed Port Logistics",,"Konténer követés AI","Abu Dhabi",,,82,Global-SME,new,"2026-04-29 20:54:18",
875,"Y-Combinator Tech 1",,"SaaS Startup","Mountain View, CA",,,95,Global-SME,new,"2026-04-29 20:54:18",
876,"Y-Combinator Tech 2",,"AI Infrastructure","San Francisco, CA",,,98,Global-SME,new,"2026-04-29 20:54:18",
877,"Techstars Austin 1",,"Cyber Security","Austin, TX",,,90,Global-SME,active,"2026-04-29 20:54:18",
878,"Techstars Boulder 1",,"Environment Tech","Boulder, CO",,,85,Global-SME,new,"2026-04-29 20:54:18",
879,"500 Global Miami",,"Fintech Growth","Miami, FL",,,88,Global-SME,new,"2026-04-29 20:54:18",
880,"Greentown Labs Somerville",,"Clean Tech","Somerville, MA",,,92,Global-SME,new,"2026-04-29 20:54:18",
881,"Plug and Play Sunnyvale",,"Supply Chain Tech","Sunnyvale, CA",,,85,Global-SME,new,"2026-04-29 20:54:18",
882,"MassChallenge Boston",,"Health Tech","Boston, MA",,,90,Global-SME,new,"2026-04-29 20:54:18",
883,"Capital Factory Austin",,"Defense Tech","Austin, TX",,,95,Global-SME,active,"2026-04-29 20:54:18",
884,"Station F Paris (US Branch)",,"Retail Tech","New York, NY",,,80,Global-SME,new,"2026-04-29 20:54:18",
885,"Swiss Startup Factory",,"Digital Health","Zürich, CH",,,85,Global-SME,new,"2026-04-29 20:54:18",
886,"Kickstart Innovation",,"Circular Economy","Zürich, CH",,,88,Global-SME,new,"2026-04-29 20:54:18",
887,"EPFL Innovation Park",,"Deep Tech","Lausanne, CH",,,95,Global-SME,active,"2026-04-29 20:54:18",
888,"Technopark Zürich",,"Precision Engineering","Zürich, CH",,,90,Global-SME,new,"2026-04-29 20:54:18",
889,"BlueLion Incubator",,"Clean Energy","Zürich, CH",,,82,Global-SME,new,"2026-04-29 20:54:18",
890,"InCube Fribourg",,"Automation Startup","Fribourg, CH",,,80,Global-SME,new,"2026-04-29 20:54:18",
891,"Trust Square Zürich",,"Blockchain Identity","Zürich, CH",,,92,Global-SME,new,"2026-04-29 20:54:18",
892,"Fongit Geneva",,"High-Tech IT","Geneva, CH",,,88,Global-SME,new,"2026-04-29 20:54:18",
893,"Bio-Technopark Schlieren",,Genomics,"Schlieren, CH",,,95,Global-SME,new,"2026-04-29 20:54:18",
894,"Park Innovaare",,"Advanced Materials","Villigen, CH",,,92,Global-SME,new,"2026-04-29 20:54:18",
895,"Dubai Future Accelerator",,Gov-Tech,"Dubai, Emirates Towers",,,98,Global-SME,new,"2026-04-29 20:54:18",
896,"Hub71 Abu Dhabi",,"Global Fintech","Abu Dhabi",,,95,Global-SME,new,"2026-04-29 20:54:18",
897,"Sheraa Sharjah",,"Entrepreneurship Tech",Sharjah,,,85,Global-SME,new,"2026-04-29 20:54:18",
898,"Dtec Dubai",,"Tech Co-working","Dubai, DSO",,,88,Global-SME,new,"2026-04-29 20:54:18",
899,"In5 Dubai",,"Media & Design Tech","Dubai, DIC",,,82,Global-SME,new,"2026-04-29 20:54:18",
900,"Astrolabs Dubai",,"Digital Skills Tech","Dubai, JLT",,,80,Global-SME,new,"2026-04-29 20:54:18",
901,"Fintech Hive DIFC",,"Payment Solutions","Dubai, DIFC",,,92,Global-SME,new,"2026-04-29 20:54:18",
902,"Flat6Labs Abu Dhabi",,"Seed Tech","Abu Dhabi",,,85,Global-SME,new,"2026-04-29 20:54:18",
903,"Krypto Labs Abu Dhabi",,"Deep Science Tech","Abu Dhabi",,,90,Global-SME,new,"2026-04-29 20:54:18",
904,"Sanad Abu Dhabi",,"Aviation Tech","Abu Dhabi",,,88,Global-SME,new,"2026-04-29 20:54:18",
905,"Edge Group SME 1",,"Cyber Defense","Abu Dhabi",,,95,Global-SME,new,"2026-04-29 20:54:18",
906,"Edge Group SME 2",,"Smart Weapons Tech","Abu Dhabi",,,92,Global-SME,new,"2026-04-29 20:54:18",
907,"G42 SME 1",,"Health Data AI","Abu Dhabi",,,98,Global-SME,new,"2026-04-29 20:54:18",
908,"G42 SME 2",,"Cloud Services","Abu Dhabi",,,95,Global-SME,new,"2026-04-29 20:54:18",
909,"Mubadala SME 1",,"Semiconductor Services","Abu Dhabi",,,90,Global-SME,new,"2026-04-29 20:54:18",
910,"Dubai Holding SME 1",,"Smart Retail Tech",Dubai,,,85,Global-SME,new,"2026-04-29 20:54:18",
911,"Emaar SME 1",,"PropTech Solutions",Dubai,,,88,Global-SME,new,"2026-04-29 20:54:18",
912,"Nakheel SME 1",,"Waterfront Tech",Dubai,,,82,Global-SME,new,"2026-04-29 20:54:18",
913,"Damac SME 1",,"Real Estate AI",Dubai,,,80,Global-SME,new,"2026-04-29 20:54:18",
914,"Sobha SME 1",,"Construction Tech",Dubai,,,82,Global-SME,new,"2026-04-29 20:54:18",
915,"Aramex SME 1",,"Last Mile Tech",Dubai,,,85,Global-SME,new,"2026-04-29 20:54:18",
916,"DP World SME 1",,"Port Automation",Dubai,,,92,Global-SME,new,"2026-04-29 20:54:18",
917,"Emirates SME 1",,"Aviation Software",Dubai,,,90,Global-SME,new,"2026-04-29 20:54:18",
918,"Etisalat SME 1",,"5G Enterprise",Dubai,,,88,Global-SME,new,"2026-04-29 20:54:18",
919,"Du SME 1",,"IoT Networks",Dubai,,,85,Global-SME,new,"2026-04-29 20:54:18",
920,"DEWA SME 1",,"Smart Grid AI",Dubai,,,92,Global-SME,new,"2026-04-29 20:54:18",
921,"RTA SME 1",,"Autonomous Transport",Dubai,,,95,Global-SME,new,"2026-04-29 20:54:18",
922,"Dubai Police SME 1",,"Forensic Tech",Dubai,,,90,Global-SME,new,"2026-04-29 20:54:18",
923,"ADNP SME 1",,"Oilfield Tech","Abu Dhabi",,,85,Global-SME,new,"2026-04-29 20:54:18",
924,"ADNOC SME 1",,"Energy Efficiency","Abu Dhabi",,,88,Global-SME,new,"2026-04-29 20:54:18",
925,"Strata SME 1",,"Composite Manufacturing","Al Ain",,,90,Global-SME,new,"2026-04-29 20:54:18",
926,"Yahsat SME 1",,"Satellite Tech","Abu Dhabi",,,92,Global-SME,new,"2026-04-29 20:54:18",
927,"Tabreed SME 1",,"District Cooling Tech","Abu Dhabi",,,85,Global-SME,new,"2026-04-29 20:54:18",
928,"Aldar SME 1",,"Smart Building Tech","Abu Dhabi",,,88,Global-SME,new,"2026-04-29 20:54:18",
929,"ADIB SME 1",,"Islamic Fintech","Abu Dhabi",,,85,Global-SME,new,"2026-04-29 20:54:18",
930,"FAB SME 1",,"Corporate Banking Tech","Abu Dhabi",,,88,Global-SME,new,"2026-04-29 20:54:18",
931,"ENBD SME 1",,"Digital Banking AI",Dubai,,,92,Global-SME,new,"2026-04-29 20:54:18",
932,"DIB SME 1",,"Sharia Tech",Dubai,,,82,Global-SME,new,"2026-04-29 20:54:18",
933,"Mashreq SME 1",,"Neo-Banking Tech",Dubai,,,90,Global-SME,new,"2026-04-29 20:54:18",
934,"CBD SME 1",,"Commercial Finance Tech",Dubai,,,80,Global-SME,new,"2026-04-29 20:54:18",
935,"ADCB SME 1",,"Retail Finance Tech","Abu Dhabi",,,85,Global-SME,new,"2026-04-29 20:54:18",
936,"Rakbank SME 1",,"Business Banking Tech","Ras Al Khaimah",,,82,Global-SME,new,"2026-04-29 20:54:18",
937,"Bank of Sharjah SME 1",,"Investment Tech",Sharjah,,,80,Global-SME,new,"2026-04-29 20:54:18",
938,"Invest Bank SME 1",,"Corporate Asset Tech",Sharjah,,,78,Global-SME,new,"2026-04-29 20:54:18",
939,"NBF SME 1",,"Trade Finance Tech",Fujairah,,,80,Global-SME,new,"2026-04-29 20:54:18",
940,"UAB SME 1",,"Personal Finance Tech",Sharjah,,,75,Global-SME,new,"2026-04-29 20:54:18",
941,"SIB SME 1",,"Islamic Wealth Tech",Sharjah,,,82,Global-SME,new,"2026-04-29 20:54:18",
942,"Ajman Bank SME 1",,"Consumer Tech",Ajman,,,78,Global-SME,new,"2026-04-29 20:54:18",
943,"Al Maryah Bank SME 1",,"Digital Community Bank","Abu Dhabi",,,85,Global-SME,new,"2026-04-29 20:54:18",
944,"Wio Bank SME 1",,"Platform Banking","Abu Dhabi",,,90,Global-SME,new,"2026-04-29 20:54:18",
945,"Zand Bank SME 1",,"Digital Corporate Bank",Dubai,,,88,Global-SME,new,"2026-04-29 20:54:18",
946,"Anglo-Gulf Trade Bank",,"Digital Trade Finance","Abu Dhabi",,,85,Global-SME,new,"2026-04-29 20:54:18",
947,"YAP UAE",,"Digital Neobanking",Dubai,,,82,Global-SME,new,"2026-04-29 20:54:18",
948,"Pyppl UAE",,"Finacial Inclusion Tech",Dubai,,,80,Global-SME,new,"2026-04-29 20:54:18",
949,"Telr UAE",,"Payment Gateway Tech",Dubai,,,85,Global-SME,new,"2026-04-29 20:54:18",
950,"Amazon Payment Services",,"E-commerce Payments",Dubai,,,95,Global-SME,new,"2026-04-29 20:54:18",
951,"Network International SME",,"Merchant Solutions",Dubai,,,90,Global-SME,new,"2026-04-29 20:54:18",
952,"Magnati SME",,"Payment Platform","Abu Dhabi",,,88,Global-SME,new,"2026-04-29 20:54:18",
953,"Geidea UAE",,"POS Solutions",Dubai,,,82,Global-SME,new,"2026-04-29 20:54:18",
954,"Stripe UAE SME",,"API Payments",Dubai,,,95,Global-SME,new,"2026-04-29 20:54:18",
955,"Adyen UAE SME",,"Global Payments",Dubai,,,92,Global-SME,new,"2026-04-29 20:54:18",
956,"Checkout.com UAE SME",,"Acquiring Tech",Dubai,,,95,Global-SME,new,"2026-04-29 20:54:18",
957,"Tabby UAE SME",,"BNPL Tech",Dubai,,,90,Global-SME,new,"2026-04-29 20:54:18",
958,"Tamara UAE SME",,"Consumer Credit Tech",Dubai,,,90,Global-SME,new,"2026-04-29 20:54:18",
959,"Postpay UAE",,"Retail Credit Tech",Dubai,,,82,Global-SME,new,"2026-04-29 20:54:18",
960,"Spotii UAE",,"Fashion Fintech",Dubai,,,80,Global-SME,new,"2026-04-29 20:54:18",
961,"Cashew Payments",,"Fintech Lending",Dubai,,,78,Global-SME,new,"2026-04-29 20:54:18",
962,"Beehive UAE",,"P2P Lending",Dubai,,,85,Global-SME,new,"2026-04-29 20:54:18",
963,"Lulalend UAE",,"SME Lending Tech",Dubai,,,82,Global-SME,new,"2026-04-29 20:54:18",
964,"Sarwa UAE",,Robo-Advisory,Dubai,,,88,Global-SME,new,"2026-04-29 20:54:18",
965,"StashAway UAE",,"Digital Wealth",Dubai,,,85,Global-SME,new,"2026-04-29 20:54:18",
966,"Baraka UAE",,"Stock Trading App",Dubai,,,85,Global-SME,new,"2026-04-29 20:54:18",
967,"Thndr UAE",,"Investment Platform","Abu Dhabi",,,82,Global-SME,new,"2026-04-29 20:54:18",
968,"Stake UAE",,"Real Estate Crowdfunding",Dubai,,,88,Global-SME,new,"2026-04-29 20:54:18",
969,"SmartCrowd UAE",,"Property Investing",Dubai,,,85,Global-SME,new,"2026-04-29 20:54:18",
970,"GetStake UAE",,"Digital Real Estate",Dubai,,,82,Global-SME,new,"2026-04-29 20:54:18",
971,"Hala Insurance",,Insurtech,Dubai,,,85,Global-SME,new,"2026-04-29 20:54:18",
972,"Democrance UAE",,"Insurance SaaS",Dubai,,,82,Global-SME,new,"2026-04-29 20:54:18",
973,Yallacompare,,"Insurance Aggregator",Dubai,,,80,Global-SME,new,"2026-04-29 20:54:18",
974,"Policybazaar UAE",,"Digital Insurance",Dubai,,,85,Global-SME,new,"2026-04-29 20:54:18",
975,"Bayzat UAE",,"HR & Insurance Tech",Dubai,,,90,Global-SME,new,"2026-04-29 20:54:18",
976,"ZenHR UAE",,"Cloud HR Software",Dubai,,,85,Global-SME,new,"2026-04-29 20:54:18",
977,"Darwinbox UAE",,"Enterprise HR Tech",Dubai,,,88,Global-SME,new,"2026-04-29 20:54:18",
978,"Personio UAE SME",,"SME HR Tech",Dubai,,,85,Global-SME,new,"2026-04-29 20:54:18",
979,"Gusto USA SME",,"Payroll Tech","San Francisco, CA",,,92,Global-SME,new,"2026-04-29 20:54:18",
980,"Rippling USA SME",,"Employee Management","San Francisco, CA",,,95,Global-SME,new,"2026-04-29 20:54:18",
981,"Deel UAE SME",,"Global Hiring Tech",Dubai,,,95,Global-SME,new,"2026-04-29 20:54:18",
982,"Remote UAE SME",,"Employer of Record",Dubai,,,90,Global-SME,new,"2026-04-29 20:54:18",
983,"Oyster HR UAE",,"Global Talent Tech",Dubai,,,88,Global-SME,new,"2026-04-29 20:54:18",
984,"Papaya Global UAE",,"Payroll SaaS",Dubai,,,85,Global-SME,new,"2026-04-29 20:54:18",
985,"Workday UAE SME",,"ERP Solutions",Dubai,,,92,Global-SME,new,"2026-04-29 20:54:18",
986,"Oracle NetSuite UAE",,"SME ERP",Dubai,,,95,Global-SME,new,"2026-04-29 20:54:18",
987,"SAP Business One UAE",,"SME Management",Dubai,,,92,Global-SME,new,"2026-04-29 20:54:18",
988,"Microsoft Dynamics UAE",,"CRM/ERP Solutions",Dubai,,,95,Global-SME,new,"2026-04-29 20:54:18",
989,"Salesforce UAE SME",,"Cloud CRM",Dubai,,,98,Global-SME,new,"2026-04-29 20:54:18",
990,"HubSpot UAE SME",,"Inbound Marketing",Dubai,,,90,Global-SME,new,"2026-04-29 20:54:18",
991,"Zoho UAE SME",,"Business Suite",Dubai,,,85,Global-SME,new,"2026-04-29 20:54:18",
992,"Freshworks UAE SME",,"Customer Support Tech",Dubai,,,88,Global-SME,new,"2026-04-29 20:54:18",
993,"Zendesk UAE SME",,"Service SaaS",Dubai,,,90,Global-SME,new,"2026-04-29 20:54:18",
994,"Intercom UAE SME",,"Messaging Tech",Dubai,,,85,Global-SME,new,"2026-04-29 20:54:18",
995,"Slack UAE SME",,"Collaboration Tech",Dubai,,,95,Global-SME,new,"2026-04-29 20:54:18",
996,"Zoom UAE SME",,"Video Conferencing",Dubai,,,95,Global-SME,new,"2026-04-29 20:54:18",
997,"Microsoft Teams UAE",,"Enterprise Comm",Dubai,,,98,Global-SME,new,"2026-04-29 20:54:18",
998,"Google Workspace UAE",,"Cloud Productivity",Dubai,,,98,Global-SME,new,"2026-04-29 20:54:18",
999,"Dropbox UAE SME",,"Cloud Storage",Dubai,,,85,Global-SME,new,"2026-04-29 20:54:18",
1000,"Box UAE SME",,"Content Management",Dubai,,,88,Global-SME,new,"2026-04-29 20:54:18",
1001,"DocuSign UAE SME",,"E-Signature Tech",Dubai,,,92,Global-SME,new,"2026-04-29 20:54:18",
1002,"Adobe Sign UAE",,"Digital Document Tech",Dubai,,,90,Global-SME,new,"2026-04-29 20:54:18",
1003,"Canva UAE SME",,"Design SaaS",Dubai,,,85,Global-SME,new,"2026-04-29 20:54:18",
1004,"Figma UAE SME",,"Design Prototyping",Dubai,,,92,Global-SME,new,"2026-04-29 20:54:18",
1005,"Atlassian UAE SME",,"Project Management",Dubai,,,95,Global-SME,new,"2026-04-29 20:54:18",
1006,"Asana UAE SME",,"Work Management",Dubai,,,90,Global-SME,new,"2026-04-29 20:54:18",
1007,"Monday.com UAE SME",,"Operating System SaaS",Dubai,,,92,Global-SME,new,"2026-04-29 20:54:18",
1008,"ClickUp UAE SME",,"Productivity App",Dubai,,,88,Global-SME,new,"2026-04-29 20:54:18",
1009,"Trello UAE SME",,"Task Management",Dubai,,,82,Global-SME,new,"2026-04-29 20:54:18",
1010,"Notion UAE SME",,"Knowledge Management",Dubai,,,90,Global-SME,new,"2026-04-29 20:54:18",
1011,"Airtable UAE SME",,"Low-code Platform",Dubai,,,88,Global-SME,new,"2026-04-29 20:54:18",
1012,"Zapier UAE SME",,"Automation Tech",Dubai,,,95,Global-SME,new,"2026-04-29 20:54:18",
1013,"Make.com UAE SME",,"Workflow Automation",Dubai,,,92,Global-SME,new,"2026-04-29 20:54:18",
1014,"Uipath UAE SME",,"RPA Tech",Dubai,,,95,Global-SME,new,"2026-04-29 20:54:18",
1015,"Automation Anywhere",,"Enterprise RPA",Dubai,,,92,Global-SME,new,"2026-04-29 20:54:18",
1016,"Blue Prism UAE",,"Intelligent Automation",Dubai,,,90,Global-SME,new,"2026-04-29 20:54:18",
1017,"Snowflake UAE SME",,"Data Warehouse",Dubai,,,95,Global-SME,new,"2026-04-29 20:54:18",
1018,"Databricks UAE SME",,"Data Lakehouse",Dubai,,,95,Global-SME,new,"2026-04-29 20:54:18",
1019,"MongoDB UAE SME",,"NoSQL Database",Dubai,,,92,Global-SME,new,"2026-04-29 20:54:18",
1020,"Confluent UAE SME",,"Data Streaming",Dubai,,,90,Global-SME,new,"2026-04-29 20:54:18",
1021,"Elastic UAE SME",,"Search Tech",Dubai,,,88,Global-SME,new,"2026-04-29 20:54:18",
1022,"Splunk UAE SME",,"Log Analytics",Dubai,,,95,Global-SME,new,"2026-04-29 20:54:18",
1023,"Dynatrace UAE SME",,"Observability Tech",Dubai,,,92,Global-SME,new,"2026-04-29 20:54:18",
1024,"Datadog UAE SME",,"Cloud Monitoring",Dubai,,,92,Global-SME,new,"2026-04-29 20:54:18",
1025,"New Relic UAE SME",,"Performance Monitoring",Dubai,,,90,Global-SME,new,"2026-04-29 20:54:18",
1026,"Hashicorp UAE SME",,"Infrastructure Code",Dubai,,,95,Global-SME,new,"2026-04-29 20:54:18",
1027,"Terraform UAE SME",,"Cloud Automation",Dubai,,,95,Global-SME,new,"2026-04-29 20:54:18",
1028,"Kubernetes UAE SME",,"Container Orchestration",Dubai,,,98,Global-SME,new,"2026-04-29 20:54:18",
1029,"Docker UAE SME",,"Containerization Tech",Dubai,,,95,Global-SME,new,"2026-04-29 20:54:18",
1030,"GitLab UAE SME",,"DevSecOps Platform",Dubai,,,92,Global-SME,new,"2026-04-29 20:54:18",
1031,"GitHub UAE SME",,"Code Management",Dubai,,,98,Global-SME,new,"2026-04-29 20:54:18",
1032,"CircleCI UAE SME",,"CI/CD Tech",Dubai,,,88,Global-SME,new,"2026-04-29 20:54:18",
1033,"Jfrog UAE SME",,"Artifact Management",Dubai,,,85,Global-SME,new,"2026-04-29 20:54:18",
1034,"Postman UAE SME",,"API Development",Dubai,,,90,Global-SME,new,"2026-04-29 20:54:18",
1035,"Twilio UAE SME",,"Cloud Communication",Dubai,,,95,Global-SME,new,"2026-04-29 20:54:18",
1036,"SendGrid UAE SME",,"Email Marketing Tech",Dubai,,,88,Global-SME,new,"2026-04-29 20:54:18",
1037,"Mailchimp UAE SME",,"Marketing Automation",Dubai,,,90,Global-SME,new,"2026-04-29 20:54:18",
1038,"Klaviyo UAE SME",,"E-commerce Marketing",Dubai,,,85,Global-SME,new,"2026-04-29 20:54:18",
1039,"Shopify UAE SME",,"E-commerce Platform",Dubai,,,95,Global-SME,new,"2026-04-29 20:54:18",
1040,"Magento UAE SME",,"Enterprise Commerce",Dubai,,,92,Global-SME,new,"2026-04-29 20:54:18",
1041,"BigCommerce UAE SME",,"SaaS Commerce",Dubai,,,88,Global-SME,new,"2026-04-29 20:54:18",
1042,"WooCommerce UAE SME",,"WP Commerce Tech",Dubai,,,85,Global-SME,new,"2026-04-29 20:54:18",
1043,"Wix UAE SME",,"Website Builder",Dubai,,,82,Global-SME,new,"2026-04-29 20:54:18",
1044,"Squarespace UAE SME",,"Design Web Tech",Dubai,,,82,Global-SME,new,"2026-04-29 20:54:18",
1045,"Webflow UAE SME",,"No-code Web Design",Dubai,,,90,Global-SME,new,"2026-04-29 20:54:18",
1046,"Cloudflare UAE SME",,"Web Security/CDN",Dubai,,,98,Global-SME,new,"2026-04-29 20:54:18",
1047,"Akamai UAE SME",,"Edge Computing",Dubai,,,95,Global-SME,new,"2026-04-29 20:54:18",
1048,"Fastly UAE SME",,"Edge Cloud Tech",Dubai,,,92,Global-SME,new,"2026-04-29 20:54:18",
1049,"DigitalOcean UAE SME",,"SME Cloud Hosting",Dubai,,,85,Global-SME,new,"2026-04-29 20:54:18",
1050,"Linode UAE SME",,"Developer Cloud",Dubai,,,82,Global-SME,new,"2026-04-29 20:54:18",
1051,"Vultr UAE SME",,"Global Cloud Tech",Dubai,,,80,Global-SME,new,"2026-04-29 20:54:18",
1052,"Heroku UAE SME",,"PaaS Solutions",Dubai,,,88,Global-SME,new,"2026-04-29 20:54:18",
1053,"Netlify UAE SME",,"Frontend Cloud",Dubai,,,92,Global-SME,new,"2026-04-29 20:54:18",
1054,"Vercel UAE SME",,"Next.js Hosting",Dubai,,,95,Global-SME,new,"2026-04-29 20:54:18",
1055,"Tolna-Tech Automatik",,"Ipari automatizálás","Tolna, HU",,,95,Elite-Closure,new,"2026-04-29 20:55:01",
1056,"Danubia Mechatronika",,"Precíziós gépészet","Paks, HU",,,88,Elite-Closure,new,"2026-04-29 20:55:01",
1057,"Gemenc Digital Solutions",,"Szoftverfejlesztés","Szekszárd, HU",,,85,Elite-Closure,new,"2026-04-29 20:55:01",
1058,"CyberGuard Hungary",,"Kiberbiztonság","Budapest, HU",,,92,Elite-Closure,new,"2026-04-29 20:55:01",
1059,"Pannon Robotics Kft",,Robotika,"Győr, HU",,,90,Elite-Closure,new,"2026-04-29 20:55:01",
1060,"Alisca Tech Systems",,"Adatfeldolgozás","Szekszárd, HU",,,82,Elite-Closure,new,"2026-04-29 20:55:01",
1061,"Tisza-IT Innováció",,"Felhő technológia","Debrecen, HU",,,85,Elite-Closure,new,"2026-04-29 20:55:01",
1062,"Mecsek-Bio Systems",,"Biotechnológia","Pécs, HU",,,80,Elite-Closure,new,"2026-04-29 20:55:01",
1063,"Balaton Smart Energy",,Energetika,"Veszprém, HU",,,88,Elite-Closure,new,"2026-04-29 20:55:01",
1064,"E-Mobility Tolna",,"Elektromos hajtás","Tolna, HU",,,92,Elite-Closure,new,"2026-04-29 20:55:01",
1065,"Neuralink Partner SME",,Neurotech,"Fremont, CA",,,98,Elite-Closure,new,"2026-04-29 20:55:01",
1066,"DeepMind Applied Lab",,"AI Research","London, UK",,,99,Elite-Closure,new,"2026-04-29 20:55:01",
1067,"Zurich Quantum Logic",,"Quantum Computing","Zürich, CH",,,98,Elite-Closure,new,"2026-04-29 20:55:01",
1068,"Dubai Mars-Tech SME",,"Space Exploration","Dubai, UAE",,,95,Elite-Closure,new,"2026-04-29 20:55:01",
1069,"Singapore Cyber Fortress",,"Infrastructure Defense","Singapore, SG",,,96,Elite-Closure,new,"2026-04-29 20:55:01",
1070,"Tokyo Robotics SME",,"Humanoid Automation","Tokyo, JP",,,94,Elite-Closure,new,"2026-04-29 20:55:01",
1071,"Berlin Green Hydrogen",,"Clean Energy","Berlin, DE",,,92,Elite-Closure,new,"2026-04-29 20:55:01",
1072,"Seoul Semi-Systems",,"Semiconductor Design","Seoul, KR",,,95,Elite-Closure,new,"2026-04-29 20:55:01",
1073,"Tel Aviv Bio-Defend",,Biosecurity,"Tel Aviv, IL",,,94,Elite-Closure,new,"2026-04-29 20:55:01",
1074,"Stockholm Fin-Algo",,"Algorithmic Trading","Stockholm, SE",,,93,Elite-Closure,new,"2026-04-29 20:55:01",
1075,"Oslo Ocean-Tech",,"Subsea Robotics","Oslo, NO",,,91,Elite-Closure,new,"2026-04-29 20:55:01",
1076,"Helsinki AI Ethics",,"AI Governance SaaS","Helsinki, FI",,,90,Elite-Closure,new,"2026-04-29 20:55:01",
1077,"Amsterdam Port-AI",,"Logistics Automation","Amsterdam, NL",,,92,Elite-Closure,new,"2026-04-29 20:55:01",
1078,"Dublin SaaS Titan",,"Enterprise Cloud","Dublin, IE",,,94,Elite-Closure,new,"2026-04-29 20:55:01",
1079,"Toronto Quantum Bio",,"Drug Discovery AI","Toronto, CA",,,96,Elite-Closure,new,"2026-04-29 20:55:01",
1080,"Quantum Shield US",,"Kiberbiztonság","San Jose, CA",,,95,Giga-Batch-01,new,"2026-04-29 20:55:51",
1081,"Alpine Data Vault",,"Adatközpont","Zürich, CH",,,92,Giga-Batch-01,new,"2026-04-29 20:55:51",
1082,"Dubai Neural Net",,"AI Fejlesztés","Dubai, DSO",,,88,Giga-Batch-01,new,"2026-04-29 20:55:51",
1083,"Pannon Cyber Force",,"Hálózatvédelem","Budapest, HU",,,90,Giga-Batch-01,new,"2026-04-29 20:55:51",
1084,"Silicon Prairie Sec",,"Adatvédelem","Omaha, NE",,,85,Giga-Batch-01,new,"2026-04-29 20:55:51",
1085,"Geneva Crypto Logic",,"Kriptográfia","Geneva, CH",,,94,Giga-Batch-01,new,"2026-04-29 20:55:51",
1086,"Emirates Cloud Ops",,"Felhő szolgáltatás","Dubai, DIC",,,87,Giga-Batch-01,new,"2026-04-29 20:55:51",
1087,"Texas Guard IT",,"Végpont védelem","Austin, TX",,,91,Giga-Batch-01,active,"2026-04-29 20:55:51",
1088,"Szekszárd Digital",,"Rendszerintegráció","Szekszárd, HU",,,82,Giga-Batch-01,new,"2026-04-29 20:55:51",
1089,"Bern Deep-Tech AG",,"Deep Learning","Bern, CH",,,89,Giga-Batch-01,new,"2026-04-29 20:55:51",
1090,"London AI Forge",,"Gépi tanulás","London, UK",,,93,Giga-Batch-01,new,"2026-04-29 20:55:51",
1091,"Berlin Safe-Net",,"IoT biztonság","Berlin, DE",,,86,Giga-Batch-01,new,"2026-04-29 20:55:51",
1092,"Tokyo Robo-Core",,"Ipari automatizálás","Tokyo, JP",,,95,Giga-Batch-01,new,"2026-04-29 20:55:51",
1093,"Singapore Data Hub",,"Big Data","Singapore, SG",,,92,Giga-Batch-01,new,"2026-04-29 20:55:51",
1094,"Toronto Quantum",,"Kvantum algoritmusok","Toronto, CA",,,94,Giga-Batch-01,new,"2026-04-29 20:55:51",
1095,"Tel Aviv Cyber Lab",,"Behatolásjelzés","Tel Aviv, IL",,,96,Giga-Batch-01,new,"2026-04-29 20:55:51",
1096,"Dublin Cloud Titan",,"SaaS infrastruktúra","Dublin, IE",,,88,Giga-Batch-01,new,"2026-04-29 20:55:51",
1097,"Stockholm Fin-Sec",,"Pénzügyi biztonság","Stockholm, SE",,,90,Giga-Batch-01,new,"2026-04-29 20:55:51",
1099,"Oslo Blue-Tech",,"Tengeri IT","Oslo, NO",,,82,Giga-Batch-01,new,"2026-04-29 20:55:51",
1100,"Lisbon Web-Defend",,"Web biztonság","Lisbon, PT",,,84,Giga-Batch-01,new,"2026-04-29 20:55:51",
1101,"Madrid Core-IT",,"Vállalati hálózatok","Madrid, ES",,,80,Giga-Batch-01,new,"2026-04-29 20:55:51",
1102,"Vienna Logic Systems",,"Szoftver architektúra","Vienna, AT",,,86,Giga-Batch-01,new,"2026-04-29 20:55:51",
1103,"Prague Nano-Tech",,"Nanotechnológia","Prague, CZ",,,88,Giga-Batch-01,new,"2026-04-29 20:55:51",
1104,"Warsaw Data Guard",,"Adatmentés","Warsaw, PL",,,85,Giga-Batch-01,new,"2026-04-29 20:55:51",
1105,"Tallinn E-Gov Tech",,"Digitális közigazgatás","Tallinn, EE",,,95,Giga-Batch-01,new,"2026-04-29 20:55:51",
1106,"Athens Smart Grid",,"Okos hálózatok","Athens, GR",,,80,Giga-Batch-01,new,"2026-04-29 20:55:51",
1107,"Seoul Giga-Chip",,"Félvezető tervezés","Seoul, KR",,,97,Giga-Batch-01,new,"2026-04-29 20:55:51",
1108,"Sydney Aero-Data",,"Légiforgalmi IT","Sydney, AU",,,89,Giga-Batch-01,active,"2026-04-29 20:55:51",
1109,"Bangalore Code-Hub",,"Szoftver outsourcing","Bangalore, IN",,,82,Giga-Batch-01,new,"2026-04-29 20:55:51",
1110,"Mumbai Fintech Lab",,"Fizetési megoldások","Mumbai, IN",,,85,Giga-Batch-01,new,"2026-04-29 20:55:51",
1111,"Cape Town Tech-Connect",,"Távközlés","Cape Town, ZA",,,78,Giga-Batch-01,new,"2026-04-29 20:55:51",
1112,"Sao Paulo Digital",,"Digitális transzformáció","Sao Paulo, BR",,,80,Giga-Batch-01,active,"2026-04-29 20:55:51",
1113,"Mexico City Cyber",,"Hálózati audit","Mexico City, MX",,,82,Giga-Batch-01,new,"2026-04-29 20:55:51",
1114,"Silicon Forest AI",,"Erdészeti AI","Portland, OR",,,84,Giga-Batch-01,new,"2026-04-29 20:55:51",
1115,"Desert Valley Tech",,"Sivatagi technológia","Phoenix, AZ",,,80,Giga-Batch-01,new,"2026-04-29 20:55:51",
1116,"Empire State Bio",,Bioinformatika,"New York, NY",,,90,Giga-Batch-01,new,"2026-04-29 20:55:51",
1117,"Golden Gate Crypto",,"Web3 megoldások","San Francisco, CA",,,95,Giga-Batch-01,new,"2026-04-29 20:55:51",
1118,"Bay Area Bio-Nexus",,"Genetikai adatok","San Jose, CA",,,92,Giga-Batch-01,new,"2026-04-29 20:55:51",
1119,"Boston Robotics SME",,"Kutató robotok","Boston, MA",,,96,Giga-Batch-01,new,"2026-04-29 20:55:51",
1120,"Zürich Quantum Sensors",,Kvantumtechnika,"Zürich, CH",,,98,Giga-500,new,"2026-04-29 20:56:07",
1122,"Geneva Cyber Watch",,"Kiberbiztonság","Geneva, CH",,,92,Giga-500,new,"2026-04-29 20:56:07",
1123,"Bern Deep-Learning AG",,"AI Fejlesztés","Bern, CH",,,88,Giga-500,new,"2026-04-29 20:56:07",
1124,"Lucerne Robotics SME",,"Automatizálás","Lucerne, CH",,,85,Giga-500,new,"2026-04-29 20:56:07",
1125,"Zug Crypto Nexus",,Blockchain,"Zug, CH",,,96,Giga-500,new,"2026-04-29 20:56:07",
1126,"Lausanne Nano-Tech",,Mikroelektronika,"Lausanne, CH",,,90,Giga-500,active,"2026-04-29 20:56:07",
1127,"Winterthur Smart Fab",,"Ipar 4.0","Winterthur, CH",,,82,Giga-500,new,"2026-04-29 20:56:07",
1130,"Austin Shield IT",,"Hálózatvédelem","Austin, TX",,,95,Giga-500,active,"2026-04-29 20:56:07",
1131,"Palo Alto AI Labs",,"Gépi tanulás","Palo Alto, CA",,,98,Giga-500,new,"2026-04-29 20:56:07",
1132,"Boston Med-Robotics",,"Orvosi robotika","Boston, MA",,,94,Giga-500,new,"2026-04-29 20:56:07",
1133,"Seattle Cloud Forge",,"SaaS Infrastruktúra","Seattle, WA",,,90,Giga-500,new,"2026-04-29 20:56:07",
1137,"Atlanta Fin-Data",,"Pénzügyi adatok","Atlanta, GA",,,85,Giga-500,new,"2026-04-29 20:56:07",
1138,"Silicon Prairie App",,"Szoftverfejlesztés","Lincoln, NE",,,78,Giga-500,new,"2026-04-29 20:56:07",
1139,"Detroit EV-Logics",,"Akku technológia","Detroit, MI",,,92,Giga-500,new,"2026-04-29 20:56:07",
1141,"JAFZA Trade AI",,"Logisztikai algoritmus","Dubai, JAFZA",,,88,Giga-500,new,"2026-04-29 20:56:07",
1142,"Business Bay Fintech",,"Digitális bankolás","Dubai, BB",,,90,Giga-500,new,"2026-04-29 20:56:07",
1143,"DIFC Legal-Tech SME",,"Jogi szoftverek","Dubai, DIFC",,,85,Giga-500,new,"2026-04-29 20:56:07",
1144,"Marina Marina Data",,"Adatbányászat","Dubai, Marina",,,82,Giga-500,new,"2026-04-29 20:56:07",
1145,"Sharjah Clean-Tech",,"Környezetvédelem",Sharjah,,,80,Giga-500,new,"2026-04-29 20:56:07",
1147,"Al Reem Crypto Lab",,"Tokenizáció","Abu Dhabi",,,92,Giga-500,new,"2026-04-29 20:56:07",
1149,"Ajman Textile AI",,"Gyártásautomatizálás",Ajman,,,72,Giga-500,new,"2026-04-29 20:56:07",
1150,"Tolna-Tech Precision",,"Fémmegmunkálás","Tolna, HU",,,92,Giga-500,new,"2026-04-29 20:56:07",
1151,"Paks Digital Energy",,"Vezérléstechnika","Paks, HU",,,95,Giga-500,new,"2026-04-29 20:56:07",
1152,"Szekszárd Agri-Bot",,"Mezőgazdasági robot","Szekszárd, HU",,,88,Giga-500,new,"2026-04-29 20:56:07",
1153,"Budapest Cyber Guard",,"Kiberbiztonság","Budapest, HU",,,94,Giga-500,new,"2026-04-29 20:56:07",
1154,"Győr Auto-Nexus",,"Autóipari beszállító","Győr, HU",,,85,Giga-500,new,"2026-04-29 20:56:07",
1155,"Debrecen Cloud Lab",,"IT outsourcing","Debrecen, HU",,,82,Giga-500,new,"2026-04-29 20:56:07",
1156,"Pécs Med-Innovator",,"Egészségügyi tech","Pécs, HU",,,80,Giga-500,new,"2026-04-29 20:56:07",
1157,"Veszprém Smart City",,"Városüzemeltetés","Veszprém, HU",,,84,Giga-500,new,"2026-04-29 20:56:07",
1158,"Szeged Bio-Logic",,"Biotech kutatás","Szeged, HU",,,86,Giga-500,new,"2026-04-29 20:56:07",
1159,"Miskolc Industry 4.0",,"Gépgyártás","Miskolc, HU",,,78,Giga-500,new,"2026-04-29 20:56:07",
1160,"London Neural Works",,"AI Research","London, UK",,,96,Giga-500,new,"2026-04-29 20:56:07",
1162,"Munich Auto-AI",,"Önvezető tech","Munich, DE",,,94,Giga-500,new,"2026-04-29 20:56:07",
1163,"Paris Fin-Secure",,"Biztonságos fizetés","Paris, FR",,,88,Giga-500,new,"2026-04-29 20:56:07",
1164,"Amsterdam Port-Tech",,Logisztika,"Amsterdam, NL",,,85,Giga-500,new,"2026-04-29 20:56:07",
1165,"Stockholm Nordic IT",,"SaaS megoldások","Stockholm, SE",,,92,Giga-500,new,"2026-04-29 20:56:07",
1166,"Oslo Blue-Data",,"Tengeri kutatás","Oslo, NO",,,82,Giga-500,new,"2026-04-29 20:56:07",
1167,"Helsinki Game-Tech",,Szoftvermotorok,"Helsinki, FI",,,80,Giga-500,new,"2026-04-29 20:56:07",
1168,"Copenhagen Eco-Apps",,"Zöld szoftverek","Copenhagen, DK",,,84,Giga-500,new,"2026-04-29 20:56:07",
1169,"Vienna Logic Labs",,"AI Audit","Vienna, AT",,,86,Giga-500,new,"2026-04-29 20:56:07",
1170,"Tokyo Robo-Unit",,"Humanoid Tech","Tokyo, JP",,,95,Giga-500,new,"2026-04-29 20:56:07",
1171,"Seoul Giga-Storage",,"Adattárolás","Seoul, KR",,,92,Giga-500,new,"2026-04-29 20:56:07",
1172,"Singapore Safe-Node",,"Blockchain infra","Singapore, SG",,,94,Giga-500,new,"2026-04-29 20:56:07",
1173,"Sydney Aero-Cloud",,"Légi irányítás IT","Sydney, AU",,,88,Giga-500,active,"2026-04-29 20:56:07",
1174,"Toronto Quantum-Bio",,"Drug Discovery","Toronto, CA",,,96,Giga-500,new,"2026-04-29 20:56:07",
1175,"Tel Aviv Cyber-Core",,"Offenzív biztonság","Tel Aviv, IL",,,98,Giga-500,new,"2026-04-29 20:56:07",
1176,"Dublin Enterprise IT",,"Vállalati szoftver","Dublin, IE",,,85,Giga-500,new,"2026-04-29 20:56:07",
1177,"Lisbon Web-Systems",,"Frontend Tech","Lisbon, PT",,,82,Giga-500,new,"2026-04-29 20:56:07",
1178,"Madrid Core-Data",,"Adatbázis menedzsment","Madrid, ES",,,80,Giga-500,new,"2026-04-29 20:56:07",
1179,"Rome Smart Heritage",,"Kulturális Tech","Rome, IT",,,75,Giga-500,new,"2026-04-29 20:56:07",
1180,"Munich Robo-Systems",,"Automatizálás","Munich, DE",,,92,Batch-1666,new,"2026-04-29 20:56:37",
1181,"Stuttgart Auto-Design",,"Mérnöki tervezés","Stuttgart, DE",,,88,Batch-1666,new,"2026-04-29 20:56:37",
1182,"Berlin Cloud-Safe",,"Adatvédelem","Berlin, DE",,,85,Batch-1666,new,"2026-04-29 20:56:37",
1183,"Vienna Logic Hub",,"IT Tanácsadás","Vienna, AT",,,82,Batch-1666,new,"2026-04-29 20:56:37",
1184,"Salzburg Bio-Labs",,"Biotechnológia","Salzburg, AT",,,80,Batch-1666,new,"2026-04-29 20:56:37",
1185,"Linz Steel-Digital",,"Ipari Szoftver","Linz, AT",,,84,Batch-1666,new,"2026-04-29 20:56:37",
1186,"Graz Mobility AI",,"Önvezető rendszerek","Graz, AT",,,90,Batch-1666,new,"2026-04-29 20:56:37",
1187,"Hamburg Port-Logics",,"Kikötői technológia","Hamburg, DE",,,86,Batch-1666,new,"2026-04-29 20:56:37",
1188,"Leipzig Data-Forge",,"Adatbányászat","Leipzig, DE",,,78,Batch-1666,new,"2026-04-29 20:56:37",
1189,"Dresden Micro-Core",,"Félvezetők","Dresden, DE",,,94,Batch-1666,new,"2026-04-29 20:56:37",
1190,"Boston Neuro-Tech",,"Orvosi kutatás","Boston, MA",,,95,Batch-1666,new,"2026-04-29 20:56:37",
1191,"New York Fin-Algo",,"Algoritmikus kereskedés","New York, NY",,,98,Batch-1666,new,"2026-04-29 20:56:37",
1192,"Philly Bio-Nex",,Genomika,"Philadelphia, PA",,,92,Batch-1666,new,"2026-04-29 20:56:37",
1193,"Chicago Smart-Steel",,"Fémmegmunkálás IT","Chicago, IL",,,85,Batch-1666,new,"2026-04-29 20:56:37",
1194,"Detroit Battery-Lab",,"Energiatárolás","Detroit, MI",,,91,Batch-1666,new,"2026-04-29 20:56:37",
1195,"Cleveland Aero-Parts",,"Repülőgépipar","Cleveland, OH",,,80,Batch-1666,new,"2026-04-29 20:56:37",
1196,"Atlanta Cyber-Gate",,"Hálózati biztonság","Atlanta, GA",,,88,Batch-1666,new,"2026-04-29 20:56:37",
1197,"Miami Web3-Nexus",,"Blockchain Infra","Miami, FL",,,86,Batch-1666,new,"2026-04-29 20:56:37",
1198,"Charlotte Data-Vault",,Szerverpark,"Charlotte, NC",,,84,Batch-1666,new,"2026-04-29 20:56:37",
1199,"Raleigh Med-Systems",,"Klinikai szoftver","Raleigh, NC",,,89,Batch-1666,new,"2026-04-29 20:56:37",
1200,"Tolna-Solar Control",,"Megújuló energia","Tolna, HU",,,90,Batch-1666,new,"2026-04-29 20:56:37",
1201,"Szekszárd Wine-Logistics",,"Speciális szállítás","Szekszárd, HU",,,75,Batch-1666,new,"2026-04-29 20:56:37",
1202,"Paks Hydro-Engineer",,"Vízépítési mérnökök","Paks, HU",,,82,Batch-1666,new,"2026-04-29 20:56:37",
1203,"Bonyhád Shoe-Tech",,"Könnyűipari digit","Bonyhád, HU",,,70,Batch-1666,new,"2026-04-29 20:56:37",
1204,"Dombóvár Rail-Systems",,"Vasút automatizálás","Dombóvár, HU",,,78,Batch-1666,new,"2026-04-29 20:56:37",
1205,"Budapest AI-Core",,"Nyelvi modellek","Budapest, HU",,,95,Batch-1666,new,"2026-04-29 20:56:37",
1206,"Debrecen Nano-Sensor",,Szenzortechnika,"Debrecen, HU",,,88,Batch-1666,new,"2026-04-29 20:56:37",
1207,"Győr Mechatron-Elite",,"Gépgyártás","Győr, HU",,,92,Batch-1666,new,"2026-04-29 20:56:37",
1208,"Kecskemét Auto-Smart",,"Gyártósori AI","Kecskemét, HU",,,85,Batch-1666,new,"2026-04-29 20:56:37",
1209,"Szeged Laser-Bio",,Optika/Biotech,"Szeged, HU",,,84,Batch-1666,new,"2026-04-29 20:56:37",
1210,"Tel Aviv Drone-Ops",,"Dróntechnológia","Tel Aviv, IL",,,96,Batch-1666,new,"2026-04-29 20:56:37",
1211,"Singapore Safe-Audit",,"Pénzügyi ellenőrzés","Singapore, SG",,,94,Batch-1666,new,"2026-04-29 20:56:37",
1212,"Tokyo Humanoid-X",,Robotika,"Tokyo, JP",,,95,Batch-1666,new,"2026-04-29 20:56:37",
1213,"Seoul Giga-Screen",,"Kijelző technológia","Seoul, KR",,,90,Batch-1666,new,"2026-04-29 20:56:37",
1214,"Bangalore App-Factory",,"Mobil fejlesztés","Bangalore, IN",,,82,Batch-1666,new,"2026-04-29 20:56:37",
1215,"Dublin Tax-Tech",,"Jogi szoftverek","Dublin, IE",,,85,Batch-1666,new,"2026-04-29 20:56:37",
1216,"Tallinn E-Vault",,"Digitális állampolgárság","Tallinn, EE",,,92,Batch-1666,new,"2026-04-29 20:56:37",
1217,"Oslo Deep-Marine",,"Vízalatti kutatás","Oslo, NO",,,88,Batch-1666,new,"2026-04-29 20:56:37",
1218,"Amsterdam Agri-Flow",,"Vertikális farm tech","Amsterdam, NL",,,84,Batch-1666,new,"2026-04-29 20:56:37",
1219,"Toronto Quantum-Key",,"Kriptográfia","Toronto, CA",,,97,Batch-1666,new,"2026-04-29 20:56:37",
1220,"Szabó 1 Tech-Consult",,"Egyéni Vállalkozó / Szakértő","Szekszárd, HU",,,85,Entrepreneur-Batch,new,"2026-04-29 20:58:34",
1221,"Varga 2 Automation Partner",,"Egyéni Vállalkozó / Szakértő","Budapest, HU",,,85,Entrepreneur-Batch,new,"2026-04-29 20:58:34",
1222,"Horváth 3 Energetikai Szakértő",,"Egyéni Vállalkozó / Szakértő","Tolna, HU",,,85,Entrepreneur-Batch,new,"2026-04-29 20:58:34",
1223,"Németh 4 Rendszergazda",,"Egyéni Vállalkozó / Szakértő","Szekszárd, HU",,,85,Entrepreneur-Batch,new,"2026-04-29 20:58:34",
1224,"Kovács 5 EV - Villamosmérnök",,"Egyéni Vállalkozó / Szakértő","Budapest, HU",,,85,Entrepreneur-Batch,new,"2026-04-29 20:58:34",
1225,"Szabó 6 Tech-Consult",,"Egyéni Vállalkozó / Szakértő","Tolna, HU",,,85,Entrepreneur-Batch,new,"2026-04-29 20:58:34",
1226,"Varga 7 Automation Partner",,"Egyéni Vállalkozó / Szakértő","Szekszárd, HU",,,85,Entrepreneur-Batch,new,"2026-04-29 20:58:34",
1227,"Horváth 8 Energetikai Szakértő",,"Egyéni Vállalkozó / Szakértő","Budapest, HU",,,85,Entrepreneur-Batch,new,"2026-04-29 20:58:34",
1228,"Németh 9 Rendszergazda",,"Egyéni Vállalkozó / Szakértő","Tolna, HU",,,85,Entrepreneur-Batch,new,"2026-04-29 20:58:34",
1229,"Kovács 10 EV - Villamosmérnök",,"Egyéni Vállalkozó / Szakértő","Szekszárd, HU",,,85,Entrepreneur-Batch,new,"2026-04-29 20:58:34",
1230,"Szabó 11 Tech-Consult",,"Egyéni Vállalkozó / Szakértő","Budapest, HU",,,85,Entrepreneur-Batch,new,"2026-04-29 20:58:34",
1231,"Varga 12 Automation Partner",,"Egyéni Vállalkozó / Szakértő","Tolna, HU",,,85,Entrepreneur-Batch,new,"2026-04-29 20:58:34",
1232,"Horváth 13 Energetikai Szakértő",,"Egyéni Vállalkozó / Szakértő","Szekszárd, HU",,,85,Entrepreneur-Batch,new,"2026-04-29 20:58:34",
1233,"Németh 14 Rendszergazda",,"Egyéni Vállalkozó / Szakértő","Budapest, HU",,,85,Entrepreneur-Batch,new,"2026-04-29 20:58:34",
1234,"Kovács 15 EV - Villamosmérnök",,"Egyéni Vállalkozó / Szakértő","Tolna, HU",,,85,Entrepreneur-Batch,new,"2026-04-29 20:58:34",
1235,"Szabó 16 Tech-Consult",,"Egyéni Vállalkozó / Szakértő","Szekszárd, HU",,,85,Entrepreneur-Batch,new,"2026-04-29 20:58:34",
1236,"Varga 17 Automation Partner",,"Egyéni Vállalkozó / Szakértő","Budapest, HU",,,85,Entrepreneur-Batch,new,"2026-04-29 20:58:34",
1237,"Horváth 18 Energetikai Szakértő",,"Egyéni Vállalkozó / Szakértő","Tolna, HU",,,85,Entrepreneur-Batch,new,"2026-04-29 20:58:34",
1238,"Németh 19 Rendszergazda",,"Egyéni Vállalkozó / Szakértő","Szekszárd, HU",,,85,Entrepreneur-Batch,new,"2026-04-29 20:58:34",
1239,"Kovács 20 EV - Villamosmérnök",,"Egyéni Vállalkozó / Szakértő","Budapest, HU",,,85,Entrepreneur-Batch,new,"2026-04-29 20:58:34",
1240,"Szabó 21 Tech-Consult",,"Egyéni Vállalkozó / Szakértő","Tolna, HU",,,85,Entrepreneur-Batch,new,"2026-04-29 20:58:34",
1241,"Varga 22 Automation Partner",,"Egyéni Vállalkozó / Szakértő","Szekszárd, HU",,,85,Entrepreneur-Batch,new,"2026-04-29 20:58:34",
1242,"Horváth 23 Energetikai Szakértő",,"Egyéni Vállalkozó / Szakértő","Budapest, HU",,,85,Entrepreneur-Batch,new,"2026-04-29 20:58:34",
1243,"Németh 24 Rendszergazda",,"Egyéni Vállalkozó / Szakértő","Tolna, HU",,,85,Entrepreneur-Batch,new,"2026-04-29 20:58:34",
1244,"Kovács 25 EV - Villamosmérnök",,"Egyéni Vállalkozó / Szakértő","Szekszárd, HU",,,85,Entrepreneur-Batch,new,"2026-04-29 20:58:34",
1245,"Szabó 26 Tech-Consult",,"Egyéni Vállalkozó / Szakértő","Budapest, HU",,,85,Entrepreneur-Batch,new,"2026-04-29 20:58:34",
1246,"Varga 27 Automation Partner",,"Egyéni Vállalkozó / Szakértő","Tolna, HU",,,85,Entrepreneur-Batch,new,"2026-04-29 20:58:34",
1247,"Horváth 28 Energetikai Szakértő",,"Egyéni Vállalkozó / Szakértő","Szekszárd, HU",,,85,Entrepreneur-Batch,new,"2026-04-29 20:58:34",
1248,"Németh 29 Rendszergazda",,"Egyéni Vállalkozó / Szakértő","Budapest, HU",,,85,Entrepreneur-Batch,new,"2026-04-29 20:58:34",
1249,"Kovács 30 EV - Villamosmérnök",,"Egyéni Vállalkozó / Szakértő","Tolna, HU",,,85,Entrepreneur-Batch,new,"2026-04-29 20:58:34",
1250,"Szabó 31 Tech-Consult",,"Egyéni Vállalkozó / Szakértő","Szekszárd, HU",,,85,Entrepreneur-Batch,new,"2026-04-29 20:58:34",
1251,"Varga 32 Automation Partner",,"Egyéni Vállalkozó / Szakértő","Budapest, HU",,,85,Entrepreneur-Batch,new,"2026-04-29 20:58:34",
1252,"Horváth 33 Energetikai Szakértő",,"Egyéni Vállalkozó / Szakértő","Tolna, HU",,,85,Entrepreneur-Batch,new,"2026-04-29 20:58:34",
1253,"Németh 34 Rendszergazda",,"Egyéni Vállalkozó / Szakértő","Szekszárd, HU",,,85,Entrepreneur-Batch,new,"2026-04-29 20:58:34",
1254,"Kovács 35 EV - Villamosmérnök",,"Egyéni Vállalkozó / Szakértő","Budapest, HU",,,85,Entrepreneur-Batch,new,"2026-04-29 20:58:34",
1255,"Szabó 36 Tech-Consult",,"Egyéni Vállalkozó / Szakértő","Tolna, HU",,,85,Entrepreneur-Batch,new,"2026-04-29 20:58:34",
1256,"Varga 37 Automation Partner",,"Egyéni Vállalkozó / Szakértő","Szekszárd, HU",,,85,Entrepreneur-Batch,new,"2026-04-29 20:58:34",
1257,"Horváth 38 Energetikai Szakértő",,"Egyéni Vállalkozó / Szakértő","Budapest, HU",,,85,Entrepreneur-Batch,new,"2026-04-29 20:58:34",
1258,"Németh 39 Rendszergazda",,"Egyéni Vállalkozó / Szakértő","Tolna, HU",,,85,Entrepreneur-Batch,new,"2026-04-29 20:58:34",
1259,"Kovács 40 EV - Villamosmérnök",,"Egyéni Vállalkozó / Szakértő","Szekszárd, HU",,,85,Entrepreneur-Batch,new,"2026-04-29 20:58:34",
1260,"Szabó 41 Tech-Consult",,"Egyéni Vállalkozó / Szakértő","Budapest, HU",,,85,Entrepreneur-Batch,new,"2026-04-29 20:58:34",
1261,"Varga 42 Automation Partner",,"Egyéni Vállalkozó / Szakértő","Tolna, HU",,,85,Entrepreneur-Batch,new,"2026-04-29 20:58:34",
1262,"Horváth 43 Energetikai Szakértő",,"Egyéni Vállalkozó / Szakértő","Szekszárd, HU",,,85,Entrepreneur-Batch,new,"2026-04-29 20:58:34",
1263,"Németh 44 Rendszergazda",,"Egyéni Vállalkozó / Szakértő","Budapest, HU",,,85,Entrepreneur-Batch,new,"2026-04-29 20:58:34",
1264,"Kovács 45 EV - Villamosmérnök",,"Egyéni Vállalkozó / Szakértő","Tolna, HU",,,85,Entrepreneur-Batch,new,"2026-04-29 20:58:34",
1265,"Szabó 46 Tech-Consult",,"Egyéni Vállalkozó / Szakértő","Szekszárd, HU",,,85,Entrepreneur-Batch,new,"2026-04-29 20:58:34",
1266,"Varga 47 Automation Partner",,"Egyéni Vállalkozó / Szakértő","Budapest, HU",,,85,Entrepreneur-Batch,new,"2026-04-29 20:58:34",
1267,"Horváth 48 Energetikai Szakértő",,"Egyéni Vállalkozó / Szakértő","Tolna, HU",,,85,Entrepreneur-Batch,new,"2026-04-29 20:58:34",
1268,"Németh 49 Rendszergazda",,"Egyéni Vállalkozó / Szakértő","Szekszárd, HU",,,85,Entrepreneur-Batch,new,"2026-04-29 20:58:34",
1269,"Kovács 50 EV - Villamosmérnök",,"Egyéni Vállalkozó / Szakértő","Budapest, HU",,,85,Entrepreneur-Batch,new,"2026-04-29 20:58:34",
1270,"Szabó 51 Tech-Consult",,"Egyéni Vállalkozó / Szakértő","Tolna, HU",,,85,Entrepreneur-Batch,new,"2026-04-29 20:58:34",
1271,"Varga 52 Automation Partner",,"Egyéni Vállalkozó / Szakértő","Szekszárd, HU",,,85,Entrepreneur-Batch,new,"2026-04-29 20:58:34",
1272,"Horváth 53 Energetikai Szakértő",,"Egyéni Vállalkozó / Szakértő","Budapest, HU",,,85,Entrepreneur-Batch,new,"2026-04-29 20:58:34",
1273,"Németh 54 Rendszergazda",,"Egyéni Vállalkozó / Szakértő","Tolna, HU",,,85,Entrepreneur-Batch,new,"2026-04-29 20:58:34",
1274,"Kovács 55 EV - Villamosmérnök",,"Egyéni Vállalkozó / Szakértő","Szekszárd, HU",,,85,Entrepreneur-Batch,new,"2026-04-29 20:58:34",
1275,"Szabó 56 Tech-Consult",,"Egyéni Vállalkozó / Szakértő","Budapest, HU",,,85,Entrepreneur-Batch,new,"2026-04-29 20:58:34",
1276,"Varga 57 Automation Partner",,"Egyéni Vállalkozó / Szakértő","Tolna, HU",,,85,Entrepreneur-Batch,new,"2026-04-29 20:58:34",
1277,"Horváth 58 Energetikai Szakértő",,"Egyéni Vállalkozó / Szakértő","Szekszárd, HU",,,85,Entrepreneur-Batch,new,"2026-04-29 20:58:34",
1278,"Németh 59 Rendszergazda",,"Egyéni Vállalkozó / Szakértő","Budapest, HU",,,85,Entrepreneur-Batch,new,"2026-04-29 20:58:34",
1279,"Kovács 60 EV - Villamosmérnök",,"Egyéni Vállalkozó / Szakértő","Tolna, HU",,,85,Entrepreneur-Batch,new,"2026-04-29 20:58:34",
1280,"Szabó 61 Tech-Consult",,"Egyéni Vállalkozó / Szakértő","Szekszárd, HU",,,85,Entrepreneur-Batch,new,"2026-04-29 20:58:34",
1281,"Varga 62 Automation Partner",,"Egyéni Vállalkozó / Szakértő","Budapest, HU",,,85,Entrepreneur-Batch,new,"2026-04-29 20:58:34",
1282,"Horváth 63 Energetikai Szakértő",,"Egyéni Vállalkozó / Szakértő","Tolna, HU",,,85,Entrepreneur-Batch,new,"2026-04-29 20:58:34",
1283,"Németh 64 Rendszergazda",,"Egyéni Vállalkozó / Szakértő","Szekszárd, HU",,,85,Entrepreneur-Batch,new,"2026-04-29 20:58:34",
1284,"Kovács 65 EV - Villamosmérnök",,"Egyéni Vállalkozó / Szakértő","Budapest, HU",,,85,Entrepreneur-Batch,new,"2026-04-29 20:58:34",
1285,"Szabó 66 Tech-Consult",,"Egyéni Vállalkozó / Szakértő","Tolna, HU",,,85,Entrepreneur-Batch,new,"2026-04-29 20:58:34",
1286,"Varga 67 Automation Partner",,"Egyéni Vállalkozó / Szakértő","Szekszárd, HU",,,85,Entrepreneur-Batch,new,"2026-04-29 20:58:34",
1287,"Horváth 68 Energetikai Szakértő",,"Egyéni Vállalkozó / Szakértő","Budapest, HU",,,85,Entrepreneur-Batch,new,"2026-04-29 20:58:34",
1288,"Németh 69 Rendszergazda",,"Egyéni Vállalkozó / Szakértő","Tolna, HU",,,85,Entrepreneur-Batch,new,"2026-04-29 20:58:34",
1289,"Kovács 70 EV - Villamosmérnök",,"Egyéni Vállalkozó / Szakértő","Szekszárd, HU",,,85,Entrepreneur-Batch,new,"2026-04-29 20:58:34",
1290,"Szabó 71 Tech-Consult",,"Egyéni Vállalkozó / Szakértő","Budapest, HU",,,85,Entrepreneur-Batch,new,"2026-04-29 20:58:34",
1291,"Varga 72 Automation Partner",,"Egyéni Vállalkozó / Szakértő","Tolna, HU",,,85,Entrepreneur-Batch,new,"2026-04-29 20:58:34",
1292,"Horváth 73 Energetikai Szakértő",,"Egyéni Vállalkozó / Szakértő","Szekszárd, HU",,,85,Entrepreneur-Batch,new,"2026-04-29 20:58:34",
1293,"Németh 74 Rendszergazda",,"Egyéni Vállalkozó / Szakértő","Budapest, HU",,,85,Entrepreneur-Batch,new,"2026-04-29 20:58:34",
1294,"Kovács 75 EV - Villamosmérnök",,"Egyéni Vállalkozó / Szakértő","Tolna, HU",,,85,Entrepreneur-Batch,new,"2026-04-29 20:58:34",
1295,"Szabó 76 Tech-Consult",,"Egyéni Vállalkozó / Szakértő","Szekszárd, HU",,,85,Entrepreneur-Batch,new,"2026-04-29 20:58:34",
1296,"Varga 77 Automation Partner",,"Egyéni Vállalkozó / Szakértő","Budapest, HU",,,85,Entrepreneur-Batch,new,"2026-04-29 20:58:34",
1297,"Horváth 78 Energetikai Szakértő",,"Egyéni Vállalkozó / Szakértő","Tolna, HU",,,85,Entrepreneur-Batch,new,"2026-04-29 20:58:34",
1298,"Németh 79 Rendszergazda",,"Egyéni Vállalkozó / Szakértő","Szekszárd, HU",,,85,Entrepreneur-Batch,new,"2026-04-29 20:58:34",
1299,"Kovács 80 EV - Villamosmérnök",,"Egyéni Vállalkozó / Szakértő","Budapest, HU",,,85,Entrepreneur-Batch,new,"2026-04-29 20:58:34",
1300,"Szabó 81 Tech-Consult",,"Egyéni Vállalkozó / Szakértő","Tolna, HU",,,85,Entrepreneur-Batch,new,"2026-04-29 20:58:34",
1301,"Varga 82 Automation Partner",,"Egyéni Vállalkozó / Szakértő","Szekszárd, HU",,,85,Entrepreneur-Batch,new,"2026-04-29 20:58:34",
1302,"Horváth 83 Energetikai Szakértő",,"Egyéni Vállalkozó / Szakértő","Budapest, HU",,,85,Entrepreneur-Batch,new,"2026-04-29 20:58:34",
1303,"Németh 84 Rendszergazda",,"Egyéni Vállalkozó / Szakértő","Tolna, HU",,,85,Entrepreneur-Batch,new,"2026-04-29 20:58:34",
1304,"Kovács 85 EV - Villamosmérnök",,"Egyéni Vállalkozó / Szakértő","Szekszárd, HU",,,85,Entrepreneur-Batch,new,"2026-04-29 20:58:34",
1305,"Szabó 86 Tech-Consult",,"Egyéni Vállalkozó / Szakértő","Budapest, HU",,,85,Entrepreneur-Batch,new,"2026-04-29 20:58:34",
1306,"Varga 87 Automation Partner",,"Egyéni Vállalkozó / Szakértő","Tolna, HU",,,85,Entrepreneur-Batch,new,"2026-04-29 20:58:34",
1307,"Horváth 88 Energetikai Szakértő",,"Egyéni Vállalkozó / Szakértő","Szekszárd, HU",,,85,Entrepreneur-Batch,new,"2026-04-29 20:58:34",
1308,"Németh 89 Rendszergazda",,"Egyéni Vállalkozó / Szakértő","Budapest, HU",,,85,Entrepreneur-Batch,new,"2026-04-29 20:58:34",
1309,"Kovács 90 EV - Villamosmérnök",,"Egyéni Vállalkozó / Szakértő","Tolna, HU",,,85,Entrepreneur-Batch,new,"2026-04-29 20:58:34",
1310,"Szabó 91 Tech-Consult",,"Egyéni Vállalkozó / Szakértő","Szekszárd, HU",,,85,Entrepreneur-Batch,new,"2026-04-29 20:58:34",
1311,"Varga 92 Automation Partner",,"Egyéni Vállalkozó / Szakértő","Budapest, HU",,,85,Entrepreneur-Batch,new,"2026-04-29 20:58:34",
1312,"Horváth 93 Energetikai Szakértő",,"Egyéni Vállalkozó / Szakértő","Tolna, HU",,,85,Entrepreneur-Batch,new,"2026-04-29 20:58:34",
1313,"Németh 94 Rendszergazda",,"Egyéni Vállalkozó / Szakértő","Szekszárd, HU",,,85,Entrepreneur-Batch,new,"2026-04-29 20:58:34",
1314,"Kovács 95 EV - Villamosmérnök",,"Egyéni Vállalkozó / Szakértő","Budapest, HU",,,85,Entrepreneur-Batch,new,"2026-04-29 20:58:34",
1315,"Szabó 96 Tech-Consult",,"Egyéni Vállalkozó / Szakértő","Tolna, HU",,,85,Entrepreneur-Batch,new,"2026-04-29 20:58:34",
1316,"Varga 97 Automation Partner",,"Egyéni Vállalkozó / Szakértő","Szekszárd, HU",,,85,Entrepreneur-Batch,new,"2026-04-29 20:58:34",
1317,"Horváth 98 Energetikai Szakértő",,"Egyéni Vállalkozó / Szakértő","Budapest, HU",,,85,Entrepreneur-Batch,new,"2026-04-29 20:58:34",
1318,"Németh 99 Rendszergazda",,"Egyéni Vállalkozó / Szakértő","Tolna, HU",,,85,Entrepreneur-Batch,new,"2026-04-29 20:58:34",
1319,"Kovács 100 EV - Villamosmérnök",,"Egyéni Vállalkozó / Szakértő","Szekszárd, HU",,,85,Entrepreneur-Batch,new,"2026-04-29 20:58:34",
1320,"Szabó 101 Tech-Consult",,"Egyéni Vállalkozó / Szakértő","Budapest, HU",,,85,Entrepreneur-Batch,new,"2026-04-29 20:58:34",
1321,"Varga 102 Automation Partner",,"Egyéni Vállalkozó / Szakértő","Tolna, HU",,,85,Entrepreneur-Batch,new,"2026-04-29 20:58:34",
1322,"Horváth 103 Energetikai Szakértő",,"Egyéni Vállalkozó / Szakértő","Szekszárd, HU",,,85,Entrepreneur-Batch,new,"2026-04-29 20:58:34",
1323,"Németh 104 Rendszergazda",,"Egyéni Vállalkozó / Szakértő","Budapest, HU",,,85,Entrepreneur-Batch,new,"2026-04-29 20:58:34",
1324,"Kovács 105 EV - Villamosmérnök",,"Egyéni Vállalkozó / Szakértő","Tolna, HU",,,85,Entrepreneur-Batch,new,"2026-04-29 20:58:34",
1325,"Szabó 106 Tech-Consult",,"Egyéni Vállalkozó / Szakértő","Szekszárd, HU",,,85,Entrepreneur-Batch,new,"2026-04-29 20:58:34",
1326,"Varga 107 Automation Partner",,"Egyéni Vállalkozó / Szakértő","Budapest, HU",,,85,Entrepreneur-Batch,new,"2026-04-29 20:58:34",
1327,"Horváth 108 Energetikai Szakértő",,"Egyéni Vállalkozó / Szakértő","Tolna, HU",,,85,Entrepreneur-Batch,new,"2026-04-29 20:58:34",
1328,"Németh 109 Rendszergazda",,"Egyéni Vállalkozó / Szakértő","Szekszárd, HU",,,85,Entrepreneur-Batch,new,"2026-04-29 20:58:34",
1329,"Kovács 110 EV - Villamosmérnök",,"Egyéni Vállalkozó / Szakértő","Budapest, HU",,,85,Entrepreneur-Batch,new,"2026-04-29 20:58:34",
1330,"Szabó 111 Tech-Consult",,"Egyéni Vállalkozó / Szakértő","Tolna, HU",,,85,Entrepreneur-Batch,new,"2026-04-29 20:58:34",
1331,"Varga 112 Automation Partner",,"Egyéni Vállalkozó / Szakértő","Szekszárd, HU",,,85,Entrepreneur-Batch,new,"2026-04-29 20:58:34",
1332,"Horváth 113 Energetikai Szakértő",,"Egyéni Vállalkozó / Szakértő","Budapest, HU",,,85,Entrepreneur-Batch,new,"2026-04-29 20:58:34",
1333,"Németh 114 Rendszergazda",,"Egyéni Vállalkozó / Szakértő","Tolna, HU",,,85,Entrepreneur-Batch,new,"2026-04-29 20:58:34",
1334,"Kovács 115 EV - Villamosmérnök",,"Egyéni Vállalkozó / Szakértő","Szekszárd, HU",,,85,Entrepreneur-Batch,new,"2026-04-29 20:58:34",
1335,"Szabó 116 Tech-Consult",,"Egyéni Vállalkozó / Szakértő","Budapest, HU",,,85,Entrepreneur-Batch,new,"2026-04-29 20:58:34",
1336,"Varga 117 Automation Partner",,"Egyéni Vállalkozó / Szakértő","Tolna, HU",,,85,Entrepreneur-Batch,new,"2026-04-29 20:58:34",
1337,"Horváth 118 Energetikai Szakértő",,"Egyéni Vállalkozó / Szakértő","Szekszárd, HU",,,85,Entrepreneur-Batch,new,"2026-04-29 20:58:34",
1338,"Németh 119 Rendszergazda",,"Egyéni Vállalkozó / Szakértő","Budapest, HU",,,85,Entrepreneur-Batch,new,"2026-04-29 20:58:34",
1339,"Kovács 120 EV - Villamosmérnök",,"Egyéni Vállalkozó / Szakértő","Tolna, HU",,,85,Entrepreneur-Batch,new,"2026-04-29 20:58:34",
1340,"Szabó 121 Tech-Consult",,"Egyéni Vállalkozó / Szakértő","Szekszárd, HU",,,85,Entrepreneur-Batch,new,"2026-04-29 20:58:34",
1341,"Varga 122 Automation Partner",,"Egyéni Vállalkozó / Szakértő","Budapest, HU",,,85,Entrepreneur-Batch,new,"2026-04-29 20:58:34",
1342,"Horváth 123 Energetikai Szakértő",,"Egyéni Vállalkozó / Szakértő","Tolna, HU",,,85,Entrepreneur-Batch,new,"2026-04-29 20:58:34",
1343,"Németh 124 Rendszergazda",,"Egyéni Vállalkozó / Szakértő","Szekszárd, HU",,,85,Entrepreneur-Batch,new,"2026-04-29 20:58:34",
1344,"Kovács 125 EV - Villamosmérnök",,"Egyéni Vállalkozó / Szakértő","Budapest, HU",,,85,Entrepreneur-Batch,new,"2026-04-29 20:58:34",
1345,"Szabó 126 Tech-Consult",,"Egyéni Vállalkozó / Szakértő","Tolna, HU",,,85,Entrepreneur-Batch,new,"2026-04-29 20:58:34",
1346,"Varga 127 Automation Partner",,"Egyéni Vállalkozó / Szakértő","Szekszárd, HU",,,85,Entrepreneur-Batch,new,"2026-04-29 20:58:34",
1347,"Horváth 128 Energetikai Szakértő",,"Egyéni Vállalkozó / Szakértő","Budapest, HU",,,85,Entrepreneur-Batch,new,"2026-04-29 20:58:34",
1348,"Németh 129 Rendszergazda",,"Egyéni Vállalkozó / Szakértő","Tolna, HU",,,85,Entrepreneur-Batch,new,"2026-04-29 20:58:34",
1349,"Kovács 130 EV - Villamosmérnök",,"Egyéni Vállalkozó / Szakértő","Szekszárd, HU",,,85,Entrepreneur-Batch,new,"2026-04-29 20:58:34",
1350,"Szabó 131 Tech-Consult",,"Egyéni Vállalkozó / Szakértő","Budapest, HU",,,85,Entrepreneur-Batch,new,"2026-04-29 20:58:34",
1351,"Varga 132 Automation Partner",,"Egyéni Vállalkozó / Szakértő","Tolna, HU",,,85,Entrepreneur-Batch,new,"2026-04-29 20:58:34",
1352,"Horváth 133 Energetikai Szakértő",,"Egyéni Vállalkozó / Szakértő","Szekszárd, HU",,,85,Entrepreneur-Batch,new,"2026-04-29 20:58:34",
1353,"Németh 134 Rendszergazda",,"Egyéni Vállalkozó / Szakértő","Budapest, HU",,,85,Entrepreneur-Batch,new,"2026-04-29 20:58:34",
1354,"Kovács 135 EV - Villamosmérnök",,"Egyéni Vállalkozó / Szakértő","Tolna, HU",,,85,Entrepreneur-Batch,new,"2026-04-29 20:58:34",
1355,"Szabó 136 Tech-Consult",,"Egyéni Vállalkozó / Szakértő","Szekszárd, HU",,,85,Entrepreneur-Batch,new,"2026-04-29 20:58:34",
1356,"Varga 137 Automation Partner",,"Egyéni Vállalkozó / Szakértő","Budapest, HU",,,85,Entrepreneur-Batch,new,"2026-04-29 20:58:34",
1357,"Horváth 138 Energetikai Szakértő",,"Egyéni Vállalkozó / Szakértő","Tolna, HU",,,85,Entrepreneur-Batch,new,"2026-04-29 20:58:34",
1358,"Németh 139 Rendszergazda",,"Egyéni Vállalkozó / Szakértő","Szekszárd, HU",,,85,Entrepreneur-Batch,new,"2026-04-29 20:58:34",
1359,"Kovács 140 EV - Villamosmérnök",,"Egyéni Vállalkozó / Szakértő","Budapest, HU",,,85,Entrepreneur-Batch,new,"2026-04-29 20:58:34",
1360,"Szabó 141 Tech-Consult",,"Egyéni Vállalkozó / Szakértő","Tolna, HU",,,85,Entrepreneur-Batch,new,"2026-04-29 20:58:34",
1361,"Varga 142 Automation Partner",,"Egyéni Vállalkozó / Szakértő","Szekszárd, HU",,,85,Entrepreneur-Batch,new,"2026-04-29 20:58:34",
1362,"Horváth 143 Energetikai Szakértő",,"Egyéni Vállalkozó / Szakértő","Budapest, HU",,,85,Entrepreneur-Batch,new,"2026-04-29 20:58:34",
1363,"Németh 144 Rendszergazda",,"Egyéni Vállalkozó / Szakértő","Tolna, HU",,,85,Entrepreneur-Batch,new,"2026-04-29 20:58:34",
1364,"Kovács 145 EV - Villamosmérnök",,"Egyéni Vállalkozó / Szakértő","Szekszárd, HU",,,85,Entrepreneur-Batch,new,"2026-04-29 20:58:34",
1365,"Szabó 146 Tech-Consult",,"Egyéni Vállalkozó / Szakértő","Budapest, HU",,,85,Entrepreneur-Batch,new,"2026-04-29 20:58:34",
1366,"Varga 147 Automation Partner",,"Egyéni Vállalkozó / Szakértő","Tolna, HU",,,85,Entrepreneur-Batch,new,"2026-04-29 20:58:34",
1367,"Horváth 148 Energetikai Szakértő",,"Egyéni Vállalkozó / Szakértő","Szekszárd, HU",,,85,Entrepreneur-Batch,new,"2026-04-29 20:58:34",
1368,"Németh 149 Rendszergazda",,"Egyéni Vállalkozó / Szakértő","Budapest, HU",,,85,Entrepreneur-Batch,new,"2026-04-29 20:58:34",
1369,"Kovács 150 EV - Villamosmérnök",,"Egyéni Vállalkozó / Szakértő","Tolna, HU",,,85,Entrepreneur-Batch,new,"2026-04-29 20:58:34",
1370,"Müller 1 Engineering Services",,"Independent Precision Engineer","Zürich, CH",,,92,Entrepreneur-Batch,new,"2026-04-29 20:58:34",
1371,"Müller 2 Engineering Services",,"Independent Precision Engineer","Zürich, CH",,,92,Entrepreneur-Batch,new,"2026-04-29 20:58:34",
1372,"Müller 3 Engineering Services",,"Independent Precision Engineer","Zürich, CH",,,92,Entrepreneur-Batch,new,"2026-04-29 20:58:34",
1373,"Müller 4 Engineering Services",,"Independent Precision Engineer","Zürich, CH",,,92,Entrepreneur-Batch,new,"2026-04-29 20:58:34",
1374,"Müller 5 Engineering Services",,"Independent Precision Engineer","Zürich, CH",,,92,Entrepreneur-Batch,new,"2026-04-29 20:58:34",
1375,"Müller 6 Engineering Services",,"Independent Precision Engineer","Zürich, CH",,,92,Entrepreneur-Batch,new,"2026-04-29 20:58:34",
1376,"Müller 7 Engineering Services",,"Independent Precision Engineer","Zürich, CH",,,92,Entrepreneur-Batch,new,"2026-04-29 20:58:34",
1377,"Müller 8 Engineering Services",,"Independent Precision Engineer","Zürich, CH",,,92,Entrepreneur-Batch,new,"2026-04-29 20:58:34",
1378,"Müller 9 Engineering Services",,"Independent Precision Engineer","Zürich, CH",,,92,Entrepreneur-Batch,new,"2026-04-29 20:58:34",
1379,"Müller 10 Engineering Services",,"Independent Precision Engineer","Zürich, CH",,,92,Entrepreneur-Batch,new,"2026-04-29 20:58:34",
1380,"Müller 11 Engineering Services",,"Independent Precision Engineer","Zürich, CH",,,92,Entrepreneur-Batch,new,"2026-04-29 20:58:34",
1381,"Müller 12 Engineering Services",,"Independent Precision Engineer","Zürich, CH",,,92,Entrepreneur-Batch,new,"2026-04-29 20:58:34",
1382,"Müller 13 Engineering Services",,"Independent Precision Engineer","Zürich, CH",,,92,Entrepreneur-Batch,new,"2026-04-29 20:58:34",
1383,"Müller 14 Engineering Services",,"Independent Precision Engineer","Zürich, CH",,,92,Entrepreneur-Batch,new,"2026-04-29 20:58:34",
1384,"Müller 15 Engineering Services",,"Independent Precision Engineer","Zürich, CH",,,92,Entrepreneur-Batch,new,"2026-04-29 20:58:34",
1385,"Müller 16 Engineering Services",,"Independent Precision Engineer","Zürich, CH",,,92,Entrepreneur-Batch,new,"2026-04-29 20:58:34",
1386,"Müller 17 Engineering Services",,"Independent Precision Engineer","Zürich, CH",,,92,Entrepreneur-Batch,new,"2026-04-29 20:58:34",
1387,"Müller 18 Engineering Services",,"Independent Precision Engineer","Zürich, CH",,,92,Entrepreneur-Batch,new,"2026-04-29 20:58:34",
1388,"Müller 19 Engineering Services",,"Independent Precision Engineer","Zürich, CH",,,92,Entrepreneur-Batch,new,"2026-04-29 20:58:34",
1389,"Müller 20 Engineering Services",,"Independent Precision Engineer","Zürich, CH",,,92,Entrepreneur-Batch,new,"2026-04-29 20:58:34",
1390,"Müller 21 Engineering Services",,"Independent Precision Engineer","Zürich, CH",,,92,Entrepreneur-Batch,new,"2026-04-29 20:58:34",
1391,"Müller 22 Engineering Services",,"Independent Precision Engineer","Zürich, CH",,,92,Entrepreneur-Batch,new,"2026-04-29 20:58:34",
1392,"Müller 23 Engineering Services",,"Independent Precision Engineer","Zürich, CH",,,92,Entrepreneur-Batch,new,"2026-04-29 20:58:34",
1393,"Müller 24 Engineering Services",,"Independent Precision Engineer","Zürich, CH",,,92,Entrepreneur-Batch,new,"2026-04-29 20:58:34",
1394,"Müller 25 Engineering Services",,"Independent Precision Engineer","Zürich, CH",,,92,Entrepreneur-Batch,new,"2026-04-29 20:58:34",
1395,"Müller 26 Engineering Services",,"Independent Precision Engineer","Zürich, CH",,,92,Entrepreneur-Batch,new,"2026-04-29 20:58:34",
1396,"Müller 27 Engineering Services",,"Independent Precision Engineer","Zürich, CH",,,92,Entrepreneur-Batch,new,"2026-04-29 20:58:34",
1397,"Müller 28 Engineering Services",,"Independent Precision Engineer","Zürich, CH",,,92,Entrepreneur-Batch,new,"2026-04-29 20:58:34",
1398,"Müller 29 Engineering Services",,"Independent Precision Engineer","Zürich, CH",,,92,Entrepreneur-Batch,new,"2026-04-29 20:58:34",
1399,"Müller 30 Engineering Services",,"Independent Precision Engineer","Zürich, CH",,,92,Entrepreneur-Batch,new,"2026-04-29 20:58:34",
1400,"Müller 31 Engineering Services",,"Independent Precision Engineer","Zürich, CH",,,92,Entrepreneur-Batch,new,"2026-04-29 20:58:34",
1401,"Müller 32 Engineering Services",,"Independent Precision Engineer","Zürich, CH",,,92,Entrepreneur-Batch,new,"2026-04-29 20:58:34",
1402,"Müller 33 Engineering Services",,"Independent Precision Engineer","Zürich, CH",,,92,Entrepreneur-Batch,new,"2026-04-29 20:58:34",
1403,"Müller 34 Engineering Services",,"Independent Precision Engineer","Zürich, CH",,,92,Entrepreneur-Batch,new,"2026-04-29 20:58:34",
1404,"Müller 35 Engineering Services",,"Independent Precision Engineer","Zürich, CH",,,92,Entrepreneur-Batch,new,"2026-04-29 20:58:34",
1405,"Müller 36 Engineering Services",,"Independent Precision Engineer","Zürich, CH",,,92,Entrepreneur-Batch,new,"2026-04-29 20:58:34",
1406,"Müller 37 Engineering Services",,"Independent Precision Engineer","Zürich, CH",,,92,Entrepreneur-Batch,new,"2026-04-29 20:58:34",
1407,"Müller 38 Engineering Services",,"Independent Precision Engineer","Zürich, CH",,,92,Entrepreneur-Batch,new,"2026-04-29 20:58:34",
1408,"Müller 39 Engineering Services",,"Independent Precision Engineer","Zürich, CH",,,92,Entrepreneur-Batch,new,"2026-04-29 20:58:34",
1409,"Müller 40 Engineering Services",,"Independent Precision Engineer","Zürich, CH",,,92,Entrepreneur-Batch,new,"2026-04-29 20:58:34",
1410,"Müller 41 Engineering Services",,"Independent Precision Engineer","Zürich, CH",,,92,Entrepreneur-Batch,new,"2026-04-29 20:58:34",
1411,"Müller 42 Engineering Services",,"Independent Precision Engineer","Zürich, CH",,,92,Entrepreneur-Batch,new,"2026-04-29 20:58:34",
1412,"Müller 43 Engineering Services",,"Independent Precision Engineer","Zürich, CH",,,92,Entrepreneur-Batch,new,"2026-04-29 20:58:34",
1413,"Müller 44 Engineering Services",,"Independent Precision Engineer","Zürich, CH",,,92,Entrepreneur-Batch,new,"2026-04-29 20:58:34",
1414,"Müller 45 Engineering Services",,"Independent Precision Engineer","Zürich, CH",,,92,Entrepreneur-Batch,new,"2026-04-29 20:58:34",
1415,"Müller 46 Engineering Services",,"Independent Precision Engineer","Zürich, CH",,,92,Entrepreneur-Batch,new,"2026-04-29 20:58:34",
1416,"Müller 47 Engineering Services",,"Independent Precision Engineer","Zürich, CH",,,92,Entrepreneur-Batch,new,"2026-04-29 20:58:34",
1417,"Müller 48 Engineering Services",,"Independent Precision Engineer","Zürich, CH",,,92,Entrepreneur-Batch,new,"2026-04-29 20:58:34",
1418,"Müller 49 Engineering Services",,"Independent Precision Engineer","Zürich, CH",,,92,Entrepreneur-Batch,new,"2026-04-29 20:58:34",
1419,"Müller 50 Engineering Services",,"Independent Precision Engineer","Zürich, CH",,,92,Entrepreneur-Batch,new,"2026-04-29 20:58:34",
1420,"Müller 51 Engineering Services",,"Independent Precision Engineer","Zürich, CH",,,92,Entrepreneur-Batch,new,"2026-04-29 20:58:34",
1421,"Müller 52 Engineering Services",,"Independent Precision Engineer","Zürich, CH",,,92,Entrepreneur-Batch,new,"2026-04-29 20:58:34",
1422,"Müller 53 Engineering Services",,"Independent Precision Engineer","Zürich, CH",,,92,Entrepreneur-Batch,new,"2026-04-29 20:58:34",
1423,"Müller 54 Engineering Services",,"Independent Precision Engineer","Zürich, CH",,,92,Entrepreneur-Batch,new,"2026-04-29 20:58:34",
1424,"Müller 55 Engineering Services",,"Independent Precision Engineer","Zürich, CH",,,92,Entrepreneur-Batch,new,"2026-04-29 20:58:34",
1425,"Müller 56 Engineering Services",,"Independent Precision Engineer","Zürich, CH",,,92,Entrepreneur-Batch,new,"2026-04-29 20:58:34",
1426,"Müller 57 Engineering Services",,"Independent Precision Engineer","Zürich, CH",,,92,Entrepreneur-Batch,new,"2026-04-29 20:58:34",
1427,"Müller 58 Engineering Services",,"Independent Precision Engineer","Zürich, CH",,,92,Entrepreneur-Batch,new,"2026-04-29 20:58:34",
1428,"Müller 59 Engineering Services",,"Independent Precision Engineer","Zürich, CH",,,92,Entrepreneur-Batch,new,"2026-04-29 20:58:34",
1429,"Müller 60 Engineering Services",,"Independent Precision Engineer","Zürich, CH",,,92,Entrepreneur-Batch,new,"2026-04-29 20:58:34",
1430,"Müller 61 Engineering Services",,"Independent Precision Engineer","Zürich, CH",,,92,Entrepreneur-Batch,new,"2026-04-29 20:58:34",
1431,"Müller 62 Engineering Services",,"Independent Precision Engineer","Zürich, CH",,,92,Entrepreneur-Batch,new,"2026-04-29 20:58:34",
1432,"Müller 63 Engineering Services",,"Independent Precision Engineer","Zürich, CH",,,92,Entrepreneur-Batch,new,"2026-04-29 20:58:34",
1433,"Müller 64 Engineering Services",,"Independent Precision Engineer","Zürich, CH",,,92,Entrepreneur-Batch,new,"2026-04-29 20:58:34",
1434,"Müller 65 Engineering Services",,"Independent Precision Engineer","Zürich, CH",,,92,Entrepreneur-Batch,new,"2026-04-29 20:58:34",
1435,"Müller 66 Engineering Services",,"Independent Precision Engineer","Zürich, CH",,,92,Entrepreneur-Batch,new,"2026-04-29 20:58:34",
1436,"Müller 67 Engineering Services",,"Independent Precision Engineer","Zürich, CH",,,92,Entrepreneur-Batch,new,"2026-04-29 20:58:34",
1437,"Müller 68 Engineering Services",,"Independent Precision Engineer","Zürich, CH",,,92,Entrepreneur-Batch,new,"2026-04-29 20:58:34",
1438,"Müller 69 Engineering Services",,"Independent Precision Engineer","Zürich, CH",,,92,Entrepreneur-Batch,new,"2026-04-29 20:58:34",
1439,"Müller 70 Engineering Services",,"Independent Precision Engineer","Zürich, CH",,,92,Entrepreneur-Batch,new,"2026-04-29 20:58:34",
1440,"Müller 71 Engineering Services",,"Independent Precision Engineer","Zürich, CH",,,92,Entrepreneur-Batch,new,"2026-04-29 20:58:34",
1441,"Müller 72 Engineering Services",,"Independent Precision Engineer","Zürich, CH",,,92,Entrepreneur-Batch,new,"2026-04-29 20:58:34",
1442,"Müller 73 Engineering Services",,"Independent Precision Engineer","Zürich, CH",,,92,Entrepreneur-Batch,new,"2026-04-29 20:58:34",
1443,"Müller 74 Engineering Services",,"Independent Precision Engineer","Zürich, CH",,,92,Entrepreneur-Batch,new,"2026-04-29 20:58:34",
1444,"Müller 75 Engineering Services",,"Independent Precision Engineer","Zürich, CH",,,92,Entrepreneur-Batch,new,"2026-04-29 20:58:34",
1445,"Müller 76 Engineering Services",,"Independent Precision Engineer","Zürich, CH",,,92,Entrepreneur-Batch,new,"2026-04-29 20:58:34",
1446,"Müller 77 Engineering Services",,"Independent Precision Engineer","Zürich, CH",,,92,Entrepreneur-Batch,new,"2026-04-29 20:58:34",
1447,"Müller 78 Engineering Services",,"Independent Precision Engineer","Zürich, CH",,,92,Entrepreneur-Batch,new,"2026-04-29 20:58:34",
1448,"Müller 79 Engineering Services",,"Independent Precision Engineer","Zürich, CH",,,92,Entrepreneur-Batch,new,"2026-04-29 20:58:34",
1449,"Müller 80 Engineering Services",,"Independent Precision Engineer","Zürich, CH",,,92,Entrepreneur-Batch,new,"2026-04-29 20:58:34",
1450,"Müller 81 Engineering Services",,"Independent Precision Engineer","Zürich, CH",,,92,Entrepreneur-Batch,new,"2026-04-29 20:58:34",
1451,"Müller 82 Engineering Services",,"Independent Precision Engineer","Zürich, CH",,,92,Entrepreneur-Batch,new,"2026-04-29 20:58:34",
1452,"Müller 83 Engineering Services",,"Independent Precision Engineer","Zürich, CH",,,92,Entrepreneur-Batch,new,"2026-04-29 20:58:34",
1453,"Müller 84 Engineering Services",,"Independent Precision Engineer","Zürich, CH",,,92,Entrepreneur-Batch,new,"2026-04-29 20:58:34",
1454,"Müller 85 Engineering Services",,"Independent Precision Engineer","Zürich, CH",,,92,Entrepreneur-Batch,new,"2026-04-29 20:58:34",
1455,"Müller 86 Engineering Services",,"Independent Precision Engineer","Zürich, CH",,,92,Entrepreneur-Batch,new,"2026-04-29 20:58:34",
1456,"Müller 87 Engineering Services",,"Independent Precision Engineer","Zürich, CH",,,92,Entrepreneur-Batch,new,"2026-04-29 20:58:34",
1457,"Müller 88 Engineering Services",,"Independent Precision Engineer","Zürich, CH",,,92,Entrepreneur-Batch,new,"2026-04-29 20:58:34",
1458,"Müller 89 Engineering Services",,"Independent Precision Engineer","Zürich, CH",,,92,Entrepreneur-Batch,new,"2026-04-29 20:58:34",
1459,"Müller 90 Engineering Services",,"Independent Precision Engineer","Zürich, CH",,,92,Entrepreneur-Batch,new,"2026-04-29 20:58:34",
1460,"Müller 91 Engineering Services",,"Independent Precision Engineer","Zürich, CH",,,92,Entrepreneur-Batch,new,"2026-04-29 20:58:34",
1461,"Müller 92 Engineering Services",,"Independent Precision Engineer","Zürich, CH",,,92,Entrepreneur-Batch,new,"2026-04-29 20:58:34",
1462,"Müller 93 Engineering Services",,"Independent Precision Engineer","Zürich, CH",,,92,Entrepreneur-Batch,new,"2026-04-29 20:58:34",
1463,"Müller 94 Engineering Services",,"Independent Precision Engineer","Zürich, CH",,,92,Entrepreneur-Batch,new,"2026-04-29 20:58:34",
1464,"Müller 95 Engineering Services",,"Independent Precision Engineer","Zürich, CH",,,92,Entrepreneur-Batch,new,"2026-04-29 20:58:34",
1465,"Müller 96 Engineering Services",,"Independent Precision Engineer","Zürich, CH",,,92,Entrepreneur-Batch,new,"2026-04-29 20:58:34",
1466,"Müller 97 Engineering Services",,"Independent Precision Engineer","Zürich, CH",,,92,Entrepreneur-Batch,new,"2026-04-29 20:58:34",
1467,"Müller 98 Engineering Services",,"Independent Precision Engineer","Zürich, CH",,,92,Entrepreneur-Batch,new,"2026-04-29 20:58:34",
1468,"Müller 99 Engineering Services",,"Independent Precision Engineer","Zürich, CH",,,92,Entrepreneur-Batch,new,"2026-04-29 20:58:34",
1469,"Müller 100 Engineering Services",,"Independent Precision Engineer","Zürich, CH",,,92,Entrepreneur-Batch,new,"2026-04-29 20:58:34",
1470,"Smith 1 AI Freelancer",,"Szoftverfejlesztő Vállalkozó","Austin, TX",,,90,Entrepreneur-Batch,active,"2026-04-29 20:58:34",
1471,"Smith 2 AI Freelancer",,"Szoftverfejlesztő Vállalkozó","Austin, TX",,,90,Entrepreneur-Batch,active,"2026-04-29 20:58:34",
1472,"Smith 3 AI Freelancer",,"Szoftverfejlesztő Vállalkozó","Austin, TX",,,90,Entrepreneur-Batch,active,"2026-04-29 20:58:34",
1473,"Smith 4 AI Freelancer",,"Szoftverfejlesztő Vállalkozó","Austin, TX",,,90,Entrepreneur-Batch,active,"2026-04-29 20:58:34",
1474,"Smith 5 AI Freelancer",,"Szoftverfejlesztő Vállalkozó","Austin, TX",,,90,Entrepreneur-Batch,active,"2026-04-29 20:58:34",
1475,"Smith 6 AI Freelancer",,"Szoftverfejlesztő Vállalkozó","Austin, TX",,,90,Entrepreneur-Batch,active,"2026-04-29 20:58:34",
1476,"Smith 7 AI Freelancer",,"Szoftverfejlesztő Vállalkozó","Austin, TX",,,90,Entrepreneur-Batch,active,"2026-04-29 20:58:34",
1477,"Smith 8 AI Freelancer",,"Szoftverfejlesztő Vállalkozó","Austin, TX",,,90,Entrepreneur-Batch,active,"2026-04-29 20:58:34",
1478,"Smith 9 AI Freelancer",,"Szoftverfejlesztő Vállalkozó","Austin, TX",,,90,Entrepreneur-Batch,active,"2026-04-29 20:58:34",
1479,"Smith 10 AI Freelancer",,"Szoftverfejlesztő Vállalkozó","Austin, TX",,,90,Entrepreneur-Batch,active,"2026-04-29 20:58:34",
1480,"Smith 11 AI Freelancer",,"Szoftverfejlesztő Vállalkozó","Austin, TX",,,90,Entrepreneur-Batch,active,"2026-04-29 20:58:34",
1481,"Smith 12 AI Freelancer",,"Szoftverfejlesztő Vállalkozó","Austin, TX",,,90,Entrepreneur-Batch,active,"2026-04-29 20:58:34",
1482,"Smith 13 AI Freelancer",,"Szoftverfejlesztő Vállalkozó","Austin, TX",,,90,Entrepreneur-Batch,active,"2026-04-29 20:58:34",
1483,"Smith 14 AI Freelancer",,"Szoftverfejlesztő Vállalkozó","Austin, TX",,,90,Entrepreneur-Batch,active,"2026-04-29 20:58:34",
1484,"Smith 15 AI Freelancer",,"Szoftverfejlesztő Vállalkozó","Austin, TX",,,90,Entrepreneur-Batch,active,"2026-04-29 20:58:34",
1485,"Smith 16 AI Freelancer",,"Szoftverfejlesztő Vállalkozó","Austin, TX",,,90,Entrepreneur-Batch,active,"2026-04-29 20:58:34",
1486,"Smith 17 AI Freelancer",,"Szoftverfejlesztő Vállalkozó","Austin, TX",,,90,Entrepreneur-Batch,active,"2026-04-29 20:58:34",
1487,"Smith 18 AI Freelancer",,"Szoftverfejlesztő Vállalkozó","Austin, TX",,,90,Entrepreneur-Batch,active,"2026-04-29 20:58:34",
1488,"Smith 19 AI Freelancer",,"Szoftverfejlesztő Vállalkozó","Austin, TX",,,90,Entrepreneur-Batch,active,"2026-04-29 20:58:34",
1489,"Smith 20 AI Freelancer",,"Szoftverfejlesztő Vállalkozó","Austin, TX",,,90,Entrepreneur-Batch,active,"2026-04-29 20:58:34",
1490,"Smith 21 AI Freelancer",,"Szoftverfejlesztő Vállalkozó","Austin, TX",,,90,Entrepreneur-Batch,active,"2026-04-29 20:58:34",
1491,"Smith 22 AI Freelancer",,"Szoftverfejlesztő Vállalkozó","Austin, TX",,,90,Entrepreneur-Batch,active,"2026-04-29 20:58:34",
1492,"Smith 23 AI Freelancer",,"Szoftverfejlesztő Vállalkozó","Austin, TX",,,90,Entrepreneur-Batch,active,"2026-04-29 20:58:34",
1493,"Smith 24 AI Freelancer",,"Szoftverfejlesztő Vállalkozó","Austin, TX",,,90,Entrepreneur-Batch,active,"2026-04-29 20:58:34",
1494,"Smith 25 AI Freelancer",,"Szoftverfejlesztő Vállalkozó","Austin, TX",,,90,Entrepreneur-Batch,active,"2026-04-29 20:58:34",
1495,"Smith 26 AI Freelancer",,"Szoftverfejlesztő Vállalkozó","Austin, TX",,,90,Entrepreneur-Batch,active,"2026-04-29 20:58:34",
1496,"Smith 27 AI Freelancer",,"Szoftverfejlesztő Vállalkozó","Austin, TX",,,90,Entrepreneur-Batch,active,"2026-04-29 20:58:34",
1497,"Smith 28 AI Freelancer",,"Szoftverfejlesztő Vállalkozó","Austin, TX",,,90,Entrepreneur-Batch,active,"2026-04-29 20:58:34",
1498,"Smith 29 AI Freelancer",,"Szoftverfejlesztő Vállalkozó","Austin, TX",,,90,Entrepreneur-Batch,active,"2026-04-29 20:58:34",
1499,"Smith 30 AI Freelancer",,"Szoftverfejlesztő Vállalkozó","Austin, TX",,,90,Entrepreneur-Batch,active,"2026-04-29 20:58:34",
1500,"Smith 31 AI Freelancer",,"Szoftverfejlesztő Vállalkozó","Austin, TX",,,90,Entrepreneur-Batch,active,"2026-04-29 20:58:34",
1501,"Smith 32 AI Freelancer",,"Szoftverfejlesztő Vállalkozó","Austin, TX",,,90,Entrepreneur-Batch,active,"2026-04-29 20:58:34",
1502,"Smith 33 AI Freelancer",,"Szoftverfejlesztő Vállalkozó","Austin, TX",,,90,Entrepreneur-Batch,active,"2026-04-29 20:58:34",
1503,"Smith 34 AI Freelancer",,"Szoftverfejlesztő Vállalkozó","Austin, TX",,,90,Entrepreneur-Batch,active,"2026-04-29 20:58:34",
1504,"Smith 35 AI Freelancer",,"Szoftverfejlesztő Vállalkozó","Austin, TX",,,90,Entrepreneur-Batch,active,"2026-04-29 20:58:34",
1505,"Smith 36 AI Freelancer",,"Szoftverfejlesztő Vállalkozó","Austin, TX",,,90,Entrepreneur-Batch,active,"2026-04-29 20:58:34",
1506,"Smith 37 AI Freelancer",,"Szoftverfejlesztő Vállalkozó","Austin, TX",,,90,Entrepreneur-Batch,active,"2026-04-29 20:58:34",
1507,"Smith 38 AI Freelancer",,"Szoftverfejlesztő Vállalkozó","Austin, TX",,,90,Entrepreneur-Batch,active,"2026-04-29 20:58:34",
1508,"Smith 39 AI Freelancer",,"Szoftverfejlesztő Vállalkozó","Austin, TX",,,90,Entrepreneur-Batch,active,"2026-04-29 20:58:34",
1509,"Smith 40 AI Freelancer",,"Szoftverfejlesztő Vállalkozó","Austin, TX",,,90,Entrepreneur-Batch,active,"2026-04-29 20:58:34",
1510,"Smith 41 AI Freelancer",,"Szoftverfejlesztő Vállalkozó","Austin, TX",,,90,Entrepreneur-Batch,active,"2026-04-29 20:58:34",
1511,"Smith 42 AI Freelancer",,"Szoftverfejlesztő Vállalkozó","Austin, TX",,,90,Entrepreneur-Batch,active,"2026-04-29 20:58:34",
1512,"Smith 43 AI Freelancer",,"Szoftverfejlesztő Vállalkozó","Austin, TX",,,90,Entrepreneur-Batch,active,"2026-04-29 20:58:34",
1513,"Smith 44 AI Freelancer",,"Szoftverfejlesztő Vállalkozó","Austin, TX",,,90,Entrepreneur-Batch,active,"2026-04-29 20:58:34",
1514,"Smith 45 AI Freelancer",,"Szoftverfejlesztő Vállalkozó","Austin, TX",,,90,Entrepreneur-Batch,active,"2026-04-29 20:58:34",
1515,"Smith 46 AI Freelancer",,"Szoftverfejlesztő Vállalkozó","Austin, TX",,,90,Entrepreneur-Batch,active,"2026-04-29 20:58:34",
1516,"Smith 47 AI Freelancer",,"Szoftverfejlesztő Vállalkozó","Austin, TX",,,90,Entrepreneur-Batch,active,"2026-04-29 20:58:34",
1517,"Smith 48 AI Freelancer",,"Szoftverfejlesztő Vállalkozó","Austin, TX",,,90,Entrepreneur-Batch,active,"2026-04-29 20:58:34",
1518,"Smith 49 AI Freelancer",,"Szoftverfejlesztő Vállalkozó","Austin, TX",,,90,Entrepreneur-Batch,active,"2026-04-29 20:58:34",
1519,"Smith 50 AI Freelancer",,"Szoftverfejlesztő Vállalkozó","Austin, TX",,,90,Entrepreneur-Batch,active,"2026-04-29 20:58:34",
1520,"Smith 51 AI Freelancer",,"Szoftverfejlesztő Vállalkozó","Austin, TX",,,90,Entrepreneur-Batch,active,"2026-04-29 20:58:34",
1521,"Smith 52 AI Freelancer",,"Szoftverfejlesztő Vállalkozó","Austin, TX",,,90,Entrepreneur-Batch,active,"2026-04-29 20:58:34",
1522,"Smith 53 AI Freelancer",,"Szoftverfejlesztő Vállalkozó","Austin, TX",,,90,Entrepreneur-Batch,active,"2026-04-29 20:58:34",
1523,"Smith 54 AI Freelancer",,"Szoftverfejlesztő Vállalkozó","Austin, TX",,,90,Entrepreneur-Batch,active,"2026-04-29 20:58:34",
1524,"Smith 55 AI Freelancer",,"Szoftverfejlesztő Vállalkozó","Austin, TX",,,90,Entrepreneur-Batch,active,"2026-04-29 20:58:34",
1525,"Smith 56 AI Freelancer",,"Szoftverfejlesztő Vállalkozó","Austin, TX",,,90,Entrepreneur-Batch,active,"2026-04-29 20:58:34",
1526,"Smith 57 AI Freelancer",,"Szoftverfejlesztő Vállalkozó","Austin, TX",,,90,Entrepreneur-Batch,active,"2026-04-29 20:58:34",
1527,"Smith 58 AI Freelancer",,"Szoftverfejlesztő Vállalkozó","Austin, TX",,,90,Entrepreneur-Batch,active,"2026-04-29 20:58:34",
1528,"Smith 59 AI Freelancer",,"Szoftverfejlesztő Vállalkozó","Austin, TX",,,90,Entrepreneur-Batch,active,"2026-04-29 20:58:34",
1529,"Smith 60 AI Freelancer",,"Szoftverfejlesztő Vállalkozó","Austin, TX",,,90,Entrepreneur-Batch,active,"2026-04-29 20:58:34",
1530,"Smith 61 AI Freelancer",,"Szoftverfejlesztő Vállalkozó","Austin, TX",,,90,Entrepreneur-Batch,active,"2026-04-29 20:58:34",
1531,"Smith 62 AI Freelancer",,"Szoftverfejlesztő Vállalkozó","Austin, TX",,,90,Entrepreneur-Batch,active,"2026-04-29 20:58:34",
1532,"Smith 63 AI Freelancer",,"Szoftverfejlesztő Vállalkozó","Austin, TX",,,90,Entrepreneur-Batch,active,"2026-04-29 20:58:34",
1533,"Smith 64 AI Freelancer",,"Szoftverfejlesztő Vállalkozó","Austin, TX",,,90,Entrepreneur-Batch,active,"2026-04-29 20:58:34",
1534,"Smith 65 AI Freelancer",,"Szoftverfejlesztő Vállalkozó","Austin, TX",,,90,Entrepreneur-Batch,active,"2026-04-29 20:58:34",
1535,"Smith 66 AI Freelancer",,"Szoftverfejlesztő Vállalkozó","Austin, TX",,,90,Entrepreneur-Batch,active,"2026-04-29 20:58:34",
1536,"Smith 67 AI Freelancer",,"Szoftverfejlesztő Vállalkozó","Austin, TX",,,90,Entrepreneur-Batch,active,"2026-04-29 20:58:34",
1537,"Smith 68 AI Freelancer",,"Szoftverfejlesztő Vállalkozó","Austin, TX",,,90,Entrepreneur-Batch,active,"2026-04-29 20:58:34",
1538,"Smith 69 AI Freelancer",,"Szoftverfejlesztő Vállalkozó","Austin, TX",,,90,Entrepreneur-Batch,active,"2026-04-29 20:58:34",
1539,"Smith 70 AI Freelancer",,"Szoftverfejlesztő Vállalkozó","Austin, TX",,,90,Entrepreneur-Batch,active,"2026-04-29 20:58:34",
1540,"Smith 71 AI Freelancer",,"Szoftverfejlesztő Vállalkozó","Austin, TX",,,90,Entrepreneur-Batch,active,"2026-04-29 20:58:34",
1541,"Smith 72 AI Freelancer",,"Szoftverfejlesztő Vállalkozó","Austin, TX",,,90,Entrepreneur-Batch,active,"2026-04-29 20:58:34",
1542,"Smith 73 AI Freelancer",,"Szoftverfejlesztő Vállalkozó","Austin, TX",,,90,Entrepreneur-Batch,active,"2026-04-29 20:58:34",
1543,"Smith 74 AI Freelancer",,"Szoftverfejlesztő Vállalkozó","Austin, TX",,,90,Entrepreneur-Batch,active,"2026-04-29 20:58:34",
1544,"Smith 75 AI Freelancer",,"Szoftverfejlesztő Vállalkozó","Austin, TX",,,90,Entrepreneur-Batch,active,"2026-04-29 20:58:34",
1545,"Smith 76 AI Freelancer",,"Szoftverfejlesztő Vállalkozó","Austin, TX",,,90,Entrepreneur-Batch,active,"2026-04-29 20:58:34",
1546,"Smith 77 AI Freelancer",,"Szoftverfejlesztő Vállalkozó","Austin, TX",,,90,Entrepreneur-Batch,active,"2026-04-29 20:58:34",
1547,"Smith 78 AI Freelancer",,"Szoftverfejlesztő Vállalkozó","Austin, TX",,,90,Entrepreneur-Batch,active,"2026-04-29 20:58:34",
1548,"Smith 79 AI Freelancer",,"Szoftverfejlesztő Vállalkozó","Austin, TX",,,90,Entrepreneur-Batch,active,"2026-04-29 20:58:34",
1549,"Smith 80 AI Freelancer",,"Szoftverfejlesztő Vállalkozó","Austin, TX",,,90,Entrepreneur-Batch,active,"2026-04-29 20:58:34",
1550,"Smith 81 AI Freelancer",,"Szoftverfejlesztő Vállalkozó","Austin, TX",,,90,Entrepreneur-Batch,active,"2026-04-29 20:58:34",
1551,"Smith 82 AI Freelancer",,"Szoftverfejlesztő Vállalkozó","Austin, TX",,,90,Entrepreneur-Batch,active,"2026-04-29 20:58:34",
1552,"Smith 83 AI Freelancer",,"Szoftverfejlesztő Vállalkozó","Austin, TX",,,90,Entrepreneur-Batch,active,"2026-04-29 20:58:34",
1553,"Smith 84 AI Freelancer",,"Szoftverfejlesztő Vállalkozó","Austin, TX",,,90,Entrepreneur-Batch,active,"2026-04-29 20:58:34",
1554,"Smith 85 AI Freelancer",,"Szoftverfejlesztő Vállalkozó","Austin, TX",,,90,Entrepreneur-Batch,active,"2026-04-29 20:58:34",
1555,"Smith 86 AI Freelancer",,"Szoftverfejlesztő Vállalkozó","Austin, TX",,,90,Entrepreneur-Batch,active,"2026-04-29 20:58:34",
1556,"Smith 87 AI Freelancer",,"Szoftverfejlesztő Vállalkozó","Austin, TX",,,90,Entrepreneur-Batch,active,"2026-04-29 20:58:34",
1557,"Smith 88 AI Freelancer",,"Szoftverfejlesztő Vállalkozó","Austin, TX",,,90,Entrepreneur-Batch,active,"2026-04-29 20:58:34",
1558,"Smith 89 AI Freelancer",,"Szoftverfejlesztő Vállalkozó","Austin, TX",,,90,Entrepreneur-Batch,active,"2026-04-29 20:58:34",
1559,"Smith 90 AI Freelancer",,"Szoftverfejlesztő Vállalkozó","Austin, TX",,,90,Entrepreneur-Batch,active,"2026-04-29 20:58:34",
1560,"Smith 91 AI Freelancer",,"Szoftverfejlesztő Vállalkozó","Austin, TX",,,90,Entrepreneur-Batch,active,"2026-04-29 20:58:34",
1561,"Smith 92 AI Freelancer",,"Szoftverfejlesztő Vállalkozó","Austin, TX",,,90,Entrepreneur-Batch,active,"2026-04-29 20:58:34",
1562,"Smith 93 AI Freelancer",,"Szoftverfejlesztő Vállalkozó","Austin, TX",,,90,Entrepreneur-Batch,active,"2026-04-29 20:58:34",
1563,"Smith 94 AI Freelancer",,"Szoftverfejlesztő Vállalkozó","Austin, TX",,,90,Entrepreneur-Batch,active,"2026-04-29 20:58:34",
1564,"Smith 95 AI Freelancer",,"Szoftverfejlesztő Vállalkozó","Austin, TX",,,90,Entrepreneur-Batch,active,"2026-04-29 20:58:34",
1565,"Smith 96 AI Freelancer",,"Szoftverfejlesztő Vállalkozó","Austin, TX",,,90,Entrepreneur-Batch,active,"2026-04-29 20:58:34",
1566,"Smith 97 AI Freelancer",,"Szoftverfejlesztő Vállalkozó","Austin, TX",,,90,Entrepreneur-Batch,active,"2026-04-29 20:58:34",
1567,"Smith 98 AI Freelancer",,"Szoftverfejlesztő Vállalkozó","Austin, TX",,,90,Entrepreneur-Batch,active,"2026-04-29 20:58:34",
1568,"Smith 99 AI Freelancer",,"Szoftverfejlesztő Vállalkozó","Austin, TX",,,90,Entrepreneur-Batch,active,"2026-04-29 20:58:34",
1569,"Smith 100 AI Freelancer",,"Szoftverfejlesztő Vállalkozó","Austin, TX",,,90,Entrepreneur-Batch,active,"2026-04-29 20:58:34",
1570,"Ahmed 1 Digital Trade Expert",,"Kereskedelmi Tanácsadó","Dubai, UAE",,,88,Entrepreneur-Batch,new,"2026-04-29 20:58:34",
1571,"Ahmed 2 Digital Trade Expert",,"Kereskedelmi Tanácsadó","Dubai, UAE",,,88,Entrepreneur-Batch,new,"2026-04-29 20:58:34",
1572,"Ahmed 3 Digital Trade Expert",,"Kereskedelmi Tanácsadó","Dubai, UAE",,,88,Entrepreneur-Batch,new,"2026-04-29 20:58:34",
1573,"Ahmed 4 Digital Trade Expert",,"Kereskedelmi Tanácsadó","Dubai, UAE",,,88,Entrepreneur-Batch,new,"2026-04-29 20:58:34",
1574,"Ahmed 5 Digital Trade Expert",,"Kereskedelmi Tanácsadó","Dubai, UAE",,,88,Entrepreneur-Batch,new,"2026-04-29 20:58:34",
1575,"Ahmed 6 Digital Trade Expert",,"Kereskedelmi Tanácsadó","Dubai, UAE",,,88,Entrepreneur-Batch,new,"2026-04-29 20:58:34",
1576,"Ahmed 7 Digital Trade Expert",,"Kereskedelmi Tanácsadó","Dubai, UAE",,,88,Entrepreneur-Batch,new,"2026-04-29 20:58:34",
1577,"Ahmed 8 Digital Trade Expert",,"Kereskedelmi Tanácsadó","Dubai, UAE",,,88,Entrepreneur-Batch,new,"2026-04-29 20:58:34",
1578,"Ahmed 9 Digital Trade Expert",,"Kereskedelmi Tanácsadó","Dubai, UAE",,,88,Entrepreneur-Batch,new,"2026-04-29 20:58:34",
1579,"Ahmed 10 Digital Trade Expert",,"Kereskedelmi Tanácsadó","Dubai, UAE",,,88,Entrepreneur-Batch,new,"2026-04-29 20:58:34",
1580,"Ahmed 11 Digital Trade Expert",,"Kereskedelmi Tanácsadó","Dubai, UAE",,,88,Entrepreneur-Batch,new,"2026-04-29 20:58:34",
1581,"Ahmed 12 Digital Trade Expert",,"Kereskedelmi Tanácsadó","Dubai, UAE",,,88,Entrepreneur-Batch,new,"2026-04-29 20:58:34",
1582,"Ahmed 13 Digital Trade Expert",,"Kereskedelmi Tanácsadó","Dubai, UAE",,,88,Entrepreneur-Batch,new,"2026-04-29 20:58:34",
1583,"Ahmed 14 Digital Trade Expert",,"Kereskedelmi Tanácsadó","Dubai, UAE",,,88,Entrepreneur-Batch,new,"2026-04-29 20:58:34",
1584,"Ahmed 15 Digital Trade Expert",,"Kereskedelmi Tanácsadó","Dubai, UAE",,,88,Entrepreneur-Batch,new,"2026-04-29 20:58:34",
1585,"Ahmed 16 Digital Trade Expert",,"Kereskedelmi Tanácsadó","Dubai, UAE",,,88,Entrepreneur-Batch,new,"2026-04-29 20:58:34",
1586,"Ahmed 17 Digital Trade Expert",,"Kereskedelmi Tanácsadó","Dubai, UAE",,,88,Entrepreneur-Batch,new,"2026-04-29 20:58:34",
1587,"Ahmed 18 Digital Trade Expert",,"Kereskedelmi Tanácsadó","Dubai, UAE",,,88,Entrepreneur-Batch,new,"2026-04-29 20:58:34",
1588,"Ahmed 19 Digital Trade Expert",,"Kereskedelmi Tanácsadó","Dubai, UAE",,,88,Entrepreneur-Batch,new,"2026-04-29 20:58:34",
1589,"Ahmed 20 Digital Trade Expert",,"Kereskedelmi Tanácsadó","Dubai, UAE",,,88,Entrepreneur-Batch,new,"2026-04-29 20:58:34",
1590,"Ahmed 21 Digital Trade Expert",,"Kereskedelmi Tanácsadó","Dubai, UAE",,,88,Entrepreneur-Batch,new,"2026-04-29 20:58:34",
1591,"Ahmed 22 Digital Trade Expert",,"Kereskedelmi Tanácsadó","Dubai, UAE",,,88,Entrepreneur-Batch,new,"2026-04-29 20:58:34",
1592,"Ahmed 23 Digital Trade Expert",,"Kereskedelmi Tanácsadó","Dubai, UAE",,,88,Entrepreneur-Batch,new,"2026-04-29 20:58:34",
1593,"Ahmed 24 Digital Trade Expert",,"Kereskedelmi Tanácsadó","Dubai, UAE",,,88,Entrepreneur-Batch,new,"2026-04-29 20:58:34",
1594,"Ahmed 25 Digital Trade Expert",,"Kereskedelmi Tanácsadó","Dubai, UAE",,,88,Entrepreneur-Batch,new,"2026-04-29 20:58:34",
1595,"Ahmed 26 Digital Trade Expert",,"Kereskedelmi Tanácsadó","Dubai, UAE",,,88,Entrepreneur-Batch,new,"2026-04-29 20:58:34",
1596,"Ahmed 27 Digital Trade Expert",,"Kereskedelmi Tanácsadó","Dubai, UAE",,,88,Entrepreneur-Batch,new,"2026-04-29 20:58:34",
1597,"Ahmed 28 Digital Trade Expert",,"Kereskedelmi Tanácsadó","Dubai, UAE",,,88,Entrepreneur-Batch,new,"2026-04-29 20:58:34",
1598,"Ahmed 29 Digital Trade Expert",,"Kereskedelmi Tanácsadó","Dubai, UAE",,,88,Entrepreneur-Batch,new,"2026-04-29 20:58:34",
1599,"Ahmed 30 Digital Trade Expert",,"Kereskedelmi Tanácsadó","Dubai, UAE",,,88,Entrepreneur-Batch,new,"2026-04-29 20:58:34",
1600,"Ahmed 31 Digital Trade Expert",,"Kereskedelmi Tanácsadó","Dubai, UAE",,,88,Entrepreneur-Batch,new,"2026-04-29 20:58:34",
1601,"Ahmed 32 Digital Trade Expert",,"Kereskedelmi Tanácsadó","Dubai, UAE",,,88,Entrepreneur-Batch,new,"2026-04-29 20:58:34",
1602,"Ahmed 33 Digital Trade Expert",,"Kereskedelmi Tanácsadó","Dubai, UAE",,,88,Entrepreneur-Batch,new,"2026-04-29 20:58:34",
1603,"Ahmed 34 Digital Trade Expert",,"Kereskedelmi Tanácsadó","Dubai, UAE",,,88,Entrepreneur-Batch,new,"2026-04-29 20:58:34",
1604,"Ahmed 35 Digital Trade Expert",,"Kereskedelmi Tanácsadó","Dubai, UAE",,,88,Entrepreneur-Batch,new,"2026-04-29 20:58:34",
1605,"Ahmed 36 Digital Trade Expert",,"Kereskedelmi Tanácsadó","Dubai, UAE",,,88,Entrepreneur-Batch,new,"2026-04-29 20:58:34",
1606,"Ahmed 37 Digital Trade Expert",,"Kereskedelmi Tanácsadó","Dubai, UAE",,,88,Entrepreneur-Batch,new,"2026-04-29 20:58:34",
1607,"Ahmed 38 Digital Trade Expert",,"Kereskedelmi Tanácsadó","Dubai, UAE",,,88,Entrepreneur-Batch,new,"2026-04-29 20:58:34",
1608,"Ahmed 39 Digital Trade Expert",,"Kereskedelmi Tanácsadó","Dubai, UAE",,,88,Entrepreneur-Batch,new,"2026-04-29 20:58:34",
1609,"Ahmed 40 Digital Trade Expert",,"Kereskedelmi Tanácsadó","Dubai, UAE",,,88,Entrepreneur-Batch,new,"2026-04-29 20:58:34",
1610,"Ahmed 41 Digital Trade Expert",,"Kereskedelmi Tanácsadó","Dubai, UAE",,,88,Entrepreneur-Batch,new,"2026-04-29 20:58:34",
1611,"Ahmed 42 Digital Trade Expert",,"Kereskedelmi Tanácsadó","Dubai, UAE",,,88,Entrepreneur-Batch,new,"2026-04-29 20:58:34",
1612,"Ahmed 43 Digital Trade Expert",,"Kereskedelmi Tanácsadó","Dubai, UAE",,,88,Entrepreneur-Batch,new,"2026-04-29 20:58:34",
1613,"Ahmed 44 Digital Trade Expert",,"Kereskedelmi Tanácsadó","Dubai, UAE",,,88,Entrepreneur-Batch,new,"2026-04-29 20:58:34",
1614,"Ahmed 45 Digital Trade Expert",,"Kereskedelmi Tanácsadó","Dubai, UAE",,,88,Entrepreneur-Batch,new,"2026-04-29 20:58:34",
1615,"Ahmed 46 Digital Trade Expert",,"Kereskedelmi Tanácsadó","Dubai, UAE",,,88,Entrepreneur-Batch,new,"2026-04-29 20:58:34",
1616,"Ahmed 47 Digital Trade Expert",,"Kereskedelmi Tanácsadó","Dubai, UAE",,,88,Entrepreneur-Batch,new,"2026-04-29 20:58:34",
1617,"Ahmed 48 Digital Trade Expert",,"Kereskedelmi Tanácsadó","Dubai, UAE",,,88,Entrepreneur-Batch,new,"2026-04-29 20:58:34",
1618,"Ahmed 49 Digital Trade Expert",,"Kereskedelmi Tanácsadó","Dubai, UAE",,,88,Entrepreneur-Batch,new,"2026-04-29 20:58:34",
1619,"Ahmed 50 Digital Trade Expert",,"Kereskedelmi Tanácsadó","Dubai, UAE",,,88,Entrepreneur-Batch,new,"2026-04-29 20:58:34",
1620,"Ahmed 51 Digital Trade Expert",,"Kereskedelmi Tanácsadó","Dubai, UAE",,,88,Entrepreneur-Batch,new,"2026-04-29 20:58:34",
1621,"Ahmed 52 Digital Trade Expert",,"Kereskedelmi Tanácsadó","Dubai, UAE",,,88,Entrepreneur-Batch,new,"2026-04-29 20:58:34",
1622,"Ahmed 53 Digital Trade Expert",,"Kereskedelmi Tanácsadó","Dubai, UAE",,,88,Entrepreneur-Batch,new,"2026-04-29 20:58:34",
1623,"Ahmed 54 Digital Trade Expert",,"Kereskedelmi Tanácsadó","Dubai, UAE",,,88,Entrepreneur-Batch,new,"2026-04-29 20:58:34",
1624,"Ahmed 55 Digital Trade Expert",,"Kereskedelmi Tanácsadó","Dubai, UAE",,,88,Entrepreneur-Batch,new,"2026-04-29 20:58:34",
1625,"Ahmed 56 Digital Trade Expert",,"Kereskedelmi Tanácsadó","Dubai, UAE",,,88,Entrepreneur-Batch,new,"2026-04-29 20:58:34",
1626,"Ahmed 57 Digital Trade Expert",,"Kereskedelmi Tanácsadó","Dubai, UAE",,,88,Entrepreneur-Batch,new,"2026-04-29 20:58:34",
1627,"Ahmed 58 Digital Trade Expert",,"Kereskedelmi Tanácsadó","Dubai, UAE",,,88,Entrepreneur-Batch,new,"2026-04-29 20:58:34",
1628,"Ahmed 59 Digital Trade Expert",,"Kereskedelmi Tanácsadó","Dubai, UAE",,,88,Entrepreneur-Batch,new,"2026-04-29 20:58:34",
1629,"Ahmed 60 Digital Trade Expert",,"Kereskedelmi Tanácsadó","Dubai, UAE",,,88,Entrepreneur-Batch,new,"2026-04-29 20:58:34",
1630,"Ahmed 61 Digital Trade Expert",,"Kereskedelmi Tanácsadó","Dubai, UAE",,,88,Entrepreneur-Batch,new,"2026-04-29 20:58:34",
1631,"Ahmed 62 Digital Trade Expert",,"Kereskedelmi Tanácsadó","Dubai, UAE",,,88,Entrepreneur-Batch,new,"2026-04-29 20:58:34",
1632,"Ahmed 63 Digital Trade Expert",,"Kereskedelmi Tanácsadó","Dubai, UAE",,,88,Entrepreneur-Batch,new,"2026-04-29 20:58:34",
1633,"Ahmed 64 Digital Trade Expert",,"Kereskedelmi Tanácsadó","Dubai, UAE",,,88,Entrepreneur-Batch,new,"2026-04-29 20:58:34",
1634,"Ahmed 65 Digital Trade Expert",,"Kereskedelmi Tanácsadó","Dubai, UAE",,,88,Entrepreneur-Batch,new,"2026-04-29 20:58:34",
1635,"Ahmed 66 Digital Trade Expert",,"Kereskedelmi Tanácsadó","Dubai, UAE",,,88,Entrepreneur-Batch,new,"2026-04-29 20:58:34",
1636,"Ahmed 67 Digital Trade Expert",,"Kereskedelmi Tanácsadó","Dubai, UAE",,,88,Entrepreneur-Batch,new,"2026-04-29 20:58:34",
1637,"Ahmed 68 Digital Trade Expert",,"Kereskedelmi Tanácsadó","Dubai, UAE",,,88,Entrepreneur-Batch,new,"2026-04-29 20:58:34",
1638,"Ahmed 69 Digital Trade Expert",,"Kereskedelmi Tanácsadó","Dubai, UAE",,,88,Entrepreneur-Batch,new,"2026-04-29 20:58:34",
1639,"Ahmed 70 Digital Trade Expert",,"Kereskedelmi Tanácsadó","Dubai, UAE",,,88,Entrepreneur-Batch,new,"2026-04-29 20:58:34",
1640,"Ahmed 71 Digital Trade Expert",,"Kereskedelmi Tanácsadó","Dubai, UAE",,,88,Entrepreneur-Batch,new,"2026-04-29 20:58:34",
1641,"Ahmed 72 Digital Trade Expert",,"Kereskedelmi Tanácsadó","Dubai, UAE",,,88,Entrepreneur-Batch,new,"2026-04-29 20:58:34",
1642,"Ahmed 73 Digital Trade Expert",,"Kereskedelmi Tanácsadó","Dubai, UAE",,,88,Entrepreneur-Batch,new,"2026-04-29 20:58:34",
1643,"Ahmed 74 Digital Trade Expert",,"Kereskedelmi Tanácsadó","Dubai, UAE",,,88,Entrepreneur-Batch,new,"2026-04-29 20:58:34",
1644,"Ahmed 75 Digital Trade Expert",,"Kereskedelmi Tanácsadó","Dubai, UAE",,,88,Entrepreneur-Batch,new,"2026-04-29 20:58:34",
1645,"Ahmed 76 Digital Trade Expert",,"Kereskedelmi Tanácsadó","Dubai, UAE",,,88,Entrepreneur-Batch,new,"2026-04-29 20:58:34",
1646,"Ahmed 77 Digital Trade Expert",,"Kereskedelmi Tanácsadó","Dubai, UAE",,,88,Entrepreneur-Batch,new,"2026-04-29 20:58:34",
1647,"Ahmed 78 Digital Trade Expert",,"Kereskedelmi Tanácsadó","Dubai, UAE",,,88,Entrepreneur-Batch,new,"2026-04-29 20:58:34",
1648,"Ahmed 79 Digital Trade Expert",,"Kereskedelmi Tanácsadó","Dubai, UAE",,,88,Entrepreneur-Batch,new,"2026-04-29 20:58:34",
1649,"Ahmed 80 Digital Trade Expert",,"Kereskedelmi Tanácsadó","Dubai, UAE",,,88,Entrepreneur-Batch,new,"2026-04-29 20:58:34",
1650,"Ahmed 81 Digital Trade Expert",,"Kereskedelmi Tanácsadó","Dubai, UAE",,,88,Entrepreneur-Batch,new,"2026-04-29 20:58:34",
1651,"Ahmed 82 Digital Trade Expert",,"Kereskedelmi Tanácsadó","Dubai, UAE",,,88,Entrepreneur-Batch,new,"2026-04-29 20:58:34",
1652,"Ahmed 83 Digital Trade Expert",,"Kereskedelmi Tanácsadó","Dubai, UAE",,,88,Entrepreneur-Batch,new,"2026-04-29 20:58:34",
1653,"Ahmed 84 Digital Trade Expert",,"Kereskedelmi Tanácsadó","Dubai, UAE",,,88,Entrepreneur-Batch,new,"2026-04-29 20:58:34",
1654,"Ahmed 85 Digital Trade Expert",,"Kereskedelmi Tanácsadó","Dubai, UAE",,,88,Entrepreneur-Batch,new,"2026-04-29 20:58:34",
1655,"Ahmed 86 Digital Trade Expert",,"Kereskedelmi Tanácsadó","Dubai, UAE",,,88,Entrepreneur-Batch,new,"2026-04-29 20:58:34",
1656,"Ahmed 87 Digital Trade Expert",,"Kereskedelmi Tanácsadó","Dubai, UAE",,,88,Entrepreneur-Batch,new,"2026-04-29 20:58:34",
1657,"Ahmed 88 Digital Trade Expert",,"Kereskedelmi Tanácsadó","Dubai, UAE",,,88,Entrepreneur-Batch,new,"2026-04-29 20:58:34",
1658,"Ahmed 89 Digital Trade Expert",,"Kereskedelmi Tanácsadó","Dubai, UAE",,,88,Entrepreneur-Batch,new,"2026-04-29 20:58:34",
1659,"Ahmed 90 Digital Trade Expert",,"Kereskedelmi Tanácsadó","Dubai, UAE",,,88,Entrepreneur-Batch,new,"2026-04-29 20:58:34",
1660,"Ahmed 91 Digital Trade Expert",,"Kereskedelmi Tanácsadó","Dubai, UAE",,,88,Entrepreneur-Batch,new,"2026-04-29 20:58:34",
1661,"Ahmed 92 Digital Trade Expert",,"Kereskedelmi Tanácsadó","Dubai, UAE",,,88,Entrepreneur-Batch,new,"2026-04-29 20:58:34",
1662,"Ahmed 93 Digital Trade Expert",,"Kereskedelmi Tanácsadó","Dubai, UAE",,,88,Entrepreneur-Batch,new,"2026-04-29 20:58:34",
1663,"Ahmed 94 Digital Trade Expert",,"Kereskedelmi Tanácsadó","Dubai, UAE",,,88,Entrepreneur-Batch,new,"2026-04-29 20:58:34",
1664,"Ahmed 95 Digital Trade Expert",,"Kereskedelmi Tanácsadó","Dubai, UAE",,,88,Entrepreneur-Batch,new,"2026-04-29 20:58:34",
1665,"Ahmed 96 Digital Trade Expert",,"Kereskedelmi Tanácsadó","Dubai, UAE",,,88,Entrepreneur-Batch,new,"2026-04-29 20:58:34",
1666,"Ahmed 97 Digital Trade Expert",,"Kereskedelmi Tanácsadó","Dubai, UAE",,,88,Entrepreneur-Batch,new,"2026-04-29 20:58:34",
1667,"Ahmed 98 Digital Trade Expert",,"Kereskedelmi Tanácsadó","Dubai, UAE",,,88,Entrepreneur-Batch,new,"2026-04-29 20:58:34",
1668,"Ahmed 99 Digital Trade Expert",,"Kereskedelmi Tanácsadó","Dubai, UAE",,,88,Entrepreneur-Batch,new,"2026-04-29 20:58:34",
1669,"Ahmed 100 Digital Trade Expert",,"Kereskedelmi Tanácsadó","Dubai, UAE",,,88,Entrepreneur-Batch,new,"2026-04-29 20:58:34",
1670,"Schmidt 1 Industrial Partner",,"Ipari Szerviz Vállalkozó","Munich, DE",,,82,Entrepreneur-Batch,new,"2026-04-29 20:58:34",
1671,"Schmidt 2 Industrial Partner",,"Ipari Szerviz Vállalkozó","Munich, DE",,,82,Entrepreneur-Batch,new,"2026-04-29 20:58:34",
1672,"Schmidt 3 Industrial Partner",,"Ipari Szerviz Vállalkozó","Munich, DE",,,82,Entrepreneur-Batch,new,"2026-04-29 20:58:34",
1673,"Schmidt 4 Industrial Partner",,"Ipari Szerviz Vállalkozó","Munich, DE",,,82,Entrepreneur-Batch,new,"2026-04-29 20:58:34",
1674,"Schmidt 5 Industrial Partner",,"Ipari Szerviz Vállalkozó","Munich, DE",,,82,Entrepreneur-Batch,new,"2026-04-29 20:58:34",
1675,"Schmidt 6 Industrial Partner",,"Ipari Szerviz Vállalkozó","Munich, DE",,,82,Entrepreneur-Batch,new,"2026-04-29 20:58:34",
1676,"Schmidt 7 Industrial Partner",,"Ipari Szerviz Vállalkozó","Munich, DE",,,82,Entrepreneur-Batch,new,"2026-04-29 20:58:34",
1677,"Schmidt 8 Industrial Partner",,"Ipari Szerviz Vállalkozó","Munich, DE",,,82,Entrepreneur-Batch,new,"2026-04-29 20:58:34",
1678,"Schmidt 9 Industrial Partner",,"Ipari Szerviz Vállalkozó","Munich, DE",,,82,Entrepreneur-Batch,new,"2026-04-29 20:58:34",
1679,"Schmidt 10 Industrial Partner",,"Ipari Szerviz Vállalkozó","Munich, DE",,,82,Entrepreneur-Batch,new,"2026-04-29 20:58:34",
1680,"Schmidt 11 Industrial Partner",,"Ipari Szerviz Vállalkozó","Munich, DE",,,82,Entrepreneur-Batch,new,"2026-04-29 20:58:34",
1681,"Schmidt 12 Industrial Partner",,"Ipari Szerviz Vállalkozó","Munich, DE",,,82,Entrepreneur-Batch,new,"2026-04-29 20:58:34",
1682,"Schmidt 13 Industrial Partner",,"Ipari Szerviz Vállalkozó","Munich, DE",,,82,Entrepreneur-Batch,new,"2026-04-29 20:58:34",
1683,"Schmidt 14 Industrial Partner",,"Ipari Szerviz Vállalkozó","Munich, DE",,,82,Entrepreneur-Batch,new,"2026-04-29 20:58:34",
1684,"Schmidt 15 Industrial Partner",,"Ipari Szerviz Vállalkozó","Munich, DE",,,82,Entrepreneur-Batch,new,"2026-04-29 20:58:34",
1685,"Schmidt 16 Industrial Partner",,"Ipari Szerviz Vállalkozó","Munich, DE",,,82,Entrepreneur-Batch,new,"2026-04-29 20:58:34",
1686,"Schmidt 17 Industrial Partner",,"Ipari Szerviz Vállalkozó","Munich, DE",,,82,Entrepreneur-Batch,new,"2026-04-29 20:58:34",
1687,"Schmidt 18 Industrial Partner",,"Ipari Szerviz Vállalkozó","Munich, DE",,,82,Entrepreneur-Batch,new,"2026-04-29 20:58:34",
1688,"Schmidt 19 Industrial Partner",,"Ipari Szerviz Vállalkozó","Munich, DE",,,82,Entrepreneur-Batch,new,"2026-04-29 20:58:34",
1689,"Schmidt 20 Industrial Partner",,"Ipari Szerviz Vállalkozó","Munich, DE",,,82,Entrepreneur-Batch,new,"2026-04-29 20:58:34",
1690,"Schmidt 21 Industrial Partner",,"Ipari Szerviz Vállalkozó","Munich, DE",,,82,Entrepreneur-Batch,new,"2026-04-29 20:58:34",
1691,"Schmidt 22 Industrial Partner",,"Ipari Szerviz Vállalkozó","Munich, DE",,,82,Entrepreneur-Batch,new,"2026-04-29 20:58:34",
1692,"Schmidt 23 Industrial Partner",,"Ipari Szerviz Vállalkozó","Munich, DE",,,82,Entrepreneur-Batch,new,"2026-04-29 20:58:34",
1693,"Schmidt 24 Industrial Partner",,"Ipari Szerviz Vállalkozó","Munich, DE",,,82,Entrepreneur-Batch,new,"2026-04-29 20:58:34",
1694,"Schmidt 25 Industrial Partner",,"Ipari Szerviz Vállalkozó","Munich, DE",,,82,Entrepreneur-Batch,new,"2026-04-29 20:58:34",
1695,"Schmidt 26 Industrial Partner",,"Ipari Szerviz Vállalkozó","Munich, DE",,,82,Entrepreneur-Batch,new,"2026-04-29 20:58:34",
1696,"Schmidt 27 Industrial Partner",,"Ipari Szerviz Vállalkozó","Munich, DE",,,82,Entrepreneur-Batch,new,"2026-04-29 20:58:34",
1697,"Schmidt 28 Industrial Partner",,"Ipari Szerviz Vállalkozó","Munich, DE",,,82,Entrepreneur-Batch,new,"2026-04-29 20:58:34",
1698,"Schmidt 29 Industrial Partner",,"Ipari Szerviz Vállalkozó","Munich, DE",,,82,Entrepreneur-Batch,new,"2026-04-29 20:58:34",
1699,"Schmidt 30 Industrial Partner",,"Ipari Szerviz Vállalkozó","Munich, DE",,,82,Entrepreneur-Batch,new,"2026-04-29 20:58:34",
1700,"Schmidt 31 Industrial Partner",,"Ipari Szerviz Vállalkozó","Munich, DE",,,82,Entrepreneur-Batch,new,"2026-04-29 20:58:34",
1701,"Schmidt 32 Industrial Partner",,"Ipari Szerviz Vállalkozó","Munich, DE",,,82,Entrepreneur-Batch,new,"2026-04-29 20:58:34",
1702,"Schmidt 33 Industrial Partner",,"Ipari Szerviz Vállalkozó","Munich, DE",,,82,Entrepreneur-Batch,new,"2026-04-29 20:58:34",
1703,"Schmidt 34 Industrial Partner",,"Ipari Szerviz Vállalkozó","Munich, DE",,,82,Entrepreneur-Batch,new,"2026-04-29 20:58:34",
1704,"Schmidt 35 Industrial Partner",,"Ipari Szerviz Vállalkozó","Munich, DE",,,82,Entrepreneur-Batch,new,"2026-04-29 20:58:34",
1705,"Schmidt 36 Industrial Partner",,"Ipari Szerviz Vállalkozó","Munich, DE",,,82,Entrepreneur-Batch,new,"2026-04-29 20:58:34",
1706,"Schmidt 37 Industrial Partner",,"Ipari Szerviz Vállalkozó","Munich, DE",,,82,Entrepreneur-Batch,new,"2026-04-29 20:58:34",
1707,"Schmidt 38 Industrial Partner",,"Ipari Szerviz Vállalkozó","Munich, DE",,,82,Entrepreneur-Batch,new,"2026-04-29 20:58:34",
1708,"Schmidt 39 Industrial Partner",,"Ipari Szerviz Vállalkozó","Munich, DE",,,82,Entrepreneur-Batch,new,"2026-04-29 20:58:34",
1709,"Schmidt 40 Industrial Partner",,"Ipari Szerviz Vállalkozó","Munich, DE",,,82,Entrepreneur-Batch,new,"2026-04-29 20:58:34",
1710,"Schmidt 41 Industrial Partner",,"Ipari Szerviz Vállalkozó","Munich, DE",,,82,Entrepreneur-Batch,new,"2026-04-29 20:58:34",
1711,"Schmidt 42 Industrial Partner",,"Ipari Szerviz Vállalkozó","Munich, DE",,,82,Entrepreneur-Batch,new,"2026-04-29 20:58:34",
1712,"Schmidt 43 Industrial Partner",,"Ipari Szerviz Vállalkozó","Munich, DE",,,82,Entrepreneur-Batch,new,"2026-04-29 20:58:34",
1713,"Schmidt 44 Industrial Partner",,"Ipari Szerviz Vállalkozó","Munich, DE",,,82,Entrepreneur-Batch,new,"2026-04-29 20:58:34",
1714,"Schmidt 45 Industrial Partner",,"Ipari Szerviz Vállalkozó","Munich, DE",,,82,Entrepreneur-Batch,new,"2026-04-29 20:58:34",
1715,"Schmidt 46 Industrial Partner",,"Ipari Szerviz Vállalkozó","Munich, DE",,,82,Entrepreneur-Batch,new,"2026-04-29 20:58:34",
1716,"Schmidt 47 Industrial Partner",,"Ipari Szerviz Vállalkozó","Munich, DE",,,82,Entrepreneur-Batch,new,"2026-04-29 20:58:34",
1717,"Schmidt 48 Industrial Partner",,"Ipari Szerviz Vállalkozó","Munich, DE",,,82,Entrepreneur-Batch,new,"2026-04-29 20:58:34",
1718,"Schmidt 49 Industrial Partner",,"Ipari Szerviz Vállalkozó","Munich, DE",,,82,Entrepreneur-Batch,new,"2026-04-29 20:58:34",
1719,"Schmidt 50 Industrial Partner",,"Ipari Szerviz Vállalkozó","Munich, DE",,,82,Entrepreneur-Batch,new,"2026-04-29 20:58:34",
1720,"Takács 201 Ipari Diagnosztika",,"Egyéni Vállalkozó / Kisüzem","Szekszárd, HU",,,87,Entrep-Batch-02,new,"2026-04-29 20:59:08",
1721,"Molnár 202 PLC Programozó",,"Egyéni Vállalkozó / Kisüzem","Bonyhád, HU",,,87,Entrep-Batch-02,new,"2026-04-29 20:59:08",
1722,"Fekete 203 Mérnöki Iroda Bt.",,"Egyéni Vállalkozó / Kisüzem","Tolna, HU",,,87,Entrep-Batch-02,new,"2026-04-29 20:59:08",
1723,"Kelemen 204 Műszaki Tanácsadó",,"Egyéni Vállalkozó / Kisüzem","Szekszárd, HU",,,87,Entrep-Batch-02,new,"2026-04-29 20:59:08",
1724,"Balogh 205 EV - Energetikai Tervező",,"Egyéni Vállalkozó / Kisüzem","Bonyhád, HU",,,87,Entrep-Batch-02,new,"2026-04-29 20:59:08",
1725,"Takács 206 Ipari Diagnosztika",,"Egyéni Vállalkozó / Kisüzem","Tolna, HU",,,87,Entrep-Batch-02,new,"2026-04-29 20:59:08",
1726,"Molnár 207 PLC Programozó",,"Egyéni Vállalkozó / Kisüzem","Szekszárd, HU",,,87,Entrep-Batch-02,new,"2026-04-29 20:59:08",
1727,"Fekete 208 Mérnöki Iroda Bt.",,"Egyéni Vállalkozó / Kisüzem","Bonyhád, HU",,,87,Entrep-Batch-02,new,"2026-04-29 20:59:08",
1728,"Kelemen 209 Műszaki Tanácsadó",,"Egyéni Vállalkozó / Kisüzem","Tolna, HU",,,87,Entrep-Batch-02,new,"2026-04-29 20:59:08",
1729,"Balogh 210 EV - Energetikai Tervező",,"Egyéni Vállalkozó / Kisüzem","Szekszárd, HU",,,87,Entrep-Batch-02,new,"2026-04-29 20:59:08",
1730,"Takács 211 Ipari Diagnosztika",,"Egyéni Vállalkozó / Kisüzem","Bonyhád, HU",,,87,Entrep-Batch-02,new,"2026-04-29 20:59:08",
1731,"Molnár 212 PLC Programozó",,"Egyéni Vállalkozó / Kisüzem","Tolna, HU",,,87,Entrep-Batch-02,new,"2026-04-29 20:59:08",
1732,"Fekete 213 Mérnöki Iroda Bt.",,"Egyéni Vállalkozó / Kisüzem","Szekszárd, HU",,,87,Entrep-Batch-02,new,"2026-04-29 20:59:08",
1733,"Kelemen 214 Műszaki Tanácsadó",,"Egyéni Vállalkozó / Kisüzem","Bonyhád, HU",,,87,Entrep-Batch-02,new,"2026-04-29 20:59:08",
1734,"Balogh 215 EV - Energetikai Tervező",,"Egyéni Vállalkozó / Kisüzem","Tolna, HU",,,87,Entrep-Batch-02,new,"2026-04-29 20:59:08",
1735,"Takács 216 Ipari Diagnosztika",,"Egyéni Vállalkozó / Kisüzem","Szekszárd, HU",,,87,Entrep-Batch-02,new,"2026-04-29 20:59:08",
1736,"Molnár 217 PLC Programozó",,"Egyéni Vállalkozó / Kisüzem","Bonyhád, HU",,,87,Entrep-Batch-02,new,"2026-04-29 20:59:08",
1737,"Fekete 218 Mérnöki Iroda Bt.",,"Egyéni Vállalkozó / Kisüzem","Tolna, HU",,,87,Entrep-Batch-02,new,"2026-04-29 20:59:08",
1738,"Kelemen 219 Műszaki Tanácsadó",,"Egyéni Vállalkozó / Kisüzem","Szekszárd, HU",,,87,Entrep-Batch-02,new,"2026-04-29 20:59:08",
1739,"Balogh 220 EV - Energetikai Tervező",,"Egyéni Vállalkozó / Kisüzem","Bonyhád, HU",,,87,Entrep-Batch-02,new,"2026-04-29 20:59:08",
1740,"Takács 221 Ipari Diagnosztika",,"Egyéni Vállalkozó / Kisüzem","Tolna, HU",,,87,Entrep-Batch-02,new,"2026-04-29 20:59:08",
1741,"Molnár 222 PLC Programozó",,"Egyéni Vállalkozó / Kisüzem","Szekszárd, HU",,,87,Entrep-Batch-02,new,"2026-04-29 20:59:08",
1742,"Fekete 223 Mérnöki Iroda Bt.",,"Egyéni Vállalkozó / Kisüzem","Bonyhád, HU",,,87,Entrep-Batch-02,new,"2026-04-29 20:59:08",
1743,"Kelemen 224 Műszaki Tanácsadó",,"Egyéni Vállalkozó / Kisüzem","Tolna, HU",,,87,Entrep-Batch-02,new,"2026-04-29 20:59:08",
1744,"Balogh 225 EV - Energetikai Tervező",,"Egyéni Vállalkozó / Kisüzem","Szekszárd, HU",,,87,Entrep-Batch-02,new,"2026-04-29 20:59:08",
1745,"Takács 226 Ipari Diagnosztika",,"Egyéni Vállalkozó / Kisüzem","Bonyhád, HU",,,87,Entrep-Batch-02,new,"2026-04-29 20:59:08",
1746,"Molnár 227 PLC Programozó",,"Egyéni Vállalkozó / Kisüzem","Tolna, HU",,,87,Entrep-Batch-02,new,"2026-04-29 20:59:08",
1747,"Fekete 228 Mérnöki Iroda Bt.",,"Egyéni Vállalkozó / Kisüzem","Szekszárd, HU",,,87,Entrep-Batch-02,new,"2026-04-29 20:59:08",
1748,"Kelemen 229 Műszaki Tanácsadó",,"Egyéni Vállalkozó / Kisüzem","Bonyhád, HU",,,87,Entrep-Batch-02,new,"2026-04-29 20:59:08",
1749,"Balogh 230 EV - Energetikai Tervező",,"Egyéni Vállalkozó / Kisüzem","Tolna, HU",,,87,Entrep-Batch-02,new,"2026-04-29 20:59:08",
1750,"Takács 231 Ipari Diagnosztika",,"Egyéni Vállalkozó / Kisüzem","Szekszárd, HU",,,87,Entrep-Batch-02,new,"2026-04-29 20:59:08",
1751,"Molnár 232 PLC Programozó",,"Egyéni Vállalkozó / Kisüzem","Bonyhád, HU",,,87,Entrep-Batch-02,new,"2026-04-29 20:59:08",
1752,"Fekete 233 Mérnöki Iroda Bt.",,"Egyéni Vállalkozó / Kisüzem","Tolna, HU",,,87,Entrep-Batch-02,new,"2026-04-29 20:59:08",
1753,"Kelemen 234 Műszaki Tanácsadó",,"Egyéni Vállalkozó / Kisüzem","Szekszárd, HU",,,87,Entrep-Batch-02,new,"2026-04-29 20:59:08",
1754,"Balogh 235 EV - Energetikai Tervező",,"Egyéni Vállalkozó / Kisüzem","Bonyhád, HU",,,87,Entrep-Batch-02,new,"2026-04-29 20:59:08",
1755,"Takács 236 Ipari Diagnosztika",,"Egyéni Vállalkozó / Kisüzem","Tolna, HU",,,87,Entrep-Batch-02,new,"2026-04-29 20:59:08",
1756,"Molnár 237 PLC Programozó",,"Egyéni Vállalkozó / Kisüzem","Szekszárd, HU",,,87,Entrep-Batch-02,new,"2026-04-29 20:59:08",
1757,"Fekete 238 Mérnöki Iroda Bt.",,"Egyéni Vállalkozó / Kisüzem","Bonyhád, HU",,,87,Entrep-Batch-02,new,"2026-04-29 20:59:08",
1758,"Kelemen 239 Műszaki Tanácsadó",,"Egyéni Vállalkozó / Kisüzem","Tolna, HU",,,87,Entrep-Batch-02,new,"2026-04-29 20:59:08",
1759,"Balogh 240 EV - Energetikai Tervező",,"Egyéni Vállalkozó / Kisüzem","Szekszárd, HU",,,87,Entrep-Batch-02,new,"2026-04-29 20:59:08",
1760,"Takács 241 Ipari Diagnosztika",,"Egyéni Vállalkozó / Kisüzem","Bonyhád, HU",,,87,Entrep-Batch-02,new,"2026-04-29 20:59:08",
1761,"Molnár 242 PLC Programozó",,"Egyéni Vállalkozó / Kisüzem","Tolna, HU",,,87,Entrep-Batch-02,new,"2026-04-29 20:59:08",
1762,"Fekete 243 Mérnöki Iroda Bt.",,"Egyéni Vállalkozó / Kisüzem","Szekszárd, HU",,,87,Entrep-Batch-02,new,"2026-04-29 20:59:08",
1763,"Kelemen 244 Műszaki Tanácsadó",,"Egyéni Vállalkozó / Kisüzem","Bonyhád, HU",,,87,Entrep-Batch-02,new,"2026-04-29 20:59:08",
1764,"Balogh 245 EV - Energetikai Tervező",,"Egyéni Vállalkozó / Kisüzem","Tolna, HU",,,87,Entrep-Batch-02,new,"2026-04-29 20:59:08",
1765,"Takács 246 Ipari Diagnosztika",,"Egyéni Vállalkozó / Kisüzem","Szekszárd, HU",,,87,Entrep-Batch-02,new,"2026-04-29 20:59:08",
1766,"Molnár 247 PLC Programozó",,"Egyéni Vállalkozó / Kisüzem","Bonyhád, HU",,,87,Entrep-Batch-02,new,"2026-04-29 20:59:08",
1767,"Fekete 248 Mérnöki Iroda Bt.",,"Egyéni Vállalkozó / Kisüzem","Tolna, HU",,,87,Entrep-Batch-02,new,"2026-04-29 20:59:08",
1768,"Kelemen 249 Műszaki Tanácsadó",,"Egyéni Vállalkozó / Kisüzem","Szekszárd, HU",,,87,Entrep-Batch-02,new,"2026-04-29 20:59:08",
1769,"Balogh 250 EV - Energetikai Tervező",,"Egyéni Vállalkozó / Kisüzem","Bonyhád, HU",,,87,Entrep-Batch-02,new,"2026-04-29 20:59:08",
1770,"Takács 251 Ipari Diagnosztika",,"Egyéni Vállalkozó / Kisüzem","Tolna, HU",,,87,Entrep-Batch-02,new,"2026-04-29 20:59:08",
1771,"Molnár 252 PLC Programozó",,"Egyéni Vállalkozó / Kisüzem","Szekszárd, HU",,,87,Entrep-Batch-02,new,"2026-04-29 20:59:08",
1772,"Fekete 253 Mérnöki Iroda Bt.",,"Egyéni Vállalkozó / Kisüzem","Bonyhád, HU",,,87,Entrep-Batch-02,new,"2026-04-29 20:59:08",
1773,"Kelemen 254 Műszaki Tanácsadó",,"Egyéni Vállalkozó / Kisüzem","Tolna, HU",,,87,Entrep-Batch-02,new,"2026-04-29 20:59:08",
1774,"Balogh 255 EV - Energetikai Tervező",,"Egyéni Vállalkozó / Kisüzem","Szekszárd, HU",,,87,Entrep-Batch-02,new,"2026-04-29 20:59:08",
1775,"Takács 256 Ipari Diagnosztika",,"Egyéni Vállalkozó / Kisüzem","Bonyhád, HU",,,87,Entrep-Batch-02,new,"2026-04-29 20:59:08",
1776,"Molnár 257 PLC Programozó",,"Egyéni Vállalkozó / Kisüzem","Tolna, HU",,,87,Entrep-Batch-02,new,"2026-04-29 20:59:08",
1777,"Fekete 258 Mérnöki Iroda Bt.",,"Egyéni Vállalkozó / Kisüzem","Szekszárd, HU",,,87,Entrep-Batch-02,new,"2026-04-29 20:59:08",
1778,"Kelemen 259 Műszaki Tanácsadó",,"Egyéni Vállalkozó / Kisüzem","Bonyhád, HU",,,87,Entrep-Batch-02,new,"2026-04-29 20:59:08",
1779,"Balogh 260 EV - Energetikai Tervező",,"Egyéni Vállalkozó / Kisüzem","Tolna, HU",,,87,Entrep-Batch-02,new,"2026-04-29 20:59:08",
1780,"Takács 261 Ipari Diagnosztika",,"Egyéni Vállalkozó / Kisüzem","Szekszárd, HU",,,87,Entrep-Batch-02,new,"2026-04-29 20:59:08",
1781,"Molnár 262 PLC Programozó",,"Egyéni Vállalkozó / Kisüzem","Bonyhád, HU",,,87,Entrep-Batch-02,new,"2026-04-29 20:59:08",
1782,"Fekete 263 Mérnöki Iroda Bt.",,"Egyéni Vállalkozó / Kisüzem","Tolna, HU",,,87,Entrep-Batch-02,new,"2026-04-29 20:59:08",
1783,"Kelemen 264 Műszaki Tanácsadó",,"Egyéni Vállalkozó / Kisüzem","Szekszárd, HU",,,87,Entrep-Batch-02,new,"2026-04-29 20:59:08",
1784,"Balogh 265 EV - Energetikai Tervező",,"Egyéni Vállalkozó / Kisüzem","Bonyhád, HU",,,87,Entrep-Batch-02,new,"2026-04-29 20:59:08",
1785,"Takács 266 Ipari Diagnosztika",,"Egyéni Vállalkozó / Kisüzem","Tolna, HU",,,87,Entrep-Batch-02,new,"2026-04-29 20:59:08",
1786,"Molnár 267 PLC Programozó",,"Egyéni Vállalkozó / Kisüzem","Szekszárd, HU",,,87,Entrep-Batch-02,new,"2026-04-29 20:59:08",
1787,"Fekete 268 Mérnöki Iroda Bt.",,"Egyéni Vállalkozó / Kisüzem","Bonyhád, HU",,,87,Entrep-Batch-02,new,"2026-04-29 20:59:08",
1788,"Kelemen 269 Műszaki Tanácsadó",,"Egyéni Vállalkozó / Kisüzem","Tolna, HU",,,87,Entrep-Batch-02,new,"2026-04-29 20:59:08",
1789,"Balogh 270 EV - Energetikai Tervező",,"Egyéni Vállalkozó / Kisüzem","Szekszárd, HU",,,87,Entrep-Batch-02,new,"2026-04-29 20:59:08",
1790,"Takács 271 Ipari Diagnosztika",,"Egyéni Vállalkozó / Kisüzem","Bonyhád, HU",,,87,Entrep-Batch-02,new,"2026-04-29 20:59:08",
1791,"Molnár 272 PLC Programozó",,"Egyéni Vállalkozó / Kisüzem","Tolna, HU",,,87,Entrep-Batch-02,new,"2026-04-29 20:59:08",
1792,"Fekete 273 Mérnöki Iroda Bt.",,"Egyéni Vállalkozó / Kisüzem","Szekszárd, HU",,,87,Entrep-Batch-02,new,"2026-04-29 20:59:08",
1793,"Kelemen 274 Műszaki Tanácsadó",,"Egyéni Vállalkozó / Kisüzem","Bonyhád, HU",,,87,Entrep-Batch-02,new,"2026-04-29 20:59:08",
1794,"Balogh 275 EV - Energetikai Tervező",,"Egyéni Vállalkozó / Kisüzem","Tolna, HU",,,87,Entrep-Batch-02,new,"2026-04-29 20:59:08",
1795,"Takács 276 Ipari Diagnosztika",,"Egyéni Vállalkozó / Kisüzem","Szekszárd, HU",,,87,Entrep-Batch-02,new,"2026-04-29 20:59:08",
1796,"Molnár 277 PLC Programozó",,"Egyéni Vállalkozó / Kisüzem","Bonyhád, HU",,,87,Entrep-Batch-02,new,"2026-04-29 20:59:08",
1797,"Fekete 278 Mérnöki Iroda Bt.",,"Egyéni Vállalkozó / Kisüzem","Tolna, HU",,,87,Entrep-Batch-02,new,"2026-04-29 20:59:08",
1798,"Kelemen 279 Műszaki Tanácsadó",,"Egyéni Vállalkozó / Kisüzem","Szekszárd, HU",,,87,Entrep-Batch-02,new,"2026-04-29 20:59:08",
1799,"Balogh 280 EV - Energetikai Tervező",,"Egyéni Vállalkozó / Kisüzem","Bonyhád, HU",,,87,Entrep-Batch-02,new,"2026-04-29 20:59:08",
1800,"Takács 281 Ipari Diagnosztika",,"Egyéni Vállalkozó / Kisüzem","Tolna, HU",,,87,Entrep-Batch-02,new,"2026-04-29 20:59:08",
1801,"Molnár 282 PLC Programozó",,"Egyéni Vállalkozó / Kisüzem","Szekszárd, HU",,,87,Entrep-Batch-02,new,"2026-04-29 20:59:08",
1802,"Fekete 283 Mérnöki Iroda Bt.",,"Egyéni Vállalkozó / Kisüzem","Bonyhád, HU",,,87,Entrep-Batch-02,new,"2026-04-29 20:59:08",
1803,"Kelemen 284 Műszaki Tanácsadó",,"Egyéni Vállalkozó / Kisüzem","Tolna, HU",,,87,Entrep-Batch-02,new,"2026-04-29 20:59:08",
1804,"Balogh 285 EV - Energetikai Tervező",,"Egyéni Vállalkozó / Kisüzem","Szekszárd, HU",,,87,Entrep-Batch-02,new,"2026-04-29 20:59:08",
1805,"Takács 286 Ipari Diagnosztika",,"Egyéni Vállalkozó / Kisüzem","Bonyhád, HU",,,87,Entrep-Batch-02,new,"2026-04-29 20:59:08",
1806,"Molnár 287 PLC Programozó",,"Egyéni Vállalkozó / Kisüzem","Tolna, HU",,,87,Entrep-Batch-02,new,"2026-04-29 20:59:08",
1807,"Fekete 288 Mérnöki Iroda Bt.",,"Egyéni Vállalkozó / Kisüzem","Szekszárd, HU",,,87,Entrep-Batch-02,new,"2026-04-29 20:59:08",
1808,"Kelemen 289 Műszaki Tanácsadó",,"Egyéni Vállalkozó / Kisüzem","Bonyhád, HU",,,87,Entrep-Batch-02,new,"2026-04-29 20:59:08",
1809,"Balogh 290 EV - Energetikai Tervező",,"Egyéni Vállalkozó / Kisüzem","Tolna, HU",,,87,Entrep-Batch-02,new,"2026-04-29 20:59:08",
1810,"Takács 291 Ipari Diagnosztika",,"Egyéni Vállalkozó / Kisüzem","Szekszárd, HU",,,87,Entrep-Batch-02,new,"2026-04-29 20:59:08",
1811,"Molnár 292 PLC Programozó",,"Egyéni Vállalkozó / Kisüzem","Bonyhád, HU",,,87,Entrep-Batch-02,new,"2026-04-29 20:59:08",
1812,"Fekete 293 Mérnöki Iroda Bt.",,"Egyéni Vállalkozó / Kisüzem","Tolna, HU",,,87,Entrep-Batch-02,new,"2026-04-29 20:59:08",
1813,"Kelemen 294 Műszaki Tanácsadó",,"Egyéni Vállalkozó / Kisüzem","Szekszárd, HU",,,87,Entrep-Batch-02,new,"2026-04-29 20:59:08",
1814,"Balogh 295 EV - Energetikai Tervező",,"Egyéni Vállalkozó / Kisüzem","Bonyhád, HU",,,87,Entrep-Batch-02,new,"2026-04-29 20:59:08",
1815,"Takács 296 Ipari Diagnosztika",,"Egyéni Vállalkozó / Kisüzem","Tolna, HU",,,87,Entrep-Batch-02,new,"2026-04-29 20:59:08",
1816,"Molnár 297 PLC Programozó",,"Egyéni Vállalkozó / Kisüzem","Szekszárd, HU",,,87,Entrep-Batch-02,new,"2026-04-29 20:59:08",
1817,"Fekete 298 Mérnöki Iroda Bt.",,"Egyéni Vállalkozó / Kisüzem","Bonyhád, HU",,,87,Entrep-Batch-02,new,"2026-04-29 20:59:08",
1818,"Kelemen 299 Műszaki Tanácsadó",,"Egyéni Vállalkozó / Kisüzem","Tolna, HU",,,87,Entrep-Batch-02,new,"2026-04-29 20:59:08",
1819,"Balogh 300 EV - Energetikai Tervező",,"Egyéni Vállalkozó / Kisüzem","Szekszárd, HU",,,87,Entrep-Batch-02,new,"2026-04-29 20:59:08",
1820,"Takács 301 Ipari Diagnosztika",,"Egyéni Vállalkozó / Kisüzem","Bonyhád, HU",,,87,Entrep-Batch-02,new,"2026-04-29 20:59:08",
1821,"Molnár 302 PLC Programozó",,"Egyéni Vállalkozó / Kisüzem","Tolna, HU",,,87,Entrep-Batch-02,new,"2026-04-29 20:59:08",
1822,"Fekete 303 Mérnöki Iroda Bt.",,"Egyéni Vállalkozó / Kisüzem","Szekszárd, HU",,,87,Entrep-Batch-02,new,"2026-04-29 20:59:08",
1823,"Kelemen 304 Műszaki Tanácsadó",,"Egyéni Vállalkozó / Kisüzem","Bonyhád, HU",,,87,Entrep-Batch-02,new,"2026-04-29 20:59:08",
1824,"Balogh 305 EV - Energetikai Tervező",,"Egyéni Vállalkozó / Kisüzem","Tolna, HU",,,87,Entrep-Batch-02,new,"2026-04-29 20:59:08",
1825,"Takács 306 Ipari Diagnosztika",,"Egyéni Vállalkozó / Kisüzem","Szekszárd, HU",,,87,Entrep-Batch-02,new,"2026-04-29 20:59:08",
1826,"Molnár 307 PLC Programozó",,"Egyéni Vállalkozó / Kisüzem","Bonyhád, HU",,,87,Entrep-Batch-02,new,"2026-04-29 20:59:08",
1827,"Fekete 308 Mérnöki Iroda Bt.",,"Egyéni Vállalkozó / Kisüzem","Tolna, HU",,,87,Entrep-Batch-02,new,"2026-04-29 20:59:08",
1828,"Kelemen 309 Műszaki Tanácsadó",,"Egyéni Vállalkozó / Kisüzem","Szekszárd, HU",,,87,Entrep-Batch-02,new,"2026-04-29 20:59:08",
1829,"Balogh 310 EV - Energetikai Tervező",,"Egyéni Vállalkozó / Kisüzem","Bonyhád, HU",,,87,Entrep-Batch-02,new,"2026-04-29 20:59:08",
1830,"Takács 311 Ipari Diagnosztika",,"Egyéni Vállalkozó / Kisüzem","Tolna, HU",,,87,Entrep-Batch-02,new,"2026-04-29 20:59:08",
1831,"Molnár 312 PLC Programozó",,"Egyéni Vállalkozó / Kisüzem","Szekszárd, HU",,,87,Entrep-Batch-02,new,"2026-04-29 20:59:08",
1832,"Fekete 313 Mérnöki Iroda Bt.",,"Egyéni Vállalkozó / Kisüzem","Bonyhád, HU",,,87,Entrep-Batch-02,new,"2026-04-29 20:59:08",
1833,"Kelemen 314 Műszaki Tanácsadó",,"Egyéni Vállalkozó / Kisüzem","Tolna, HU",,,87,Entrep-Batch-02,new,"2026-04-29 20:59:08",
1834,"Balogh 315 EV - Energetikai Tervező",,"Egyéni Vállalkozó / Kisüzem","Szekszárd, HU",,,87,Entrep-Batch-02,new,"2026-04-29 20:59:08",
1835,"Takács 316 Ipari Diagnosztika",,"Egyéni Vállalkozó / Kisüzem","Bonyhád, HU",,,87,Entrep-Batch-02,new,"2026-04-29 20:59:08",
1836,"Molnár 317 PLC Programozó",,"Egyéni Vállalkozó / Kisüzem","Tolna, HU",,,87,Entrep-Batch-02,new,"2026-04-29 20:59:08",
1837,"Fekete 318 Mérnöki Iroda Bt.",,"Egyéni Vállalkozó / Kisüzem","Szekszárd, HU",,,87,Entrep-Batch-02,new,"2026-04-29 20:59:08",
1838,"Kelemen 319 Műszaki Tanácsadó",,"Egyéni Vállalkozó / Kisüzem","Bonyhád, HU",,,87,Entrep-Batch-02,new,"2026-04-29 20:59:08",
1839,"Balogh 320 EV - Energetikai Tervező",,"Egyéni Vállalkozó / Kisüzem","Tolna, HU",,,87,Entrep-Batch-02,new,"2026-04-29 20:59:08",
1840,"Takács 321 Ipari Diagnosztika",,"Egyéni Vállalkozó / Kisüzem","Szekszárd, HU",,,87,Entrep-Batch-02,new,"2026-04-29 20:59:08",
1841,"Molnár 322 PLC Programozó",,"Egyéni Vállalkozó / Kisüzem","Bonyhád, HU",,,87,Entrep-Batch-02,new,"2026-04-29 20:59:08",
1842,"Fekete 323 Mérnöki Iroda Bt.",,"Egyéni Vállalkozó / Kisüzem","Tolna, HU",,,87,Entrep-Batch-02,new,"2026-04-29 20:59:08",
1843,"Kelemen 324 Műszaki Tanácsadó",,"Egyéni Vállalkozó / Kisüzem","Szekszárd, HU",,,87,Entrep-Batch-02,new,"2026-04-29 20:59:08",
1844,"Balogh 325 EV - Energetikai Tervező",,"Egyéni Vállalkozó / Kisüzem","Bonyhád, HU",,,87,Entrep-Batch-02,new,"2026-04-29 20:59:08",
1845,"Takács 326 Ipari Diagnosztika",,"Egyéni Vállalkozó / Kisüzem","Tolna, HU",,,87,Entrep-Batch-02,new,"2026-04-29 20:59:08",
1846,"Molnár 327 PLC Programozó",,"Egyéni Vállalkozó / Kisüzem","Szekszárd, HU",,,87,Entrep-Batch-02,new,"2026-04-29 20:59:08",
1847,"Fekete 328 Mérnöki Iroda Bt.",,"Egyéni Vállalkozó / Kisüzem","Bonyhád, HU",,,87,Entrep-Batch-02,new,"2026-04-29 20:59:08",
1848,"Kelemen 329 Műszaki Tanácsadó",,"Egyéni Vállalkozó / Kisüzem","Tolna, HU",,,87,Entrep-Batch-02,new,"2026-04-29 20:59:08",
1849,"Balogh 330 EV - Energetikai Tervező",,"Egyéni Vállalkozó / Kisüzem","Szekszárd, HU",,,87,Entrep-Batch-02,new,"2026-04-29 20:59:08",
1850,"Takács 331 Ipari Diagnosztika",,"Egyéni Vállalkozó / Kisüzem","Bonyhád, HU",,,87,Entrep-Batch-02,new,"2026-04-29 20:59:08",
1851,"Molnár 332 PLC Programozó",,"Egyéni Vállalkozó / Kisüzem","Tolna, HU",,,87,Entrep-Batch-02,new,"2026-04-29 20:59:08",
1852,"Fekete 333 Mérnöki Iroda Bt.",,"Egyéni Vállalkozó / Kisüzem","Szekszárd, HU",,,87,Entrep-Batch-02,new,"2026-04-29 20:59:08",
1853,"Kelemen 334 Műszaki Tanácsadó",,"Egyéni Vállalkozó / Kisüzem","Bonyhád, HU",,,87,Entrep-Batch-02,new,"2026-04-29 20:59:08",
1854,"Balogh 335 EV - Energetikai Tervező",,"Egyéni Vállalkozó / Kisüzem","Tolna, HU",,,87,Entrep-Batch-02,new,"2026-04-29 20:59:08",
1855,"Takács 336 Ipari Diagnosztika",,"Egyéni Vállalkozó / Kisüzem","Szekszárd, HU",,,87,Entrep-Batch-02,new,"2026-04-29 20:59:08",
1856,"Molnár 337 PLC Programozó",,"Egyéni Vállalkozó / Kisüzem","Bonyhád, HU",,,87,Entrep-Batch-02,new,"2026-04-29 20:59:08",
1857,"Fekete 338 Mérnöki Iroda Bt.",,"Egyéni Vállalkozó / Kisüzem","Tolna, HU",,,87,Entrep-Batch-02,new,"2026-04-29 20:59:08",
1858,"Kelemen 339 Műszaki Tanácsadó",,"Egyéni Vállalkozó / Kisüzem","Szekszárd, HU",,,87,Entrep-Batch-02,new,"2026-04-29 20:59:08",
1859,"Balogh 340 EV - Energetikai Tervező",,"Egyéni Vállalkozó / Kisüzem","Bonyhád, HU",,,87,Entrep-Batch-02,new,"2026-04-29 20:59:08",
1860,"Takács 341 Ipari Diagnosztika",,"Egyéni Vállalkozó / Kisüzem","Tolna, HU",,,87,Entrep-Batch-02,new,"2026-04-29 20:59:08",
1861,"Molnár 342 PLC Programozó",,"Egyéni Vállalkozó / Kisüzem","Szekszárd, HU",,,87,Entrep-Batch-02,new,"2026-04-29 20:59:08",
1862,"Fekete 343 Mérnöki Iroda Bt.",,"Egyéni Vállalkozó / Kisüzem","Bonyhád, HU",,,87,Entrep-Batch-02,new,"2026-04-29 20:59:08",
1863,"Kelemen 344 Műszaki Tanácsadó",,"Egyéni Vállalkozó / Kisüzem","Tolna, HU",,,87,Entrep-Batch-02,new,"2026-04-29 20:59:08",
1864,"Balogh 345 EV - Energetikai Tervező",,"Egyéni Vállalkozó / Kisüzem","Szekszárd, HU",,,87,Entrep-Batch-02,new,"2026-04-29 20:59:08",
1865,"Takács 346 Ipari Diagnosztika",,"Egyéni Vállalkozó / Kisüzem","Bonyhád, HU",,,87,Entrep-Batch-02,new,"2026-04-29 20:59:08",
1866,"Molnár 347 PLC Programozó",,"Egyéni Vállalkozó / Kisüzem","Tolna, HU",,,87,Entrep-Batch-02,new,"2026-04-29 20:59:08",
1867,"Fekete 348 Mérnöki Iroda Bt.",,"Egyéni Vállalkozó / Kisüzem","Szekszárd, HU",,,87,Entrep-Batch-02,new,"2026-04-29 20:59:08",
1868,"Kelemen 349 Műszaki Tanácsadó",,"Egyéni Vállalkozó / Kisüzem","Bonyhád, HU",,,87,Entrep-Batch-02,new,"2026-04-29 20:59:08",
1869,"Balogh 350 EV - Energetikai Tervező",,"Egyéni Vállalkozó / Kisüzem","Tolna, HU",,,87,Entrep-Batch-02,new,"2026-04-29 20:59:08",
1870,"Steiner 151 IT-Security Expert",,"Independent Security Consultant","Zug, CH",,,94,Entrep-Batch-02,new,"2026-04-29 20:59:08",
1871,"Steiner 152 IT-Security Expert",,"Independent Security Consultant","Zug, CH",,,94,Entrep-Batch-02,new,"2026-04-29 20:59:08",
1872,"Steiner 153 IT-Security Expert",,"Independent Security Consultant","Zug, CH",,,94,Entrep-Batch-02,new,"2026-04-29 20:59:08",
1873,"Steiner 154 IT-Security Expert",,"Independent Security Consultant","Zug, CH",,,94,Entrep-Batch-02,new,"2026-04-29 20:59:08",
1874,"Steiner 155 IT-Security Expert",,"Independent Security Consultant","Zug, CH",,,94,Entrep-Batch-02,new,"2026-04-29 20:59:08",
1875,"Steiner 156 IT-Security Expert",,"Independent Security Consultant","Zug, CH",,,94,Entrep-Batch-02,new,"2026-04-29 20:59:08",
1876,"Steiner 157 IT-Security Expert",,"Independent Security Consultant","Zug, CH",,,94,Entrep-Batch-02,new,"2026-04-29 20:59:08",
1877,"Steiner 158 IT-Security Expert",,"Independent Security Consultant","Zug, CH",,,94,Entrep-Batch-02,new,"2026-04-29 20:59:08",
1878,"Steiner 159 IT-Security Expert",,"Independent Security Consultant","Zug, CH",,,94,Entrep-Batch-02,new,"2026-04-29 20:59:08",
1879,"Steiner 160 IT-Security Expert",,"Independent Security Consultant","Zug, CH",,,94,Entrep-Batch-02,new,"2026-04-29 20:59:08",
1880,"Steiner 161 IT-Security Expert",,"Independent Security Consultant","Zug, CH",,,94,Entrep-Batch-02,new,"2026-04-29 20:59:08",
1881,"Steiner 162 IT-Security Expert",,"Independent Security Consultant","Zug, CH",,,94,Entrep-Batch-02,new,"2026-04-29 20:59:08",
1882,"Steiner 163 IT-Security Expert",,"Independent Security Consultant","Zug, CH",,,94,Entrep-Batch-02,new,"2026-04-29 20:59:08",
1883,"Steiner 164 IT-Security Expert",,"Independent Security Consultant","Zug, CH",,,94,Entrep-Batch-02,new,"2026-04-29 20:59:08",
1884,"Steiner 165 IT-Security Expert",,"Independent Security Consultant","Zug, CH",,,94,Entrep-Batch-02,new,"2026-04-29 20:59:08",
1885,"Steiner 166 IT-Security Expert",,"Independent Security Consultant","Zug, CH",,,94,Entrep-Batch-02,new,"2026-04-29 20:59:08",
1886,"Steiner 167 IT-Security Expert",,"Independent Security Consultant","Zug, CH",,,94,Entrep-Batch-02,new,"2026-04-29 20:59:08",
1887,"Steiner 168 IT-Security Expert",,"Independent Security Consultant","Zug, CH",,,94,Entrep-Batch-02,new,"2026-04-29 20:59:08",
1888,"Steiner 169 IT-Security Expert",,"Independent Security Consultant","Zug, CH",,,94,Entrep-Batch-02,new,"2026-04-29 20:59:08",
1889,"Steiner 170 IT-Security Expert",,"Independent Security Consultant","Zug, CH",,,94,Entrep-Batch-02,new,"2026-04-29 20:59:08",
1890,"Steiner 171 IT-Security Expert",,"Independent Security Consultant","Zug, CH",,,94,Entrep-Batch-02,new,"2026-04-29 20:59:08",
1891,"Steiner 172 IT-Security Expert",,"Independent Security Consultant","Zug, CH",,,94,Entrep-Batch-02,new,"2026-04-29 20:59:08",
1892,"Steiner 173 IT-Security Expert",,"Independent Security Consultant","Zug, CH",,,94,Entrep-Batch-02,new,"2026-04-29 20:59:08",
1893,"Steiner 174 IT-Security Expert",,"Independent Security Consultant","Zug, CH",,,94,Entrep-Batch-02,new,"2026-04-29 20:59:08",
1894,"Steiner 175 IT-Security Expert",,"Independent Security Consultant","Zug, CH",,,94,Entrep-Batch-02,new,"2026-04-29 20:59:08",
1895,"Steiner 176 IT-Security Expert",,"Independent Security Consultant","Zug, CH",,,94,Entrep-Batch-02,new,"2026-04-29 20:59:08",
1896,"Steiner 177 IT-Security Expert",,"Independent Security Consultant","Zug, CH",,,94,Entrep-Batch-02,new,"2026-04-29 20:59:08",
1897,"Steiner 178 IT-Security Expert",,"Independent Security Consultant","Zug, CH",,,94,Entrep-Batch-02,new,"2026-04-29 20:59:08",
1898,"Steiner 179 IT-Security Expert",,"Independent Security Consultant","Zug, CH",,,94,Entrep-Batch-02,new,"2026-04-29 20:59:08",
1899,"Steiner 180 IT-Security Expert",,"Independent Security Consultant","Zug, CH",,,94,Entrep-Batch-02,new,"2026-04-29 20:59:08",
1900,"Steiner 181 IT-Security Expert",,"Independent Security Consultant","Zug, CH",,,94,Entrep-Batch-02,new,"2026-04-29 20:59:08",
1901,"Steiner 182 IT-Security Expert",,"Independent Security Consultant","Zug, CH",,,94,Entrep-Batch-02,new,"2026-04-29 20:59:08",
1902,"Steiner 183 IT-Security Expert",,"Independent Security Consultant","Zug, CH",,,94,Entrep-Batch-02,new,"2026-04-29 20:59:08",
1903,"Steiner 184 IT-Security Expert",,"Independent Security Consultant","Zug, CH",,,94,Entrep-Batch-02,new,"2026-04-29 20:59:08",
1904,"Steiner 185 IT-Security Expert",,"Independent Security Consultant","Zug, CH",,,94,Entrep-Batch-02,new,"2026-04-29 20:59:08",
1905,"Steiner 186 IT-Security Expert",,"Independent Security Consultant","Zug, CH",,,94,Entrep-Batch-02,new,"2026-04-29 20:59:08",
1906,"Steiner 187 IT-Security Expert",,"Independent Security Consultant","Zug, CH",,,94,Entrep-Batch-02,new,"2026-04-29 20:59:08",
1907,"Steiner 188 IT-Security Expert",,"Independent Security Consultant","Zug, CH",,,94,Entrep-Batch-02,new,"2026-04-29 20:59:08",
1908,"Steiner 189 IT-Security Expert",,"Independent Security Consultant","Zug, CH",,,94,Entrep-Batch-02,new,"2026-04-29 20:59:08",
1909,"Steiner 190 IT-Security Expert",,"Independent Security Consultant","Zug, CH",,,94,Entrep-Batch-02,new,"2026-04-29 20:59:08",
1910,"Steiner 191 IT-Security Expert",,"Independent Security Consultant","Zug, CH",,,94,Entrep-Batch-02,new,"2026-04-29 20:59:08",
1911,"Steiner 192 IT-Security Expert",,"Independent Security Consultant","Zug, CH",,,94,Entrep-Batch-02,new,"2026-04-29 20:59:08",
1912,"Steiner 193 IT-Security Expert",,"Independent Security Consultant","Zug, CH",,,94,Entrep-Batch-02,new,"2026-04-29 20:59:08",
1913,"Steiner 194 IT-Security Expert",,"Independent Security Consultant","Zug, CH",,,94,Entrep-Batch-02,new,"2026-04-29 20:59:08",
1914,"Steiner 195 IT-Security Expert",,"Independent Security Consultant","Zug, CH",,,94,Entrep-Batch-02,new,"2026-04-29 20:59:08",
1915,"Steiner 196 IT-Security Expert",,"Independent Security Consultant","Zug, CH",,,94,Entrep-Batch-02,new,"2026-04-29 20:59:08",
1916,"Steiner 197 IT-Security Expert",,"Independent Security Consultant","Zug, CH",,,94,Entrep-Batch-02,new,"2026-04-29 20:59:08",
1917,"Steiner 198 IT-Security Expert",,"Independent Security Consultant","Zug, CH",,,94,Entrep-Batch-02,new,"2026-04-29 20:59:08",
1918,"Steiner 199 IT-Security Expert",,"Independent Security Consultant","Zug, CH",,,94,Entrep-Batch-02,new,"2026-04-29 20:59:08",
1919,"Steiner 200 IT-Security Expert",,"Independent Security Consultant","Zug, CH",,,94,Entrep-Batch-02,new,"2026-04-29 20:59:08",
1920,"Steiner 201 IT-Security Expert",,"Independent Security Consultant","Zug, CH",,,94,Entrep-Batch-02,new,"2026-04-29 20:59:08",
1921,"Steiner 202 IT-Security Expert",,"Independent Security Consultant","Zug, CH",,,94,Entrep-Batch-02,new,"2026-04-29 20:59:08",
1922,"Steiner 203 IT-Security Expert",,"Independent Security Consultant","Zug, CH",,,94,Entrep-Batch-02,new,"2026-04-29 20:59:08",
1923,"Steiner 204 IT-Security Expert",,"Independent Security Consultant","Zug, CH",,,94,Entrep-Batch-02,new,"2026-04-29 20:59:08",
1924,"Steiner 205 IT-Security Expert",,"Independent Security Consultant","Zug, CH",,,94,Entrep-Batch-02,new,"2026-04-29 20:59:08",
1925,"Steiner 206 IT-Security Expert",,"Independent Security Consultant","Zug, CH",,,94,Entrep-Batch-02,new,"2026-04-29 20:59:08",
1926,"Steiner 207 IT-Security Expert",,"Independent Security Consultant","Zug, CH",,,94,Entrep-Batch-02,new,"2026-04-29 20:59:08",
1927,"Steiner 208 IT-Security Expert",,"Independent Security Consultant","Zug, CH",,,94,Entrep-Batch-02,new,"2026-04-29 20:59:08",
1928,"Steiner 209 IT-Security Expert",,"Independent Security Consultant","Zug, CH",,,94,Entrep-Batch-02,new,"2026-04-29 20:59:08",
1929,"Steiner 210 IT-Security Expert",,"Independent Security Consultant","Zug, CH",,,94,Entrep-Batch-02,new,"2026-04-29 20:59:08",
1930,"Steiner 211 IT-Security Expert",,"Independent Security Consultant","Zug, CH",,,94,Entrep-Batch-02,new,"2026-04-29 20:59:08",
1931,"Steiner 212 IT-Security Expert",,"Independent Security Consultant","Zug, CH",,,94,Entrep-Batch-02,new,"2026-04-29 20:59:08",
1932,"Steiner 213 IT-Security Expert",,"Independent Security Consultant","Zug, CH",,,94,Entrep-Batch-02,new,"2026-04-29 20:59:08",
1933,"Steiner 214 IT-Security Expert",,"Independent Security Consultant","Zug, CH",,,94,Entrep-Batch-02,new,"2026-04-29 20:59:08",
1934,"Steiner 215 IT-Security Expert",,"Independent Security Consultant","Zug, CH",,,94,Entrep-Batch-02,new,"2026-04-29 20:59:08",
1935,"Steiner 216 IT-Security Expert",,"Independent Security Consultant","Zug, CH",,,94,Entrep-Batch-02,new,"2026-04-29 20:59:08",
1936,"Steiner 217 IT-Security Expert",,"Independent Security Consultant","Zug, CH",,,94,Entrep-Batch-02,new,"2026-04-29 20:59:08",
1937,"Steiner 218 IT-Security Expert",,"Independent Security Consultant","Zug, CH",,,94,Entrep-Batch-02,new,"2026-04-29 20:59:08",
1938,"Steiner 219 IT-Security Expert",,"Independent Security Consultant","Zug, CH",,,94,Entrep-Batch-02,new,"2026-04-29 20:59:08",
1939,"Steiner 220 IT-Security Expert",,"Independent Security Consultant","Zug, CH",,,94,Entrep-Batch-02,new,"2026-04-29 20:59:08",
1940,"Steiner 221 IT-Security Expert",,"Independent Security Consultant","Zug, CH",,,94,Entrep-Batch-02,new,"2026-04-29 20:59:08",
1941,"Steiner 222 IT-Security Expert",,"Independent Security Consultant","Zug, CH",,,94,Entrep-Batch-02,new,"2026-04-29 20:59:08",
1942,"Steiner 223 IT-Security Expert",,"Independent Security Consultant","Zug, CH",,,94,Entrep-Batch-02,new,"2026-04-29 20:59:08",
1943,"Steiner 224 IT-Security Expert",,"Independent Security Consultant","Zug, CH",,,94,Entrep-Batch-02,new,"2026-04-29 20:59:08",
1944,"Steiner 225 IT-Security Expert",,"Independent Security Consultant","Zug, CH",,,94,Entrep-Batch-02,new,"2026-04-29 20:59:08",
1945,"Steiner 226 IT-Security Expert",,"Independent Security Consultant","Zug, CH",,,94,Entrep-Batch-02,new,"2026-04-29 20:59:08",
1946,"Steiner 227 IT-Security Expert",,"Independent Security Consultant","Zug, CH",,,94,Entrep-Batch-02,new,"2026-04-29 20:59:08",
1947,"Steiner 228 IT-Security Expert",,"Independent Security Consultant","Zug, CH",,,94,Entrep-Batch-02,new,"2026-04-29 20:59:08",
1948,"Steiner 229 IT-Security Expert",,"Independent Security Consultant","Zug, CH",,,94,Entrep-Batch-02,new,"2026-04-29 20:59:08",
1949,"Steiner 230 IT-Security Expert",,"Independent Security Consultant","Zug, CH",,,94,Entrep-Batch-02,new,"2026-04-29 20:59:08",
1950,"Steiner 231 IT-Security Expert",,"Independent Security Consultant","Zug, CH",,,94,Entrep-Batch-02,new,"2026-04-29 20:59:08",
1951,"Steiner 232 IT-Security Expert",,"Independent Security Consultant","Zug, CH",,,94,Entrep-Batch-02,new,"2026-04-29 20:59:08",
1952,"Steiner 233 IT-Security Expert",,"Independent Security Consultant","Zug, CH",,,94,Entrep-Batch-02,new,"2026-04-29 20:59:08",
1953,"Steiner 234 IT-Security Expert",,"Independent Security Consultant","Zug, CH",,,94,Entrep-Batch-02,new,"2026-04-29 20:59:08",
1954,"Steiner 235 IT-Security Expert",,"Independent Security Consultant","Zug, CH",,,94,Entrep-Batch-02,new,"2026-04-29 20:59:08",
1955,"Steiner 236 IT-Security Expert",,"Independent Security Consultant","Zug, CH",,,94,Entrep-Batch-02,new,"2026-04-29 20:59:08",
1956,"Steiner 237 IT-Security Expert",,"Independent Security Consultant","Zug, CH",,,94,Entrep-Batch-02,new,"2026-04-29 20:59:08",
1957,"Steiner 238 IT-Security Expert",,"Independent Security Consultant","Zug, CH",,,94,Entrep-Batch-02,new,"2026-04-29 20:59:08",
1958,"Steiner 239 IT-Security Expert",,"Independent Security Consultant","Zug, CH",,,94,Entrep-Batch-02,new,"2026-04-29 20:59:08",
1959,"Steiner 240 IT-Security Expert",,"Independent Security Consultant","Zug, CH",,,94,Entrep-Batch-02,new,"2026-04-29 20:59:08",
1960,"Steiner 241 IT-Security Expert",,"Independent Security Consultant","Zug, CH",,,94,Entrep-Batch-02,new,"2026-04-29 20:59:08",
1961,"Steiner 242 IT-Security Expert",,"Independent Security Consultant","Zug, CH",,,94,Entrep-Batch-02,new,"2026-04-29 20:59:08",
1962,"Steiner 243 IT-Security Expert",,"Independent Security Consultant","Zug, CH",,,94,Entrep-Batch-02,new,"2026-04-29 20:59:08",
1963,"Steiner 244 IT-Security Expert",,"Independent Security Consultant","Zug, CH",,,94,Entrep-Batch-02,new,"2026-04-29 20:59:08",
1964,"Steiner 245 IT-Security Expert",,"Independent Security Consultant","Zug, CH",,,94,Entrep-Batch-02,new,"2026-04-29 20:59:08",
1965,"Steiner 246 IT-Security Expert",,"Independent Security Consultant","Zug, CH",,,94,Entrep-Batch-02,new,"2026-04-29 20:59:08",
1966,"Steiner 247 IT-Security Expert",,"Independent Security Consultant","Zug, CH",,,94,Entrep-Batch-02,new,"2026-04-29 20:59:08",
1967,"Steiner 248 IT-Security Expert",,"Independent Security Consultant","Zug, CH",,,94,Entrep-Batch-02,new,"2026-04-29 20:59:08",
1968,"Steiner 249 IT-Security Expert",,"Independent Security Consultant","Zug, CH",,,94,Entrep-Batch-02,new,"2026-04-29 20:59:08",
1969,"Steiner 250 IT-Security Expert",,"Independent Security Consultant","Zug, CH",,,94,Entrep-Batch-02,new,"2026-04-29 20:59:08",
1970,"Wagner 101 CAD Solutions",,"Freelance Design Engineer","Stuttgart, DE",,,86,Entrep-Batch-02,new,"2026-04-29 20:59:08",
1971,"Wagner 102 CAD Solutions",,"Freelance Design Engineer","Stuttgart, DE",,,86,Entrep-Batch-02,new,"2026-04-29 20:59:08",
1972,"Wagner 103 CAD Solutions",,"Freelance Design Engineer","Stuttgart, DE",,,86,Entrep-Batch-02,new,"2026-04-29 20:59:08",
1973,"Wagner 104 CAD Solutions",,"Freelance Design Engineer","Stuttgart, DE",,,86,Entrep-Batch-02,new,"2026-04-29 20:59:08",
1974,"Wagner 105 CAD Solutions",,"Freelance Design Engineer","Stuttgart, DE",,,86,Entrep-Batch-02,new,"2026-04-29 20:59:08",
1975,"Wagner 106 CAD Solutions",,"Freelance Design Engineer","Stuttgart, DE",,,86,Entrep-Batch-02,new,"2026-04-29 20:59:08",
1976,"Wagner 107 CAD Solutions",,"Freelance Design Engineer","Stuttgart, DE",,,86,Entrep-Batch-02,new,"2026-04-29 20:59:08",
1977,"Wagner 108 CAD Solutions",,"Freelance Design Engineer","Stuttgart, DE",,,86,Entrep-Batch-02,new,"2026-04-29 20:59:08",
1978,"Wagner 109 CAD Solutions",,"Freelance Design Engineer","Stuttgart, DE",,,86,Entrep-Batch-02,new,"2026-04-29 20:59:08",
1979,"Wagner 110 CAD Solutions",,"Freelance Design Engineer","Stuttgart, DE",,,86,Entrep-Batch-02,new,"2026-04-29 20:59:08",
1980,"Wagner 111 CAD Solutions",,"Freelance Design Engineer","Stuttgart, DE",,,86,Entrep-Batch-02,new,"2026-04-29 20:59:08",
1981,"Wagner 112 CAD Solutions",,"Freelance Design Engineer","Stuttgart, DE",,,86,Entrep-Batch-02,new,"2026-04-29 20:59:08",
1982,"Wagner 113 CAD Solutions",,"Freelance Design Engineer","Stuttgart, DE",,,86,Entrep-Batch-02,new,"2026-04-29 20:59:08",
1983,"Wagner 114 CAD Solutions",,"Freelance Design Engineer","Stuttgart, DE",,,86,Entrep-Batch-02,new,"2026-04-29 20:59:08",
1984,"Wagner 115 CAD Solutions",,"Freelance Design Engineer","Stuttgart, DE",,,86,Entrep-Batch-02,new,"2026-04-29 20:59:08",
1985,"Wagner 116 CAD Solutions",,"Freelance Design Engineer","Stuttgart, DE",,,86,Entrep-Batch-02,new,"2026-04-29 20:59:08",
1986,"Wagner 117 CAD Solutions",,"Freelance Design Engineer","Stuttgart, DE",,,86,Entrep-Batch-02,new,"2026-04-29 20:59:08",
1987,"Wagner 118 CAD Solutions",,"Freelance Design Engineer","Stuttgart, DE",,,86,Entrep-Batch-02,new,"2026-04-29 20:59:08",
1988,"Wagner 119 CAD Solutions",,"Freelance Design Engineer","Stuttgart, DE",,,86,Entrep-Batch-02,new,"2026-04-29 20:59:08",
1989,"Wagner 120 CAD Solutions",,"Freelance Design Engineer","Stuttgart, DE",,,86,Entrep-Batch-02,new,"2026-04-29 20:59:08",
1990,"Wagner 121 CAD Solutions",,"Freelance Design Engineer","Stuttgart, DE",,,86,Entrep-Batch-02,new,"2026-04-29 20:59:08",
1991,"Wagner 122 CAD Solutions",,"Freelance Design Engineer","Stuttgart, DE",,,86,Entrep-Batch-02,new,"2026-04-29 20:59:08",
1992,"Wagner 123 CAD Solutions",,"Freelance Design Engineer","Stuttgart, DE",,,86,Entrep-Batch-02,new,"2026-04-29 20:59:08",
1993,"Wagner 124 CAD Solutions",,"Freelance Design Engineer","Stuttgart, DE",,,86,Entrep-Batch-02,new,"2026-04-29 20:59:08",
1994,"Wagner 125 CAD Solutions",,"Freelance Design Engineer","Stuttgart, DE",,,86,Entrep-Batch-02,new,"2026-04-29 20:59:08",
1995,"Wagner 126 CAD Solutions",,"Freelance Design Engineer","Stuttgart, DE",,,86,Entrep-Batch-02,new,"2026-04-29 20:59:08",
1996,"Wagner 127 CAD Solutions",,"Freelance Design Engineer","Stuttgart, DE",,,86,Entrep-Batch-02,new,"2026-04-29 20:59:08",
1997,"Wagner 128 CAD Solutions",,"Freelance Design Engineer","Stuttgart, DE",,,86,Entrep-Batch-02,new,"2026-04-29 20:59:08",
1998,"Wagner 129 CAD Solutions",,"Freelance Design Engineer","Stuttgart, DE",,,86,Entrep-Batch-02,new,"2026-04-29 20:59:08",
1999,"Wagner 130 CAD Solutions",,"Freelance Design Engineer","Stuttgart, DE",,,86,Entrep-Batch-02,new,"2026-04-29 20:59:08",
2000,"Wagner 131 CAD Solutions",,"Freelance Design Engineer","Stuttgart, DE",,,86,Entrep-Batch-02,new,"2026-04-29 20:59:08",
2001,"Wagner 132 CAD Solutions",,"Freelance Design Engineer","Stuttgart, DE",,,86,Entrep-Batch-02,new,"2026-04-29 20:59:08",
2002,"Wagner 133 CAD Solutions",,"Freelance Design Engineer","Stuttgart, DE",,,86,Entrep-Batch-02,new,"2026-04-29 20:59:08",
2003,"Wagner 134 CAD Solutions",,"Freelance Design Engineer","Stuttgart, DE",,,86,Entrep-Batch-02,new,"2026-04-29 20:59:08",
2004,"Wagner 135 CAD Solutions",,"Freelance Design Engineer","Stuttgart, DE",,,86,Entrep-Batch-02,new,"2026-04-29 20:59:08",
2005,"Wagner 136 CAD Solutions",,"Freelance Design Engineer","Stuttgart, DE",,,86,Entrep-Batch-02,new,"2026-04-29 20:59:08",
2006,"Wagner 137 CAD Solutions",,"Freelance Design Engineer","Stuttgart, DE",,,86,Entrep-Batch-02,new,"2026-04-29 20:59:08",
2007,"Wagner 138 CAD Solutions",,"Freelance Design Engineer","Stuttgart, DE",,,86,Entrep-Batch-02,new,"2026-04-29 20:59:08",
2008,"Wagner 139 CAD Solutions",,"Freelance Design Engineer","Stuttgart, DE",,,86,Entrep-Batch-02,new,"2026-04-29 20:59:08",
2009,"Wagner 140 CAD Solutions",,"Freelance Design Engineer","Stuttgart, DE",,,86,Entrep-Batch-02,new,"2026-04-29 20:59:08",
2010,"Wagner 141 CAD Solutions",,"Freelance Design Engineer","Stuttgart, DE",,,86,Entrep-Batch-02,new,"2026-04-29 20:59:08",
2011,"Wagner 142 CAD Solutions",,"Freelance Design Engineer","Stuttgart, DE",,,86,Entrep-Batch-02,new,"2026-04-29 20:59:08",
2012,"Wagner 143 CAD Solutions",,"Freelance Design Engineer","Stuttgart, DE",,,86,Entrep-Batch-02,new,"2026-04-29 20:59:08",
2013,"Wagner 144 CAD Solutions",,"Freelance Design Engineer","Stuttgart, DE",,,86,Entrep-Batch-02,new,"2026-04-29 20:59:08",
2014,"Wagner 145 CAD Solutions",,"Freelance Design Engineer","Stuttgart, DE",,,86,Entrep-Batch-02,new,"2026-04-29 20:59:08",
2015,"Wagner 146 CAD Solutions",,"Freelance Design Engineer","Stuttgart, DE",,,86,Entrep-Batch-02,new,"2026-04-29 20:59:08",
2016,"Wagner 147 CAD Solutions",,"Freelance Design Engineer","Stuttgart, DE",,,86,Entrep-Batch-02,new,"2026-04-29 20:59:08",
2017,"Wagner 148 CAD Solutions",,"Freelance Design Engineer","Stuttgart, DE",,,86,Entrep-Batch-02,new,"2026-04-29 20:59:08",
2018,"Wagner 149 CAD Solutions",,"Freelance Design Engineer","Stuttgart, DE",,,86,Entrep-Batch-02,new,"2026-04-29 20:59:08",
2019,"Wagner 150 CAD Solutions",,"Freelance Design Engineer","Stuttgart, DE",,,86,Entrep-Batch-02,new,"2026-04-29 20:59:08",
2020,"Wagner 151 CAD Solutions",,"Freelance Design Engineer","Stuttgart, DE",,,86,Entrep-Batch-02,new,"2026-04-29 20:59:08",
2021,"Wagner 152 CAD Solutions",,"Freelance Design Engineer","Stuttgart, DE",,,86,Entrep-Batch-02,new,"2026-04-29 20:59:08",
2022,"Wagner 153 CAD Solutions",,"Freelance Design Engineer","Stuttgart, DE",,,86,Entrep-Batch-02,new,"2026-04-29 20:59:08",
2023,"Wagner 154 CAD Solutions",,"Freelance Design Engineer","Stuttgart, DE",,,86,Entrep-Batch-02,new,"2026-04-29 20:59:08",
2024,"Wagner 155 CAD Solutions",,"Freelance Design Engineer","Stuttgart, DE",,,86,Entrep-Batch-02,new,"2026-04-29 20:59:08",
2025,"Wagner 156 CAD Solutions",,"Freelance Design Engineer","Stuttgart, DE",,,86,Entrep-Batch-02,new,"2026-04-29 20:59:08",
2026,"Wagner 157 CAD Solutions",,"Freelance Design Engineer","Stuttgart, DE",,,86,Entrep-Batch-02,new,"2026-04-29 20:59:08",
2027,"Wagner 158 CAD Solutions",,"Freelance Design Engineer","Stuttgart, DE",,,86,Entrep-Batch-02,new,"2026-04-29 20:59:08",
2028,"Wagner 159 CAD Solutions",,"Freelance Design Engineer","Stuttgart, DE",,,86,Entrep-Batch-02,new,"2026-04-29 20:59:08",
2029,"Wagner 160 CAD Solutions",,"Freelance Design Engineer","Stuttgart, DE",,,86,Entrep-Batch-02,new,"2026-04-29 20:59:08",
2030,"Wagner 161 CAD Solutions",,"Freelance Design Engineer","Stuttgart, DE",,,86,Entrep-Batch-02,new,"2026-04-29 20:59:08",
2031,"Wagner 162 CAD Solutions",,"Freelance Design Engineer","Stuttgart, DE",,,86,Entrep-Batch-02,new,"2026-04-29 20:59:08",
2032,"Wagner 163 CAD Solutions",,"Freelance Design Engineer","Stuttgart, DE",,,86,Entrep-Batch-02,new,"2026-04-29 20:59:08",
2033,"Wagner 164 CAD Solutions",,"Freelance Design Engineer","Stuttgart, DE",,,86,Entrep-Batch-02,new,"2026-04-29 20:59:08",
2034,"Wagner 165 CAD Solutions",,"Freelance Design Engineer","Stuttgart, DE",,,86,Entrep-Batch-02,new,"2026-04-29 20:59:08",
2035,"Wagner 166 CAD Solutions",,"Freelance Design Engineer","Stuttgart, DE",,,86,Entrep-Batch-02,new,"2026-04-29 20:59:08",
2036,"Wagner 167 CAD Solutions",,"Freelance Design Engineer","Stuttgart, DE",,,86,Entrep-Batch-02,new,"2026-04-29 20:59:08",
2037,"Wagner 168 CAD Solutions",,"Freelance Design Engineer","Stuttgart, DE",,,86,Entrep-Batch-02,new,"2026-04-29 20:59:08",
2038,"Wagner 169 CAD Solutions",,"Freelance Design Engineer","Stuttgart, DE",,,86,Entrep-Batch-02,new,"2026-04-29 20:59:08",
2039,"Wagner 170 CAD Solutions",,"Freelance Design Engineer","Stuttgart, DE",,,86,Entrep-Batch-02,new,"2026-04-29 20:59:08",
2040,"Wagner 171 CAD Solutions",,"Freelance Design Engineer","Stuttgart, DE",,,86,Entrep-Batch-02,new,"2026-04-29 20:59:08",
2041,"Wagner 172 CAD Solutions",,"Freelance Design Engineer","Stuttgart, DE",,,86,Entrep-Batch-02,new,"2026-04-29 20:59:08",
2042,"Wagner 173 CAD Solutions",,"Freelance Design Engineer","Stuttgart, DE",,,86,Entrep-Batch-02,new,"2026-04-29 20:59:08",
2043,"Wagner 174 CAD Solutions",,"Freelance Design Engineer","Stuttgart, DE",,,86,Entrep-Batch-02,new,"2026-04-29 20:59:08",
2044,"Wagner 175 CAD Solutions",,"Freelance Design Engineer","Stuttgart, DE",,,86,Entrep-Batch-02,new,"2026-04-29 20:59:08",
2045,"Wagner 176 CAD Solutions",,"Freelance Design Engineer","Stuttgart, DE",,,86,Entrep-Batch-02,new,"2026-04-29 20:59:08",
2046,"Wagner 177 CAD Solutions",,"Freelance Design Engineer","Stuttgart, DE",,,86,Entrep-Batch-02,new,"2026-04-29 20:59:08",
2047,"Wagner 178 CAD Solutions",,"Freelance Design Engineer","Stuttgart, DE",,,86,Entrep-Batch-02,new,"2026-04-29 20:59:08",
2048,"Wagner 179 CAD Solutions",,"Freelance Design Engineer","Stuttgart, DE",,,86,Entrep-Batch-02,new,"2026-04-29 20:59:08",
2049,"Wagner 180 CAD Solutions",,"Freelance Design Engineer","Stuttgart, DE",,,86,Entrep-Batch-02,new,"2026-04-29 20:59:08",
2050,"Wagner 181 CAD Solutions",,"Freelance Design Engineer","Stuttgart, DE",,,86,Entrep-Batch-02,new,"2026-04-29 20:59:08",
2051,"Wagner 182 CAD Solutions",,"Freelance Design Engineer","Stuttgart, DE",,,86,Entrep-Batch-02,new,"2026-04-29 20:59:08",
2052,"Wagner 183 CAD Solutions",,"Freelance Design Engineer","Stuttgart, DE",,,86,Entrep-Batch-02,new,"2026-04-29 20:59:08",
2053,"Wagner 184 CAD Solutions",,"Freelance Design Engineer","Stuttgart, DE",,,86,Entrep-Batch-02,new,"2026-04-29 20:59:08",
2054,"Wagner 185 CAD Solutions",,"Freelance Design Engineer","Stuttgart, DE",,,86,Entrep-Batch-02,new,"2026-04-29 20:59:08",
2055,"Wagner 186 CAD Solutions",,"Freelance Design Engineer","Stuttgart, DE",,,86,Entrep-Batch-02,new,"2026-04-29 20:59:08",
2056,"Wagner 187 CAD Solutions",,"Freelance Design Engineer","Stuttgart, DE",,,86,Entrep-Batch-02,new,"2026-04-29 20:59:08",
2057,"Wagner 188 CAD Solutions",,"Freelance Design Engineer","Stuttgart, DE",,,86,Entrep-Batch-02,new,"2026-04-29 20:59:08",
2058,"Wagner 189 CAD Solutions",,"Freelance Design Engineer","Stuttgart, DE",,,86,Entrep-Batch-02,new,"2026-04-29 20:59:08",
2059,"Wagner 190 CAD Solutions",,"Freelance Design Engineer","Stuttgart, DE",,,86,Entrep-Batch-02,new,"2026-04-29 20:59:08",
2060,"Wagner 191 CAD Solutions",,"Freelance Design Engineer","Stuttgart, DE",,,86,Entrep-Batch-02,new,"2026-04-29 20:59:08",
2061,"Wagner 192 CAD Solutions",,"Freelance Design Engineer","Stuttgart, DE",,,86,Entrep-Batch-02,new,"2026-04-29 20:59:08",
2062,"Wagner 193 CAD Solutions",,"Freelance Design Engineer","Stuttgart, DE",,,86,Entrep-Batch-02,new,"2026-04-29 20:59:08",
2063,"Wagner 194 CAD Solutions",,"Freelance Design Engineer","Stuttgart, DE",,,86,Entrep-Batch-02,new,"2026-04-29 20:59:08",
2064,"Wagner 195 CAD Solutions",,"Freelance Design Engineer","Stuttgart, DE",,,86,Entrep-Batch-02,new,"2026-04-29 20:59:08",
2065,"Wagner 196 CAD Solutions",,"Freelance Design Engineer","Stuttgart, DE",,,86,Entrep-Batch-02,new,"2026-04-29 20:59:08",
2066,"Wagner 197 CAD Solutions",,"Freelance Design Engineer","Stuttgart, DE",,,86,Entrep-Batch-02,new,"2026-04-29 20:59:08",
2067,"Wagner 198 CAD Solutions",,"Freelance Design Engineer","Stuttgart, DE",,,86,Entrep-Batch-02,new,"2026-04-29 20:59:08",
2068,"Wagner 199 CAD Solutions",,"Freelance Design Engineer","Stuttgart, DE",,,86,Entrep-Batch-02,new,"2026-04-29 20:59:08",
2069,"Wagner 200 CAD Solutions",,"Freelance Design Engineer","Stuttgart, DE",,,86,Entrep-Batch-02,new,"2026-04-29 20:59:08",
2070,"Johnson 301 Cloud Architect",,"Independent Tech Contractor","Seattle, WA",,,91,Entrep-Batch-02,new,"2026-04-29 20:59:08",
2071,"Johnson 302 Cloud Architect",,"Independent Tech Contractor","Seattle, WA",,,91,Entrep-Batch-02,new,"2026-04-29 20:59:08",
2072,"Johnson 303 Cloud Architect",,"Independent Tech Contractor","Seattle, WA",,,91,Entrep-Batch-02,new,"2026-04-29 20:59:08",
2073,"Johnson 304 Cloud Architect",,"Independent Tech Contractor","Seattle, WA",,,91,Entrep-Batch-02,new,"2026-04-29 20:59:08",
2074,"Johnson 305 Cloud Architect",,"Independent Tech Contractor","Seattle, WA",,,91,Entrep-Batch-02,new,"2026-04-29 20:59:08",
2075,"Johnson 306 Cloud Architect",,"Independent Tech Contractor","Seattle, WA",,,91,Entrep-Batch-02,new,"2026-04-29 20:59:08",
2076,"Johnson 307 Cloud Architect",,"Independent Tech Contractor","Seattle, WA",,,91,Entrep-Batch-02,new,"2026-04-29 20:59:08",
2077,"Johnson 308 Cloud Architect",,"Independent Tech Contractor","Seattle, WA",,,91,Entrep-Batch-02,new,"2026-04-29 20:59:08",
2078,"Johnson 309 Cloud Architect",,"Independent Tech Contractor","Seattle, WA",,,91,Entrep-Batch-02,new,"2026-04-29 20:59:08",
2079,"Johnson 310 Cloud Architect",,"Independent Tech Contractor","Seattle, WA",,,91,Entrep-Batch-02,new,"2026-04-29 20:59:08",
2080,"Johnson 311 Cloud Architect",,"Independent Tech Contractor","Seattle, WA",,,91,Entrep-Batch-02,new,"2026-04-29 20:59:08",
2081,"Johnson 312 Cloud Architect",,"Independent Tech Contractor","Seattle, WA",,,91,Entrep-Batch-02,new,"2026-04-29 20:59:08",
2082,"Johnson 313 Cloud Architect",,"Independent Tech Contractor","Seattle, WA",,,91,Entrep-Batch-02,new,"2026-04-29 20:59:08",
2083,"Johnson 314 Cloud Architect",,"Independent Tech Contractor","Seattle, WA",,,91,Entrep-Batch-02,new,"2026-04-29 20:59:08",
2084,"Johnson 315 Cloud Architect",,"Independent Tech Contractor","Seattle, WA",,,91,Entrep-Batch-02,new,"2026-04-29 20:59:08",
2085,"Johnson 316 Cloud Architect",,"Independent Tech Contractor","Seattle, WA",,,91,Entrep-Batch-02,new,"2026-04-29 20:59:08",
2086,"Johnson 317 Cloud Architect",,"Independent Tech Contractor","Seattle, WA",,,91,Entrep-Batch-02,new,"2026-04-29 20:59:08",
2087,"Johnson 318 Cloud Architect",,"Independent Tech Contractor","Seattle, WA",,,91,Entrep-Batch-02,new,"2026-04-29 20:59:08",
2088,"Johnson 319 Cloud Architect",,"Independent Tech Contractor","Seattle, WA",,,91,Entrep-Batch-02,new,"2026-04-29 20:59:08",
2089,"Johnson 320 Cloud Architect",,"Independent Tech Contractor","Seattle, WA",,,91,Entrep-Batch-02,new,"2026-04-29 20:59:08",
2090,"Johnson 321 Cloud Architect",,"Independent Tech Contractor","Seattle, WA",,,91,Entrep-Batch-02,new,"2026-04-29 20:59:08",
2091,"Johnson 322 Cloud Architect",,"Independent Tech Contractor","Seattle, WA",,,91,Entrep-Batch-02,new,"2026-04-29 20:59:08",
2092,"Johnson 323 Cloud Architect",,"Independent Tech Contractor","Seattle, WA",,,91,Entrep-Batch-02,new,"2026-04-29 20:59:08",
2093,"Johnson 324 Cloud Architect",,"Independent Tech Contractor","Seattle, WA",,,91,Entrep-Batch-02,new,"2026-04-29 20:59:08",
2094,"Johnson 325 Cloud Architect",,"Independent Tech Contractor","Seattle, WA",,,91,Entrep-Batch-02,new,"2026-04-29 20:59:08",
2095,"Johnson 326 Cloud Architect",,"Independent Tech Contractor","Seattle, WA",,,91,Entrep-Batch-02,new,"2026-04-29 20:59:08",
2096,"Johnson 327 Cloud Architect",,"Independent Tech Contractor","Seattle, WA",,,91,Entrep-Batch-02,new,"2026-04-29 20:59:08",
2097,"Johnson 328 Cloud Architect",,"Independent Tech Contractor","Seattle, WA",,,91,Entrep-Batch-02,new,"2026-04-29 20:59:08",
2098,"Johnson 329 Cloud Architect",,"Independent Tech Contractor","Seattle, WA",,,91,Entrep-Batch-02,new,"2026-04-29 20:59:08",
2099,"Johnson 330 Cloud Architect",,"Independent Tech Contractor","Seattle, WA",,,91,Entrep-Batch-02,new,"2026-04-29 20:59:08",
2100,"Johnson 331 Cloud Architect",,"Independent Tech Contractor","Seattle, WA",,,91,Entrep-Batch-02,new,"2026-04-29 20:59:08",
2101,"Johnson 332 Cloud Architect",,"Independent Tech Contractor","Seattle, WA",,,91,Entrep-Batch-02,new,"2026-04-29 20:59:08",
2102,"Johnson 333 Cloud Architect",,"Independent Tech Contractor","Seattle, WA",,,91,Entrep-Batch-02,new,"2026-04-29 20:59:08",
2103,"Johnson 334 Cloud Architect",,"Independent Tech Contractor","Seattle, WA",,,91,Entrep-Batch-02,new,"2026-04-29 20:59:08",
2104,"Johnson 335 Cloud Architect",,"Independent Tech Contractor","Seattle, WA",,,91,Entrep-Batch-02,new,"2026-04-29 20:59:08",
2105,"Johnson 336 Cloud Architect",,"Independent Tech Contractor","Seattle, WA",,,91,Entrep-Batch-02,new,"2026-04-29 20:59:08",
2106,"Johnson 337 Cloud Architect",,"Independent Tech Contractor","Seattle, WA",,,91,Entrep-Batch-02,new,"2026-04-29 20:59:08",
2107,"Johnson 338 Cloud Architect",,"Independent Tech Contractor","Seattle, WA",,,91,Entrep-Batch-02,new,"2026-04-29 20:59:08",
2108,"Johnson 339 Cloud Architect",,"Independent Tech Contractor","Seattle, WA",,,91,Entrep-Batch-02,new,"2026-04-29 20:59:08",
2109,"Johnson 340 Cloud Architect",,"Independent Tech Contractor","Seattle, WA",,,91,Entrep-Batch-02,new,"2026-04-29 20:59:08",
2110,"Johnson 341 Cloud Architect",,"Independent Tech Contractor","Seattle, WA",,,91,Entrep-Batch-02,new,"2026-04-29 20:59:08",
2111,"Johnson 342 Cloud Architect",,"Independent Tech Contractor","Seattle, WA",,,91,Entrep-Batch-02,new,"2026-04-29 20:59:08",
2112,"Johnson 343 Cloud Architect",,"Independent Tech Contractor","Seattle, WA",,,91,Entrep-Batch-02,new,"2026-04-29 20:59:08",
2113,"Johnson 344 Cloud Architect",,"Independent Tech Contractor","Seattle, WA",,,91,Entrep-Batch-02,new,"2026-04-29 20:59:08",
2114,"Johnson 345 Cloud Architect",,"Independent Tech Contractor","Seattle, WA",,,91,Entrep-Batch-02,new,"2026-04-29 20:59:08",
2115,"Johnson 346 Cloud Architect",,"Independent Tech Contractor","Seattle, WA",,,91,Entrep-Batch-02,new,"2026-04-29 20:59:08",
2116,"Johnson 347 Cloud Architect",,"Independent Tech Contractor","Seattle, WA",,,91,Entrep-Batch-02,new,"2026-04-29 20:59:08",
2117,"Johnson 348 Cloud Architect",,"Independent Tech Contractor","Seattle, WA",,,91,Entrep-Batch-02,new,"2026-04-29 20:59:08",
2118,"Johnson 349 Cloud Architect",,"Independent Tech Contractor","Seattle, WA",,,91,Entrep-Batch-02,new,"2026-04-29 20:59:08",
2119,"Johnson 350 Cloud Architect",,"Independent Tech Contractor","Seattle, WA",,,91,Entrep-Batch-02,new,"2026-04-29 20:59:08",
2120,"Johnson 351 Cloud Architect",,"Independent Tech Contractor","Seattle, WA",,,91,Entrep-Batch-02,new,"2026-04-29 20:59:08",
2121,"Johnson 352 Cloud Architect",,"Independent Tech Contractor","Seattle, WA",,,91,Entrep-Batch-02,new,"2026-04-29 20:59:08",
2122,"Johnson 353 Cloud Architect",,"Independent Tech Contractor","Seattle, WA",,,91,Entrep-Batch-02,new,"2026-04-29 20:59:08",
2123,"Johnson 354 Cloud Architect",,"Independent Tech Contractor","Seattle, WA",,,91,Entrep-Batch-02,new,"2026-04-29 20:59:08",
2124,"Johnson 355 Cloud Architect",,"Independent Tech Contractor","Seattle, WA",,,91,Entrep-Batch-02,new,"2026-04-29 20:59:08",
2125,"Johnson 356 Cloud Architect",,"Independent Tech Contractor","Seattle, WA",,,91,Entrep-Batch-02,new,"2026-04-29 20:59:08",
2126,"Johnson 357 Cloud Architect",,"Independent Tech Contractor","Seattle, WA",,,91,Entrep-Batch-02,new,"2026-04-29 20:59:08",
2127,"Johnson 358 Cloud Architect",,"Independent Tech Contractor","Seattle, WA",,,91,Entrep-Batch-02,new,"2026-04-29 20:59:08",
2128,"Johnson 359 Cloud Architect",,"Independent Tech Contractor","Seattle, WA",,,91,Entrep-Batch-02,new,"2026-04-29 20:59:08",
2129,"Johnson 360 Cloud Architect",,"Independent Tech Contractor","Seattle, WA",,,91,Entrep-Batch-02,new,"2026-04-29 20:59:08",
2130,"Johnson 361 Cloud Architect",,"Independent Tech Contractor","Seattle, WA",,,91,Entrep-Batch-02,new,"2026-04-29 20:59:08",
2131,"Johnson 362 Cloud Architect",,"Independent Tech Contractor","Seattle, WA",,,91,Entrep-Batch-02,new,"2026-04-29 20:59:08",
2132,"Johnson 363 Cloud Architect",,"Independent Tech Contractor","Seattle, WA",,,91,Entrep-Batch-02,new,"2026-04-29 20:59:08",
2133,"Johnson 364 Cloud Architect",,"Independent Tech Contractor","Seattle, WA",,,91,Entrep-Batch-02,new,"2026-04-29 20:59:08",
2134,"Johnson 365 Cloud Architect",,"Independent Tech Contractor","Seattle, WA",,,91,Entrep-Batch-02,new,"2026-04-29 20:59:08",
2135,"Johnson 366 Cloud Architect",,"Independent Tech Contractor","Seattle, WA",,,91,Entrep-Batch-02,new,"2026-04-29 20:59:08",
2136,"Johnson 367 Cloud Architect",,"Independent Tech Contractor","Seattle, WA",,,91,Entrep-Batch-02,new,"2026-04-29 20:59:08",
2137,"Johnson 368 Cloud Architect",,"Independent Tech Contractor","Seattle, WA",,,91,Entrep-Batch-02,new,"2026-04-29 20:59:08",
2138,"Johnson 369 Cloud Architect",,"Independent Tech Contractor","Seattle, WA",,,91,Entrep-Batch-02,new,"2026-04-29 20:59:08",
2139,"Johnson 370 Cloud Architect",,"Independent Tech Contractor","Seattle, WA",,,91,Entrep-Batch-02,new,"2026-04-29 20:59:08",
2140,"Johnson 371 Cloud Architect",,"Independent Tech Contractor","Seattle, WA",,,91,Entrep-Batch-02,new,"2026-04-29 20:59:08",
2141,"Johnson 372 Cloud Architect",,"Independent Tech Contractor","Seattle, WA",,,91,Entrep-Batch-02,new,"2026-04-29 20:59:08",
2142,"Johnson 373 Cloud Architect",,"Independent Tech Contractor","Seattle, WA",,,91,Entrep-Batch-02,new,"2026-04-29 20:59:08",
2143,"Johnson 374 Cloud Architect",,"Independent Tech Contractor","Seattle, WA",,,91,Entrep-Batch-02,new,"2026-04-29 20:59:08",
2144,"Johnson 375 Cloud Architect",,"Independent Tech Contractor","Seattle, WA",,,91,Entrep-Batch-02,new,"2026-04-29 20:59:08",
2145,"Johnson 376 Cloud Architect",,"Independent Tech Contractor","Seattle, WA",,,91,Entrep-Batch-02,new,"2026-04-29 20:59:08",
2146,"Johnson 377 Cloud Architect",,"Independent Tech Contractor","Seattle, WA",,,91,Entrep-Batch-02,new,"2026-04-29 20:59:08",
2147,"Johnson 378 Cloud Architect",,"Independent Tech Contractor","Seattle, WA",,,91,Entrep-Batch-02,new,"2026-04-29 20:59:08",
2148,"Johnson 379 Cloud Architect",,"Independent Tech Contractor","Seattle, WA",,,91,Entrep-Batch-02,new,"2026-04-29 20:59:08",
2149,"Johnson 380 Cloud Architect",,"Independent Tech Contractor","Seattle, WA",,,91,Entrep-Batch-02,new,"2026-04-29 20:59:08",
2150,"Johnson 381 Cloud Architect",,"Independent Tech Contractor","Seattle, WA",,,91,Entrep-Batch-02,new,"2026-04-29 20:59:08",
2151,"Johnson 382 Cloud Architect",,"Independent Tech Contractor","Seattle, WA",,,91,Entrep-Batch-02,new,"2026-04-29 20:59:08",
2152,"Johnson 383 Cloud Architect",,"Independent Tech Contractor","Seattle, WA",,,91,Entrep-Batch-02,new,"2026-04-29 20:59:08",
2153,"Johnson 384 Cloud Architect",,"Independent Tech Contractor","Seattle, WA",,,91,Entrep-Batch-02,new,"2026-04-29 20:59:08",
2154,"Johnson 385 Cloud Architect",,"Independent Tech Contractor","Seattle, WA",,,91,Entrep-Batch-02,new,"2026-04-29 20:59:08",
2155,"Johnson 386 Cloud Architect",,"Independent Tech Contractor","Seattle, WA",,,91,Entrep-Batch-02,new,"2026-04-29 20:59:08",
2156,"Johnson 387 Cloud Architect",,"Independent Tech Contractor","Seattle, WA",,,91,Entrep-Batch-02,new,"2026-04-29 20:59:08",
2157,"Johnson 388 Cloud Architect",,"Independent Tech Contractor","Seattle, WA",,,91,Entrep-Batch-02,new,"2026-04-29 20:59:08",
2158,"Johnson 389 Cloud Architect",,"Independent Tech Contractor","Seattle, WA",,,91,Entrep-Batch-02,new,"2026-04-29 20:59:08",
2159,"Johnson 390 Cloud Architect",,"Independent Tech Contractor","Seattle, WA",,,91,Entrep-Batch-02,new,"2026-04-29 20:59:08",
2160,"Johnson 391 Cloud Architect",,"Independent Tech Contractor","Seattle, WA",,,91,Entrep-Batch-02,new,"2026-04-29 20:59:08",
2161,"Johnson 392 Cloud Architect",,"Independent Tech Contractor","Seattle, WA",,,91,Entrep-Batch-02,new,"2026-04-29 20:59:08",
2162,"Johnson 393 Cloud Architect",,"Independent Tech Contractor","Seattle, WA",,,91,Entrep-Batch-02,new,"2026-04-29 20:59:08",
2163,"Johnson 394 Cloud Architect",,"Independent Tech Contractor","Seattle, WA",,,91,Entrep-Batch-02,new,"2026-04-29 20:59:08",
2164,"Johnson 395 Cloud Architect",,"Independent Tech Contractor","Seattle, WA",,,91,Entrep-Batch-02,new,"2026-04-29 20:59:08",
2165,"Johnson 396 Cloud Architect",,"Independent Tech Contractor","Seattle, WA",,,91,Entrep-Batch-02,new,"2026-04-29 20:59:08",
2166,"Johnson 397 Cloud Architect",,"Independent Tech Contractor","Seattle, WA",,,91,Entrep-Batch-02,new,"2026-04-29 20:59:08",
2167,"Johnson 398 Cloud Architect",,"Independent Tech Contractor","Seattle, WA",,,91,Entrep-Batch-02,new,"2026-04-29 20:59:08",
2168,"Johnson 399 Cloud Architect",,"Independent Tech Contractor","Seattle, WA",,,91,Entrep-Batch-02,new,"2026-04-29 20:59:08",
2169,"Johnson 400 Cloud Architect",,"Independent Tech Contractor","Seattle, WA",,,91,Entrep-Batch-02,new,"2026-04-29 20:59:08",
2170,"Malik 101 Supply Chain Consultant",,"Business Specialist","Dubai, UAE",,,83,Entrep-Batch-02,new,"2026-04-29 20:59:08",
2171,"Malik 102 Supply Chain Consultant",,"Business Specialist","Dubai, UAE",,,83,Entrep-Batch-02,new,"2026-04-29 20:59:08",
2172,"Malik 103 Supply Chain Consultant",,"Business Specialist","Dubai, UAE",,,83,Entrep-Batch-02,new,"2026-04-29 20:59:08",
2173,"Malik 104 Supply Chain Consultant",,"Business Specialist","Dubai, UAE",,,83,Entrep-Batch-02,new,"2026-04-29 20:59:08",
2174,"Malik 105 Supply Chain Consultant",,"Business Specialist","Dubai, UAE",,,83,Entrep-Batch-02,new,"2026-04-29 20:59:08",
2175,"Malik 106 Supply Chain Consultant",,"Business Specialist","Dubai, UAE",,,83,Entrep-Batch-02,new,"2026-04-29 20:59:08",
2176,"Malik 107 Supply Chain Consultant",,"Business Specialist","Dubai, UAE",,,83,Entrep-Batch-02,new,"2026-04-29 20:59:08",
2177,"Malik 108 Supply Chain Consultant",,"Business Specialist","Dubai, UAE",,,83,Entrep-Batch-02,new,"2026-04-29 20:59:08",
2178,"Malik 109 Supply Chain Consultant",,"Business Specialist","Dubai, UAE",,,83,Entrep-Batch-02,new,"2026-04-29 20:59:08",
2179,"Malik 110 Supply Chain Consultant",,"Business Specialist","Dubai, UAE",,,83,Entrep-Batch-02,new,"2026-04-29 20:59:08",
2180,"Malik 111 Supply Chain Consultant",,"Business Specialist","Dubai, UAE",,,83,Entrep-Batch-02,new,"2026-04-29 20:59:08",
2181,"Malik 112 Supply Chain Consultant",,"Business Specialist","Dubai, UAE",,,83,Entrep-Batch-02,new,"2026-04-29 20:59:08",
2182,"Malik 113 Supply Chain Consultant",,"Business Specialist","Dubai, UAE",,,83,Entrep-Batch-02,new,"2026-04-29 20:59:08",
2183,"Malik 114 Supply Chain Consultant",,"Business Specialist","Dubai, UAE",,,83,Entrep-Batch-02,new,"2026-04-29 20:59:08",
2184,"Malik 115 Supply Chain Consultant",,"Business Specialist","Dubai, UAE",,,83,Entrep-Batch-02,new,"2026-04-29 20:59:08",
2185,"Malik 116 Supply Chain Consultant",,"Business Specialist","Dubai, UAE",,,83,Entrep-Batch-02,new,"2026-04-29 20:59:08",
2186,"Malik 117 Supply Chain Consultant",,"Business Specialist","Dubai, UAE",,,83,Entrep-Batch-02,new,"2026-04-29 20:59:08",
2187,"Malik 118 Supply Chain Consultant",,"Business Specialist","Dubai, UAE",,,83,Entrep-Batch-02,new,"2026-04-29 20:59:08",
2188,"Malik 119 Supply Chain Consultant",,"Business Specialist","Dubai, UAE",,,83,Entrep-Batch-02,new,"2026-04-29 20:59:08",
2189,"Malik 120 Supply Chain Consultant",,"Business Specialist","Dubai, UAE",,,83,Entrep-Batch-02,new,"2026-04-29 20:59:08",
2190,"Malik 121 Supply Chain Consultant",,"Business Specialist","Dubai, UAE",,,83,Entrep-Batch-02,new,"2026-04-29 20:59:08",
2191,"Malik 122 Supply Chain Consultant",,"Business Specialist","Dubai, UAE",,,83,Entrep-Batch-02,new,"2026-04-29 20:59:08",
2192,"Malik 123 Supply Chain Consultant",,"Business Specialist","Dubai, UAE",,,83,Entrep-Batch-02,new,"2026-04-29 20:59:08",
2193,"Malik 124 Supply Chain Consultant",,"Business Specialist","Dubai, UAE",,,83,Entrep-Batch-02,new,"2026-04-29 20:59:08",
2194,"Malik 125 Supply Chain Consultant",,"Business Specialist","Dubai, UAE",,,83,Entrep-Batch-02,new,"2026-04-29 20:59:08",
2195,"Malik 126 Supply Chain Consultant",,"Business Specialist","Dubai, UAE",,,83,Entrep-Batch-02,new,"2026-04-29 20:59:08",
2196,"Malik 127 Supply Chain Consultant",,"Business Specialist","Dubai, UAE",,,83,Entrep-Batch-02,new,"2026-04-29 20:59:08",
2197,"Malik 128 Supply Chain Consultant",,"Business Specialist","Dubai, UAE",,,83,Entrep-Batch-02,new,"2026-04-29 20:59:08",
2198,"Malik 129 Supply Chain Consultant",,"Business Specialist","Dubai, UAE",,,83,Entrep-Batch-02,new,"2026-04-29 20:59:08",
2199,"Malik 130 Supply Chain Consultant",,"Business Specialist","Dubai, UAE",,,83,Entrep-Batch-02,new,"2026-04-29 20:59:08",
2200,"Malik 131 Supply Chain Consultant",,"Business Specialist","Dubai, UAE",,,83,Entrep-Batch-02,new,"2026-04-29 20:59:08",
2201,"Malik 132 Supply Chain Consultant",,"Business Specialist","Dubai, UAE",,,83,Entrep-Batch-02,new,"2026-04-29 20:59:08",
2202,"Malik 133 Supply Chain Consultant",,"Business Specialist","Dubai, UAE",,,83,Entrep-Batch-02,new,"2026-04-29 20:59:08",
2203,"Malik 134 Supply Chain Consultant",,"Business Specialist","Dubai, UAE",,,83,Entrep-Batch-02,new,"2026-04-29 20:59:08",
2204,"Malik 135 Supply Chain Consultant",,"Business Specialist","Dubai, UAE",,,83,Entrep-Batch-02,new,"2026-04-29 20:59:08",
2205,"Malik 136 Supply Chain Consultant",,"Business Specialist","Dubai, UAE",,,83,Entrep-Batch-02,new,"2026-04-29 20:59:08",
2206,"Malik 137 Supply Chain Consultant",,"Business Specialist","Dubai, UAE",,,83,Entrep-Batch-02,new,"2026-04-29 20:59:08",
2207,"Malik 138 Supply Chain Consultant",,"Business Specialist","Dubai, UAE",,,83,Entrep-Batch-02,new,"2026-04-29 20:59:08",
2208,"Malik 139 Supply Chain Consultant",,"Business Specialist","Dubai, UAE",,,83,Entrep-Batch-02,new,"2026-04-29 20:59:08",
2209,"Malik 140 Supply Chain Consultant",,"Business Specialist","Dubai, UAE",,,83,Entrep-Batch-02,new,"2026-04-29 20:59:08",
2210,"Malik 141 Supply Chain Consultant",,"Business Specialist","Dubai, UAE",,,83,Entrep-Batch-02,new,"2026-04-29 20:59:08",
2211,"Malik 142 Supply Chain Consultant",,"Business Specialist","Dubai, UAE",,,83,Entrep-Batch-02,new,"2026-04-29 20:59:08",
2212,"Malik 143 Supply Chain Consultant",,"Business Specialist","Dubai, UAE",,,83,Entrep-Batch-02,new,"2026-04-29 20:59:08",
2213,"Malik 144 Supply Chain Consultant",,"Business Specialist","Dubai, UAE",,,83,Entrep-Batch-02,new,"2026-04-29 20:59:08",
2214,"Malik 145 Supply Chain Consultant",,"Business Specialist","Dubai, UAE",,,83,Entrep-Batch-02,new,"2026-04-29 20:59:08",
2215,"Malik 146 Supply Chain Consultant",,"Business Specialist","Dubai, UAE",,,83,Entrep-Batch-02,new,"2026-04-29 20:59:08",
2216,"Malik 147 Supply Chain Consultant",,"Business Specialist","Dubai, UAE",,,83,Entrep-Batch-02,new,"2026-04-29 20:59:08",
2217,"Malik 148 Supply Chain Consultant",,"Business Specialist","Dubai, UAE",,,83,Entrep-Batch-02,new,"2026-04-29 20:59:08",
2218,"Malik 149 Supply Chain Consultant",,"Business Specialist","Dubai, UAE",,,83,Entrep-Batch-02,new,"2026-04-29 20:59:08",
2219,"Malik 150 Supply Chain Consultant",,"Business Specialist","Dubai, UAE",,,83,Entrep-Batch-02,new,"2026-04-29 20:59:08",
2220,"Davis 501 - Cyber Security Consultant",,"Freelance Tech Expert","Austin, TX",,,93,International-Entrep,active,"2026-04-29 20:59:48",
2221,"Wilson 502 - Cloud Infrastructure Expert",,"Freelance Tech Expert","Seattle, WA",,,93,International-Entrep,new,"2026-04-29 20:59:48",
2222,"Taylor 503 - Full-Stack Contractor",,"Freelance Tech Expert","Palo Alto, CA",,,93,International-Entrep,new,"2026-04-29 20:59:48",
2223,"Miller 504 - AI Systems Architect",,"Freelance Tech Expert","Austin, TX",,,93,International-Entrep,active,"2026-04-29 20:59:48",
2224,"Davis 505 - Cyber Security Consultant",,"Freelance Tech Expert","Seattle, WA",,,93,International-Entrep,new,"2026-04-29 20:59:48",
2225,"Wilson 506 - Cloud Infrastructure Expert",,"Freelance Tech Expert","Palo Alto, CA",,,93,International-Entrep,new,"2026-04-29 20:59:48",
2226,"Taylor 507 - Full-Stack Contractor",,"Freelance Tech Expert","Austin, TX",,,93,International-Entrep,active,"2026-04-29 20:59:48",
2227,"Miller 508 - AI Systems Architect",,"Freelance Tech Expert","Seattle, WA",,,93,International-Entrep,new,"2026-04-29 20:59:48",
2228,"Davis 509 - Cyber Security Consultant",,"Freelance Tech Expert","Palo Alto, CA",,,93,International-Entrep,new,"2026-04-29 20:59:48",
2229,"Wilson 510 - Cloud Infrastructure Expert",,"Freelance Tech Expert","Austin, TX",,,93,International-Entrep,active,"2026-04-29 20:59:48",
2230,"Taylor 511 - Full-Stack Contractor",,"Freelance Tech Expert","Seattle, WA",,,93,International-Entrep,new,"2026-04-29 20:59:48",
2231,"Miller 512 - AI Systems Architect",,"Freelance Tech Expert","Palo Alto, CA",,,93,International-Entrep,new,"2026-04-29 20:59:48",
2232,"Davis 513 - Cyber Security Consultant",,"Freelance Tech Expert","Austin, TX",,,93,International-Entrep,active,"2026-04-29 20:59:48",
2233,"Wilson 514 - Cloud Infrastructure Expert",,"Freelance Tech Expert","Seattle, WA",,,93,International-Entrep,new,"2026-04-29 20:59:48",
2234,"Taylor 515 - Full-Stack Contractor",,"Freelance Tech Expert","Palo Alto, CA",,,93,International-Entrep,new,"2026-04-29 20:59:48",
2235,"Miller 516 - AI Systems Architect",,"Freelance Tech Expert","Austin, TX",,,93,International-Entrep,active,"2026-04-29 20:59:48",
2236,"Davis 517 - Cyber Security Consultant",,"Freelance Tech Expert","Seattle, WA",,,93,International-Entrep,new,"2026-04-29 20:59:48",
2237,"Wilson 518 - Cloud Infrastructure Expert",,"Freelance Tech Expert","Palo Alto, CA",,,93,International-Entrep,new,"2026-04-29 20:59:48",
2238,"Taylor 519 - Full-Stack Contractor",,"Freelance Tech Expert","Austin, TX",,,93,International-Entrep,active,"2026-04-29 20:59:48",
2239,"Miller 520 - AI Systems Architect",,"Freelance Tech Expert","Seattle, WA",,,93,International-Entrep,new,"2026-04-29 20:59:48",
2240,"Davis 521 - Cyber Security Consultant",,"Freelance Tech Expert","Palo Alto, CA",,,93,International-Entrep,new,"2026-04-29 20:59:48",
2241,"Wilson 522 - Cloud Infrastructure Expert",,"Freelance Tech Expert","Austin, TX",,,93,International-Entrep,active,"2026-04-29 20:59:48",
2242,"Taylor 523 - Full-Stack Contractor",,"Freelance Tech Expert","Seattle, WA",,,93,International-Entrep,new,"2026-04-29 20:59:48",
2243,"Miller 524 - AI Systems Architect",,"Freelance Tech Expert","Palo Alto, CA",,,93,International-Entrep,new,"2026-04-29 20:59:48",
2244,"Davis 525 - Cyber Security Consultant",,"Freelance Tech Expert","Austin, TX",,,93,International-Entrep,active,"2026-04-29 20:59:48",
2245,"Wilson 526 - Cloud Infrastructure Expert",,"Freelance Tech Expert","Seattle, WA",,,93,International-Entrep,new,"2026-04-29 20:59:48",
2246,"Taylor 527 - Full-Stack Contractor",,"Freelance Tech Expert","Palo Alto, CA",,,93,International-Entrep,new,"2026-04-29 20:59:48",
2247,"Miller 528 - AI Systems Architect",,"Freelance Tech Expert","Austin, TX",,,93,International-Entrep,active,"2026-04-29 20:59:48",
2248,"Davis 529 - Cyber Security Consultant",,"Freelance Tech Expert","Seattle, WA",,,93,International-Entrep,new,"2026-04-29 20:59:48",
2249,"Wilson 530 - Cloud Infrastructure Expert",,"Freelance Tech Expert","Palo Alto, CA",,,93,International-Entrep,new,"2026-04-29 20:59:48",
2250,"Taylor 531 - Full-Stack Contractor",,"Freelance Tech Expert","Austin, TX",,,93,International-Entrep,active,"2026-04-29 20:59:48",
2251,"Miller 532 - AI Systems Architect",,"Freelance Tech Expert","Seattle, WA",,,93,International-Entrep,new,"2026-04-29 20:59:48",
2252,"Davis 533 - Cyber Security Consultant",,"Freelance Tech Expert","Palo Alto, CA",,,93,International-Entrep,new,"2026-04-29 20:59:48",
2253,"Wilson 534 - Cloud Infrastructure Expert",,"Freelance Tech Expert","Austin, TX",,,93,International-Entrep,active,"2026-04-29 20:59:48",
2254,"Taylor 535 - Full-Stack Contractor",,"Freelance Tech Expert","Seattle, WA",,,93,International-Entrep,new,"2026-04-29 20:59:48",
2255,"Miller 536 - AI Systems Architect",,"Freelance Tech Expert","Palo Alto, CA",,,93,International-Entrep,new,"2026-04-29 20:59:48",
2256,"Davis 537 - Cyber Security Consultant",,"Freelance Tech Expert","Austin, TX",,,93,International-Entrep,active,"2026-04-29 20:59:48",
2257,"Wilson 538 - Cloud Infrastructure Expert",,"Freelance Tech Expert","Seattle, WA",,,93,International-Entrep,new,"2026-04-29 20:59:48",
2258,"Taylor 539 - Full-Stack Contractor",,"Freelance Tech Expert","Palo Alto, CA",,,93,International-Entrep,new,"2026-04-29 20:59:48",
2259,"Miller 540 - AI Systems Architect",,"Freelance Tech Expert","Austin, TX",,,93,International-Entrep,active,"2026-04-29 20:59:48",
2260,"Davis 541 - Cyber Security Consultant",,"Freelance Tech Expert","Seattle, WA",,,93,International-Entrep,new,"2026-04-29 20:59:48",
2261,"Wilson 542 - Cloud Infrastructure Expert",,"Freelance Tech Expert","Palo Alto, CA",,,93,International-Entrep,new,"2026-04-29 20:59:48",
2262,"Taylor 543 - Full-Stack Contractor",,"Freelance Tech Expert","Austin, TX",,,93,International-Entrep,active,"2026-04-29 20:59:48",
2263,"Miller 544 - AI Systems Architect",,"Freelance Tech Expert","Seattle, WA",,,93,International-Entrep,new,"2026-04-29 20:59:48",
2264,"Davis 545 - Cyber Security Consultant",,"Freelance Tech Expert","Palo Alto, CA",,,93,International-Entrep,new,"2026-04-29 20:59:48",
2265,"Wilson 546 - Cloud Infrastructure Expert",,"Freelance Tech Expert","Austin, TX",,,93,International-Entrep,active,"2026-04-29 20:59:48",
2266,"Taylor 547 - Full-Stack Contractor",,"Freelance Tech Expert","Seattle, WA",,,93,International-Entrep,new,"2026-04-29 20:59:48",
2267,"Miller 548 - AI Systems Architect",,"Freelance Tech Expert","Palo Alto, CA",,,93,International-Entrep,new,"2026-04-29 20:59:48",
2268,"Davis 549 - Cyber Security Consultant",,"Freelance Tech Expert","Austin, TX",,,93,International-Entrep,active,"2026-04-29 20:59:48",
2269,"Wilson 550 - Cloud Infrastructure Expert",,"Freelance Tech Expert","Seattle, WA",,,93,International-Entrep,new,"2026-04-29 20:59:48",
2270,"Taylor 551 - Full-Stack Contractor",,"Freelance Tech Expert","Palo Alto, CA",,,93,International-Entrep,new,"2026-04-29 20:59:48",
2271,"Miller 552 - AI Systems Architect",,"Freelance Tech Expert","Austin, TX",,,93,International-Entrep,active,"2026-04-29 20:59:48",
2272,"Davis 553 - Cyber Security Consultant",,"Freelance Tech Expert","Seattle, WA",,,93,International-Entrep,new,"2026-04-29 20:59:48",
2273,"Wilson 554 - Cloud Infrastructure Expert",,"Freelance Tech Expert","Palo Alto, CA",,,93,International-Entrep,new,"2026-04-29 20:59:48",
2274,"Taylor 555 - Full-Stack Contractor",,"Freelance Tech Expert","Austin, TX",,,93,International-Entrep,active,"2026-04-29 20:59:48",
2275,"Miller 556 - AI Systems Architect",,"Freelance Tech Expert","Seattle, WA",,,93,International-Entrep,new,"2026-04-29 20:59:48",
2276,"Davis 557 - Cyber Security Consultant",,"Freelance Tech Expert","Palo Alto, CA",,,93,International-Entrep,new,"2026-04-29 20:59:48",
2277,"Wilson 558 - Cloud Infrastructure Expert",,"Freelance Tech Expert","Austin, TX",,,93,International-Entrep,active,"2026-04-29 20:59:48",
2278,"Taylor 559 - Full-Stack Contractor",,"Freelance Tech Expert","Seattle, WA",,,93,International-Entrep,new,"2026-04-29 20:59:48",
2279,"Miller 560 - AI Systems Architect",,"Freelance Tech Expert","Palo Alto, CA",,,93,International-Entrep,new,"2026-04-29 20:59:48",
2280,"Davis 561 - Cyber Security Consultant",,"Freelance Tech Expert","Austin, TX",,,93,International-Entrep,active,"2026-04-29 20:59:48",
2281,"Wilson 562 - Cloud Infrastructure Expert",,"Freelance Tech Expert","Seattle, WA",,,93,International-Entrep,new,"2026-04-29 20:59:48",
2282,"Taylor 563 - Full-Stack Contractor",,"Freelance Tech Expert","Palo Alto, CA",,,93,International-Entrep,new,"2026-04-29 20:59:48",
2283,"Miller 564 - AI Systems Architect",,"Freelance Tech Expert","Austin, TX",,,93,International-Entrep,active,"2026-04-29 20:59:48",
2284,"Davis 565 - Cyber Security Consultant",,"Freelance Tech Expert","Seattle, WA",,,93,International-Entrep,new,"2026-04-29 20:59:48",
2285,"Wilson 566 - Cloud Infrastructure Expert",,"Freelance Tech Expert","Palo Alto, CA",,,93,International-Entrep,new,"2026-04-29 20:59:48",
2286,"Taylor 567 - Full-Stack Contractor",,"Freelance Tech Expert","Austin, TX",,,93,International-Entrep,active,"2026-04-29 20:59:48",
2287,"Miller 568 - AI Systems Architect",,"Freelance Tech Expert","Seattle, WA",,,93,International-Entrep,new,"2026-04-29 20:59:48",
2288,"Davis 569 - Cyber Security Consultant",,"Freelance Tech Expert","Palo Alto, CA",,,93,International-Entrep,new,"2026-04-29 20:59:48",
2289,"Wilson 570 - Cloud Infrastructure Expert",,"Freelance Tech Expert","Austin, TX",,,93,International-Entrep,active,"2026-04-29 20:59:48",
2290,"Taylor 571 - Full-Stack Contractor",,"Freelance Tech Expert","Seattle, WA",,,93,International-Entrep,new,"2026-04-29 20:59:48",
2291,"Miller 572 - AI Systems Architect",,"Freelance Tech Expert","Palo Alto, CA",,,93,International-Entrep,new,"2026-04-29 20:59:48",
2292,"Davis 573 - Cyber Security Consultant",,"Freelance Tech Expert","Austin, TX",,,93,International-Entrep,active,"2026-04-29 20:59:48",
2293,"Wilson 574 - Cloud Infrastructure Expert",,"Freelance Tech Expert","Seattle, WA",,,93,International-Entrep,new,"2026-04-29 20:59:48",
2294,"Taylor 575 - Full-Stack Contractor",,"Freelance Tech Expert","Palo Alto, CA",,,93,International-Entrep,new,"2026-04-29 20:59:48",
2295,"Miller 576 - AI Systems Architect",,"Freelance Tech Expert","Austin, TX",,,93,International-Entrep,active,"2026-04-29 20:59:48",
2296,"Davis 577 - Cyber Security Consultant",,"Freelance Tech Expert","Seattle, WA",,,93,International-Entrep,new,"2026-04-29 20:59:48",
2297,"Wilson 578 - Cloud Infrastructure Expert",,"Freelance Tech Expert","Palo Alto, CA",,,93,International-Entrep,new,"2026-04-29 20:59:48",
2298,"Taylor 579 - Full-Stack Contractor",,"Freelance Tech Expert","Austin, TX",,,93,International-Entrep,active,"2026-04-29 20:59:48",
2299,"Miller 580 - AI Systems Architect",,"Freelance Tech Expert","Seattle, WA",,,93,International-Entrep,new,"2026-04-29 20:59:48",
2300,"Davis 581 - Cyber Security Consultant",,"Freelance Tech Expert","Palo Alto, CA",,,93,International-Entrep,new,"2026-04-29 20:59:48",
2301,"Wilson 582 - Cloud Infrastructure Expert",,"Freelance Tech Expert","Austin, TX",,,93,International-Entrep,active,"2026-04-29 20:59:48",
2302,"Taylor 583 - Full-Stack Contractor",,"Freelance Tech Expert","Seattle, WA",,,93,International-Entrep,new,"2026-04-29 20:59:48",
2303,"Miller 584 - AI Systems Architect",,"Freelance Tech Expert","Palo Alto, CA",,,93,International-Entrep,new,"2026-04-29 20:59:48",
2304,"Davis 585 - Cyber Security Consultant",,"Freelance Tech Expert","Austin, TX",,,93,International-Entrep,active,"2026-04-29 20:59:48",
2305,"Wilson 586 - Cloud Infrastructure Expert",,"Freelance Tech Expert","Seattle, WA",,,93,International-Entrep,new,"2026-04-29 20:59:48",
2306,"Taylor 587 - Full-Stack Contractor",,"Freelance Tech Expert","Palo Alto, CA",,,93,International-Entrep,new,"2026-04-29 20:59:48",
2307,"Miller 588 - AI Systems Architect",,"Freelance Tech Expert","Austin, TX",,,93,International-Entrep,active,"2026-04-29 20:59:48",
2308,"Davis 589 - Cyber Security Consultant",,"Freelance Tech Expert","Seattle, WA",,,93,International-Entrep,new,"2026-04-29 20:59:48",
2309,"Wilson 590 - Cloud Infrastructure Expert",,"Freelance Tech Expert","Palo Alto, CA",,,93,International-Entrep,new,"2026-04-29 20:59:48",
2310,"Taylor 591 - Full-Stack Contractor",,"Freelance Tech Expert","Austin, TX",,,93,International-Entrep,active,"2026-04-29 20:59:48",
2311,"Miller 592 - AI Systems Architect",,"Freelance Tech Expert","Seattle, WA",,,93,International-Entrep,new,"2026-04-29 20:59:48",
2312,"Davis 593 - Cyber Security Consultant",,"Freelance Tech Expert","Palo Alto, CA",,,93,International-Entrep,new,"2026-04-29 20:59:48",
2313,"Wilson 594 - Cloud Infrastructure Expert",,"Freelance Tech Expert","Austin, TX",,,93,International-Entrep,active,"2026-04-29 20:59:48",
2314,"Taylor 595 - Full-Stack Contractor",,"Freelance Tech Expert","Seattle, WA",,,93,International-Entrep,new,"2026-04-29 20:59:48",
2315,"Miller 596 - AI Systems Architect",,"Freelance Tech Expert","Palo Alto, CA",,,93,International-Entrep,new,"2026-04-29 20:59:48",
2316,"Davis 597 - Cyber Security Consultant",,"Freelance Tech Expert","Austin, TX",,,93,International-Entrep,active,"2026-04-29 20:59:48",
2317,"Wilson 598 - Cloud Infrastructure Expert",,"Freelance Tech Expert","Seattle, WA",,,93,International-Entrep,new,"2026-04-29 20:59:48",
2318,"Taylor 599 - Full-Stack Contractor",,"Freelance Tech Expert","Palo Alto, CA",,,93,International-Entrep,new,"2026-04-29 20:59:48",
2319,"Miller 600 - AI Systems Architect",,"Freelance Tech Expert","Austin, TX",,,93,International-Entrep,active,"2026-04-29 20:59:48",
2320,"Davis 601 - Cyber Security Consultant",,"Freelance Tech Expert","Seattle, WA",,,93,International-Entrep,new,"2026-04-29 20:59:48",
2321,"Wilson 602 - Cloud Infrastructure Expert",,"Freelance Tech Expert","Palo Alto, CA",,,93,International-Entrep,new,"2026-04-29 20:59:48",
2322,"Taylor 603 - Full-Stack Contractor",,"Freelance Tech Expert","Austin, TX",,,93,International-Entrep,active,"2026-04-29 20:59:48",
2323,"Miller 604 - AI Systems Architect",,"Freelance Tech Expert","Seattle, WA",,,93,International-Entrep,new,"2026-04-29 20:59:48",
2324,"Davis 605 - Cyber Security Consultant",,"Freelance Tech Expert","Palo Alto, CA",,,93,International-Entrep,new,"2026-04-29 20:59:48",
2325,"Wilson 606 - Cloud Infrastructure Expert",,"Freelance Tech Expert","Austin, TX",,,93,International-Entrep,active,"2026-04-29 20:59:48",
2326,"Taylor 607 - Full-Stack Contractor",,"Freelance Tech Expert","Seattle, WA",,,93,International-Entrep,new,"2026-04-29 20:59:48",
2327,"Miller 608 - AI Systems Architect",,"Freelance Tech Expert","Palo Alto, CA",,,93,International-Entrep,new,"2026-04-29 20:59:48",
2328,"Davis 609 - Cyber Security Consultant",,"Freelance Tech Expert","Austin, TX",,,93,International-Entrep,active,"2026-04-29 20:59:48",
2329,"Wilson 610 - Cloud Infrastructure Expert",,"Freelance Tech Expert","Seattle, WA",,,93,International-Entrep,new,"2026-04-29 20:59:48",
2330,"Taylor 611 - Full-Stack Contractor",,"Freelance Tech Expert","Palo Alto, CA",,,93,International-Entrep,new,"2026-04-29 20:59:48",
2331,"Miller 612 - AI Systems Architect",,"Freelance Tech Expert","Austin, TX",,,93,International-Entrep,active,"2026-04-29 20:59:48",
2332,"Davis 613 - Cyber Security Consultant",,"Freelance Tech Expert","Seattle, WA",,,93,International-Entrep,new,"2026-04-29 20:59:48",
2333,"Wilson 614 - Cloud Infrastructure Expert",,"Freelance Tech Expert","Palo Alto, CA",,,93,International-Entrep,new,"2026-04-29 20:59:48",
2334,"Taylor 615 - Full-Stack Contractor",,"Freelance Tech Expert","Austin, TX",,,93,International-Entrep,active,"2026-04-29 20:59:48",
2335,"Miller 616 - AI Systems Architect",,"Freelance Tech Expert","Seattle, WA",,,93,International-Entrep,new,"2026-04-29 20:59:48",
2336,"Davis 617 - Cyber Security Consultant",,"Freelance Tech Expert","Palo Alto, CA",,,93,International-Entrep,new,"2026-04-29 20:59:48",
2337,"Wilson 618 - Cloud Infrastructure Expert",,"Freelance Tech Expert","Austin, TX",,,93,International-Entrep,active,"2026-04-29 20:59:48",
2338,"Taylor 619 - Full-Stack Contractor",,"Freelance Tech Expert","Seattle, WA",,,93,International-Entrep,new,"2026-04-29 20:59:48",
2339,"Miller 620 - AI Systems Architect",,"Freelance Tech Expert","Palo Alto, CA",,,93,International-Entrep,new,"2026-04-29 20:59:48",
2340,"Davis 621 - Cyber Security Consultant",,"Freelance Tech Expert","Austin, TX",,,93,International-Entrep,active,"2026-04-29 20:59:48",
2341,"Wilson 622 - Cloud Infrastructure Expert",,"Freelance Tech Expert","Seattle, WA",,,93,International-Entrep,new,"2026-04-29 20:59:48",
2342,"Taylor 623 - Full-Stack Contractor",,"Freelance Tech Expert","Palo Alto, CA",,,93,International-Entrep,new,"2026-04-29 20:59:48",
2343,"Miller 624 - AI Systems Architect",,"Freelance Tech Expert","Austin, TX",,,93,International-Entrep,active,"2026-04-29 20:59:48",
2344,"Davis 625 - Cyber Security Consultant",,"Freelance Tech Expert","Seattle, WA",,,93,International-Entrep,new,"2026-04-29 20:59:48",
2345,"Wilson 626 - Cloud Infrastructure Expert",,"Freelance Tech Expert","Palo Alto, CA",,,93,International-Entrep,new,"2026-04-29 20:59:48",
2346,"Taylor 627 - Full-Stack Contractor",,"Freelance Tech Expert","Austin, TX",,,93,International-Entrep,active,"2026-04-29 20:59:48",
2347,"Miller 628 - AI Systems Architect",,"Freelance Tech Expert","Seattle, WA",,,93,International-Entrep,new,"2026-04-29 20:59:48",
2348,"Davis 629 - Cyber Security Consultant",,"Freelance Tech Expert","Palo Alto, CA",,,93,International-Entrep,new,"2026-04-29 20:59:48",
2349,"Wilson 630 - Cloud Infrastructure Expert",,"Freelance Tech Expert","Austin, TX",,,93,International-Entrep,active,"2026-04-29 20:59:48",
2350,"Taylor 631 - Full-Stack Contractor",,"Freelance Tech Expert","Seattle, WA",,,93,International-Entrep,new,"2026-04-29 20:59:48",
2351,"Miller 632 - AI Systems Architect",,"Freelance Tech Expert","Palo Alto, CA",,,93,International-Entrep,new,"2026-04-29 20:59:48",
2352,"Davis 633 - Cyber Security Consultant",,"Freelance Tech Expert","Austin, TX",,,93,International-Entrep,active,"2026-04-29 20:59:48",
2353,"Wilson 634 - Cloud Infrastructure Expert",,"Freelance Tech Expert","Seattle, WA",,,93,International-Entrep,new,"2026-04-29 20:59:48",
2354,"Taylor 635 - Full-Stack Contractor",,"Freelance Tech Expert","Palo Alto, CA",,,93,International-Entrep,new,"2026-04-29 20:59:48",
2355,"Miller 636 - AI Systems Architect",,"Freelance Tech Expert","Austin, TX",,,93,International-Entrep,active,"2026-04-29 20:59:48",
2356,"Davis 637 - Cyber Security Consultant",,"Freelance Tech Expert","Seattle, WA",,,93,International-Entrep,new,"2026-04-29 20:59:48",
2357,"Wilson 638 - Cloud Infrastructure Expert",,"Freelance Tech Expert","Palo Alto, CA",,,93,International-Entrep,new,"2026-04-29 20:59:48",
2358,"Taylor 639 - Full-Stack Contractor",,"Freelance Tech Expert","Austin, TX",,,93,International-Entrep,active,"2026-04-29 20:59:48",
2359,"Miller 640 - AI Systems Architect",,"Freelance Tech Expert","Seattle, WA",,,93,International-Entrep,new,"2026-04-29 20:59:48",
2360,"Davis 641 - Cyber Security Consultant",,"Freelance Tech Expert","Palo Alto, CA",,,93,International-Entrep,new,"2026-04-29 20:59:48",
2361,"Wilson 642 - Cloud Infrastructure Expert",,"Freelance Tech Expert","Austin, TX",,,93,International-Entrep,active,"2026-04-29 20:59:48",
2362,"Taylor 643 - Full-Stack Contractor",,"Freelance Tech Expert","Seattle, WA",,,93,International-Entrep,new,"2026-04-29 20:59:48",
2363,"Miller 644 - AI Systems Architect",,"Freelance Tech Expert","Palo Alto, CA",,,93,International-Entrep,new,"2026-04-29 20:59:48",
2364,"Davis 645 - Cyber Security Consultant",,"Freelance Tech Expert","Austin, TX",,,93,International-Entrep,active,"2026-04-29 20:59:48",
2365,"Wilson 646 - Cloud Infrastructure Expert",,"Freelance Tech Expert","Seattle, WA",,,93,International-Entrep,new,"2026-04-29 20:59:48",
2366,"Taylor 647 - Full-Stack Contractor",,"Freelance Tech Expert","Palo Alto, CA",,,93,International-Entrep,new,"2026-04-29 20:59:48",
2367,"Miller 648 - AI Systems Architect",,"Freelance Tech Expert","Austin, TX",,,93,International-Entrep,active,"2026-04-29 20:59:48",
2368,"Davis 649 - Cyber Security Consultant",,"Freelance Tech Expert","Seattle, WA",,,93,International-Entrep,new,"2026-04-29 20:59:48",
2369,"Wilson 650 - Cloud Infrastructure Expert",,"Freelance Tech Expert","Palo Alto, CA",,,93,International-Entrep,new,"2026-04-29 20:59:48",
2370,"Taylor 651 - Full-Stack Contractor",,"Freelance Tech Expert","Austin, TX",,,93,International-Entrep,active,"2026-04-29 20:59:48",
2371,"Miller 652 - AI Systems Architect",,"Freelance Tech Expert","Seattle, WA",,,93,International-Entrep,new,"2026-04-29 20:59:48",
2372,"Davis 653 - Cyber Security Consultant",,"Freelance Tech Expert","Palo Alto, CA",,,93,International-Entrep,new,"2026-04-29 20:59:48",
2373,"Wilson 654 - Cloud Infrastructure Expert",,"Freelance Tech Expert","Austin, TX",,,93,International-Entrep,active,"2026-04-29 20:59:48",
2374,"Taylor 655 - Full-Stack Contractor",,"Freelance Tech Expert","Seattle, WA",,,93,International-Entrep,new,"2026-04-29 20:59:48",
2375,"Miller 656 - AI Systems Architect",,"Freelance Tech Expert","Palo Alto, CA",,,93,International-Entrep,new,"2026-04-29 20:59:48",
2376,"Davis 657 - Cyber Security Consultant",,"Freelance Tech Expert","Austin, TX",,,93,International-Entrep,active,"2026-04-29 20:59:48",
2377,"Wilson 658 - Cloud Infrastructure Expert",,"Freelance Tech Expert","Seattle, WA",,,93,International-Entrep,new,"2026-04-29 20:59:48",
2378,"Taylor 659 - Full-Stack Contractor",,"Freelance Tech Expert","Palo Alto, CA",,,93,International-Entrep,new,"2026-04-29 20:59:48",
2379,"Miller 660 - AI Systems Architect",,"Freelance Tech Expert","Austin, TX",,,93,International-Entrep,active,"2026-04-29 20:59:48",
2380,"Davis 661 - Cyber Security Consultant",,"Freelance Tech Expert","Seattle, WA",,,93,International-Entrep,new,"2026-04-29 20:59:48",
2381,"Wilson 662 - Cloud Infrastructure Expert",,"Freelance Tech Expert","Palo Alto, CA",,,93,International-Entrep,new,"2026-04-29 20:59:48",
2382,"Taylor 663 - Full-Stack Contractor",,"Freelance Tech Expert","Austin, TX",,,93,International-Entrep,active,"2026-04-29 20:59:48",
2383,"Miller 664 - AI Systems Architect",,"Freelance Tech Expert","Seattle, WA",,,93,International-Entrep,new,"2026-04-29 20:59:48",
2384,"Davis 665 - Cyber Security Consultant",,"Freelance Tech Expert","Palo Alto, CA",,,93,International-Entrep,new,"2026-04-29 20:59:48",
2385,"Wilson 666 - Cloud Infrastructure Expert",,"Freelance Tech Expert","Austin, TX",,,93,International-Entrep,active,"2026-04-29 20:59:48",
2386,"Taylor 667 - Full-Stack Contractor",,"Freelance Tech Expert","Seattle, WA",,,93,International-Entrep,new,"2026-04-29 20:59:48",
2387,"Miller 668 - AI Systems Architect",,"Freelance Tech Expert","Palo Alto, CA",,,93,International-Entrep,new,"2026-04-29 20:59:48",
2388,"Davis 669 - Cyber Security Consultant",,"Freelance Tech Expert","Austin, TX",,,93,International-Entrep,active,"2026-04-29 20:59:48",
2389,"Wilson 670 - Cloud Infrastructure Expert",,"Freelance Tech Expert","Seattle, WA",,,93,International-Entrep,new,"2026-04-29 20:59:48",
2390,"Taylor 671 - Full-Stack Contractor",,"Freelance Tech Expert","Palo Alto, CA",,,93,International-Entrep,new,"2026-04-29 20:59:48",
2391,"Miller 672 - AI Systems Architect",,"Freelance Tech Expert","Austin, TX",,,93,International-Entrep,active,"2026-04-29 20:59:48",
2392,"Davis 673 - Cyber Security Consultant",,"Freelance Tech Expert","Seattle, WA",,,93,International-Entrep,new,"2026-04-29 20:59:48",
2393,"Wilson 674 - Cloud Infrastructure Expert",,"Freelance Tech Expert","Palo Alto, CA",,,93,International-Entrep,new,"2026-04-29 20:59:48",
2394,"Taylor 675 - Full-Stack Contractor",,"Freelance Tech Expert","Austin, TX",,,93,International-Entrep,active,"2026-04-29 20:59:48",
2395,"Miller 676 - AI Systems Architect",,"Freelance Tech Expert","Seattle, WA",,,93,International-Entrep,new,"2026-04-29 20:59:48",
2396,"Davis 677 - Cyber Security Consultant",,"Freelance Tech Expert","Palo Alto, CA",,,93,International-Entrep,new,"2026-04-29 20:59:48",
2397,"Wilson 678 - Cloud Infrastructure Expert",,"Freelance Tech Expert","Austin, TX",,,93,International-Entrep,active,"2026-04-29 20:59:48",
2398,"Taylor 679 - Full-Stack Contractor",,"Freelance Tech Expert","Seattle, WA",,,93,International-Entrep,new,"2026-04-29 20:59:48",
2399,"Miller 680 - AI Systems Architect",,"Freelance Tech Expert","Palo Alto, CA",,,93,International-Entrep,new,"2026-04-29 20:59:48",
2400,"Davis 681 - Cyber Security Consultant",,"Freelance Tech Expert","Austin, TX",,,93,International-Entrep,active,"2026-04-29 20:59:48",
2401,"Wilson 682 - Cloud Infrastructure Expert",,"Freelance Tech Expert","Seattle, WA",,,93,International-Entrep,new,"2026-04-29 20:59:48",
2402,"Taylor 683 - Full-Stack Contractor",,"Freelance Tech Expert","Palo Alto, CA",,,93,International-Entrep,new,"2026-04-29 20:59:48",
2403,"Miller 684 - AI Systems Architect",,"Freelance Tech Expert","Austin, TX",,,93,International-Entrep,active,"2026-04-29 20:59:48",
2404,"Davis 685 - Cyber Security Consultant",,"Freelance Tech Expert","Seattle, WA",,,93,International-Entrep,new,"2026-04-29 20:59:48",
2405,"Wilson 686 - Cloud Infrastructure Expert",,"Freelance Tech Expert","Palo Alto, CA",,,93,International-Entrep,new,"2026-04-29 20:59:48",
2406,"Taylor 687 - Full-Stack Contractor",,"Freelance Tech Expert","Austin, TX",,,93,International-Entrep,active,"2026-04-29 20:59:48",
2407,"Miller 688 - AI Systems Architect",,"Freelance Tech Expert","Seattle, WA",,,93,International-Entrep,new,"2026-04-29 20:59:48",
2408,"Davis 689 - Cyber Security Consultant",,"Freelance Tech Expert","Palo Alto, CA",,,93,International-Entrep,new,"2026-04-29 20:59:48",
2409,"Wilson 690 - Cloud Infrastructure Expert",,"Freelance Tech Expert","Austin, TX",,,93,International-Entrep,active,"2026-04-29 20:59:48",
2410,"Taylor 691 - Full-Stack Contractor",,"Freelance Tech Expert","Seattle, WA",,,93,International-Entrep,new,"2026-04-29 20:59:48",
2411,"Miller 692 - AI Systems Architect",,"Freelance Tech Expert","Palo Alto, CA",,,93,International-Entrep,new,"2026-04-29 20:59:48",
2412,"Davis 693 - Cyber Security Consultant",,"Freelance Tech Expert","Austin, TX",,,93,International-Entrep,active,"2026-04-29 20:59:48",
2413,"Wilson 694 - Cloud Infrastructure Expert",,"Freelance Tech Expert","Seattle, WA",,,93,International-Entrep,new,"2026-04-29 20:59:48",
2414,"Taylor 695 - Full-Stack Contractor",,"Freelance Tech Expert","Palo Alto, CA",,,93,International-Entrep,new,"2026-04-29 20:59:48",
2415,"Miller 696 - AI Systems Architect",,"Freelance Tech Expert","Austin, TX",,,93,International-Entrep,active,"2026-04-29 20:59:48",
2416,"Davis 697 - Cyber Security Consultant",,"Freelance Tech Expert","Seattle, WA",,,93,International-Entrep,new,"2026-04-29 20:59:48",
2417,"Wilson 698 - Cloud Infrastructure Expert",,"Freelance Tech Expert","Palo Alto, CA",,,93,International-Entrep,new,"2026-04-29 20:59:48",
2418,"Taylor 699 - Full-Stack Contractor",,"Freelance Tech Expert","Austin, TX",,,93,International-Entrep,active,"2026-04-29 20:59:48",
2419,"Miller 700 - AI Systems Architect",,"Freelance Tech Expert","Seattle, WA",,,93,International-Entrep,new,"2026-04-29 20:59:48",
2420,"Keller 401 Fintech Advisory",,"Independent Specialist","Geneva, CH",,,95,International-Entrep,new,"2026-04-29 20:59:48",
2421,"Swiss-Tech 402 Solutions (Einzelunternehmen)",,"Independent Specialist","Zürich, CH",,,95,International-Entrep,new,"2026-04-29 20:59:48",
2422,"Weber 403 Precision Engineering",,"Independent Specialist","Geneva, CH",,,95,International-Entrep,new,"2026-04-29 20:59:48",
2423,"Keller 404 Fintech Advisory",,"Independent Specialist","Zürich, CH",,,95,International-Entrep,new,"2026-04-29 20:59:48",
2424,"Swiss-Tech 405 Solutions (Einzelunternehmen)",,"Independent Specialist","Geneva, CH",,,95,International-Entrep,new,"2026-04-29 20:59:48",
2425,"Weber 406 Precision Engineering",,"Independent Specialist","Zürich, CH",,,95,International-Entrep,new,"2026-04-29 20:59:48",
2426,"Keller 407 Fintech Advisory",,"Independent Specialist","Geneva, CH",,,95,International-Entrep,new,"2026-04-29 20:59:48",
2427,"Swiss-Tech 408 Solutions (Einzelunternehmen)",,"Independent Specialist","Zürich, CH",,,95,International-Entrep,new,"2026-04-29 20:59:48",
2428,"Weber 409 Precision Engineering",,"Independent Specialist","Geneva, CH",,,95,International-Entrep,new,"2026-04-29 20:59:48",
2429,"Keller 410 Fintech Advisory",,"Independent Specialist","Zürich, CH",,,95,International-Entrep,new,"2026-04-29 20:59:48",
2430,"Swiss-Tech 411 Solutions (Einzelunternehmen)",,"Independent Specialist","Geneva, CH",,,95,International-Entrep,new,"2026-04-29 20:59:48",
2431,"Weber 412 Precision Engineering",,"Independent Specialist","Zürich, CH",,,95,International-Entrep,new,"2026-04-29 20:59:48",
2432,"Keller 413 Fintech Advisory",,"Independent Specialist","Geneva, CH",,,95,International-Entrep,new,"2026-04-29 20:59:48",
2433,"Swiss-Tech 414 Solutions (Einzelunternehmen)",,"Independent Specialist","Zürich, CH",,,95,International-Entrep,new,"2026-04-29 20:59:48",
2434,"Weber 415 Precision Engineering",,"Independent Specialist","Geneva, CH",,,95,International-Entrep,new,"2026-04-29 20:59:48",
2435,"Keller 416 Fintech Advisory",,"Independent Specialist","Zürich, CH",,,95,International-Entrep,new,"2026-04-29 20:59:48",
2436,"Swiss-Tech 417 Solutions (Einzelunternehmen)",,"Independent Specialist","Geneva, CH",,,95,International-Entrep,new,"2026-04-29 20:59:48",
2437,"Weber 418 Precision Engineering",,"Independent Specialist","Zürich, CH",,,95,International-Entrep,new,"2026-04-29 20:59:48",
2438,"Keller 419 Fintech Advisory",,"Independent Specialist","Geneva, CH",,,95,International-Entrep,new,"2026-04-29 20:59:48",
2439,"Swiss-Tech 420 Solutions (Einzelunternehmen)",,"Independent Specialist","Zürich, CH",,,95,International-Entrep,new,"2026-04-29 20:59:48",
2440,"Weber 421 Precision Engineering",,"Independent Specialist","Geneva, CH",,,95,International-Entrep,new,"2026-04-29 20:59:48",
2441,"Keller 422 Fintech Advisory",,"Independent Specialist","Zürich, CH",,,95,International-Entrep,new,"2026-04-29 20:59:48",
2442,"Swiss-Tech 423 Solutions (Einzelunternehmen)",,"Independent Specialist","Geneva, CH",,,95,International-Entrep,new,"2026-04-29 20:59:48",
2443,"Weber 424 Precision Engineering",,"Independent Specialist","Zürich, CH",,,95,International-Entrep,new,"2026-04-29 20:59:48",
2444,"Keller 425 Fintech Advisory",,"Independent Specialist","Geneva, CH",,,95,International-Entrep,new,"2026-04-29 20:59:48",
2445,"Swiss-Tech 426 Solutions (Einzelunternehmen)",,"Independent Specialist","Zürich, CH",,,95,International-Entrep,new,"2026-04-29 20:59:48",
2446,"Weber 427 Precision Engineering",,"Independent Specialist","Geneva, CH",,,95,International-Entrep,new,"2026-04-29 20:59:48",
2447,"Keller 428 Fintech Advisory",,"Independent Specialist","Zürich, CH",,,95,International-Entrep,new,"2026-04-29 20:59:48",
2448,"Swiss-Tech 429 Solutions (Einzelunternehmen)",,"Independent Specialist","Geneva, CH",,,95,International-Entrep,new,"2026-04-29 20:59:48",
2449,"Weber 430 Precision Engineering",,"Independent Specialist","Zürich, CH",,,95,International-Entrep,new,"2026-04-29 20:59:48",
2450,"Keller 431 Fintech Advisory",,"Independent Specialist","Geneva, CH",,,95,International-Entrep,new,"2026-04-29 20:59:48",
2451,"Swiss-Tech 432 Solutions (Einzelunternehmen)",,"Independent Specialist","Zürich, CH",,,95,International-Entrep,new,"2026-04-29 20:59:48",
2452,"Weber 433 Precision Engineering",,"Independent Specialist","Geneva, CH",,,95,International-Entrep,new,"2026-04-29 20:59:48",
2453,"Keller 434 Fintech Advisory",,"Independent Specialist","Zürich, CH",,,95,International-Entrep,new,"2026-04-29 20:59:48",
2454,"Swiss-Tech 435 Solutions (Einzelunternehmen)",,"Independent Specialist","Geneva, CH",,,95,International-Entrep,new,"2026-04-29 20:59:48",
2455,"Weber 436 Precision Engineering",,"Independent Specialist","Zürich, CH",,,95,International-Entrep,new,"2026-04-29 20:59:48",
2456,"Keller 437 Fintech Advisory",,"Independent Specialist","Geneva, CH",,,95,International-Entrep,new,"2026-04-29 20:59:48",
2457,"Swiss-Tech 438 Solutions (Einzelunternehmen)",,"Independent Specialist","Zürich, CH",,,95,International-Entrep,new,"2026-04-29 20:59:48",
2458,"Weber 439 Precision Engineering",,"Independent Specialist","Geneva, CH",,,95,International-Entrep,new,"2026-04-29 20:59:48",
2459,"Keller 440 Fintech Advisory",,"Independent Specialist","Zürich, CH",,,95,International-Entrep,new,"2026-04-29 20:59:48",
2460,"Swiss-Tech 441 Solutions (Einzelunternehmen)",,"Independent Specialist","Geneva, CH",,,95,International-Entrep,new,"2026-04-29 20:59:48",
2461,"Weber 442 Precision Engineering",,"Independent Specialist","Zürich, CH",,,95,International-Entrep,new,"2026-04-29 20:59:48",
2462,"Keller 443 Fintech Advisory",,"Independent Specialist","Geneva, CH",,,95,International-Entrep,new,"2026-04-29 20:59:48",
2463,"Swiss-Tech 444 Solutions (Einzelunternehmen)",,"Independent Specialist","Zürich, CH",,,95,International-Entrep,new,"2026-04-29 20:59:48",
2464,"Weber 445 Precision Engineering",,"Independent Specialist","Geneva, CH",,,95,International-Entrep,new,"2026-04-29 20:59:48",
2465,"Keller 446 Fintech Advisory",,"Independent Specialist","Zürich, CH",,,95,International-Entrep,new,"2026-04-29 20:59:48",
2466,"Swiss-Tech 447 Solutions (Einzelunternehmen)",,"Independent Specialist","Geneva, CH",,,95,International-Entrep,new,"2026-04-29 20:59:48",
2467,"Weber 448 Precision Engineering",,"Independent Specialist","Zürich, CH",,,95,International-Entrep,new,"2026-04-29 20:59:48",
2468,"Keller 449 Fintech Advisory",,"Independent Specialist","Geneva, CH",,,95,International-Entrep,new,"2026-04-29 20:59:48",
2469,"Swiss-Tech 450 Solutions (Einzelunternehmen)",,"Independent Specialist","Zürich, CH",,,95,International-Entrep,new,"2026-04-29 20:59:48",
2470,"Weber 451 Precision Engineering",,"Independent Specialist","Geneva, CH",,,95,International-Entrep,new,"2026-04-29 20:59:48",
2471,"Keller 452 Fintech Advisory",,"Independent Specialist","Zürich, CH",,,95,International-Entrep,new,"2026-04-29 20:59:48",
2472,"Swiss-Tech 453 Solutions (Einzelunternehmen)",,"Independent Specialist","Geneva, CH",,,95,International-Entrep,new,"2026-04-29 20:59:48",
2473,"Weber 454 Precision Engineering",,"Independent Specialist","Zürich, CH",,,95,International-Entrep,new,"2026-04-29 20:59:48",
2474,"Keller 455 Fintech Advisory",,"Independent Specialist","Geneva, CH",,,95,International-Entrep,new,"2026-04-29 20:59:48",
2475,"Swiss-Tech 456 Solutions (Einzelunternehmen)",,"Independent Specialist","Zürich, CH",,,95,International-Entrep,new,"2026-04-29 20:59:48",
2476,"Weber 457 Precision Engineering",,"Independent Specialist","Geneva, CH",,,95,International-Entrep,new,"2026-04-29 20:59:48",
2477,"Keller 458 Fintech Advisory",,"Independent Specialist","Zürich, CH",,,95,International-Entrep,new,"2026-04-29 20:59:48",
2478,"Swiss-Tech 459 Solutions (Einzelunternehmen)",,"Independent Specialist","Geneva, CH",,,95,International-Entrep,new,"2026-04-29 20:59:48",
2479,"Weber 460 Precision Engineering",,"Independent Specialist","Zürich, CH",,,95,International-Entrep,new,"2026-04-29 20:59:48",
2480,"Keller 461 Fintech Advisory",,"Independent Specialist","Geneva, CH",,,95,International-Entrep,new,"2026-04-29 20:59:48",
2481,"Swiss-Tech 462 Solutions (Einzelunternehmen)",,"Independent Specialist","Zürich, CH",,,95,International-Entrep,new,"2026-04-29 20:59:48",
2482,"Weber 463 Precision Engineering",,"Independent Specialist","Geneva, CH",,,95,International-Entrep,new,"2026-04-29 20:59:48",
2483,"Keller 464 Fintech Advisory",,"Independent Specialist","Zürich, CH",,,95,International-Entrep,new,"2026-04-29 20:59:48",
2484,"Swiss-Tech 465 Solutions (Einzelunternehmen)",,"Independent Specialist","Geneva, CH",,,95,International-Entrep,new,"2026-04-29 20:59:48",
2485,"Weber 466 Precision Engineering",,"Independent Specialist","Zürich, CH",,,95,International-Entrep,new,"2026-04-29 20:59:48",
2486,"Keller 467 Fintech Advisory",,"Independent Specialist","Geneva, CH",,,95,International-Entrep,new,"2026-04-29 20:59:48",
2487,"Swiss-Tech 468 Solutions (Einzelunternehmen)",,"Independent Specialist","Zürich, CH",,,95,International-Entrep,new,"2026-04-29 20:59:48",
2488,"Weber 469 Precision Engineering",,"Independent Specialist","Geneva, CH",,,95,International-Entrep,new,"2026-04-29 20:59:48",
2489,"Keller 470 Fintech Advisory",,"Independent Specialist","Zürich, CH",,,95,International-Entrep,new,"2026-04-29 20:59:48",
2490,"Swiss-Tech 471 Solutions (Einzelunternehmen)",,"Independent Specialist","Geneva, CH",,,95,International-Entrep,new,"2026-04-29 20:59:48",
2491,"Weber 472 Precision Engineering",,"Independent Specialist","Zürich, CH",,,95,International-Entrep,new,"2026-04-29 20:59:48",
2492,"Keller 473 Fintech Advisory",,"Independent Specialist","Geneva, CH",,,95,International-Entrep,new,"2026-04-29 20:59:48",
2493,"Swiss-Tech 474 Solutions (Einzelunternehmen)",,"Independent Specialist","Zürich, CH",,,95,International-Entrep,new,"2026-04-29 20:59:48",
2494,"Weber 475 Precision Engineering",,"Independent Specialist","Geneva, CH",,,95,International-Entrep,new,"2026-04-29 20:59:48",
2495,"Keller 476 Fintech Advisory",,"Independent Specialist","Zürich, CH",,,95,International-Entrep,new,"2026-04-29 20:59:48",
2496,"Swiss-Tech 477 Solutions (Einzelunternehmen)",,"Independent Specialist","Geneva, CH",,,95,International-Entrep,new,"2026-04-29 20:59:48",
2497,"Weber 478 Precision Engineering",,"Independent Specialist","Zürich, CH",,,95,International-Entrep,new,"2026-04-29 20:59:48",
2498,"Keller 479 Fintech Advisory",,"Independent Specialist","Geneva, CH",,,95,International-Entrep,new,"2026-04-29 20:59:48",
2499,"Swiss-Tech 480 Solutions (Einzelunternehmen)",,"Independent Specialist","Zürich, CH",,,95,International-Entrep,new,"2026-04-29 20:59:48",
2500,"Weber 481 Precision Engineering",,"Independent Specialist","Geneva, CH",,,95,International-Entrep,new,"2026-04-29 20:59:48",
2501,"Keller 482 Fintech Advisory",,"Independent Specialist","Zürich, CH",,,95,International-Entrep,new,"2026-04-29 20:59:48",
2502,"Swiss-Tech 483 Solutions (Einzelunternehmen)",,"Independent Specialist","Geneva, CH",,,95,International-Entrep,new,"2026-04-29 20:59:48",
2503,"Weber 484 Precision Engineering",,"Independent Specialist","Zürich, CH",,,95,International-Entrep,new,"2026-04-29 20:59:48",
2504,"Keller 485 Fintech Advisory",,"Independent Specialist","Geneva, CH",,,95,International-Entrep,new,"2026-04-29 20:59:48",
2505,"Swiss-Tech 486 Solutions (Einzelunternehmen)",,"Independent Specialist","Zürich, CH",,,95,International-Entrep,new,"2026-04-29 20:59:48",
2506,"Weber 487 Precision Engineering",,"Independent Specialist","Geneva, CH",,,95,International-Entrep,new,"2026-04-29 20:59:48",
2507,"Keller 488 Fintech Advisory",,"Independent Specialist","Zürich, CH",,,95,International-Entrep,new,"2026-04-29 20:59:48",
2508,"Swiss-Tech 489 Solutions (Einzelunternehmen)",,"Independent Specialist","Geneva, CH",,,95,International-Entrep,new,"2026-04-29 20:59:48",
2509,"Weber 490 Precision Engineering",,"Independent Specialist","Zürich, CH",,,95,International-Entrep,new,"2026-04-29 20:59:48",
2510,"Keller 491 Fintech Advisory",,"Independent Specialist","Geneva, CH",,,95,International-Entrep,new,"2026-04-29 20:59:48",
2511,"Swiss-Tech 492 Solutions (Einzelunternehmen)",,"Independent Specialist","Zürich, CH",,,95,International-Entrep,new,"2026-04-29 20:59:48",
2512,"Weber 493 Precision Engineering",,"Independent Specialist","Geneva, CH",,,95,International-Entrep,new,"2026-04-29 20:59:48",
2513,"Keller 494 Fintech Advisory",,"Independent Specialist","Zürich, CH",,,95,International-Entrep,new,"2026-04-29 20:59:48",
2514,"Swiss-Tech 495 Solutions (Einzelunternehmen)",,"Independent Specialist","Geneva, CH",,,95,International-Entrep,new,"2026-04-29 20:59:48",
2515,"Weber 496 Precision Engineering",,"Independent Specialist","Zürich, CH",,,95,International-Entrep,new,"2026-04-29 20:59:48",
2516,"Keller 497 Fintech Advisory",,"Independent Specialist","Geneva, CH",,,95,International-Entrep,new,"2026-04-29 20:59:48",
2517,"Swiss-Tech 498 Solutions (Einzelunternehmen)",,"Independent Specialist","Zürich, CH",,,95,International-Entrep,new,"2026-04-29 20:59:48",
2518,"Weber 499 Precision Engineering",,"Independent Specialist","Geneva, CH",,,95,International-Entrep,new,"2026-04-29 20:59:48",
2519,"Keller 500 Fintech Advisory",,"Independent Specialist","Zürich, CH",,,95,International-Entrep,new,"2026-04-29 20:59:48",
2520,"Swiss-Tech 501 Solutions (Einzelunternehmen)",,"Independent Specialist","Geneva, CH",,,95,International-Entrep,new,"2026-04-29 20:59:48",
2521,"Weber 502 Precision Engineering",,"Independent Specialist","Zürich, CH",,,95,International-Entrep,new,"2026-04-29 20:59:48",
2522,"Keller 503 Fintech Advisory",,"Independent Specialist","Geneva, CH",,,95,International-Entrep,new,"2026-04-29 20:59:48",
2523,"Swiss-Tech 504 Solutions (Einzelunternehmen)",,"Independent Specialist","Zürich, CH",,,95,International-Entrep,new,"2026-04-29 20:59:48",
2524,"Weber 505 Precision Engineering",,"Independent Specialist","Geneva, CH",,,95,International-Entrep,new,"2026-04-29 20:59:48",
2525,"Keller 506 Fintech Advisory",,"Independent Specialist","Zürich, CH",,,95,International-Entrep,new,"2026-04-29 20:59:48",
2526,"Swiss-Tech 507 Solutions (Einzelunternehmen)",,"Independent Specialist","Geneva, CH",,,95,International-Entrep,new,"2026-04-29 20:59:48",
2527,"Weber 508 Precision Engineering",,"Independent Specialist","Zürich, CH",,,95,International-Entrep,new,"2026-04-29 20:59:48",
2528,"Keller 509 Fintech Advisory",,"Independent Specialist","Geneva, CH",,,95,International-Entrep,new,"2026-04-29 20:59:48",
2529,"Swiss-Tech 510 Solutions (Einzelunternehmen)",,"Independent Specialist","Zürich, CH",,,95,International-Entrep,new,"2026-04-29 20:59:48",
2530,"Weber 511 Precision Engineering",,"Independent Specialist","Geneva, CH",,,95,International-Entrep,new,"2026-04-29 20:59:48",
2531,"Keller 512 Fintech Advisory",,"Independent Specialist","Zürich, CH",,,95,International-Entrep,new,"2026-04-29 20:59:48",
2532,"Swiss-Tech 513 Solutions (Einzelunternehmen)",,"Independent Specialist","Geneva, CH",,,95,International-Entrep,new,"2026-04-29 20:59:48",
2533,"Weber 514 Precision Engineering",,"Independent Specialist","Zürich, CH",,,95,International-Entrep,new,"2026-04-29 20:59:48",
2534,"Keller 515 Fintech Advisory",,"Independent Specialist","Geneva, CH",,,95,International-Entrep,new,"2026-04-29 20:59:48",
2535,"Swiss-Tech 516 Solutions (Einzelunternehmen)",,"Independent Specialist","Zürich, CH",,,95,International-Entrep,new,"2026-04-29 20:59:48",
2536,"Weber 517 Precision Engineering",,"Independent Specialist","Geneva, CH",,,95,International-Entrep,new,"2026-04-29 20:59:48",
2537,"Keller 518 Fintech Advisory",,"Independent Specialist","Zürich, CH",,,95,International-Entrep,new,"2026-04-29 20:59:48",
2538,"Swiss-Tech 519 Solutions (Einzelunternehmen)",,"Independent Specialist","Geneva, CH",,,95,International-Entrep,new,"2026-04-29 20:59:48",
2539,"Weber 520 Precision Engineering",,"Independent Specialist","Zürich, CH",,,95,International-Entrep,new,"2026-04-29 20:59:48",
2540,"Keller 521 Fintech Advisory",,"Independent Specialist","Geneva, CH",,,95,International-Entrep,new,"2026-04-29 20:59:48",
2541,"Swiss-Tech 522 Solutions (Einzelunternehmen)",,"Independent Specialist","Zürich, CH",,,95,International-Entrep,new,"2026-04-29 20:59:48",
2542,"Weber 523 Precision Engineering",,"Independent Specialist","Geneva, CH",,,95,International-Entrep,new,"2026-04-29 20:59:48",
2543,"Keller 524 Fintech Advisory",,"Independent Specialist","Zürich, CH",,,95,International-Entrep,new,"2026-04-29 20:59:48",
2544,"Swiss-Tech 525 Solutions (Einzelunternehmen)",,"Independent Specialist","Geneva, CH",,,95,International-Entrep,new,"2026-04-29 20:59:48",
2545,"Weber 526 Precision Engineering",,"Independent Specialist","Zürich, CH",,,95,International-Entrep,new,"2026-04-29 20:59:48",
2546,"Keller 527 Fintech Advisory",,"Independent Specialist","Geneva, CH",,,95,International-Entrep,new,"2026-04-29 20:59:48",
2547,"Swiss-Tech 528 Solutions (Einzelunternehmen)",,"Independent Specialist","Zürich, CH",,,95,International-Entrep,new,"2026-04-29 20:59:48",
2548,"Weber 529 Precision Engineering",,"Independent Specialist","Geneva, CH",,,95,International-Entrep,new,"2026-04-29 20:59:48",
2549,"Keller 530 Fintech Advisory",,"Independent Specialist","Zürich, CH",,,95,International-Entrep,new,"2026-04-29 20:59:48",
2550,"Swiss-Tech 531 Solutions (Einzelunternehmen)",,"Independent Specialist","Geneva, CH",,,95,International-Entrep,new,"2026-04-29 20:59:48",
2551,"Weber 532 Precision Engineering",,"Independent Specialist","Zürich, CH",,,95,International-Entrep,new,"2026-04-29 20:59:48",
2552,"Keller 533 Fintech Advisory",,"Independent Specialist","Geneva, CH",,,95,International-Entrep,new,"2026-04-29 20:59:48",
2553,"Swiss-Tech 534 Solutions (Einzelunternehmen)",,"Independent Specialist","Zürich, CH",,,95,International-Entrep,new,"2026-04-29 20:59:48",
2554,"Weber 535 Precision Engineering",,"Independent Specialist","Geneva, CH",,,95,International-Entrep,new,"2026-04-29 20:59:48",
2555,"Keller 536 Fintech Advisory",,"Independent Specialist","Zürich, CH",,,95,International-Entrep,new,"2026-04-29 20:59:48",
2556,"Swiss-Tech 537 Solutions (Einzelunternehmen)",,"Independent Specialist","Geneva, CH",,,95,International-Entrep,new,"2026-04-29 20:59:48",
2557,"Weber 538 Precision Engineering",,"Independent Specialist","Zürich, CH",,,95,International-Entrep,new,"2026-04-29 20:59:48",
2558,"Keller 539 Fintech Advisory",,"Independent Specialist","Geneva, CH",,,95,International-Entrep,new,"2026-04-29 20:59:48",
2559,"Swiss-Tech 540 Solutions (Einzelunternehmen)",,"Independent Specialist","Zürich, CH",,,95,International-Entrep,new,"2026-04-29 20:59:48",
2560,"Weber 541 Precision Engineering",,"Independent Specialist","Geneva, CH",,,95,International-Entrep,new,"2026-04-29 20:59:48",
2561,"Keller 542 Fintech Advisory",,"Independent Specialist","Zürich, CH",,,95,International-Entrep,new,"2026-04-29 20:59:48",
2562,"Swiss-Tech 543 Solutions (Einzelunternehmen)",,"Independent Specialist","Geneva, CH",,,95,International-Entrep,new,"2026-04-29 20:59:48",
2563,"Weber 544 Precision Engineering",,"Independent Specialist","Zürich, CH",,,95,International-Entrep,new,"2026-04-29 20:59:48",
2564,"Keller 545 Fintech Advisory",,"Independent Specialist","Geneva, CH",,,95,International-Entrep,new,"2026-04-29 20:59:48",
2565,"Swiss-Tech 546 Solutions (Einzelunternehmen)",,"Independent Specialist","Zürich, CH",,,95,International-Entrep,new,"2026-04-29 20:59:48",
2566,"Weber 547 Precision Engineering",,"Independent Specialist","Geneva, CH",,,95,International-Entrep,new,"2026-04-29 20:59:48",
2567,"Keller 548 Fintech Advisory",,"Independent Specialist","Zürich, CH",,,95,International-Entrep,new,"2026-04-29 20:59:48",
2568,"Swiss-Tech 549 Solutions (Einzelunternehmen)",,"Independent Specialist","Geneva, CH",,,95,International-Entrep,new,"2026-04-29 20:59:48",
2569,"Weber 550 Precision Engineering",,"Independent Specialist","Zürich, CH",,,95,International-Entrep,new,"2026-04-29 20:59:48",
2570,"Khan 301 Digital Assets Expert",,"Business Consultant / Freelancer","Dubai, UAE",,,89,International-Entrep,new,"2026-04-29 20:59:48",
2571,"Hassan 302 Trade Facilitator",,"Business Consultant / Freelancer","Dubai, UAE",,,89,International-Entrep,new,"2026-04-29 20:59:48",
2572,"Zaid 303 Logistics Consultant",,"Business Consultant / Freelancer","Dubai, UAE",,,89,International-Entrep,new,"2026-04-29 20:59:48",
2573,"Khan 304 Digital Assets Expert",,"Business Consultant / Freelancer","Dubai, UAE",,,89,International-Entrep,new,"2026-04-29 20:59:48",
2574,"Hassan 305 Trade Facilitator",,"Business Consultant / Freelancer","Dubai, UAE",,,89,International-Entrep,new,"2026-04-29 20:59:48",
2575,"Zaid 306 Logistics Consultant",,"Business Consultant / Freelancer","Dubai, UAE",,,89,International-Entrep,new,"2026-04-29 20:59:48",
2576,"Khan 307 Digital Assets Expert",,"Business Consultant / Freelancer","Dubai, UAE",,,89,International-Entrep,new,"2026-04-29 20:59:48",
2577,"Hassan 308 Trade Facilitator",,"Business Consultant / Freelancer","Dubai, UAE",,,89,International-Entrep,new,"2026-04-29 20:59:48",
2578,"Zaid 309 Logistics Consultant",,"Business Consultant / Freelancer","Dubai, UAE",,,89,International-Entrep,new,"2026-04-29 20:59:48",
2579,"Khan 310 Digital Assets Expert",,"Business Consultant / Freelancer","Dubai, UAE",,,89,International-Entrep,new,"2026-04-29 20:59:48",
2580,"Hassan 311 Trade Facilitator",,"Business Consultant / Freelancer","Dubai, UAE",,,89,International-Entrep,new,"2026-04-29 20:59:48",
2581,"Zaid 312 Logistics Consultant",,"Business Consultant / Freelancer","Dubai, UAE",,,89,International-Entrep,new,"2026-04-29 20:59:48",
2582,"Khan 313 Digital Assets Expert",,"Business Consultant / Freelancer","Dubai, UAE",,,89,International-Entrep,new,"2026-04-29 20:59:48",
2583,"Hassan 314 Trade Facilitator",,"Business Consultant / Freelancer","Dubai, UAE",,,89,International-Entrep,new,"2026-04-29 20:59:48",
2584,"Zaid 315 Logistics Consultant",,"Business Consultant / Freelancer","Dubai, UAE",,,89,International-Entrep,new,"2026-04-29 20:59:48",
2585,"Khan 316 Digital Assets Expert",,"Business Consultant / Freelancer","Dubai, UAE",,,89,International-Entrep,new,"2026-04-29 20:59:48",
2586,"Hassan 317 Trade Facilitator",,"Business Consultant / Freelancer","Dubai, UAE",,,89,International-Entrep,new,"2026-04-29 20:59:48",
2587,"Zaid 318 Logistics Consultant",,"Business Consultant / Freelancer","Dubai, UAE",,,89,International-Entrep,new,"2026-04-29 20:59:48",
2588,"Khan 319 Digital Assets Expert",,"Business Consultant / Freelancer","Dubai, UAE",,,89,International-Entrep,new,"2026-04-29 20:59:48",
2589,"Hassan 320 Trade Facilitator",,"Business Consultant / Freelancer","Dubai, UAE",,,89,International-Entrep,new,"2026-04-29 20:59:48",
2590,"Zaid 321 Logistics Consultant",,"Business Consultant / Freelancer","Dubai, UAE",,,89,International-Entrep,new,"2026-04-29 20:59:48",
2591,"Khan 322 Digital Assets Expert",,"Business Consultant / Freelancer","Dubai, UAE",,,89,International-Entrep,new,"2026-04-29 20:59:48",
2592,"Hassan 323 Trade Facilitator",,"Business Consultant / Freelancer","Dubai, UAE",,,89,International-Entrep,new,"2026-04-29 20:59:48",
2593,"Zaid 324 Logistics Consultant",,"Business Consultant / Freelancer","Dubai, UAE",,,89,International-Entrep,new,"2026-04-29 20:59:48",
2594,"Khan 325 Digital Assets Expert",,"Business Consultant / Freelancer","Dubai, UAE",,,89,International-Entrep,new,"2026-04-29 20:59:48",
2595,"Hassan 326 Trade Facilitator",,"Business Consultant / Freelancer","Dubai, UAE",,,89,International-Entrep,new,"2026-04-29 20:59:48",
2596,"Zaid 327 Logistics Consultant",,"Business Consultant / Freelancer","Dubai, UAE",,,89,International-Entrep,new,"2026-04-29 20:59:48",
2597,"Khan 328 Digital Assets Expert",,"Business Consultant / Freelancer","Dubai, UAE",,,89,International-Entrep,new,"2026-04-29 20:59:48",
2598,"Hassan 329 Trade Facilitator",,"Business Consultant / Freelancer","Dubai, UAE",,,89,International-Entrep,new,"2026-04-29 20:59:48",
2599,"Zaid 330 Logistics Consultant",,"Business Consultant / Freelancer","Dubai, UAE",,,89,International-Entrep,new,"2026-04-29 20:59:48",
2600,"Khan 331 Digital Assets Expert",,"Business Consultant / Freelancer","Dubai, UAE",,,89,International-Entrep,new,"2026-04-29 20:59:48",
2601,"Hassan 332 Trade Facilitator",,"Business Consultant / Freelancer","Dubai, UAE",,,89,International-Entrep,new,"2026-04-29 20:59:48",
2602,"Zaid 333 Logistics Consultant",,"Business Consultant / Freelancer","Dubai, UAE",,,89,International-Entrep,new,"2026-04-29 20:59:48",
2603,"Khan 334 Digital Assets Expert",,"Business Consultant / Freelancer","Dubai, UAE",,,89,International-Entrep,new,"2026-04-29 20:59:48",
2604,"Hassan 335 Trade Facilitator",,"Business Consultant / Freelancer","Dubai, UAE",,,89,International-Entrep,new,"2026-04-29 20:59:48",
2605,"Zaid 336 Logistics Consultant",,"Business Consultant / Freelancer","Dubai, UAE",,,89,International-Entrep,new,"2026-04-29 20:59:48",
2606,"Khan 337 Digital Assets Expert",,"Business Consultant / Freelancer","Dubai, UAE",,,89,International-Entrep,new,"2026-04-29 20:59:48",
2607,"Hassan 338 Trade Facilitator",,"Business Consultant / Freelancer","Dubai, UAE",,,89,International-Entrep,new,"2026-04-29 20:59:48",
2608,"Zaid 339 Logistics Consultant",,"Business Consultant / Freelancer","Dubai, UAE",,,89,International-Entrep,new,"2026-04-29 20:59:48",
2609,"Khan 340 Digital Assets Expert",,"Business Consultant / Freelancer","Dubai, UAE",,,89,International-Entrep,new,"2026-04-29 20:59:48",
2610,"Hassan 341 Trade Facilitator",,"Business Consultant / Freelancer","Dubai, UAE",,,89,International-Entrep,new,"2026-04-29 20:59:48",
2611,"Zaid 342 Logistics Consultant",,"Business Consultant / Freelancer","Dubai, UAE",,,89,International-Entrep,new,"2026-04-29 20:59:48",
2612,"Khan 343 Digital Assets Expert",,"Business Consultant / Freelancer","Dubai, UAE",,,89,International-Entrep,new,"2026-04-29 20:59:48",
2613,"Hassan 344 Trade Facilitator",,"Business Consultant / Freelancer","Dubai, UAE",,,89,International-Entrep,new,"2026-04-29 20:59:48",
2614,"Zaid 345 Logistics Consultant",,"Business Consultant / Freelancer","Dubai, UAE",,,89,International-Entrep,new,"2026-04-29 20:59:48",
2615,"Khan 346 Digital Assets Expert",,"Business Consultant / Freelancer","Dubai, UAE",,,89,International-Entrep,new,"2026-04-29 20:59:48",
2616,"Hassan 347 Trade Facilitator",,"Business Consultant / Freelancer","Dubai, UAE",,,89,International-Entrep,new,"2026-04-29 20:59:48",
2617,"Zaid 348 Logistics Consultant",,"Business Consultant / Freelancer","Dubai, UAE",,,89,International-Entrep,new,"2026-04-29 20:59:48",
2618,"Khan 349 Digital Assets Expert",,"Business Consultant / Freelancer","Dubai, UAE",,,89,International-Entrep,new,"2026-04-29 20:59:48",
2619,"Hassan 350 Trade Facilitator",,"Business Consultant / Freelancer","Dubai, UAE",,,89,International-Entrep,new,"2026-04-29 20:59:48",
2620,"Zaid 351 Logistics Consultant",,"Business Consultant / Freelancer","Dubai, UAE",,,89,International-Entrep,new,"2026-04-29 20:59:48",
2621,"Khan 352 Digital Assets Expert",,"Business Consultant / Freelancer","Dubai, UAE",,,89,International-Entrep,new,"2026-04-29 20:59:48",
2622,"Hassan 353 Trade Facilitator",,"Business Consultant / Freelancer","Dubai, UAE",,,89,International-Entrep,new,"2026-04-29 20:59:48",
2623,"Zaid 354 Logistics Consultant",,"Business Consultant / Freelancer","Dubai, UAE",,,89,International-Entrep,new,"2026-04-29 20:59:48",
2624,"Khan 355 Digital Assets Expert",,"Business Consultant / Freelancer","Dubai, UAE",,,89,International-Entrep,new,"2026-04-29 20:59:48",
2625,"Hassan 356 Trade Facilitator",,"Business Consultant / Freelancer","Dubai, UAE",,,89,International-Entrep,new,"2026-04-29 20:59:48",
2626,"Zaid 357 Logistics Consultant",,"Business Consultant / Freelancer","Dubai, UAE",,,89,International-Entrep,new,"2026-04-29 20:59:48",
2627,"Khan 358 Digital Assets Expert",,"Business Consultant / Freelancer","Dubai, UAE",,,89,International-Entrep,new,"2026-04-29 20:59:48",
2628,"Hassan 359 Trade Facilitator",,"Business Consultant / Freelancer","Dubai, UAE",,,89,International-Entrep,new,"2026-04-29 20:59:48",
2629,"Zaid 360 Logistics Consultant",,"Business Consultant / Freelancer","Dubai, UAE",,,89,International-Entrep,new,"2026-04-29 20:59:48",
2630,"Khan 361 Digital Assets Expert",,"Business Consultant / Freelancer","Dubai, UAE",,,89,International-Entrep,new,"2026-04-29 20:59:48",
2631,"Hassan 362 Trade Facilitator",,"Business Consultant / Freelancer","Dubai, UAE",,,89,International-Entrep,new,"2026-04-29 20:59:48",
2632,"Zaid 363 Logistics Consultant",,"Business Consultant / Freelancer","Dubai, UAE",,,89,International-Entrep,new,"2026-04-29 20:59:48",
2633,"Khan 364 Digital Assets Expert",,"Business Consultant / Freelancer","Dubai, UAE",,,89,International-Entrep,new,"2026-04-29 20:59:48",
2634,"Hassan 365 Trade Facilitator",,"Business Consultant / Freelancer","Dubai, UAE",,,89,International-Entrep,new,"2026-04-29 20:59:48",
2635,"Zaid 366 Logistics Consultant",,"Business Consultant / Freelancer","Dubai, UAE",,,89,International-Entrep,new,"2026-04-29 20:59:48",
2636,"Khan 367 Digital Assets Expert",,"Business Consultant / Freelancer","Dubai, UAE",,,89,International-Entrep,new,"2026-04-29 20:59:48",
2637,"Hassan 368 Trade Facilitator",,"Business Consultant / Freelancer","Dubai, UAE",,,89,International-Entrep,new,"2026-04-29 20:59:48",
2638,"Zaid 369 Logistics Consultant",,"Business Consultant / Freelancer","Dubai, UAE",,,89,International-Entrep,new,"2026-04-29 20:59:48",
2639,"Khan 370 Digital Assets Expert",,"Business Consultant / Freelancer","Dubai, UAE",,,89,International-Entrep,new,"2026-04-29 20:59:48",
2640,"Hassan 371 Trade Facilitator",,"Business Consultant / Freelancer","Dubai, UAE",,,89,International-Entrep,new,"2026-04-29 20:59:48",
2641,"Zaid 372 Logistics Consultant",,"Business Consultant / Freelancer","Dubai, UAE",,,89,International-Entrep,new,"2026-04-29 20:59:48",
2642,"Khan 373 Digital Assets Expert",,"Business Consultant / Freelancer","Dubai, UAE",,,89,International-Entrep,new,"2026-04-29 20:59:48",
2643,"Hassan 374 Trade Facilitator",,"Business Consultant / Freelancer","Dubai, UAE",,,89,International-Entrep,new,"2026-04-29 20:59:48",
2644,"Zaid 375 Logistics Consultant",,"Business Consultant / Freelancer","Dubai, UAE",,,89,International-Entrep,new,"2026-04-29 20:59:48",
2645,"Khan 376 Digital Assets Expert",,"Business Consultant / Freelancer","Dubai, UAE",,,89,International-Entrep,new,"2026-04-29 20:59:48",
2646,"Hassan 377 Trade Facilitator",,"Business Consultant / Freelancer","Dubai, UAE",,,89,International-Entrep,new,"2026-04-29 20:59:48",
2647,"Zaid 378 Logistics Consultant",,"Business Consultant / Freelancer","Dubai, UAE",,,89,International-Entrep,new,"2026-04-29 20:59:48",
2648,"Khan 379 Digital Assets Expert",,"Business Consultant / Freelancer","Dubai, UAE",,,89,International-Entrep,new,"2026-04-29 20:59:48",
2649,"Hassan 380 Trade Facilitator",,"Business Consultant / Freelancer","Dubai, UAE",,,89,International-Entrep,new,"2026-04-29 20:59:48",
2650,"Zaid 381 Logistics Consultant",,"Business Consultant / Freelancer","Dubai, UAE",,,89,International-Entrep,new,"2026-04-29 20:59:48",
2651,"Khan 382 Digital Assets Expert",,"Business Consultant / Freelancer","Dubai, UAE",,,89,International-Entrep,new,"2026-04-29 20:59:48",
2652,"Hassan 383 Trade Facilitator",,"Business Consultant / Freelancer","Dubai, UAE",,,89,International-Entrep,new,"2026-04-29 20:59:48",
2653,"Zaid 384 Logistics Consultant",,"Business Consultant / Freelancer","Dubai, UAE",,,89,International-Entrep,new,"2026-04-29 20:59:48",
2654,"Khan 385 Digital Assets Expert",,"Business Consultant / Freelancer","Dubai, UAE",,,89,International-Entrep,new,"2026-04-29 20:59:48",
2655,"Hassan 386 Trade Facilitator",,"Business Consultant / Freelancer","Dubai, UAE",,,89,International-Entrep,new,"2026-04-29 20:59:48",
2656,"Zaid 387 Logistics Consultant",,"Business Consultant / Freelancer","Dubai, UAE",,,89,International-Entrep,new,"2026-04-29 20:59:48",
2657,"Khan 388 Digital Assets Expert",,"Business Consultant / Freelancer","Dubai, UAE",,,89,International-Entrep,new,"2026-04-29 20:59:48",
2658,"Hassan 389 Trade Facilitator",,"Business Consultant / Freelancer","Dubai, UAE",,,89,International-Entrep,new,"2026-04-29 20:59:48",
2659,"Zaid 390 Logistics Consultant",,"Business Consultant / Freelancer","Dubai, UAE",,,89,International-Entrep,new,"2026-04-29 20:59:48",
2660,"Khan 391 Digital Assets Expert",,"Business Consultant / Freelancer","Dubai, UAE",,,89,International-Entrep,new,"2026-04-29 20:59:48",
2661,"Hassan 392 Trade Facilitator",,"Business Consultant / Freelancer","Dubai, UAE",,,89,International-Entrep,new,"2026-04-29 20:59:48",
2662,"Zaid 393 Logistics Consultant",,"Business Consultant / Freelancer","Dubai, UAE",,,89,International-Entrep,new,"2026-04-29 20:59:48",
2663,"Khan 394 Digital Assets Expert",,"Business Consultant / Freelancer","Dubai, UAE",,,89,International-Entrep,new,"2026-04-29 20:59:48",
2664,"Hassan 395 Trade Facilitator",,"Business Consultant / Freelancer","Dubai, UAE",,,89,International-Entrep,new,"2026-04-29 20:59:48",
2665,"Zaid 396 Logistics Consultant",,"Business Consultant / Freelancer","Dubai, UAE",,,89,International-Entrep,new,"2026-04-29 20:59:48",
2666,"Khan 397 Digital Assets Expert",,"Business Consultant / Freelancer","Dubai, UAE",,,89,International-Entrep,new,"2026-04-29 20:59:48",
2667,"Hassan 398 Trade Facilitator",,"Business Consultant / Freelancer","Dubai, UAE",,,89,International-Entrep,new,"2026-04-29 20:59:48",
2668,"Zaid 399 Logistics Consultant",,"Business Consultant / Freelancer","Dubai, UAE",,,89,International-Entrep,new,"2026-04-29 20:59:48",
2669,"Khan 400 Digital Assets Expert",,"Business Consultant / Freelancer","Dubai, UAE",,,89,International-Entrep,new,"2026-04-29 20:59:48",
2670,"Hassan 401 Trade Facilitator",,"Business Consultant / Freelancer","Dubai, UAE",,,89,International-Entrep,new,"2026-04-29 20:59:48",
2671,"Zaid 402 Logistics Consultant",,"Business Consultant / Freelancer","Dubai, UAE",,,89,International-Entrep,new,"2026-04-29 20:59:48",
2672,"Khan 403 Digital Assets Expert",,"Business Consultant / Freelancer","Dubai, UAE",,,89,International-Entrep,new,"2026-04-29 20:59:48",
2673,"Hassan 404 Trade Facilitator",,"Business Consultant / Freelancer","Dubai, UAE",,,89,International-Entrep,new,"2026-04-29 20:59:48",
2674,"Zaid 405 Logistics Consultant",,"Business Consultant / Freelancer","Dubai, UAE",,,89,International-Entrep,new,"2026-04-29 20:59:48",
2675,"Khan 406 Digital Assets Expert",,"Business Consultant / Freelancer","Dubai, UAE",,,89,International-Entrep,new,"2026-04-29 20:59:48",
2676,"Hassan 407 Trade Facilitator",,"Business Consultant / Freelancer","Dubai, UAE",,,89,International-Entrep,new,"2026-04-29 20:59:48",
2677,"Zaid 408 Logistics Consultant",,"Business Consultant / Freelancer","Dubai, UAE",,,89,International-Entrep,new,"2026-04-29 20:59:48",
2678,"Khan 409 Digital Assets Expert",,"Business Consultant / Freelancer","Dubai, UAE",,,89,International-Entrep,new,"2026-04-29 20:59:48",
2679,"Hassan 410 Trade Facilitator",,"Business Consultant / Freelancer","Dubai, UAE",,,89,International-Entrep,new,"2026-04-29 20:59:48",
2680,"Zaid 411 Logistics Consultant",,"Business Consultant / Freelancer","Dubai, UAE",,,89,International-Entrep,new,"2026-04-29 20:59:48",
2681,"Khan 412 Digital Assets Expert",,"Business Consultant / Freelancer","Dubai, UAE",,,89,International-Entrep,new,"2026-04-29 20:59:48",
2682,"Hassan 413 Trade Facilitator",,"Business Consultant / Freelancer","Dubai, UAE",,,89,International-Entrep,new,"2026-04-29 20:59:48",
2683,"Zaid 414 Logistics Consultant",,"Business Consultant / Freelancer","Dubai, UAE",,,89,International-Entrep,new,"2026-04-29 20:59:48",
2684,"Khan 415 Digital Assets Expert",,"Business Consultant / Freelancer","Dubai, UAE",,,89,International-Entrep,new,"2026-04-29 20:59:48",
2685,"Hassan 416 Trade Facilitator",,"Business Consultant / Freelancer","Dubai, UAE",,,89,International-Entrep,new,"2026-04-29 20:59:48",
2686,"Zaid 417 Logistics Consultant",,"Business Consultant / Freelancer","Dubai, UAE",,,89,International-Entrep,new,"2026-04-29 20:59:48",
2687,"Khan 418 Digital Assets Expert",,"Business Consultant / Freelancer","Dubai, UAE",,,89,International-Entrep,new,"2026-04-29 20:59:48",
2688,"Hassan 419 Trade Facilitator",,"Business Consultant / Freelancer","Dubai, UAE",,,89,International-Entrep,new,"2026-04-29 20:59:48",
2689,"Zaid 420 Logistics Consultant",,"Business Consultant / Freelancer","Dubai, UAE",,,89,International-Entrep,new,"2026-04-29 20:59:48",
2690,"Khan 421 Digital Assets Expert",,"Business Consultant / Freelancer","Dubai, UAE",,,89,International-Entrep,new,"2026-04-29 20:59:48",
2691,"Hassan 422 Trade Facilitator",,"Business Consultant / Freelancer","Dubai, UAE",,,89,International-Entrep,new,"2026-04-29 20:59:48",
2692,"Zaid 423 Logistics Consultant",,"Business Consultant / Freelancer","Dubai, UAE",,,89,International-Entrep,new,"2026-04-29 20:59:48",
2693,"Khan 424 Digital Assets Expert",,"Business Consultant / Freelancer","Dubai, UAE",,,89,International-Entrep,new,"2026-04-29 20:59:48",
2694,"Hassan 425 Trade Facilitator",,"Business Consultant / Freelancer","Dubai, UAE",,,89,International-Entrep,new,"2026-04-29 20:59:48",
2695,"Zaid 426 Logistics Consultant",,"Business Consultant / Freelancer","Dubai, UAE",,,89,International-Entrep,new,"2026-04-29 20:59:48",
2696,"Khan 427 Digital Assets Expert",,"Business Consultant / Freelancer","Dubai, UAE",,,89,International-Entrep,new,"2026-04-29 20:59:48",
2697,"Hassan 428 Trade Facilitator",,"Business Consultant / Freelancer","Dubai, UAE",,,89,International-Entrep,new,"2026-04-29 20:59:48",
2698,"Zaid 429 Logistics Consultant",,"Business Consultant / Freelancer","Dubai, UAE",,,89,International-Entrep,new,"2026-04-29 20:59:48",
2699,"Khan 430 Digital Assets Expert",,"Business Consultant / Freelancer","Dubai, UAE",,,89,International-Entrep,new,"2026-04-29 20:59:48",
2700,"Hassan 431 Trade Facilitator",,"Business Consultant / Freelancer","Dubai, UAE",,,89,International-Entrep,new,"2026-04-29 20:59:48",
2701,"Zaid 432 Logistics Consultant",,"Business Consultant / Freelancer","Dubai, UAE",,,89,International-Entrep,new,"2026-04-29 20:59:48",
2702,"Khan 433 Digital Assets Expert",,"Business Consultant / Freelancer","Dubai, UAE",,,89,International-Entrep,new,"2026-04-29 20:59:48",
2703,"Hassan 434 Trade Facilitator",,"Business Consultant / Freelancer","Dubai, UAE",,,89,International-Entrep,new,"2026-04-29 20:59:48",
2704,"Zaid 435 Logistics Consultant",,"Business Consultant / Freelancer","Dubai, UAE",,,89,International-Entrep,new,"2026-04-29 20:59:48",
2705,"Khan 436 Digital Assets Expert",,"Business Consultant / Freelancer","Dubai, UAE",,,89,International-Entrep,new,"2026-04-29 20:59:48",
2706,"Hassan 437 Trade Facilitator",,"Business Consultant / Freelancer","Dubai, UAE",,,89,International-Entrep,new,"2026-04-29 20:59:48",
2707,"Zaid 438 Logistics Consultant",,"Business Consultant / Freelancer","Dubai, UAE",,,89,International-Entrep,new,"2026-04-29 20:59:48",
2708,"Khan 439 Digital Assets Expert",,"Business Consultant / Freelancer","Dubai, UAE",,,89,International-Entrep,new,"2026-04-29 20:59:48",
2709,"Hassan 440 Trade Facilitator",,"Business Consultant / Freelancer","Dubai, UAE",,,89,International-Entrep,new,"2026-04-29 20:59:48",
2710,"Zaid 441 Logistics Consultant",,"Business Consultant / Freelancer","Dubai, UAE",,,89,International-Entrep,new,"2026-04-29 20:59:48",
2711,"Khan 442 Digital Assets Expert",,"Business Consultant / Freelancer","Dubai, UAE",,,89,International-Entrep,new,"2026-04-29 20:59:48",
2712,"Hassan 443 Trade Facilitator",,"Business Consultant / Freelancer","Dubai, UAE",,,89,International-Entrep,new,"2026-04-29 20:59:48",
2713,"Zaid 444 Logistics Consultant",,"Business Consultant / Freelancer","Dubai, UAE",,,89,International-Entrep,new,"2026-04-29 20:59:48",
2714,"Khan 445 Digital Assets Expert",,"Business Consultant / Freelancer","Dubai, UAE",,,89,International-Entrep,new,"2026-04-29 20:59:48",
2715,"Hassan 446 Trade Facilitator",,"Business Consultant / Freelancer","Dubai, UAE",,,89,International-Entrep,new,"2026-04-29 20:59:48",
2716,"Zaid 447 Logistics Consultant",,"Business Consultant / Freelancer","Dubai, UAE",,,89,International-Entrep,new,"2026-04-29 20:59:48",
2717,"Khan 448 Digital Assets Expert",,"Business Consultant / Freelancer","Dubai, UAE",,,89,International-Entrep,new,"2026-04-29 20:59:48",
2718,"Hassan 449 Trade Facilitator",,"Business Consultant / Freelancer","Dubai, UAE",,,89,International-Entrep,new,"2026-04-29 20:59:48",
2719,"Zaid 450 Logistics Consultant",,"Business Consultant / Freelancer","Dubai, UAE",,,89,International-Entrep,new,"2026-04-29 20:59:48",
2720,"Huber 601 Security Architect",,"Cyber-Security Consultant","Zug, CH",,,98,Elite-Final-300,new,"2026-04-29 21:00:22",
2721,"Huber 602 Security Architect",,"Cyber-Security Consultant","Zug, CH",,,98,Elite-Final-300,new,"2026-04-29 21:00:22",
2722,"Huber 603 Security Architect",,"Cyber-Security Consultant","Zug, CH",,,98,Elite-Final-300,new,"2026-04-29 21:00:22",
2723,"Huber 604 Security Architect",,"Cyber-Security Consultant","Zug, CH",,,98,Elite-Final-300,new,"2026-04-29 21:00:22",
2724,"Huber 605 Security Architect",,"Cyber-Security Consultant","Zug, CH",,,98,Elite-Final-300,new,"2026-04-29 21:00:22",
2725,"Huber 606 Security Architect",,"Cyber-Security Consultant","Zug, CH",,,98,Elite-Final-300,new,"2026-04-29 21:00:22",
2726,"Huber 607 Security Architect",,"Cyber-Security Consultant","Zug, CH",,,98,Elite-Final-300,new,"2026-04-29 21:00:22",
2727,"Huber 608 Security Architect",,"Cyber-Security Consultant","Zug, CH",,,98,Elite-Final-300,new,"2026-04-29 21:00:22",
2728,"Huber 609 Security Architect",,"Cyber-Security Consultant","Zug, CH",,,98,Elite-Final-300,new,"2026-04-29 21:00:22",
2729,"Huber 610 Security Architect",,"Cyber-Security Consultant","Zug, CH",,,98,Elite-Final-300,new,"2026-04-29 21:00:22",
2730,"Huber 611 Security Architect",,"Cyber-Security Consultant","Zug, CH",,,98,Elite-Final-300,new,"2026-04-29 21:00:22",
2731,"Huber 612 Security Architect",,"Cyber-Security Consultant","Zug, CH",,,98,Elite-Final-300,new,"2026-04-29 21:00:22",
2732,"Huber 613 Security Architect",,"Cyber-Security Consultant","Zug, CH",,,98,Elite-Final-300,new,"2026-04-29 21:00:22",
2733,"Huber 614 Security Architect",,"Cyber-Security Consultant","Zug, CH",,,98,Elite-Final-300,new,"2026-04-29 21:00:22",
2734,"Huber 615 Security Architect",,"Cyber-Security Consultant","Zug, CH",,,98,Elite-Final-300,new,"2026-04-29 21:00:22",
2735,"Huber 616 Security Architect",,"Cyber-Security Consultant","Zug, CH",,,98,Elite-Final-300,new,"2026-04-29 21:00:22",
2736,"Huber 617 Security Architect",,"Cyber-Security Consultant","Zug, CH",,,98,Elite-Final-300,new,"2026-04-29 21:00:22",
2737,"Huber 618 Security Architect",,"Cyber-Security Consultant","Zug, CH",,,98,Elite-Final-300,new,"2026-04-29 21:00:22",
2738,"Huber 619 Security Architect",,"Cyber-Security Consultant","Zug, CH",,,98,Elite-Final-300,new,"2026-04-29 21:00:22",
2739,"Huber 620 Security Architect",,"Cyber-Security Consultant","Zug, CH",,,98,Elite-Final-300,new,"2026-04-29 21:00:22",
2740,"Huber 621 Security Architect",,"Cyber-Security Consultant","Zug, CH",,,98,Elite-Final-300,new,"2026-04-29 21:00:22",
2741,"Huber 622 Security Architect",,"Cyber-Security Consultant","Zug, CH",,,98,Elite-Final-300,new,"2026-04-29 21:00:22",
2742,"Huber 623 Security Architect",,"Cyber-Security Consultant","Zug, CH",,,98,Elite-Final-300,new,"2026-04-29 21:00:22",
2743,"Huber 624 Security Architect",,"Cyber-Security Consultant","Zug, CH",,,98,Elite-Final-300,new,"2026-04-29 21:00:22",
2744,"Huber 625 Security Architect",,"Cyber-Security Consultant","Zug, CH",,,98,Elite-Final-300,new,"2026-04-29 21:00:22",
2745,"Huber 626 Security Architect",,"Cyber-Security Consultant","Zug, CH",,,98,Elite-Final-300,new,"2026-04-29 21:00:22",
2746,"Huber 627 Security Architect",,"Cyber-Security Consultant","Zug, CH",,,98,Elite-Final-300,new,"2026-04-29 21:00:22",
2747,"Huber 628 Security Architect",,"Cyber-Security Consultant","Zug, CH",,,98,Elite-Final-300,new,"2026-04-29 21:00:22",
2748,"Huber 629 Security Architect",,"Cyber-Security Consultant","Zug, CH",,,98,Elite-Final-300,new,"2026-04-29 21:00:22",
2749,"Huber 630 Security Architect",,"Cyber-Security Consultant","Zug, CH",,,98,Elite-Final-300,new,"2026-04-29 21:00:22",
2750,"Huber 631 Security Architect",,"Cyber-Security Consultant","Zug, CH",,,98,Elite-Final-300,new,"2026-04-29 21:00:22",
2751,"Huber 632 Security Architect",,"Cyber-Security Consultant","Zug, CH",,,98,Elite-Final-300,new,"2026-04-29 21:00:22",
2752,"Huber 633 Security Architect",,"Cyber-Security Consultant","Zug, CH",,,98,Elite-Final-300,new,"2026-04-29 21:00:22",
2753,"Huber 634 Security Architect",,"Cyber-Security Consultant","Zug, CH",,,98,Elite-Final-300,new,"2026-04-29 21:00:22",
2754,"Huber 635 Security Architect",,"Cyber-Security Consultant","Zug, CH",,,98,Elite-Final-300,new,"2026-04-29 21:00:22",
2755,"Huber 636 Security Architect",,"Cyber-Security Consultant","Zug, CH",,,98,Elite-Final-300,new,"2026-04-29 21:00:22",
2756,"Huber 637 Security Architect",,"Cyber-Security Consultant","Zug, CH",,,98,Elite-Final-300,new,"2026-04-29 21:00:22",
2757,"Huber 638 Security Architect",,"Cyber-Security Consultant","Zug, CH",,,98,Elite-Final-300,new,"2026-04-29 21:00:22",
2758,"Huber 639 Security Architect",,"Cyber-Security Consultant","Zug, CH",,,98,Elite-Final-300,new,"2026-04-29 21:00:22",
2759,"Huber 640 Security Architect",,"Cyber-Security Consultant","Zug, CH",,,98,Elite-Final-300,new,"2026-04-29 21:00:22",
2760,"Huber 641 Security Architect",,"Cyber-Security Consultant","Zug, CH",,,98,Elite-Final-300,new,"2026-04-29 21:00:22",
2761,"Huber 642 Security Architect",,"Cyber-Security Consultant","Zug, CH",,,98,Elite-Final-300,new,"2026-04-29 21:00:22",
2762,"Huber 643 Security Architect",,"Cyber-Security Consultant","Zug, CH",,,98,Elite-Final-300,new,"2026-04-29 21:00:22",
2763,"Huber 644 Security Architect",,"Cyber-Security Consultant","Zug, CH",,,98,Elite-Final-300,new,"2026-04-29 21:00:22",
2764,"Huber 645 Security Architect",,"Cyber-Security Consultant","Zug, CH",,,98,Elite-Final-300,new,"2026-04-29 21:00:22",
2765,"Huber 646 Security Architect",,"Cyber-Security Consultant","Zug, CH",,,98,Elite-Final-300,new,"2026-04-29 21:00:22",
2766,"Huber 647 Security Architect",,"Cyber-Security Consultant","Zug, CH",,,98,Elite-Final-300,new,"2026-04-29 21:00:22",
2767,"Huber 648 Security Architect",,"Cyber-Security Consultant","Zug, CH",,,98,Elite-Final-300,new,"2026-04-29 21:00:22",
2768,"Huber 649 Security Architect",,"Cyber-Security Consultant","Zug, CH",,,98,Elite-Final-300,new,"2026-04-29 21:00:22",
2769,"Huber 650 Security Architect",,"Cyber-Security Consultant","Zug, CH",,,98,Elite-Final-300,new,"2026-04-29 21:00:22",
2770,"Huber 651 Security Architect",,"Cyber-Security Consultant","Zug, CH",,,98,Elite-Final-300,new,"2026-04-29 21:00:22",
2771,"Huber 652 Security Architect",,"Cyber-Security Consultant","Zug, CH",,,98,Elite-Final-300,new,"2026-04-29 21:00:22",
2772,"Huber 653 Security Architect",,"Cyber-Security Consultant","Zug, CH",,,98,Elite-Final-300,new,"2026-04-29 21:00:22",
2773,"Huber 654 Security Architect",,"Cyber-Security Consultant","Zug, CH",,,98,Elite-Final-300,new,"2026-04-29 21:00:22",
2774,"Huber 655 Security Architect",,"Cyber-Security Consultant","Zug, CH",,,98,Elite-Final-300,new,"2026-04-29 21:00:22",
2775,"Huber 656 Security Architect",,"Cyber-Security Consultant","Zug, CH",,,98,Elite-Final-300,new,"2026-04-29 21:00:22",
2776,"Huber 657 Security Architect",,"Cyber-Security Consultant","Zug, CH",,,98,Elite-Final-300,new,"2026-04-29 21:00:22",
2777,"Huber 658 Security Architect",,"Cyber-Security Consultant","Zug, CH",,,98,Elite-Final-300,new,"2026-04-29 21:00:22",
2778,"Huber 659 Security Architect",,"Cyber-Security Consultant","Zug, CH",,,98,Elite-Final-300,new,"2026-04-29 21:00:22",
2779,"Huber 660 Security Architect",,"Cyber-Security Consultant","Zug, CH",,,98,Elite-Final-300,new,"2026-04-29 21:00:22",
2780,"Huber 661 Security Architect",,"Cyber-Security Consultant","Zug, CH",,,98,Elite-Final-300,new,"2026-04-29 21:00:22",
2781,"Huber 662 Security Architect",,"Cyber-Security Consultant","Zug, CH",,,98,Elite-Final-300,new,"2026-04-29 21:00:22",
2782,"Huber 663 Security Architect",,"Cyber-Security Consultant","Zug, CH",,,98,Elite-Final-300,new,"2026-04-29 21:00:22",
2783,"Huber 664 Security Architect",,"Cyber-Security Consultant","Zug, CH",,,98,Elite-Final-300,new,"2026-04-29 21:00:22",
2784,"Huber 665 Security Architect",,"Cyber-Security Consultant","Zug, CH",,,98,Elite-Final-300,new,"2026-04-29 21:00:22",
2785,"Huber 666 Security Architect",,"Cyber-Security Consultant","Zug, CH",,,98,Elite-Final-300,new,"2026-04-29 21:00:22",
2786,"Huber 667 Security Architect",,"Cyber-Security Consultant","Zug, CH",,,98,Elite-Final-300,new,"2026-04-29 21:00:22",
2787,"Huber 668 Security Architect",,"Cyber-Security Consultant","Zug, CH",,,98,Elite-Final-300,new,"2026-04-29 21:00:22",
2788,"Huber 669 Security Architect",,"Cyber-Security Consultant","Zug, CH",,,98,Elite-Final-300,new,"2026-04-29 21:00:22",
2789,"Huber 670 Security Architect",,"Cyber-Security Consultant","Zug, CH",,,98,Elite-Final-300,new,"2026-04-29 21:00:22",
2790,"Huber 671 Security Architect",,"Cyber-Security Consultant","Zug, CH",,,98,Elite-Final-300,new,"2026-04-29 21:00:22",
2791,"Huber 672 Security Architect",,"Cyber-Security Consultant","Zug, CH",,,98,Elite-Final-300,new,"2026-04-29 21:00:22",
2792,"Huber 673 Security Architect",,"Cyber-Security Consultant","Zug, CH",,,98,Elite-Final-300,new,"2026-04-29 21:00:22",
2793,"Huber 674 Security Architect",,"Cyber-Security Consultant","Zug, CH",,,98,Elite-Final-300,new,"2026-04-29 21:00:22",
2794,"Huber 675 Security Architect",,"Cyber-Security Consultant","Zug, CH",,,98,Elite-Final-300,new,"2026-04-29 21:00:22",
2795,"Huber 676 Security Architect",,"Cyber-Security Consultant","Zug, CH",,,98,Elite-Final-300,new,"2026-04-29 21:00:22",
2796,"Huber 677 Security Architect",,"Cyber-Security Consultant","Zug, CH",,,98,Elite-Final-300,new,"2026-04-29 21:00:22",
2797,"Huber 678 Security Architect",,"Cyber-Security Consultant","Zug, CH",,,98,Elite-Final-300,new,"2026-04-29 21:00:22",
2798,"Huber 679 Security Architect",,"Cyber-Security Consultant","Zug, CH",,,98,Elite-Final-300,new,"2026-04-29 21:00:22",
2799,"Huber 680 Security Architect",,"Cyber-Security Consultant","Zug, CH",,,98,Elite-Final-300,new,"2026-04-29 21:00:22",
2800,"Huber 681 Security Architect",,"Cyber-Security Consultant","Zug, CH",,,98,Elite-Final-300,new,"2026-04-29 21:00:22",
2801,"Huber 682 Security Architect",,"Cyber-Security Consultant","Zug, CH",,,98,Elite-Final-300,new,"2026-04-29 21:00:22",
2802,"Huber 683 Security Architect",,"Cyber-Security Consultant","Zug, CH",,,98,Elite-Final-300,new,"2026-04-29 21:00:22",
2803,"Huber 684 Security Architect",,"Cyber-Security Consultant","Zug, CH",,,98,Elite-Final-300,new,"2026-04-29 21:00:22",
2804,"Huber 685 Security Architect",,"Cyber-Security Consultant","Zug, CH",,,98,Elite-Final-300,new,"2026-04-29 21:00:22",
2805,"Huber 686 Security Architect",,"Cyber-Security Consultant","Zug, CH",,,98,Elite-Final-300,new,"2026-04-29 21:00:22",
2806,"Huber 687 Security Architect",,"Cyber-Security Consultant","Zug, CH",,,98,Elite-Final-300,new,"2026-04-29 21:00:22",
2807,"Huber 688 Security Architect",,"Cyber-Security Consultant","Zug, CH",,,98,Elite-Final-300,new,"2026-04-29 21:00:22",
2808,"Huber 689 Security Architect",,"Cyber-Security Consultant","Zug, CH",,,98,Elite-Final-300,new,"2026-04-29 21:00:22",
2809,"Huber 690 Security Architect",,"Cyber-Security Consultant","Zug, CH",,,98,Elite-Final-300,new,"2026-04-29 21:00:22",
2810,"Huber 691 Security Architect",,"Cyber-Security Consultant","Zug, CH",,,98,Elite-Final-300,new,"2026-04-29 21:00:22",
2811,"Huber 692 Security Architect",,"Cyber-Security Consultant","Zug, CH",,,98,Elite-Final-300,new,"2026-04-29 21:00:22",
2812,"Huber 693 Security Architect",,"Cyber-Security Consultant","Zug, CH",,,98,Elite-Final-300,new,"2026-04-29 21:00:22",
2813,"Huber 694 Security Architect",,"Cyber-Security Consultant","Zug, CH",,,98,Elite-Final-300,new,"2026-04-29 21:00:22",
2814,"Huber 695 Security Architect",,"Cyber-Security Consultant","Zug, CH",,,98,Elite-Final-300,new,"2026-04-29 21:00:22",
2815,"Huber 696 Security Architect",,"Cyber-Security Consultant","Zug, CH",,,98,Elite-Final-300,new,"2026-04-29 21:00:22",
2816,"Huber 697 Security Architect",,"Cyber-Security Consultant","Zug, CH",,,98,Elite-Final-300,new,"2026-04-29 21:00:22",
2817,"Huber 698 Security Architect",,"Cyber-Security Consultant","Zug, CH",,,98,Elite-Final-300,new,"2026-04-29 21:00:22",
2818,"Huber 699 Security Architect",,"Cyber-Security Consultant","Zug, CH",,,98,Elite-Final-300,new,"2026-04-29 21:00:22",
2819,"Huber 700 Security Architect",,"Cyber-Security Consultant","Zug, CH",,,98,Elite-Final-300,new,"2026-04-29 21:00:22",
2820,"Parker 701 - AI Implementation Partner",,"AI Strategy & Development","San Jose, CA",,,96,Elite-Final-300,new,"2026-04-29 21:00:22",
2821,"Parker 702 - AI Implementation Partner",,"AI Strategy & Development","San Jose, CA",,,96,Elite-Final-300,new,"2026-04-29 21:00:22",
2822,"Parker 703 - AI Implementation Partner",,"AI Strategy & Development","San Jose, CA",,,96,Elite-Final-300,new,"2026-04-29 21:00:22",
2823,"Parker 704 - AI Implementation Partner",,"AI Strategy & Development","San Jose, CA",,,96,Elite-Final-300,new,"2026-04-29 21:00:22",
2824,"Parker 705 - AI Implementation Partner",,"AI Strategy & Development","San Jose, CA",,,96,Elite-Final-300,new,"2026-04-29 21:00:22",
2825,"Parker 706 - AI Implementation Partner",,"AI Strategy & Development","San Jose, CA",,,96,Elite-Final-300,new,"2026-04-29 21:00:22",
2826,"Parker 707 - AI Implementation Partner",,"AI Strategy & Development","San Jose, CA",,,96,Elite-Final-300,new,"2026-04-29 21:00:22",
2827,"Parker 708 - AI Implementation Partner",,"AI Strategy & Development","San Jose, CA",,,96,Elite-Final-300,new,"2026-04-29 21:00:22",
2828,"Parker 709 - AI Implementation Partner",,"AI Strategy & Development","San Jose, CA",,,96,Elite-Final-300,new,"2026-04-29 21:00:22",
2829,"Parker 710 - AI Implementation Partner",,"AI Strategy & Development","San Jose, CA",,,96,Elite-Final-300,new,"2026-04-29 21:00:22",
2830,"Parker 711 - AI Implementation Partner",,"AI Strategy & Development","San Jose, CA",,,96,Elite-Final-300,new,"2026-04-29 21:00:22",
2831,"Parker 712 - AI Implementation Partner",,"AI Strategy & Development","San Jose, CA",,,96,Elite-Final-300,new,"2026-04-29 21:00:22",
2832,"Parker 713 - AI Implementation Partner",,"AI Strategy & Development","San Jose, CA",,,96,Elite-Final-300,new,"2026-04-29 21:00:22",
2833,"Parker 714 - AI Implementation Partner",,"AI Strategy & Development","San Jose, CA",,,96,Elite-Final-300,new,"2026-04-29 21:00:22",
2834,"Parker 715 - AI Implementation Partner",,"AI Strategy & Development","San Jose, CA",,,96,Elite-Final-300,new,"2026-04-29 21:00:22",
2835,"Parker 716 - AI Implementation Partner",,"AI Strategy & Development","San Jose, CA",,,96,Elite-Final-300,new,"2026-04-29 21:00:22",
2836,"Parker 717 - AI Implementation Partner",,"AI Strategy & Development","San Jose, CA",,,96,Elite-Final-300,new,"2026-04-29 21:00:22",
2837,"Parker 718 - AI Implementation Partner",,"AI Strategy & Development","San Jose, CA",,,96,Elite-Final-300,new,"2026-04-29 21:00:22",
2838,"Parker 719 - AI Implementation Partner",,"AI Strategy & Development","San Jose, CA",,,96,Elite-Final-300,new,"2026-04-29 21:00:22",
2839,"Parker 720 - AI Implementation Partner",,"AI Strategy & Development","San Jose, CA",,,96,Elite-Final-300,new,"2026-04-29 21:00:22",
2840,"Parker 721 - AI Implementation Partner",,"AI Strategy & Development","San Jose, CA",,,96,Elite-Final-300,new,"2026-04-29 21:00:22",
2841,"Parker 722 - AI Implementation Partner",,"AI Strategy & Development","San Jose, CA",,,96,Elite-Final-300,new,"2026-04-29 21:00:22",
2842,"Parker 723 - AI Implementation Partner",,"AI Strategy & Development","San Jose, CA",,,96,Elite-Final-300,new,"2026-04-29 21:00:22",
2843,"Parker 724 - AI Implementation Partner",,"AI Strategy & Development","San Jose, CA",,,96,Elite-Final-300,new,"2026-04-29 21:00:22",
2844,"Parker 725 - AI Implementation Partner",,"AI Strategy & Development","San Jose, CA",,,96,Elite-Final-300,new,"2026-04-29 21:00:22",
2845,"Parker 726 - AI Implementation Partner",,"AI Strategy & Development","San Jose, CA",,,96,Elite-Final-300,new,"2026-04-29 21:00:22",
2846,"Parker 727 - AI Implementation Partner",,"AI Strategy & Development","San Jose, CA",,,96,Elite-Final-300,new,"2026-04-29 21:00:22",
2847,"Parker 728 - AI Implementation Partner",,"AI Strategy & Development","San Jose, CA",,,96,Elite-Final-300,new,"2026-04-29 21:00:22",
2848,"Parker 729 - AI Implementation Partner",,"AI Strategy & Development","San Jose, CA",,,96,Elite-Final-300,new,"2026-04-29 21:00:22",
2849,"Parker 730 - AI Implementation Partner",,"AI Strategy & Development","San Jose, CA",,,96,Elite-Final-300,new,"2026-04-29 21:00:22",
2850,"Parker 731 - AI Implementation Partner",,"AI Strategy & Development","San Jose, CA",,,96,Elite-Final-300,new,"2026-04-29 21:00:22",
2851,"Parker 732 - AI Implementation Partner",,"AI Strategy & Development","San Jose, CA",,,96,Elite-Final-300,new,"2026-04-29 21:00:22",
2852,"Parker 733 - AI Implementation Partner",,"AI Strategy & Development","San Jose, CA",,,96,Elite-Final-300,new,"2026-04-29 21:00:22",
2853,"Parker 734 - AI Implementation Partner",,"AI Strategy & Development","San Jose, CA",,,96,Elite-Final-300,new,"2026-04-29 21:00:22",
2854,"Parker 735 - AI Implementation Partner",,"AI Strategy & Development","San Jose, CA",,,96,Elite-Final-300,new,"2026-04-29 21:00:22",
2855,"Parker 736 - AI Implementation Partner",,"AI Strategy & Development","San Jose, CA",,,96,Elite-Final-300,new,"2026-04-29 21:00:22",
2856,"Parker 737 - AI Implementation Partner",,"AI Strategy & Development","San Jose, CA",,,96,Elite-Final-300,new,"2026-04-29 21:00:22",
2857,"Parker 738 - AI Implementation Partner",,"AI Strategy & Development","San Jose, CA",,,96,Elite-Final-300,new,"2026-04-29 21:00:22",
2858,"Parker 739 - AI Implementation Partner",,"AI Strategy & Development","San Jose, CA",,,96,Elite-Final-300,new,"2026-04-29 21:00:22",
2859,"Parker 740 - AI Implementation Partner",,"AI Strategy & Development","San Jose, CA",,,96,Elite-Final-300,new,"2026-04-29 21:00:22",
2860,"Parker 741 - AI Implementation Partner",,"AI Strategy & Development","San Jose, CA",,,96,Elite-Final-300,new,"2026-04-29 21:00:22",
2861,"Parker 742 - AI Implementation Partner",,"AI Strategy & Development","San Jose, CA",,,96,Elite-Final-300,new,"2026-04-29 21:00:22",
2862,"Parker 743 - AI Implementation Partner",,"AI Strategy & Development","San Jose, CA",,,96,Elite-Final-300,new,"2026-04-29 21:00:22",
2863,"Parker 744 - AI Implementation Partner",,"AI Strategy & Development","San Jose, CA",,,96,Elite-Final-300,new,"2026-04-29 21:00:22",
2864,"Parker 745 - AI Implementation Partner",,"AI Strategy & Development","San Jose, CA",,,96,Elite-Final-300,new,"2026-04-29 21:00:22",
2865,"Parker 746 - AI Implementation Partner",,"AI Strategy & Development","San Jose, CA",,,96,Elite-Final-300,new,"2026-04-29 21:00:22",
2866,"Parker 747 - AI Implementation Partner",,"AI Strategy & Development","San Jose, CA",,,96,Elite-Final-300,new,"2026-04-29 21:00:22",
2867,"Parker 748 - AI Implementation Partner",,"AI Strategy & Development","San Jose, CA",,,96,Elite-Final-300,new,"2026-04-29 21:00:22",
2868,"Parker 749 - AI Implementation Partner",,"AI Strategy & Development","San Jose, CA",,,96,Elite-Final-300,new,"2026-04-29 21:00:22",
2869,"Parker 750 - AI Implementation Partner",,"AI Strategy & Development","San Jose, CA",,,96,Elite-Final-300,new,"2026-04-29 21:00:22",
2870,"Parker 751 - AI Implementation Partner",,"AI Strategy & Development","San Jose, CA",,,96,Elite-Final-300,new,"2026-04-29 21:00:22",
2871,"Parker 752 - AI Implementation Partner",,"AI Strategy & Development","San Jose, CA",,,96,Elite-Final-300,new,"2026-04-29 21:00:22",
2872,"Parker 753 - AI Implementation Partner",,"AI Strategy & Development","San Jose, CA",,,96,Elite-Final-300,new,"2026-04-29 21:00:22",
2873,"Parker 754 - AI Implementation Partner",,"AI Strategy & Development","San Jose, CA",,,96,Elite-Final-300,new,"2026-04-29 21:00:22",
2874,"Parker 755 - AI Implementation Partner",,"AI Strategy & Development","San Jose, CA",,,96,Elite-Final-300,new,"2026-04-29 21:00:22",
2875,"Parker 756 - AI Implementation Partner",,"AI Strategy & Development","San Jose, CA",,,96,Elite-Final-300,new,"2026-04-29 21:00:22",
2876,"Parker 757 - AI Implementation Partner",,"AI Strategy & Development","San Jose, CA",,,96,Elite-Final-300,new,"2026-04-29 21:00:22",
2877,"Parker 758 - AI Implementation Partner",,"AI Strategy & Development","San Jose, CA",,,96,Elite-Final-300,new,"2026-04-29 21:00:22",
2878,"Parker 759 - AI Implementation Partner",,"AI Strategy & Development","San Jose, CA",,,96,Elite-Final-300,new,"2026-04-29 21:00:22",
2879,"Parker 760 - AI Implementation Partner",,"AI Strategy & Development","San Jose, CA",,,96,Elite-Final-300,new,"2026-04-29 21:00:22",
2880,"Parker 761 - AI Implementation Partner",,"AI Strategy & Development","San Jose, CA",,,96,Elite-Final-300,new,"2026-04-29 21:00:22",
2881,"Parker 762 - AI Implementation Partner",,"AI Strategy & Development","San Jose, CA",,,96,Elite-Final-300,new,"2026-04-29 21:00:22",
2882,"Parker 763 - AI Implementation Partner",,"AI Strategy & Development","San Jose, CA",,,96,Elite-Final-300,new,"2026-04-29 21:00:22",
2883,"Parker 764 - AI Implementation Partner",,"AI Strategy & Development","San Jose, CA",,,96,Elite-Final-300,new,"2026-04-29 21:00:22",
2884,"Parker 765 - AI Implementation Partner",,"AI Strategy & Development","San Jose, CA",,,96,Elite-Final-300,new,"2026-04-29 21:00:22",
2885,"Parker 766 - AI Implementation Partner",,"AI Strategy & Development","San Jose, CA",,,96,Elite-Final-300,new,"2026-04-29 21:00:22",
2886,"Parker 767 - AI Implementation Partner",,"AI Strategy & Development","San Jose, CA",,,96,Elite-Final-300,new,"2026-04-29 21:00:22",
2887,"Parker 768 - AI Implementation Partner",,"AI Strategy & Development","San Jose, CA",,,96,Elite-Final-300,new,"2026-04-29 21:00:22",
2888,"Parker 769 - AI Implementation Partner",,"AI Strategy & Development","San Jose, CA",,,96,Elite-Final-300,new,"2026-04-29 21:00:22",
2889,"Parker 770 - AI Implementation Partner",,"AI Strategy & Development","San Jose, CA",,,96,Elite-Final-300,new,"2026-04-29 21:00:22",
2890,"Parker 771 - AI Implementation Partner",,"AI Strategy & Development","San Jose, CA",,,96,Elite-Final-300,new,"2026-04-29 21:00:22",
2891,"Parker 772 - AI Implementation Partner",,"AI Strategy & Development","San Jose, CA",,,96,Elite-Final-300,new,"2026-04-29 21:00:22",
2892,"Parker 773 - AI Implementation Partner",,"AI Strategy & Development","San Jose, CA",,,96,Elite-Final-300,new,"2026-04-29 21:00:22",
2893,"Parker 774 - AI Implementation Partner",,"AI Strategy & Development","San Jose, CA",,,96,Elite-Final-300,new,"2026-04-29 21:00:22",
2894,"Parker 775 - AI Implementation Partner",,"AI Strategy & Development","San Jose, CA",,,96,Elite-Final-300,new,"2026-04-29 21:00:22",
2895,"Parker 776 - AI Implementation Partner",,"AI Strategy & Development","San Jose, CA",,,96,Elite-Final-300,new,"2026-04-29 21:00:22",
2896,"Parker 777 - AI Implementation Partner",,"AI Strategy & Development","San Jose, CA",,,96,Elite-Final-300,new,"2026-04-29 21:00:22",
2897,"Parker 778 - AI Implementation Partner",,"AI Strategy & Development","San Jose, CA",,,96,Elite-Final-300,new,"2026-04-29 21:00:22",
2898,"Parker 779 - AI Implementation Partner",,"AI Strategy & Development","San Jose, CA",,,96,Elite-Final-300,new,"2026-04-29 21:00:22",
2899,"Parker 780 - AI Implementation Partner",,"AI Strategy & Development","San Jose, CA",,,96,Elite-Final-300,new,"2026-04-29 21:00:22",
2900,"Parker 781 - AI Implementation Partner",,"AI Strategy & Development","San Jose, CA",,,96,Elite-Final-300,new,"2026-04-29 21:00:22",
2901,"Parker 782 - AI Implementation Partner",,"AI Strategy & Development","San Jose, CA",,,96,Elite-Final-300,new,"2026-04-29 21:00:22",
2902,"Parker 783 - AI Implementation Partner",,"AI Strategy & Development","San Jose, CA",,,96,Elite-Final-300,new,"2026-04-29 21:00:22",
2903,"Parker 784 - AI Implementation Partner",,"AI Strategy & Development","San Jose, CA",,,96,Elite-Final-300,new,"2026-04-29 21:00:22",
2904,"Parker 785 - AI Implementation Partner",,"AI Strategy & Development","San Jose, CA",,,96,Elite-Final-300,new,"2026-04-29 21:00:22",
2905,"Parker 786 - AI Implementation Partner",,"AI Strategy & Development","San Jose, CA",,,96,Elite-Final-300,new,"2026-04-29 21:00:22",
2906,"Parker 787 - AI Implementation Partner",,"AI Strategy & Development","San Jose, CA",,,96,Elite-Final-300,new,"2026-04-29 21:00:22",
2907,"Parker 788 - AI Implementation Partner",,"AI Strategy & Development","San Jose, CA",,,96,Elite-Final-300,new,"2026-04-29 21:00:22",
2908,"Parker 789 - AI Implementation Partner",,"AI Strategy & Development","San Jose, CA",,,96,Elite-Final-300,new,"2026-04-29 21:00:22",
2909,"Parker 790 - AI Implementation Partner",,"AI Strategy & Development","San Jose, CA",,,96,Elite-Final-300,new,"2026-04-29 21:00:22",
2910,"Parker 791 - AI Implementation Partner",,"AI Strategy & Development","San Jose, CA",,,96,Elite-Final-300,new,"2026-04-29 21:00:22",
2911,"Parker 792 - AI Implementation Partner",,"AI Strategy & Development","San Jose, CA",,,96,Elite-Final-300,new,"2026-04-29 21:00:22",
2912,"Parker 793 - AI Implementation Partner",,"AI Strategy & Development","San Jose, CA",,,96,Elite-Final-300,new,"2026-04-29 21:00:22",
2913,"Parker 794 - AI Implementation Partner",,"AI Strategy & Development","San Jose, CA",,,96,Elite-Final-300,new,"2026-04-29 21:00:22",
2914,"Parker 795 - AI Implementation Partner",,"AI Strategy & Development","San Jose, CA",,,96,Elite-Final-300,new,"2026-04-29 21:00:22",
2915,"Parker 796 - AI Implementation Partner",,"AI Strategy & Development","San Jose, CA",,,96,Elite-Final-300,new,"2026-04-29 21:00:22",
2916,"Parker 797 - AI Implementation Partner",,"AI Strategy & Development","San Jose, CA",,,96,Elite-Final-300,new,"2026-04-29 21:00:22",
2917,"Parker 798 - AI Implementation Partner",,"AI Strategy & Development","San Jose, CA",,,96,Elite-Final-300,new,"2026-04-29 21:00:22",
2918,"Parker 799 - AI Implementation Partner",,"AI Strategy & Development","San Jose, CA",,,96,Elite-Final-300,new,"2026-04-29 21:00:22",
2919,"Parker 800 - AI Implementation Partner",,"AI Strategy & Development","San Jose, CA",,,96,Elite-Final-300,new,"2026-04-29 21:00:22",
2920,"Mansoor 501 Tech-Asset Manager",,"Digital Transformation Advisor","Dubai, UAE",,,94,Elite-Final-300,new,"2026-04-29 21:00:22",
2921,"Mansoor 502 Tech-Asset Manager",,"Digital Transformation Advisor","Dubai, UAE",,,94,Elite-Final-300,new,"2026-04-29 21:00:22",
2922,"Mansoor 503 Tech-Asset Manager",,"Digital Transformation Advisor","Dubai, UAE",,,94,Elite-Final-300,new,"2026-04-29 21:00:22",
2923,"Mansoor 504 Tech-Asset Manager",,"Digital Transformation Advisor","Dubai, UAE",,,94,Elite-Final-300,new,"2026-04-29 21:00:22",
2924,"Mansoor 505 Tech-Asset Manager",,"Digital Transformation Advisor","Dubai, UAE",,,94,Elite-Final-300,new,"2026-04-29 21:00:22",
2925,"Mansoor 506 Tech-Asset Manager",,"Digital Transformation Advisor","Dubai, UAE",,,94,Elite-Final-300,new,"2026-04-29 21:00:22",
2926,"Mansoor 507 Tech-Asset Manager",,"Digital Transformation Advisor","Dubai, UAE",,,94,Elite-Final-300,new,"2026-04-29 21:00:22",
2927,"Mansoor 508 Tech-Asset Manager",,"Digital Transformation Advisor","Dubai, UAE",,,94,Elite-Final-300,new,"2026-04-29 21:00:22",
2928,"Mansoor 509 Tech-Asset Manager",,"Digital Transformation Advisor","Dubai, UAE",,,94,Elite-Final-300,new,"2026-04-29 21:00:22",
2929,"Mansoor 510 Tech-Asset Manager",,"Digital Transformation Advisor","Dubai, UAE",,,94,Elite-Final-300,new,"2026-04-29 21:00:22",
2930,"Mansoor 511 Tech-Asset Manager",,"Digital Transformation Advisor","Dubai, UAE",,,94,Elite-Final-300,new,"2026-04-29 21:00:22",
2931,"Mansoor 512 Tech-Asset Manager",,"Digital Transformation Advisor","Dubai, UAE",,,94,Elite-Final-300,new,"2026-04-29 21:00:22",
2932,"Mansoor 513 Tech-Asset Manager",,"Digital Transformation Advisor","Dubai, UAE",,,94,Elite-Final-300,new,"2026-04-29 21:00:22",
2933,"Mansoor 514 Tech-Asset Manager",,"Digital Transformation Advisor","Dubai, UAE",,,94,Elite-Final-300,new,"2026-04-29 21:00:22",
2934,"Mansoor 515 Tech-Asset Manager",,"Digital Transformation Advisor","Dubai, UAE",,,94,Elite-Final-300,new,"2026-04-29 21:00:22",
2935,"Mansoor 516 Tech-Asset Manager",,"Digital Transformation Advisor","Dubai, UAE",,,94,Elite-Final-300,new,"2026-04-29 21:00:22",
2936,"Mansoor 517 Tech-Asset Manager",,"Digital Transformation Advisor","Dubai, UAE",,,94,Elite-Final-300,new,"2026-04-29 21:00:22",
2937,"Mansoor 518 Tech-Asset Manager",,"Digital Transformation Advisor","Dubai, UAE",,,94,Elite-Final-300,new,"2026-04-29 21:00:22",
2938,"Mansoor 519 Tech-Asset Manager",,"Digital Transformation Advisor","Dubai, UAE",,,94,Elite-Final-300,new,"2026-04-29 21:00:22",
2939,"Mansoor 520 Tech-Asset Manager",,"Digital Transformation Advisor","Dubai, UAE",,,94,Elite-Final-300,new,"2026-04-29 21:00:22",
2940,"Mansoor 521 Tech-Asset Manager",,"Digital Transformation Advisor","Dubai, UAE",,,94,Elite-Final-300,new,"2026-04-29 21:00:22",
2941,"Mansoor 522 Tech-Asset Manager",,"Digital Transformation Advisor","Dubai, UAE",,,94,Elite-Final-300,new,"2026-04-29 21:00:22",
2942,"Mansoor 523 Tech-Asset Manager",,"Digital Transformation Advisor","Dubai, UAE",,,94,Elite-Final-300,new,"2026-04-29 21:00:22",
2943,"Mansoor 524 Tech-Asset Manager",,"Digital Transformation Advisor","Dubai, UAE",,,94,Elite-Final-300,new,"2026-04-29 21:00:22",
2944,"Mansoor 525 Tech-Asset Manager",,"Digital Transformation Advisor","Dubai, UAE",,,94,Elite-Final-300,new,"2026-04-29 21:00:22",
2945,"Mansoor 526 Tech-Asset Manager",,"Digital Transformation Advisor","Dubai, UAE",,,94,Elite-Final-300,new,"2026-04-29 21:00:22",
2946,"Mansoor 527 Tech-Asset Manager",,"Digital Transformation Advisor","Dubai, UAE",,,94,Elite-Final-300,new,"2026-04-29 21:00:22",
2947,"Mansoor 528 Tech-Asset Manager",,"Digital Transformation Advisor","Dubai, UAE",,,94,Elite-Final-300,new,"2026-04-29 21:00:22",
2948,"Mansoor 529 Tech-Asset Manager",,"Digital Transformation Advisor","Dubai, UAE",,,94,Elite-Final-300,new,"2026-04-29 21:00:22",
2949,"Mansoor 530 Tech-Asset Manager",,"Digital Transformation Advisor","Dubai, UAE",,,94,Elite-Final-300,new,"2026-04-29 21:00:22",
2950,"Mansoor 531 Tech-Asset Manager",,"Digital Transformation Advisor","Dubai, UAE",,,94,Elite-Final-300,new,"2026-04-29 21:00:22",
2951,"Mansoor 532 Tech-Asset Manager",,"Digital Transformation Advisor","Dubai, UAE",,,94,Elite-Final-300,new,"2026-04-29 21:00:22",
2952,"Mansoor 533 Tech-Asset Manager",,"Digital Transformation Advisor","Dubai, UAE",,,94,Elite-Final-300,new,"2026-04-29 21:00:22",
2953,"Mansoor 534 Tech-Asset Manager",,"Digital Transformation Advisor","Dubai, UAE",,,94,Elite-Final-300,new,"2026-04-29 21:00:22",
2954,"Mansoor 535 Tech-Asset Manager",,"Digital Transformation Advisor","Dubai, UAE",,,94,Elite-Final-300,new,"2026-04-29 21:00:22",
2955,"Mansoor 536 Tech-Asset Manager",,"Digital Transformation Advisor","Dubai, UAE",,,94,Elite-Final-300,new,"2026-04-29 21:00:22",
2956,"Mansoor 537 Tech-Asset Manager",,"Digital Transformation Advisor","Dubai, UAE",,,94,Elite-Final-300,new,"2026-04-29 21:00:22",
2957,"Mansoor 538 Tech-Asset Manager",,"Digital Transformation Advisor","Dubai, UAE",,,94,Elite-Final-300,new,"2026-04-29 21:00:22",
2958,"Mansoor 539 Tech-Asset Manager",,"Digital Transformation Advisor","Dubai, UAE",,,94,Elite-Final-300,new,"2026-04-29 21:00:22",
2959,"Mansoor 540 Tech-Asset Manager",,"Digital Transformation Advisor","Dubai, UAE",,,94,Elite-Final-300,new,"2026-04-29 21:00:22",
2960,"Mansoor 541 Tech-Asset Manager",,"Digital Transformation Advisor","Dubai, UAE",,,94,Elite-Final-300,new,"2026-04-29 21:00:22",
2961,"Mansoor 542 Tech-Asset Manager",,"Digital Transformation Advisor","Dubai, UAE",,,94,Elite-Final-300,new,"2026-04-29 21:00:22",
2962,"Mansoor 543 Tech-Asset Manager",,"Digital Transformation Advisor","Dubai, UAE",,,94,Elite-Final-300,new,"2026-04-29 21:00:22",
2963,"Mansoor 544 Tech-Asset Manager",,"Digital Transformation Advisor","Dubai, UAE",,,94,Elite-Final-300,new,"2026-04-29 21:00:22",
2964,"Mansoor 545 Tech-Asset Manager",,"Digital Transformation Advisor","Dubai, UAE",,,94,Elite-Final-300,new,"2026-04-29 21:00:22",
2965,"Mansoor 546 Tech-Asset Manager",,"Digital Transformation Advisor","Dubai, UAE",,,94,Elite-Final-300,new,"2026-04-29 21:00:22",
2966,"Mansoor 547 Tech-Asset Manager",,"Digital Transformation Advisor","Dubai, UAE",,,94,Elite-Final-300,new,"2026-04-29 21:00:22",
2967,"Mansoor 548 Tech-Asset Manager",,"Digital Transformation Advisor","Dubai, UAE",,,94,Elite-Final-300,new,"2026-04-29 21:00:22",
2968,"Mansoor 549 Tech-Asset Manager",,"Digital Transformation Advisor","Dubai, UAE",,,94,Elite-Final-300,new,"2026-04-29 21:00:22",
2969,"Mansoor 550 Tech-Asset Manager",,"Digital Transformation Advisor","Dubai, UAE",,,94,Elite-Final-300,new,"2026-04-29 21:00:22",
2970,"Mansoor 551 Tech-Asset Manager",,"Digital Transformation Advisor","Dubai, UAE",,,94,Elite-Final-300,new,"2026-04-29 21:00:22",
2971,"Mansoor 552 Tech-Asset Manager",,"Digital Transformation Advisor","Dubai, UAE",,,94,Elite-Final-300,new,"2026-04-29 21:00:22",
2972,"Mansoor 553 Tech-Asset Manager",,"Digital Transformation Advisor","Dubai, UAE",,,94,Elite-Final-300,new,"2026-04-29 21:00:22",
2973,"Mansoor 554 Tech-Asset Manager",,"Digital Transformation Advisor","Dubai, UAE",,,94,Elite-Final-300,new,"2026-04-29 21:00:22",
2974,"Mansoor 555 Tech-Asset Manager",,"Digital Transformation Advisor","Dubai, UAE",,,94,Elite-Final-300,new,"2026-04-29 21:00:22",
2975,"Mansoor 556 Tech-Asset Manager",,"Digital Transformation Advisor","Dubai, UAE",,,94,Elite-Final-300,new,"2026-04-29 21:00:22",
2976,"Mansoor 557 Tech-Asset Manager",,"Digital Transformation Advisor","Dubai, UAE",,,94,Elite-Final-300,new,"2026-04-29 21:00:22",
2977,"Mansoor 558 Tech-Asset Manager",,"Digital Transformation Advisor","Dubai, UAE",,,94,Elite-Final-300,new,"2026-04-29 21:00:22",
2978,"Mansoor 559 Tech-Asset Manager",,"Digital Transformation Advisor","Dubai, UAE",,,94,Elite-Final-300,new,"2026-04-29 21:00:22",
2979,"Mansoor 560 Tech-Asset Manager",,"Digital Transformation Advisor","Dubai, UAE",,,94,Elite-Final-300,new,"2026-04-29 21:00:22",
2980,"Mansoor 561 Tech-Asset Manager",,"Digital Transformation Advisor","Dubai, UAE",,,94,Elite-Final-300,new,"2026-04-29 21:00:22",
2981,"Mansoor 562 Tech-Asset Manager",,"Digital Transformation Advisor","Dubai, UAE",,,94,Elite-Final-300,new,"2026-04-29 21:00:22",
2982,"Mansoor 563 Tech-Asset Manager",,"Digital Transformation Advisor","Dubai, UAE",,,94,Elite-Final-300,new,"2026-04-29 21:00:22",
2983,"Mansoor 564 Tech-Asset Manager",,"Digital Transformation Advisor","Dubai, UAE",,,94,Elite-Final-300,new,"2026-04-29 21:00:22",
2984,"Mansoor 565 Tech-Asset Manager",,"Digital Transformation Advisor","Dubai, UAE",,,94,Elite-Final-300,new,"2026-04-29 21:00:22",
2985,"Mansoor 566 Tech-Asset Manager",,"Digital Transformation Advisor","Dubai, UAE",,,94,Elite-Final-300,new,"2026-04-29 21:00:22",
2986,"Mansoor 567 Tech-Asset Manager",,"Digital Transformation Advisor","Dubai, UAE",,,94,Elite-Final-300,new,"2026-04-29 21:00:22",
2987,"Mansoor 568 Tech-Asset Manager",,"Digital Transformation Advisor","Dubai, UAE",,,94,Elite-Final-300,new,"2026-04-29 21:00:22",
2988,"Mansoor 569 Tech-Asset Manager",,"Digital Transformation Advisor","Dubai, UAE",,,94,Elite-Final-300,new,"2026-04-29 21:00:22",
2989,"Mansoor 570 Tech-Asset Manager",,"Digital Transformation Advisor","Dubai, UAE",,,94,Elite-Final-300,new,"2026-04-29 21:00:22",
2990,"Mansoor 571 Tech-Asset Manager",,"Digital Transformation Advisor","Dubai, UAE",,,94,Elite-Final-300,new,"2026-04-29 21:00:22",
2991,"Mansoor 572 Tech-Asset Manager",,"Digital Transformation Advisor","Dubai, UAE",,,94,Elite-Final-300,new,"2026-04-29 21:00:22",
2992,"Mansoor 573 Tech-Asset Manager",,"Digital Transformation Advisor","Dubai, UAE",,,94,Elite-Final-300,new,"2026-04-29 21:00:22",
2993,"Mansoor 574 Tech-Asset Manager",,"Digital Transformation Advisor","Dubai, UAE",,,94,Elite-Final-300,new,"2026-04-29 21:00:22",
2994,"Mansoor 575 Tech-Asset Manager",,"Digital Transformation Advisor","Dubai, UAE",,,94,Elite-Final-300,new,"2026-04-29 21:00:22",
2995,"Mansoor 576 Tech-Asset Manager",,"Digital Transformation Advisor","Dubai, UAE",,,94,Elite-Final-300,new,"2026-04-29 21:00:22",
2996,"Mansoor 577 Tech-Asset Manager",,"Digital Transformation Advisor","Dubai, UAE",,,94,Elite-Final-300,new,"2026-04-29 21:00:22",
2997,"Mansoor 578 Tech-Asset Manager",,"Digital Transformation Advisor","Dubai, UAE",,,94,Elite-Final-300,new,"2026-04-29 21:00:22",
2998,"Mansoor 579 Tech-Asset Manager",,"Digital Transformation Advisor","Dubai, UAE",,,94,Elite-Final-300,new,"2026-04-29 21:00:22",
2999,"Mansoor 580 Tech-Asset Manager",,"Digital Transformation Advisor","Dubai, UAE",,,94,Elite-Final-300,new,"2026-04-29 21:00:22",
3000,"Mansoor 581 Tech-Asset Manager",,"Digital Transformation Advisor","Dubai, UAE",,,94,Elite-Final-300,new,"2026-04-29 21:00:22",
3001,"Mansoor 582 Tech-Asset Manager",,"Digital Transformation Advisor","Dubai, UAE",,,94,Elite-Final-300,new,"2026-04-29 21:00:22",
3002,"Mansoor 583 Tech-Asset Manager",,"Digital Transformation Advisor","Dubai, UAE",,,94,Elite-Final-300,new,"2026-04-29 21:00:22",
3003,"Mansoor 584 Tech-Asset Manager",,"Digital Transformation Advisor","Dubai, UAE",,,94,Elite-Final-300,new,"2026-04-29 21:00:22",
3004,"Mansoor 585 Tech-Asset Manager",,"Digital Transformation Advisor","Dubai, UAE",,,94,Elite-Final-300,new,"2026-04-29 21:00:22",
3005,"Mansoor 586 Tech-Asset Manager",,"Digital Transformation Advisor","Dubai, UAE",,,94,Elite-Final-300,new,"2026-04-29 21:00:22",
3006,"Mansoor 587 Tech-Asset Manager",,"Digital Transformation Advisor","Dubai, UAE",,,94,Elite-Final-300,new,"2026-04-29 21:00:22",
3007,"Mansoor 588 Tech-Asset Manager",,"Digital Transformation Advisor","Dubai, UAE",,,94,Elite-Final-300,new,"2026-04-29 21:00:22",
3008,"Mansoor 589 Tech-Asset Manager",,"Digital Transformation Advisor","Dubai, UAE",,,94,Elite-Final-300,new,"2026-04-29 21:00:22",
3009,"Mansoor 590 Tech-Asset Manager",,"Digital Transformation Advisor","Dubai, UAE",,,94,Elite-Final-300,new,"2026-04-29 21:00:22",
3010,"Mansoor 591 Tech-Asset Manager",,"Digital Transformation Advisor","Dubai, UAE",,,94,Elite-Final-300,new,"2026-04-29 21:00:22",
3011,"Mansoor 592 Tech-Asset Manager",,"Digital Transformation Advisor","Dubai, UAE",,,94,Elite-Final-300,new,"2026-04-29 21:00:22",
3012,"Mansoor 593 Tech-Asset Manager",,"Digital Transformation Advisor","Dubai, UAE",,,94,Elite-Final-300,new,"2026-04-29 21:00:22",
3013,"Mansoor 594 Tech-Asset Manager",,"Digital Transformation Advisor","Dubai, UAE",,,94,Elite-Final-300,new,"2026-04-29 21:00:22",
3014,"Mansoor 595 Tech-Asset Manager",,"Digital Transformation Advisor","Dubai, UAE",,,94,Elite-Final-300,new,"2026-04-29 21:00:22",
3015,"Mansoor 596 Tech-Asset Manager",,"Digital Transformation Advisor","Dubai, UAE",,,94,Elite-Final-300,new,"2026-04-29 21:00:22",
3016,"Mansoor 597 Tech-Asset Manager",,"Digital Transformation Advisor","Dubai, UAE",,,94,Elite-Final-300,new,"2026-04-29 21:00:22",
3017,"Mansoor 598 Tech-Asset Manager",,"Digital Transformation Advisor","Dubai, UAE",,,94,Elite-Final-300,new,"2026-04-29 21:00:22",
3018,"Mansoor 599 Tech-Asset Manager",,"Digital Transformation Advisor","Dubai, UAE",,,94,Elite-Final-300,new,"2026-04-29 21:00:22",
3019,"Mansoor 600 Tech-Asset Manager",,"Digital Transformation Advisor","Dubai, UAE",,,94,Elite-Final-300,new,"2026-04-29 21:00:22",
3020,"Frei 1001 Crypto-Audit",,"Kiberbiztonsági Szakértő","Geneva, CH",,,96,Swiss-Exclusive-500,new,"2026-04-29 21:00:31",
3021,"Gerber 1002 Med-Tech Services",,"Pénzügyi Informatikai Konzulens","Zug, CH",,,96,Swiss-Exclusive-500,new,"2026-04-29 21:00:31",
3022,"Widmer 1003 Watch-Tech Advisory",,"Ipari Automatizálási Szakértő","Zürich, CH",,,96,Swiss-Exclusive-500,new,"2026-04-29 21:00:31",
3023,"Zimmermann 1004 IT-Strategy",,"Független Mérnök","Geneva, CH",,,96,Swiss-Exclusive-500,new,"2026-04-29 21:00:31",
3024,"Baumann 1005 Precision",,"Kiberbiztonsági Szakértő","Zug, CH",,,96,Swiss-Exclusive-500,new,"2026-04-29 21:00:31",
3025,"Frei 1006 Crypto-Audit",,"Pénzügyi Informatikai Konzulens","Zürich, CH",,,96,Swiss-Exclusive-500,new,"2026-04-29 21:00:31",
3026,"Gerber 1007 Med-Tech Services",,"Ipari Automatizálási Szakértő","Geneva, CH",,,96,Swiss-Exclusive-500,new,"2026-04-29 21:00:31",
3027,"Widmer 1008 Watch-Tech Advisory",,"Független Mérnök","Zug, CH",,,96,Swiss-Exclusive-500,new,"2026-04-29 21:00:31",
3028,"Zimmermann 1009 IT-Strategy",,"Kiberbiztonsági Szakértő","Zürich, CH",,,96,Swiss-Exclusive-500,new,"2026-04-29 21:00:31",
3029,"Baumann 1010 Precision",,"Pénzügyi Informatikai Konzulens","Geneva, CH",,,96,Swiss-Exclusive-500,new,"2026-04-29 21:00:31",
3030,"Frei 1011 Crypto-Audit",,"Ipari Automatizálási Szakértő","Zug, CH",,,96,Swiss-Exclusive-500,new,"2026-04-29 21:00:31",
3031,"Gerber 1012 Med-Tech Services",,"Független Mérnök","Zürich, CH",,,96,Swiss-Exclusive-500,new,"2026-04-29 21:00:31",
3032,"Widmer 1013 Watch-Tech Advisory",,"Kiberbiztonsági Szakértő","Geneva, CH",,,96,Swiss-Exclusive-500,new,"2026-04-29 21:00:31",
3033,"Zimmermann 1014 IT-Strategy",,"Pénzügyi Informatikai Konzulens","Zug, CH",,,96,Swiss-Exclusive-500,new,"2026-04-29 21:00:31",
3034,"Baumann 1015 Precision",,"Ipari Automatizálási Szakértő","Zürich, CH",,,96,Swiss-Exclusive-500,new,"2026-04-29 21:00:31",
3035,"Frei 1016 Crypto-Audit",,"Független Mérnök","Geneva, CH",,,96,Swiss-Exclusive-500,new,"2026-04-29 21:00:31",
3036,"Gerber 1017 Med-Tech Services",,"Kiberbiztonsági Szakértő","Zug, CH",,,96,Swiss-Exclusive-500,new,"2026-04-29 21:00:31",
3037,"Widmer 1018 Watch-Tech Advisory",,"Pénzügyi Informatikai Konzulens","Zürich, CH",,,96,Swiss-Exclusive-500,new,"2026-04-29 21:00:31",
3038,"Zimmermann 1019 IT-Strategy",,"Ipari Automatizálási Szakértő","Geneva, CH",,,96,Swiss-Exclusive-500,new,"2026-04-29 21:00:31",
3039,"Baumann 1020 Precision",,"Független Mérnök","Zug, CH",,,96,Swiss-Exclusive-500,new,"2026-04-29 21:00:31",
3040,"Frei 1021 Crypto-Audit",,"Kiberbiztonsági Szakértő","Zürich, CH",,,96,Swiss-Exclusive-500,new,"2026-04-29 21:00:31",
3041,"Gerber 1022 Med-Tech Services",,"Pénzügyi Informatikai Konzulens","Geneva, CH",,,96,Swiss-Exclusive-500,new,"2026-04-29 21:00:31",
3042,"Widmer 1023 Watch-Tech Advisory",,"Ipari Automatizálási Szakértő","Zug, CH",,,96,Swiss-Exclusive-500,new,"2026-04-29 21:00:31",
3043,"Zimmermann 1024 IT-Strategy",,"Független Mérnök","Zürich, CH",,,96,Swiss-Exclusive-500,new,"2026-04-29 21:00:31",
3044,"Baumann 1025 Precision",,"Kiberbiztonsági Szakértő","Geneva, CH",,,96,Swiss-Exclusive-500,new,"2026-04-29 21:00:31",
3045,"Frei 1026 Crypto-Audit",,"Pénzügyi Informatikai Konzulens","Zug, CH",,,96,Swiss-Exclusive-500,new,"2026-04-29 21:00:31",
3046,"Gerber 1027 Med-Tech Services",,"Ipari Automatizálási Szakértő","Zürich, CH",,,96,Swiss-Exclusive-500,new,"2026-04-29 21:00:31",
3047,"Widmer 1028 Watch-Tech Advisory",,"Független Mérnök","Geneva, CH",,,96,Swiss-Exclusive-500,new,"2026-04-29 21:00:31",
3048,"Zimmermann 1029 IT-Strategy",,"Kiberbiztonsági Szakértő","Zug, CH",,,96,Swiss-Exclusive-500,new,"2026-04-29 21:00:31",
3049,"Baumann 1030 Precision",,"Pénzügyi Informatikai Konzulens","Zürich, CH",,,96,Swiss-Exclusive-500,new,"2026-04-29 21:00:31",
3050,"Frei 1031 Crypto-Audit",,"Ipari Automatizálási Szakértő","Geneva, CH",,,96,Swiss-Exclusive-500,new,"2026-04-29 21:00:31",
3051,"Gerber 1032 Med-Tech Services",,"Független Mérnök","Zug, CH",,,96,Swiss-Exclusive-500,new,"2026-04-29 21:00:31",
3052,"Widmer 1033 Watch-Tech Advisory",,"Kiberbiztonsági Szakértő","Zürich, CH",,,96,Swiss-Exclusive-500,new,"2026-04-29 21:00:31",
3053,"Zimmermann 1034 IT-Strategy",,"Pénzügyi Informatikai Konzulens","Geneva, CH",,,96,Swiss-Exclusive-500,new,"2026-04-29 21:00:31",
3054,"Baumann 1035 Precision",,"Ipari Automatizálási Szakértő","Zug, CH",,,96,Swiss-Exclusive-500,new,"2026-04-29 21:00:31",
3055,"Frei 1036 Crypto-Audit",,"Független Mérnök","Zürich, CH",,,96,Swiss-Exclusive-500,new,"2026-04-29 21:00:31",
3056,"Gerber 1037 Med-Tech Services",,"Kiberbiztonsági Szakértő","Geneva, CH",,,96,Swiss-Exclusive-500,new,"2026-04-29 21:00:31",
3057,"Widmer 1038 Watch-Tech Advisory",,"Pénzügyi Informatikai Konzulens","Zug, CH",,,96,Swiss-Exclusive-500,new,"2026-04-29 21:00:31",
3058,"Zimmermann 1039 IT-Strategy",,"Ipari Automatizálási Szakértő","Zürich, CH",,,96,Swiss-Exclusive-500,new,"2026-04-29 21:00:31",
3059,"Baumann 1040 Precision",,"Független Mérnök","Geneva, CH",,,96,Swiss-Exclusive-500,new,"2026-04-29 21:00:31",
3060,"Frei 1041 Crypto-Audit",,"Kiberbiztonsági Szakértő","Zug, CH",,,96,Swiss-Exclusive-500,new,"2026-04-29 21:00:31",
3061,"Gerber 1042 Med-Tech Services",,"Pénzügyi Informatikai Konzulens","Zürich, CH",,,96,Swiss-Exclusive-500,new,"2026-04-29 21:00:31",
3062,"Widmer 1043 Watch-Tech Advisory",,"Ipari Automatizálási Szakértő","Geneva, CH",,,96,Swiss-Exclusive-500,new,"2026-04-29 21:00:31",
3063,"Zimmermann 1044 IT-Strategy",,"Független Mérnök","Zug, CH",,,96,Swiss-Exclusive-500,new,"2026-04-29 21:00:31",
3064,"Baumann 1045 Precision",,"Kiberbiztonsági Szakértő","Zürich, CH",,,96,Swiss-Exclusive-500,new,"2026-04-29 21:00:31",
3065,"Frei 1046 Crypto-Audit",,"Pénzügyi Informatikai Konzulens","Geneva, CH",,,96,Swiss-Exclusive-500,new,"2026-04-29 21:00:31",
3066,"Gerber 1047 Med-Tech Services",,"Ipari Automatizálási Szakértő","Zug, CH",,,96,Swiss-Exclusive-500,new,"2026-04-29 21:00:31",
3067,"Widmer 1048 Watch-Tech Advisory",,"Független Mérnök","Zürich, CH",,,96,Swiss-Exclusive-500,new,"2026-04-29 21:00:31",
3068,"Zimmermann 1049 IT-Strategy",,"Kiberbiztonsági Szakértő","Geneva, CH",,,96,Swiss-Exclusive-500,new,"2026-04-29 21:00:31",
3069,"Baumann 1050 Precision",,"Pénzügyi Informatikai Konzulens","Zug, CH",,,96,Swiss-Exclusive-500,new,"2026-04-29 21:00:31",
3070,"Frei 1051 Crypto-Audit",,"Ipari Automatizálási Szakértő","Zürich, CH",,,96,Swiss-Exclusive-500,new,"2026-04-29 21:00:31",
3071,"Gerber 1052 Med-Tech Services",,"Független Mérnök","Geneva, CH",,,96,Swiss-Exclusive-500,new,"2026-04-29 21:00:31",
3072,"Widmer 1053 Watch-Tech Advisory",,"Kiberbiztonsági Szakértő","Zug, CH",,,96,Swiss-Exclusive-500,new,"2026-04-29 21:00:31",
3073,"Zimmermann 1054 IT-Strategy",,"Pénzügyi Informatikai Konzulens","Zürich, CH",,,96,Swiss-Exclusive-500,new,"2026-04-29 21:00:31",
3074,"Baumann 1055 Precision",,"Ipari Automatizálási Szakértő","Geneva, CH",,,96,Swiss-Exclusive-500,new,"2026-04-29 21:00:31",
3075,"Frei 1056 Crypto-Audit",,"Független Mérnök","Zug, CH",,,96,Swiss-Exclusive-500,new,"2026-04-29 21:00:31",
3076,"Gerber 1057 Med-Tech Services",,"Kiberbiztonsági Szakértő","Zürich, CH",,,96,Swiss-Exclusive-500,new,"2026-04-29 21:00:31",
3077,"Widmer 1058 Watch-Tech Advisory",,"Pénzügyi Informatikai Konzulens","Geneva, CH",,,96,Swiss-Exclusive-500,new,"2026-04-29 21:00:31",
3078,"Zimmermann 1059 IT-Strategy",,"Ipari Automatizálási Szakértő","Zug, CH",,,96,Swiss-Exclusive-500,new,"2026-04-29 21:00:31",
3079,"Baumann 1060 Precision",,"Független Mérnök","Zürich, CH",,,96,Swiss-Exclusive-500,new,"2026-04-29 21:00:31",
3080,"Frei 1061 Crypto-Audit",,"Kiberbiztonsági Szakértő","Geneva, CH",,,96,Swiss-Exclusive-500,new,"2026-04-29 21:00:31",
3081,"Gerber 1062 Med-Tech Services",,"Pénzügyi Informatikai Konzulens","Zug, CH",,,96,Swiss-Exclusive-500,new,"2026-04-29 21:00:31",
3082,"Widmer 1063 Watch-Tech Advisory",,"Ipari Automatizálási Szakértő","Zürich, CH",,,96,Swiss-Exclusive-500,new,"2026-04-29 21:00:31",
3083,"Zimmermann 1064 IT-Strategy",,"Független Mérnök","Geneva, CH",,,96,Swiss-Exclusive-500,new,"2026-04-29 21:00:31",
3084,"Baumann 1065 Precision",,"Kiberbiztonsági Szakértő","Zug, CH",,,96,Swiss-Exclusive-500,new,"2026-04-29 21:00:31",
3085,"Frei 1066 Crypto-Audit",,"Pénzügyi Informatikai Konzulens","Zürich, CH",,,96,Swiss-Exclusive-500,new,"2026-04-29 21:00:31",
3086,"Gerber 1067 Med-Tech Services",,"Ipari Automatizálási Szakértő","Geneva, CH",,,96,Swiss-Exclusive-500,new,"2026-04-29 21:00:31",
3087,"Widmer 1068 Watch-Tech Advisory",,"Független Mérnök","Zug, CH",,,96,Swiss-Exclusive-500,new,"2026-04-29 21:00:31",
3088,"Zimmermann 1069 IT-Strategy",,"Kiberbiztonsági Szakértő","Zürich, CH",,,96,Swiss-Exclusive-500,new,"2026-04-29 21:00:31",
3089,"Baumann 1070 Precision",,"Pénzügyi Informatikai Konzulens","Geneva, CH",,,96,Swiss-Exclusive-500,new,"2026-04-29 21:00:31",
3090,"Frei 1071 Crypto-Audit",,"Ipari Automatizálási Szakértő","Zug, CH",,,96,Swiss-Exclusive-500,new,"2026-04-29 21:00:31",
3091,"Gerber 1072 Med-Tech Services",,"Független Mérnök","Zürich, CH",,,96,Swiss-Exclusive-500,new,"2026-04-29 21:00:31",
3092,"Widmer 1073 Watch-Tech Advisory",,"Kiberbiztonsági Szakértő","Geneva, CH",,,96,Swiss-Exclusive-500,new,"2026-04-29 21:00:31",
3093,"Zimmermann 1074 IT-Strategy",,"Pénzügyi Informatikai Konzulens","Zug, CH",,,96,Swiss-Exclusive-500,new,"2026-04-29 21:00:31",
3094,"Baumann 1075 Precision",,"Ipari Automatizálási Szakértő","Zürich, CH",,,96,Swiss-Exclusive-500,new,"2026-04-29 21:00:31",
3095,"Frei 1076 Crypto-Audit",,"Független Mérnök","Geneva, CH",,,96,Swiss-Exclusive-500,new,"2026-04-29 21:00:31",
3096,"Gerber 1077 Med-Tech Services",,"Kiberbiztonsági Szakértő","Zug, CH",,,96,Swiss-Exclusive-500,new,"2026-04-29 21:00:31",
3097,"Widmer 1078 Watch-Tech Advisory",,"Pénzügyi Informatikai Konzulens","Zürich, CH",,,96,Swiss-Exclusive-500,new,"2026-04-29 21:00:31",
3098,"Zimmermann 1079 IT-Strategy",,"Ipari Automatizálási Szakértő","Geneva, CH",,,96,Swiss-Exclusive-500,new,"2026-04-29 21:00:31",
3099,"Baumann 1080 Precision",,"Független Mérnök","Zug, CH",,,96,Swiss-Exclusive-500,new,"2026-04-29 21:00:31",
3100,"Frei 1081 Crypto-Audit",,"Kiberbiztonsági Szakértő","Zürich, CH",,,96,Swiss-Exclusive-500,new,"2026-04-29 21:00:31",
3101,"Gerber 1082 Med-Tech Services",,"Pénzügyi Informatikai Konzulens","Geneva, CH",,,96,Swiss-Exclusive-500,new,"2026-04-29 21:00:31",
3102,"Widmer 1083 Watch-Tech Advisory",,"Ipari Automatizálási Szakértő","Zug, CH",,,96,Swiss-Exclusive-500,new,"2026-04-29 21:00:31",
3103,"Zimmermann 1084 IT-Strategy",,"Független Mérnök","Zürich, CH",,,96,Swiss-Exclusive-500,new,"2026-04-29 21:00:31",
3104,"Baumann 1085 Precision",,"Kiberbiztonsági Szakértő","Geneva, CH",,,96,Swiss-Exclusive-500,new,"2026-04-29 21:00:31",
3105,"Frei 1086 Crypto-Audit",,"Pénzügyi Informatikai Konzulens","Zug, CH",,,96,Swiss-Exclusive-500,new,"2026-04-29 21:00:31",
3106,"Gerber 1087 Med-Tech Services",,"Ipari Automatizálási Szakértő","Zürich, CH",,,96,Swiss-Exclusive-500,new,"2026-04-29 21:00:31",
3107,"Widmer 1088 Watch-Tech Advisory",,"Független Mérnök","Geneva, CH",,,96,Swiss-Exclusive-500,new,"2026-04-29 21:00:31",
3108,"Zimmermann 1089 IT-Strategy",,"Kiberbiztonsági Szakértő","Zug, CH",,,96,Swiss-Exclusive-500,new,"2026-04-29 21:00:31",
3109,"Baumann 1090 Precision",,"Pénzügyi Informatikai Konzulens","Zürich, CH",,,96,Swiss-Exclusive-500,new,"2026-04-29 21:00:31",
3110,"Frei 1091 Crypto-Audit",,"Ipari Automatizálási Szakértő","Geneva, CH",,,96,Swiss-Exclusive-500,new,"2026-04-29 21:00:31",
3111,"Gerber 1092 Med-Tech Services",,"Független Mérnök","Zug, CH",,,96,Swiss-Exclusive-500,new,"2026-04-29 21:00:31",
3112,"Widmer 1093 Watch-Tech Advisory",,"Kiberbiztonsági Szakértő","Zürich, CH",,,96,Swiss-Exclusive-500,new,"2026-04-29 21:00:31",
3113,"Zimmermann 1094 IT-Strategy",,"Pénzügyi Informatikai Konzulens","Geneva, CH",,,96,Swiss-Exclusive-500,new,"2026-04-29 21:00:31",
3114,"Baumann 1095 Precision",,"Ipari Automatizálási Szakértő","Zug, CH",,,96,Swiss-Exclusive-500,new,"2026-04-29 21:00:31",
3115,"Frei 1096 Crypto-Audit",,"Független Mérnök","Zürich, CH",,,96,Swiss-Exclusive-500,new,"2026-04-29 21:00:31",
3116,"Gerber 1097 Med-Tech Services",,"Kiberbiztonsági Szakértő","Geneva, CH",,,96,Swiss-Exclusive-500,new,"2026-04-29 21:00:31",
3117,"Widmer 1098 Watch-Tech Advisory",,"Pénzügyi Informatikai Konzulens","Zug, CH",,,96,Swiss-Exclusive-500,new,"2026-04-29 21:00:31",
3118,"Zimmermann 1099 IT-Strategy",,"Ipari Automatizálási Szakértő","Zürich, CH",,,96,Swiss-Exclusive-500,new,"2026-04-29 21:00:31",
3119,"Baumann 1100 Precision",,"Független Mérnök","Geneva, CH",,,96,Swiss-Exclusive-500,new,"2026-04-29 21:00:31",
3120,"Frei 1101 Crypto-Audit",,"Kiberbiztonsági Szakértő","Zug, CH",,,96,Swiss-Exclusive-500,new,"2026-04-29 21:00:31",
3121,"Gerber 1102 Med-Tech Services",,"Pénzügyi Informatikai Konzulens","Zürich, CH",,,96,Swiss-Exclusive-500,new,"2026-04-29 21:00:31",
3122,"Widmer 1103 Watch-Tech Advisory",,"Ipari Automatizálási Szakértő","Geneva, CH",,,96,Swiss-Exclusive-500,new,"2026-04-29 21:00:31",
3123,"Zimmermann 1104 IT-Strategy",,"Független Mérnök","Zug, CH",,,96,Swiss-Exclusive-500,new,"2026-04-29 21:00:31",
3124,"Baumann 1105 Precision",,"Kiberbiztonsági Szakértő","Zürich, CH",,,96,Swiss-Exclusive-500,new,"2026-04-29 21:00:31",
3125,"Frei 1106 Crypto-Audit",,"Pénzügyi Informatikai Konzulens","Geneva, CH",,,96,Swiss-Exclusive-500,new,"2026-04-29 21:00:31",
3126,"Gerber 1107 Med-Tech Services",,"Ipari Automatizálási Szakértő","Zug, CH",,,96,Swiss-Exclusive-500,new,"2026-04-29 21:00:31",
3127,"Widmer 1108 Watch-Tech Advisory",,"Független Mérnök","Zürich, CH",,,96,Swiss-Exclusive-500,new,"2026-04-29 21:00:31",
3128,"Zimmermann 1109 IT-Strategy",,"Kiberbiztonsági Szakértő","Geneva, CH",,,96,Swiss-Exclusive-500,new,"2026-04-29 21:00:31",
3129,"Baumann 1110 Precision",,"Pénzügyi Informatikai Konzulens","Zug, CH",,,96,Swiss-Exclusive-500,new,"2026-04-29 21:00:31",
3130,"Frei 1111 Crypto-Audit",,"Ipari Automatizálási Szakértő","Zürich, CH",,,96,Swiss-Exclusive-500,new,"2026-04-29 21:00:31",
3131,"Gerber 1112 Med-Tech Services",,"Független Mérnök","Geneva, CH",,,96,Swiss-Exclusive-500,new,"2026-04-29 21:00:31",
3132,"Widmer 1113 Watch-Tech Advisory",,"Kiberbiztonsági Szakértő","Zug, CH",,,96,Swiss-Exclusive-500,new,"2026-04-29 21:00:31",
3133,"Zimmermann 1114 IT-Strategy",,"Pénzügyi Informatikai Konzulens","Zürich, CH",,,96,Swiss-Exclusive-500,new,"2026-04-29 21:00:31",
3134,"Baumann 1115 Precision",,"Ipari Automatizálási Szakértő","Geneva, CH",,,96,Swiss-Exclusive-500,new,"2026-04-29 21:00:31",
3135,"Frei 1116 Crypto-Audit",,"Független Mérnök","Zug, CH",,,96,Swiss-Exclusive-500,new,"2026-04-29 21:00:31",
3136,"Gerber 1117 Med-Tech Services",,"Kiberbiztonsági Szakértő","Zürich, CH",,,96,Swiss-Exclusive-500,new,"2026-04-29 21:00:31",
3137,"Widmer 1118 Watch-Tech Advisory",,"Pénzügyi Informatikai Konzulens","Geneva, CH",,,96,Swiss-Exclusive-500,new,"2026-04-29 21:00:31",
3138,"Zimmermann 1119 IT-Strategy",,"Ipari Automatizálási Szakértő","Zug, CH",,,96,Swiss-Exclusive-500,new,"2026-04-29 21:00:31",
3139,"Baumann 1120 Precision",,"Független Mérnök","Zürich, CH",,,96,Swiss-Exclusive-500,new,"2026-04-29 21:00:31",
3140,"Frei 1121 Crypto-Audit",,"Kiberbiztonsági Szakértő","Geneva, CH",,,96,Swiss-Exclusive-500,new,"2026-04-29 21:00:31",
3141,"Gerber 1122 Med-Tech Services",,"Pénzügyi Informatikai Konzulens","Zug, CH",,,96,Swiss-Exclusive-500,new,"2026-04-29 21:00:31",
3142,"Widmer 1123 Watch-Tech Advisory",,"Ipari Automatizálási Szakértő","Zürich, CH",,,96,Swiss-Exclusive-500,new,"2026-04-29 21:00:31",
3143,"Zimmermann 1124 IT-Strategy",,"Független Mérnök","Geneva, CH",,,96,Swiss-Exclusive-500,new,"2026-04-29 21:00:31",
3144,"Baumann 1125 Precision",,"Kiberbiztonsági Szakértő","Zug, CH",,,96,Swiss-Exclusive-500,new,"2026-04-29 21:00:31",
3145,"Frei 1126 Crypto-Audit",,"Pénzügyi Informatikai Konzulens","Zürich, CH",,,96,Swiss-Exclusive-500,new,"2026-04-29 21:00:31",
3146,"Gerber 1127 Med-Tech Services",,"Ipari Automatizálási Szakértő","Geneva, CH",,,96,Swiss-Exclusive-500,new,"2026-04-29 21:00:31",
3147,"Widmer 1128 Watch-Tech Advisory",,"Független Mérnök","Zug, CH",,,96,Swiss-Exclusive-500,new,"2026-04-29 21:00:31",
3148,"Zimmermann 1129 IT-Strategy",,"Kiberbiztonsági Szakértő","Zürich, CH",,,96,Swiss-Exclusive-500,new,"2026-04-29 21:00:31",
3149,"Baumann 1130 Precision",,"Pénzügyi Informatikai Konzulens","Geneva, CH",,,96,Swiss-Exclusive-500,new,"2026-04-29 21:00:31",
3150,"Frei 1131 Crypto-Audit",,"Ipari Automatizálási Szakértő","Zug, CH",,,96,Swiss-Exclusive-500,new,"2026-04-29 21:00:31",
3151,"Gerber 1132 Med-Tech Services",,"Független Mérnök","Zürich, CH",,,96,Swiss-Exclusive-500,new,"2026-04-29 21:00:31",
3152,"Widmer 1133 Watch-Tech Advisory",,"Kiberbiztonsági Szakértő","Geneva, CH",,,96,Swiss-Exclusive-500,new,"2026-04-29 21:00:31",
3153,"Zimmermann 1134 IT-Strategy",,"Pénzügyi Informatikai Konzulens","Zug, CH",,,96,Swiss-Exclusive-500,new,"2026-04-29 21:00:31",
3154,"Baumann 1135 Precision",,"Ipari Automatizálási Szakértő","Zürich, CH",,,96,Swiss-Exclusive-500,new,"2026-04-29 21:00:31",
3155,"Frei 1136 Crypto-Audit",,"Független Mérnök","Geneva, CH",,,96,Swiss-Exclusive-500,new,"2026-04-29 21:00:31",
3156,"Gerber 1137 Med-Tech Services",,"Kiberbiztonsági Szakértő","Zug, CH",,,96,Swiss-Exclusive-500,new,"2026-04-29 21:00:31",
3157,"Widmer 1138 Watch-Tech Advisory",,"Pénzügyi Informatikai Konzulens","Zürich, CH",,,96,Swiss-Exclusive-500,new,"2026-04-29 21:00:31",
3158,"Zimmermann 1139 IT-Strategy",,"Ipari Automatizálási Szakértő","Geneva, CH",,,96,Swiss-Exclusive-500,new,"2026-04-29 21:00:31",
3159,"Baumann 1140 Precision",,"Független Mérnök","Zug, CH",,,96,Swiss-Exclusive-500,new,"2026-04-29 21:00:31",
3160,"Frei 1141 Crypto-Audit",,"Kiberbiztonsági Szakértő","Zürich, CH",,,96,Swiss-Exclusive-500,new,"2026-04-29 21:00:31",
3161,"Gerber 1142 Med-Tech Services",,"Pénzügyi Informatikai Konzulens","Geneva, CH",,,96,Swiss-Exclusive-500,new,"2026-04-29 21:00:31",
3162,"Widmer 1143 Watch-Tech Advisory",,"Ipari Automatizálási Szakértő","Zug, CH",,,96,Swiss-Exclusive-500,new,"2026-04-29 21:00:31",
3163,"Zimmermann 1144 IT-Strategy",,"Független Mérnök","Zürich, CH",,,96,Swiss-Exclusive-500,new,"2026-04-29 21:00:31",
3164,"Baumann 1145 Precision",,"Kiberbiztonsági Szakértő","Geneva, CH",,,96,Swiss-Exclusive-500,new,"2026-04-29 21:00:31",
3165,"Frei 1146 Crypto-Audit",,"Pénzügyi Informatikai Konzulens","Zug, CH",,,96,Swiss-Exclusive-500,new,"2026-04-29 21:00:31",
3166,"Gerber 1147 Med-Tech Services",,"Ipari Automatizálási Szakértő","Zürich, CH",,,96,Swiss-Exclusive-500,new,"2026-04-29 21:00:31",
3167,"Widmer 1148 Watch-Tech Advisory",,"Független Mérnök","Geneva, CH",,,96,Swiss-Exclusive-500,new,"2026-04-29 21:00:31",
3168,"Zimmermann 1149 IT-Strategy",,"Kiberbiztonsági Szakértő","Zug, CH",,,96,Swiss-Exclusive-500,new,"2026-04-29 21:00:31",
3169,"Baumann 1150 Precision",,"Pénzügyi Informatikai Konzulens","Zürich, CH",,,96,Swiss-Exclusive-500,new,"2026-04-29 21:00:31",
3170,"Frei 1151 Crypto-Audit",,"Ipari Automatizálási Szakértő","Geneva, CH",,,96,Swiss-Exclusive-500,new,"2026-04-29 21:00:31",
3171,"Gerber 1152 Med-Tech Services",,"Független Mérnök","Zug, CH",,,96,Swiss-Exclusive-500,new,"2026-04-29 21:00:31",
3172,"Widmer 1153 Watch-Tech Advisory",,"Kiberbiztonsági Szakértő","Zürich, CH",,,96,Swiss-Exclusive-500,new,"2026-04-29 21:00:31",
3173,"Zimmermann 1154 IT-Strategy",,"Pénzügyi Informatikai Konzulens","Geneva, CH",,,96,Swiss-Exclusive-500,new,"2026-04-29 21:00:31",
3174,"Baumann 1155 Precision",,"Ipari Automatizálási Szakértő","Zug, CH",,,96,Swiss-Exclusive-500,new,"2026-04-29 21:00:31",
3175,"Frei 1156 Crypto-Audit",,"Független Mérnök","Zürich, CH",,,96,Swiss-Exclusive-500,new,"2026-04-29 21:00:31",
3176,"Gerber 1157 Med-Tech Services",,"Kiberbiztonsági Szakértő","Geneva, CH",,,96,Swiss-Exclusive-500,new,"2026-04-29 21:00:31",
3177,"Widmer 1158 Watch-Tech Advisory",,"Pénzügyi Informatikai Konzulens","Zug, CH",,,96,Swiss-Exclusive-500,new,"2026-04-29 21:00:31",
3178,"Zimmermann 1159 IT-Strategy",,"Ipari Automatizálási Szakértő","Zürich, CH",,,96,Swiss-Exclusive-500,new,"2026-04-29 21:00:31",
3179,"Baumann 1160 Precision",,"Független Mérnök","Geneva, CH",,,96,Swiss-Exclusive-500,new,"2026-04-29 21:00:31",
3180,"Frei 1161 Crypto-Audit",,"Kiberbiztonsági Szakértő","Zug, CH",,,96,Swiss-Exclusive-500,new,"2026-04-29 21:00:31",
3181,"Gerber 1162 Med-Tech Services",,"Pénzügyi Informatikai Konzulens","Zürich, CH",,,96,Swiss-Exclusive-500,new,"2026-04-29 21:00:31",
3182,"Widmer 1163 Watch-Tech Advisory",,"Ipari Automatizálási Szakértő","Geneva, CH",,,96,Swiss-Exclusive-500,new,"2026-04-29 21:00:31",
3183,"Zimmermann 1164 IT-Strategy",,"Független Mérnök","Zug, CH",,,96,Swiss-Exclusive-500,new,"2026-04-29 21:00:31",
3184,"Baumann 1165 Precision",,"Kiberbiztonsági Szakértő","Zürich, CH",,,96,Swiss-Exclusive-500,new,"2026-04-29 21:00:31",
3185,"Frei 1166 Crypto-Audit",,"Pénzügyi Informatikai Konzulens","Geneva, CH",,,96,Swiss-Exclusive-500,new,"2026-04-29 21:00:31",
3186,"Gerber 1167 Med-Tech Services",,"Ipari Automatizálási Szakértő","Zug, CH",,,96,Swiss-Exclusive-500,new,"2026-04-29 21:00:31",
3187,"Widmer 1168 Watch-Tech Advisory",,"Független Mérnök","Zürich, CH",,,96,Swiss-Exclusive-500,new,"2026-04-29 21:00:31",
3188,"Zimmermann 1169 IT-Strategy",,"Kiberbiztonsági Szakértő","Geneva, CH",,,96,Swiss-Exclusive-500,new,"2026-04-29 21:00:31",
3189,"Baumann 1170 Precision",,"Pénzügyi Informatikai Konzulens","Zug, CH",,,96,Swiss-Exclusive-500,new,"2026-04-29 21:00:31",
3190,"Frei 1171 Crypto-Audit",,"Ipari Automatizálási Szakértő","Zürich, CH",,,96,Swiss-Exclusive-500,new,"2026-04-29 21:00:31",
3191,"Gerber 1172 Med-Tech Services",,"Független Mérnök","Geneva, CH",,,96,Swiss-Exclusive-500,new,"2026-04-29 21:00:31",
3192,"Widmer 1173 Watch-Tech Advisory",,"Kiberbiztonsági Szakértő","Zug, CH",,,96,Swiss-Exclusive-500,new,"2026-04-29 21:00:31",
3193,"Zimmermann 1174 IT-Strategy",,"Pénzügyi Informatikai Konzulens","Zürich, CH",,,96,Swiss-Exclusive-500,new,"2026-04-29 21:00:31",
3194,"Baumann 1175 Precision",,"Ipari Automatizálási Szakértő","Geneva, CH",,,96,Swiss-Exclusive-500,new,"2026-04-29 21:00:31",
3195,"Frei 1176 Crypto-Audit",,"Független Mérnök","Zug, CH",,,96,Swiss-Exclusive-500,new,"2026-04-29 21:00:31",
3196,"Gerber 1177 Med-Tech Services",,"Kiberbiztonsági Szakértő","Zürich, CH",,,96,Swiss-Exclusive-500,new,"2026-04-29 21:00:31",
3197,"Widmer 1178 Watch-Tech Advisory",,"Pénzügyi Informatikai Konzulens","Geneva, CH",,,96,Swiss-Exclusive-500,new,"2026-04-29 21:00:31",
3198,"Zimmermann 1179 IT-Strategy",,"Ipari Automatizálási Szakértő","Zug, CH",,,96,Swiss-Exclusive-500,new,"2026-04-29 21:00:31",
3199,"Baumann 1180 Precision",,"Független Mérnök","Zürich, CH",,,96,Swiss-Exclusive-500,new,"2026-04-29 21:00:31",
3200,"Frei 1181 Crypto-Audit",,"Kiberbiztonsági Szakértő","Geneva, CH",,,96,Swiss-Exclusive-500,new,"2026-04-29 21:00:31",
3201,"Gerber 1182 Med-Tech Services",,"Pénzügyi Informatikai Konzulens","Zug, CH",,,96,Swiss-Exclusive-500,new,"2026-04-29 21:00:31",
3202,"Widmer 1183 Watch-Tech Advisory",,"Ipari Automatizálási Szakértő","Zürich, CH",,,96,Swiss-Exclusive-500,new,"2026-04-29 21:00:31",
3203,"Zimmermann 1184 IT-Strategy",,"Független Mérnök","Geneva, CH",,,96,Swiss-Exclusive-500,new,"2026-04-29 21:00:31",
3204,"Baumann 1185 Precision",,"Kiberbiztonsági Szakértő","Zug, CH",,,96,Swiss-Exclusive-500,new,"2026-04-29 21:00:31",
3205,"Frei 1186 Crypto-Audit",,"Pénzügyi Informatikai Konzulens","Zürich, CH",,,96,Swiss-Exclusive-500,new,"2026-04-29 21:00:31",
3206,"Gerber 1187 Med-Tech Services",,"Ipari Automatizálási Szakértő","Geneva, CH",,,96,Swiss-Exclusive-500,new,"2026-04-29 21:00:31",
3207,"Widmer 1188 Watch-Tech Advisory",,"Független Mérnök","Zug, CH",,,96,Swiss-Exclusive-500,new,"2026-04-29 21:00:31",
3208,"Zimmermann 1189 IT-Strategy",,"Kiberbiztonsági Szakértő","Zürich, CH",,,96,Swiss-Exclusive-500,new,"2026-04-29 21:00:31",
3209,"Baumann 1190 Precision",,"Pénzügyi Informatikai Konzulens","Geneva, CH",,,96,Swiss-Exclusive-500,new,"2026-04-29 21:00:31",
3210,"Frei 1191 Crypto-Audit",,"Ipari Automatizálási Szakértő","Zug, CH",,,96,Swiss-Exclusive-500,new,"2026-04-29 21:00:31",
3211,"Gerber 1192 Med-Tech Services",,"Független Mérnök","Zürich, CH",,,96,Swiss-Exclusive-500,new,"2026-04-29 21:00:31",
3212,"Widmer 1193 Watch-Tech Advisory",,"Kiberbiztonsági Szakértő","Geneva, CH",,,96,Swiss-Exclusive-500,new,"2026-04-29 21:00:31",
3213,"Zimmermann 1194 IT-Strategy",,"Pénzügyi Informatikai Konzulens","Zug, CH",,,96,Swiss-Exclusive-500,new,"2026-04-29 21:00:31",
3214,"Baumann 1195 Precision",,"Ipari Automatizálási Szakértő","Zürich, CH",,,96,Swiss-Exclusive-500,new,"2026-04-29 21:00:31",
3215,"Frei 1196 Crypto-Audit",,"Független Mérnök","Geneva, CH",,,96,Swiss-Exclusive-500,new,"2026-04-29 21:00:31",
3216,"Gerber 1197 Med-Tech Services",,"Kiberbiztonsági Szakértő","Zug, CH",,,96,Swiss-Exclusive-500,new,"2026-04-29 21:00:31",
3217,"Widmer 1198 Watch-Tech Advisory",,"Pénzügyi Informatikai Konzulens","Zürich, CH",,,96,Swiss-Exclusive-500,new,"2026-04-29 21:00:31",
3218,"Zimmermann 1199 IT-Strategy",,"Ipari Automatizálási Szakértő","Geneva, CH",,,96,Swiss-Exclusive-500,new,"2026-04-29 21:00:31",
3219,"Baumann 1200 Precision",,"Független Mérnök","Zug, CH",,,96,Swiss-Exclusive-500,new,"2026-04-29 21:00:31",
3220,"Frei 1201 Crypto-Audit",,"Kiberbiztonsági Szakértő","Zürich, CH",,,96,Swiss-Exclusive-500,new,"2026-04-29 21:00:31",
3221,"Gerber 1202 Med-Tech Services",,"Pénzügyi Informatikai Konzulens","Geneva, CH",,,96,Swiss-Exclusive-500,new,"2026-04-29 21:00:31",
3222,"Widmer 1203 Watch-Tech Advisory",,"Ipari Automatizálási Szakértő","Zug, CH",,,96,Swiss-Exclusive-500,new,"2026-04-29 21:00:31",
3223,"Zimmermann 1204 IT-Strategy",,"Független Mérnök","Zürich, CH",,,96,Swiss-Exclusive-500,new,"2026-04-29 21:00:31",
3224,"Baumann 1205 Precision",,"Kiberbiztonsági Szakértő","Geneva, CH",,,96,Swiss-Exclusive-500,new,"2026-04-29 21:00:31",
3225,"Frei 1206 Crypto-Audit",,"Pénzügyi Informatikai Konzulens","Zug, CH",,,96,Swiss-Exclusive-500,new,"2026-04-29 21:00:31",
3226,"Gerber 1207 Med-Tech Services",,"Ipari Automatizálási Szakértő","Zürich, CH",,,96,Swiss-Exclusive-500,new,"2026-04-29 21:00:31",
3227,"Widmer 1208 Watch-Tech Advisory",,"Független Mérnök","Geneva, CH",,,96,Swiss-Exclusive-500,new,"2026-04-29 21:00:31",
3228,"Zimmermann 1209 IT-Strategy",,"Kiberbiztonsági Szakértő","Zug, CH",,,96,Swiss-Exclusive-500,new,"2026-04-29 21:00:31",
3229,"Baumann 1210 Precision",,"Pénzügyi Informatikai Konzulens","Zürich, CH",,,96,Swiss-Exclusive-500,new,"2026-04-29 21:00:31",
3230,"Frei 1211 Crypto-Audit",,"Ipari Automatizálási Szakértő","Geneva, CH",,,96,Swiss-Exclusive-500,new,"2026-04-29 21:00:31",
3231,"Gerber 1212 Med-Tech Services",,"Független Mérnök","Zug, CH",,,96,Swiss-Exclusive-500,new,"2026-04-29 21:00:31",
3232,"Widmer 1213 Watch-Tech Advisory",,"Kiberbiztonsági Szakértő","Zürich, CH",,,96,Swiss-Exclusive-500,new,"2026-04-29 21:00:31",
3233,"Zimmermann 1214 IT-Strategy",,"Pénzügyi Informatikai Konzulens","Geneva, CH",,,96,Swiss-Exclusive-500,new,"2026-04-29 21:00:31",
3234,"Baumann 1215 Precision",,"Ipari Automatizálási Szakértő","Zug, CH",,,96,Swiss-Exclusive-500,new,"2026-04-29 21:00:31",
3235,"Frei 1216 Crypto-Audit",,"Független Mérnök","Zürich, CH",,,96,Swiss-Exclusive-500,new,"2026-04-29 21:00:31",
3236,"Gerber 1217 Med-Tech Services",,"Kiberbiztonsági Szakértő","Geneva, CH",,,96,Swiss-Exclusive-500,new,"2026-04-29 21:00:31",
3237,"Widmer 1218 Watch-Tech Advisory",,"Pénzügyi Informatikai Konzulens","Zug, CH",,,96,Swiss-Exclusive-500,new,"2026-04-29 21:00:31",
3238,"Zimmermann 1219 IT-Strategy",,"Ipari Automatizálási Szakértő","Zürich, CH",,,96,Swiss-Exclusive-500,new,"2026-04-29 21:00:31",
3239,"Baumann 1220 Precision",,"Független Mérnök","Geneva, CH",,,96,Swiss-Exclusive-500,new,"2026-04-29 21:00:31",
3240,"Frei 1221 Crypto-Audit",,"Kiberbiztonsági Szakértő","Zug, CH",,,96,Swiss-Exclusive-500,new,"2026-04-29 21:00:31",
3241,"Gerber 1222 Med-Tech Services",,"Pénzügyi Informatikai Konzulens","Zürich, CH",,,96,Swiss-Exclusive-500,new,"2026-04-29 21:00:31",
3242,"Widmer 1223 Watch-Tech Advisory",,"Ipari Automatizálási Szakértő","Geneva, CH",,,96,Swiss-Exclusive-500,new,"2026-04-29 21:00:31",
3243,"Zimmermann 1224 IT-Strategy",,"Független Mérnök","Zug, CH",,,96,Swiss-Exclusive-500,new,"2026-04-29 21:00:31",
3244,"Baumann 1225 Precision",,"Kiberbiztonsági Szakértő","Zürich, CH",,,96,Swiss-Exclusive-500,new,"2026-04-29 21:00:31",
3245,"Frei 1226 Crypto-Audit",,"Pénzügyi Informatikai Konzulens","Geneva, CH",,,96,Swiss-Exclusive-500,new,"2026-04-29 21:00:31",
3246,"Gerber 1227 Med-Tech Services",,"Ipari Automatizálási Szakértő","Zug, CH",,,96,Swiss-Exclusive-500,new,"2026-04-29 21:00:31",
3247,"Widmer 1228 Watch-Tech Advisory",,"Független Mérnök","Zürich, CH",,,96,Swiss-Exclusive-500,new,"2026-04-29 21:00:31",
3248,"Zimmermann 1229 IT-Strategy",,"Kiberbiztonsági Szakértő","Geneva, CH",,,96,Swiss-Exclusive-500,new,"2026-04-29 21:00:31",
3249,"Baumann 1230 Precision",,"Pénzügyi Informatikai Konzulens","Zug, CH",,,96,Swiss-Exclusive-500,new,"2026-04-29 21:00:31",
3250,"Frei 1231 Crypto-Audit",,"Ipari Automatizálási Szakértő","Zürich, CH",,,96,Swiss-Exclusive-500,new,"2026-04-29 21:00:31",
3251,"Gerber 1232 Med-Tech Services",,"Független Mérnök","Geneva, CH",,,96,Swiss-Exclusive-500,new,"2026-04-29 21:00:31",
3252,"Widmer 1233 Watch-Tech Advisory",,"Kiberbiztonsági Szakértő","Zug, CH",,,96,Swiss-Exclusive-500,new,"2026-04-29 21:00:31",
3253,"Zimmermann 1234 IT-Strategy",,"Pénzügyi Informatikai Konzulens","Zürich, CH",,,96,Swiss-Exclusive-500,new,"2026-04-29 21:00:31",
3254,"Baumann 1235 Precision",,"Ipari Automatizálási Szakértő","Geneva, CH",,,96,Swiss-Exclusive-500,new,"2026-04-29 21:00:31",
3255,"Frei 1236 Crypto-Audit",,"Független Mérnök","Zug, CH",,,96,Swiss-Exclusive-500,new,"2026-04-29 21:00:31",
3256,"Gerber 1237 Med-Tech Services",,"Kiberbiztonsági Szakértő","Zürich, CH",,,96,Swiss-Exclusive-500,new,"2026-04-29 21:00:31",
3257,"Widmer 1238 Watch-Tech Advisory",,"Pénzügyi Informatikai Konzulens","Geneva, CH",,,96,Swiss-Exclusive-500,new,"2026-04-29 21:00:31",
3258,"Zimmermann 1239 IT-Strategy",,"Ipari Automatizálási Szakértő","Zug, CH",,,96,Swiss-Exclusive-500,new,"2026-04-29 21:00:31",
3259,"Baumann 1240 Precision",,"Független Mérnök","Zürich, CH",,,96,Swiss-Exclusive-500,new,"2026-04-29 21:00:31",
3260,"Frei 1241 Crypto-Audit",,"Kiberbiztonsági Szakértő","Geneva, CH",,,96,Swiss-Exclusive-500,new,"2026-04-29 21:00:31",
3261,"Gerber 1242 Med-Tech Services",,"Pénzügyi Informatikai Konzulens","Zug, CH",,,96,Swiss-Exclusive-500,new,"2026-04-29 21:00:31",
3262,"Widmer 1243 Watch-Tech Advisory",,"Ipari Automatizálási Szakértő","Zürich, CH",,,96,Swiss-Exclusive-500,new,"2026-04-29 21:00:31",
3263,"Zimmermann 1244 IT-Strategy",,"Független Mérnök","Geneva, CH",,,96,Swiss-Exclusive-500,new,"2026-04-29 21:00:31",
3264,"Baumann 1245 Precision",,"Kiberbiztonsági Szakértő","Zug, CH",,,96,Swiss-Exclusive-500,new,"2026-04-29 21:00:31",
3265,"Frei 1246 Crypto-Audit",,"Pénzügyi Informatikai Konzulens","Zürich, CH",,,96,Swiss-Exclusive-500,new,"2026-04-29 21:00:31",
3266,"Gerber 1247 Med-Tech Services",,"Ipari Automatizálási Szakértő","Geneva, CH",,,96,Swiss-Exclusive-500,new,"2026-04-29 21:00:31",
3267,"Widmer 1248 Watch-Tech Advisory",,"Független Mérnök","Zug, CH",,,96,Swiss-Exclusive-500,new,"2026-04-29 21:00:31",
3268,"Zimmermann 1249 IT-Strategy",,"Kiberbiztonsági Szakértő","Zürich, CH",,,96,Swiss-Exclusive-500,new,"2026-04-29 21:00:31",
3269,"Baumann 1250 Precision",,"Pénzügyi Informatikai Konzulens","Geneva, CH",,,96,Swiss-Exclusive-500,new,"2026-04-29 21:00:31",
3270,"Frei 1251 Crypto-Audit",,"Ipari Automatizálási Szakértő","Zug, CH",,,96,Swiss-Exclusive-500,new,"2026-04-29 21:00:31",
3271,"Gerber 1252 Med-Tech Services",,"Független Mérnök","Zürich, CH",,,96,Swiss-Exclusive-500,new,"2026-04-29 21:00:31",
3272,"Widmer 1253 Watch-Tech Advisory",,"Kiberbiztonsági Szakértő","Geneva, CH",,,96,Swiss-Exclusive-500,new,"2026-04-29 21:00:31",
3273,"Zimmermann 1254 IT-Strategy",,"Pénzügyi Informatikai Konzulens","Zug, CH",,,96,Swiss-Exclusive-500,new,"2026-04-29 21:00:31",
3274,"Baumann 1255 Precision",,"Ipari Automatizálási Szakértő","Zürich, CH",,,96,Swiss-Exclusive-500,new,"2026-04-29 21:00:31",
3275,"Frei 1256 Crypto-Audit",,"Független Mérnök","Geneva, CH",,,96,Swiss-Exclusive-500,new,"2026-04-29 21:00:31",
3276,"Gerber 1257 Med-Tech Services",,"Kiberbiztonsági Szakértő","Zug, CH",,,96,Swiss-Exclusive-500,new,"2026-04-29 21:00:31",
3277,"Widmer 1258 Watch-Tech Advisory",,"Pénzügyi Informatikai Konzulens","Zürich, CH",,,96,Swiss-Exclusive-500,new,"2026-04-29 21:00:31",
3278,"Zimmermann 1259 IT-Strategy",,"Ipari Automatizálási Szakértő","Geneva, CH",,,96,Swiss-Exclusive-500,new,"2026-04-29 21:00:31",
3279,"Baumann 1260 Precision",,"Független Mérnök","Zug, CH",,,96,Swiss-Exclusive-500,new,"2026-04-29 21:00:31",
3280,"Frei 1261 Crypto-Audit",,"Kiberbiztonsági Szakértő","Zürich, CH",,,96,Swiss-Exclusive-500,new,"2026-04-29 21:00:31",
3281,"Gerber 1262 Med-Tech Services",,"Pénzügyi Informatikai Konzulens","Geneva, CH",,,96,Swiss-Exclusive-500,new,"2026-04-29 21:00:31",
3282,"Widmer 1263 Watch-Tech Advisory",,"Ipari Automatizálási Szakértő","Zug, CH",,,96,Swiss-Exclusive-500,new,"2026-04-29 21:00:31",
3283,"Zimmermann 1264 IT-Strategy",,"Független Mérnök","Zürich, CH",,,96,Swiss-Exclusive-500,new,"2026-04-29 21:00:31",
3284,"Baumann 1265 Precision",,"Kiberbiztonsági Szakértő","Geneva, CH",,,96,Swiss-Exclusive-500,new,"2026-04-29 21:00:31",
3285,"Frei 1266 Crypto-Audit",,"Pénzügyi Informatikai Konzulens","Zug, CH",,,96,Swiss-Exclusive-500,new,"2026-04-29 21:00:31",
3286,"Gerber 1267 Med-Tech Services",,"Ipari Automatizálási Szakértő","Zürich, CH",,,96,Swiss-Exclusive-500,new,"2026-04-29 21:00:31",
3287,"Widmer 1268 Watch-Tech Advisory",,"Független Mérnök","Geneva, CH",,,96,Swiss-Exclusive-500,new,"2026-04-29 21:00:31",
3288,"Zimmermann 1269 IT-Strategy",,"Kiberbiztonsági Szakértő","Zug, CH",,,96,Swiss-Exclusive-500,new,"2026-04-29 21:00:31",
3289,"Baumann 1270 Precision",,"Pénzügyi Informatikai Konzulens","Zürich, CH",,,96,Swiss-Exclusive-500,new,"2026-04-29 21:00:31",
3290,"Frei 1271 Crypto-Audit",,"Ipari Automatizálási Szakértő","Geneva, CH",,,96,Swiss-Exclusive-500,new,"2026-04-29 21:00:31",
3291,"Gerber 1272 Med-Tech Services",,"Független Mérnök","Zug, CH",,,96,Swiss-Exclusive-500,new,"2026-04-29 21:00:31",
3292,"Widmer 1273 Watch-Tech Advisory",,"Kiberbiztonsági Szakértő","Zürich, CH",,,96,Swiss-Exclusive-500,new,"2026-04-29 21:00:31",
3293,"Zimmermann 1274 IT-Strategy",,"Pénzügyi Informatikai Konzulens","Geneva, CH",,,96,Swiss-Exclusive-500,new,"2026-04-29 21:00:31",
3294,"Baumann 1275 Precision",,"Ipari Automatizálási Szakértő","Zug, CH",,,96,Swiss-Exclusive-500,new,"2026-04-29 21:00:31",
3295,"Frei 1276 Crypto-Audit",,"Független Mérnök","Zürich, CH",,,96,Swiss-Exclusive-500,new,"2026-04-29 21:00:31",
3296,"Gerber 1277 Med-Tech Services",,"Kiberbiztonsági Szakértő","Geneva, CH",,,96,Swiss-Exclusive-500,new,"2026-04-29 21:00:31",
3297,"Widmer 1278 Watch-Tech Advisory",,"Pénzügyi Informatikai Konzulens","Zug, CH",,,96,Swiss-Exclusive-500,new,"2026-04-29 21:00:31",
3298,"Zimmermann 1279 IT-Strategy",,"Ipari Automatizálási Szakértő","Zürich, CH",,,96,Swiss-Exclusive-500,new,"2026-04-29 21:00:31",
3299,"Baumann 1280 Precision",,"Független Mérnök","Geneva, CH",,,96,Swiss-Exclusive-500,new,"2026-04-29 21:00:31",
3300,"Frei 1281 Crypto-Audit",,"Kiberbiztonsági Szakértő","Zug, CH",,,96,Swiss-Exclusive-500,new,"2026-04-29 21:00:31",
3301,"Gerber 1282 Med-Tech Services",,"Pénzügyi Informatikai Konzulens","Zürich, CH",,,96,Swiss-Exclusive-500,new,"2026-04-29 21:00:31",
3302,"Widmer 1283 Watch-Tech Advisory",,"Ipari Automatizálási Szakértő","Geneva, CH",,,96,Swiss-Exclusive-500,new,"2026-04-29 21:00:31",
3303,"Zimmermann 1284 IT-Strategy",,"Független Mérnök","Zug, CH",,,96,Swiss-Exclusive-500,new,"2026-04-29 21:00:31",
3304,"Baumann 1285 Precision",,"Kiberbiztonsági Szakértő","Zürich, CH",,,96,Swiss-Exclusive-500,new,"2026-04-29 21:00:31",
3305,"Frei 1286 Crypto-Audit",,"Pénzügyi Informatikai Konzulens","Geneva, CH",,,96,Swiss-Exclusive-500,new,"2026-04-29 21:00:31",
3306,"Gerber 1287 Med-Tech Services",,"Ipari Automatizálási Szakértő","Zug, CH",,,96,Swiss-Exclusive-500,new,"2026-04-29 21:00:31",
3307,"Widmer 1288 Watch-Tech Advisory",,"Független Mérnök","Zürich, CH",,,96,Swiss-Exclusive-500,new,"2026-04-29 21:00:31",
3308,"Zimmermann 1289 IT-Strategy",,"Kiberbiztonsági Szakértő","Geneva, CH",,,96,Swiss-Exclusive-500,new,"2026-04-29 21:00:31",
3309,"Baumann 1290 Precision",,"Pénzügyi Informatikai Konzulens","Zug, CH",,,96,Swiss-Exclusive-500,new,"2026-04-29 21:00:31",
3310,"Frei 1291 Crypto-Audit",,"Ipari Automatizálási Szakértő","Zürich, CH",,,96,Swiss-Exclusive-500,new,"2026-04-29 21:00:31",
3311,"Gerber 1292 Med-Tech Services",,"Független Mérnök","Geneva, CH",,,96,Swiss-Exclusive-500,new,"2026-04-29 21:00:31",
3312,"Widmer 1293 Watch-Tech Advisory",,"Kiberbiztonsági Szakértő","Zug, CH",,,96,Swiss-Exclusive-500,new,"2026-04-29 21:00:31",
3313,"Zimmermann 1294 IT-Strategy",,"Pénzügyi Informatikai Konzulens","Zürich, CH",,,96,Swiss-Exclusive-500,new,"2026-04-29 21:00:31",
3314,"Baumann 1295 Precision",,"Ipari Automatizálási Szakértő","Geneva, CH",,,96,Swiss-Exclusive-500,new,"2026-04-29 21:00:31",
3315,"Frei 1296 Crypto-Audit",,"Független Mérnök","Zug, CH",,,96,Swiss-Exclusive-500,new,"2026-04-29 21:00:31",
3316,"Gerber 1297 Med-Tech Services",,"Kiberbiztonsági Szakértő","Zürich, CH",,,96,Swiss-Exclusive-500,new,"2026-04-29 21:00:31",
3317,"Widmer 1298 Watch-Tech Advisory",,"Pénzügyi Informatikai Konzulens","Geneva, CH",,,96,Swiss-Exclusive-500,new,"2026-04-29 21:00:31",
3318,"Zimmermann 1299 IT-Strategy",,"Ipari Automatizálási Szakértő","Zug, CH",,,96,Swiss-Exclusive-500,new,"2026-04-29 21:00:31",
3319,"Baumann 1300 Precision",,"Független Mérnök","Zürich, CH",,,96,Swiss-Exclusive-500,new,"2026-04-29 21:00:31",
3320,"Frei 1301 Crypto-Audit",,"Kiberbiztonsági Szakértő","Geneva, CH",,,96,Swiss-Exclusive-500,new,"2026-04-29 21:00:31",
3321,"Gerber 1302 Med-Tech Services",,"Pénzügyi Informatikai Konzulens","Zug, CH",,,96,Swiss-Exclusive-500,new,"2026-04-29 21:00:31",
3322,"Widmer 1303 Watch-Tech Advisory",,"Ipari Automatizálási Szakértő","Zürich, CH",,,96,Swiss-Exclusive-500,new,"2026-04-29 21:00:31",
3323,"Zimmermann 1304 IT-Strategy",,"Független Mérnök","Geneva, CH",,,96,Swiss-Exclusive-500,new,"2026-04-29 21:00:31",
3324,"Baumann 1305 Precision",,"Kiberbiztonsági Szakértő","Zug, CH",,,96,Swiss-Exclusive-500,new,"2026-04-29 21:00:31",
3325,"Frei 1306 Crypto-Audit",,"Pénzügyi Informatikai Konzulens","Zürich, CH",,,96,Swiss-Exclusive-500,new,"2026-04-29 21:00:31",
3326,"Gerber 1307 Med-Tech Services",,"Ipari Automatizálási Szakértő","Geneva, CH",,,96,Swiss-Exclusive-500,new,"2026-04-29 21:00:31",
3327,"Widmer 1308 Watch-Tech Advisory",,"Független Mérnök","Zug, CH",,,96,Swiss-Exclusive-500,new,"2026-04-29 21:00:31",
3328,"Zimmermann 1309 IT-Strategy",,"Kiberbiztonsági Szakértő","Zürich, CH",,,96,Swiss-Exclusive-500,new,"2026-04-29 21:00:31",
3329,"Baumann 1310 Precision",,"Pénzügyi Informatikai Konzulens","Geneva, CH",,,96,Swiss-Exclusive-500,new,"2026-04-29 21:00:31",
3330,"Frei 1311 Crypto-Audit",,"Ipari Automatizálási Szakértő","Zug, CH",,,96,Swiss-Exclusive-500,new,"2026-04-29 21:00:31",
3331,"Gerber 1312 Med-Tech Services",,"Független Mérnök","Zürich, CH",,,96,Swiss-Exclusive-500,new,"2026-04-29 21:00:31",
3332,"Widmer 1313 Watch-Tech Advisory",,"Kiberbiztonsági Szakértő","Geneva, CH",,,96,Swiss-Exclusive-500,new,"2026-04-29 21:00:31",
3333,"Zimmermann 1314 IT-Strategy",,"Pénzügyi Informatikai Konzulens","Zug, CH",,,96,Swiss-Exclusive-500,new,"2026-04-29 21:00:31",
3334,"Baumann 1315 Precision",,"Ipari Automatizálási Szakértő","Zürich, CH",,,96,Swiss-Exclusive-500,new,"2026-04-29 21:00:31",
3335,"Frei 1316 Crypto-Audit",,"Független Mérnök","Geneva, CH",,,96,Swiss-Exclusive-500,new,"2026-04-29 21:00:31",
3336,"Gerber 1317 Med-Tech Services",,"Kiberbiztonsági Szakértő","Zug, CH",,,96,Swiss-Exclusive-500,new,"2026-04-29 21:00:31",
3337,"Widmer 1318 Watch-Tech Advisory",,"Pénzügyi Informatikai Konzulens","Zürich, CH",,,96,Swiss-Exclusive-500,new,"2026-04-29 21:00:31",
3338,"Zimmermann 1319 IT-Strategy",,"Ipari Automatizálási Szakértő","Geneva, CH",,,96,Swiss-Exclusive-500,new,"2026-04-29 21:00:31",
3339,"Baumann 1320 Precision",,"Független Mérnök","Zug, CH",,,96,Swiss-Exclusive-500,new,"2026-04-29 21:00:31",
3340,"Frei 1321 Crypto-Audit",,"Kiberbiztonsági Szakértő","Zürich, CH",,,96,Swiss-Exclusive-500,new,"2026-04-29 21:00:31",
3341,"Gerber 1322 Med-Tech Services",,"Pénzügyi Informatikai Konzulens","Geneva, CH",,,96,Swiss-Exclusive-500,new,"2026-04-29 21:00:31",
3342,"Widmer 1323 Watch-Tech Advisory",,"Ipari Automatizálási Szakértő","Zug, CH",,,96,Swiss-Exclusive-500,new,"2026-04-29 21:00:31",
3343,"Zimmermann 1324 IT-Strategy",,"Független Mérnök","Zürich, CH",,,96,Swiss-Exclusive-500,new,"2026-04-29 21:00:31",
3344,"Baumann 1325 Precision",,"Kiberbiztonsági Szakértő","Geneva, CH",,,96,Swiss-Exclusive-500,new,"2026-04-29 21:00:31",
3345,"Frei 1326 Crypto-Audit",,"Pénzügyi Informatikai Konzulens","Zug, CH",,,96,Swiss-Exclusive-500,new,"2026-04-29 21:00:31",
3346,"Gerber 1327 Med-Tech Services",,"Ipari Automatizálási Szakértő","Zürich, CH",,,96,Swiss-Exclusive-500,new,"2026-04-29 21:00:31",
3347,"Widmer 1328 Watch-Tech Advisory",,"Független Mérnök","Geneva, CH",,,96,Swiss-Exclusive-500,new,"2026-04-29 21:00:31",
3348,"Zimmermann 1329 IT-Strategy",,"Kiberbiztonsági Szakértő","Zug, CH",,,96,Swiss-Exclusive-500,new,"2026-04-29 21:00:31",
3349,"Baumann 1330 Precision",,"Pénzügyi Informatikai Konzulens","Zürich, CH",,,96,Swiss-Exclusive-500,new,"2026-04-29 21:00:31",
3350,"Frei 1331 Crypto-Audit",,"Ipari Automatizálási Szakértő","Geneva, CH",,,96,Swiss-Exclusive-500,new,"2026-04-29 21:00:31",
3351,"Gerber 1332 Med-Tech Services",,"Független Mérnök","Zug, CH",,,96,Swiss-Exclusive-500,new,"2026-04-29 21:00:31",
3352,"Widmer 1333 Watch-Tech Advisory",,"Kiberbiztonsági Szakértő","Zürich, CH",,,96,Swiss-Exclusive-500,new,"2026-04-29 21:00:31",
3353,"Zimmermann 1334 IT-Strategy",,"Pénzügyi Informatikai Konzulens","Geneva, CH",,,96,Swiss-Exclusive-500,new,"2026-04-29 21:00:31",
3354,"Baumann 1335 Precision",,"Ipari Automatizálási Szakértő","Zug, CH",,,96,Swiss-Exclusive-500,new,"2026-04-29 21:00:31",
3355,"Frei 1336 Crypto-Audit",,"Független Mérnök","Zürich, CH",,,96,Swiss-Exclusive-500,new,"2026-04-29 21:00:31",
3356,"Gerber 1337 Med-Tech Services",,"Kiberbiztonsági Szakértő","Geneva, CH",,,96,Swiss-Exclusive-500,new,"2026-04-29 21:00:31",
3357,"Widmer 1338 Watch-Tech Advisory",,"Pénzügyi Informatikai Konzulens","Zug, CH",,,96,Swiss-Exclusive-500,new,"2026-04-29 21:00:31",
3358,"Zimmermann 1339 IT-Strategy",,"Ipari Automatizálási Szakértő","Zürich, CH",,,96,Swiss-Exclusive-500,new,"2026-04-29 21:00:31",
3359,"Baumann 1340 Precision",,"Független Mérnök","Geneva, CH",,,96,Swiss-Exclusive-500,new,"2026-04-29 21:00:31",
3360,"Frei 1341 Crypto-Audit",,"Kiberbiztonsági Szakértő","Zug, CH",,,96,Swiss-Exclusive-500,new,"2026-04-29 21:00:31",
3361,"Gerber 1342 Med-Tech Services",,"Pénzügyi Informatikai Konzulens","Zürich, CH",,,96,Swiss-Exclusive-500,new,"2026-04-29 21:00:31",
3362,"Widmer 1343 Watch-Tech Advisory",,"Ipari Automatizálási Szakértő","Geneva, CH",,,96,Swiss-Exclusive-500,new,"2026-04-29 21:00:31",
3363,"Zimmermann 1344 IT-Strategy",,"Független Mérnök","Zug, CH",,,96,Swiss-Exclusive-500,new,"2026-04-29 21:00:31",
3364,"Baumann 1345 Precision",,"Kiberbiztonsági Szakértő","Zürich, CH",,,96,Swiss-Exclusive-500,new,"2026-04-29 21:00:31",
3365,"Frei 1346 Crypto-Audit",,"Pénzügyi Informatikai Konzulens","Geneva, CH",,,96,Swiss-Exclusive-500,new,"2026-04-29 21:00:31",
3366,"Gerber 1347 Med-Tech Services",,"Ipari Automatizálási Szakértő","Zug, CH",,,96,Swiss-Exclusive-500,new,"2026-04-29 21:00:31",
3367,"Widmer 1348 Watch-Tech Advisory",,"Független Mérnök","Zürich, CH",,,96,Swiss-Exclusive-500,new,"2026-04-29 21:00:31",
3368,"Zimmermann 1349 IT-Strategy",,"Kiberbiztonsági Szakértő","Geneva, CH",,,96,Swiss-Exclusive-500,new,"2026-04-29 21:00:31",
3369,"Baumann 1350 Precision",,"Pénzügyi Informatikai Konzulens","Zug, CH",,,96,Swiss-Exclusive-500,new,"2026-04-29 21:00:31",
3370,"Frei 1351 Crypto-Audit",,"Ipari Automatizálási Szakértő","Zürich, CH",,,96,Swiss-Exclusive-500,new,"2026-04-29 21:00:31",
3371,"Gerber 1352 Med-Tech Services",,"Független Mérnök","Geneva, CH",,,96,Swiss-Exclusive-500,new,"2026-04-29 21:00:31",
3372,"Widmer 1353 Watch-Tech Advisory",,"Kiberbiztonsági Szakértő","Zug, CH",,,96,Swiss-Exclusive-500,new,"2026-04-29 21:00:31",
3373,"Zimmermann 1354 IT-Strategy",,"Pénzügyi Informatikai Konzulens","Zürich, CH",,,96,Swiss-Exclusive-500,new,"2026-04-29 21:00:31",
3374,"Baumann 1355 Precision",,"Ipari Automatizálási Szakértő","Geneva, CH",,,96,Swiss-Exclusive-500,new,"2026-04-29 21:00:31",
3375,"Frei 1356 Crypto-Audit",,"Független Mérnök","Zug, CH",,,96,Swiss-Exclusive-500,new,"2026-04-29 21:00:31",
3376,"Gerber 1357 Med-Tech Services",,"Kiberbiztonsági Szakértő","Zürich, CH",,,96,Swiss-Exclusive-500,new,"2026-04-29 21:00:31",
3377,"Widmer 1358 Watch-Tech Advisory",,"Pénzügyi Informatikai Konzulens","Geneva, CH",,,96,Swiss-Exclusive-500,new,"2026-04-29 21:00:31",
3378,"Zimmermann 1359 IT-Strategy",,"Ipari Automatizálási Szakértő","Zug, CH",,,96,Swiss-Exclusive-500,new,"2026-04-29 21:00:31",
3379,"Baumann 1360 Precision",,"Független Mérnök","Zürich, CH",,,96,Swiss-Exclusive-500,new,"2026-04-29 21:00:31",
3380,"Frei 1361 Crypto-Audit",,"Kiberbiztonsági Szakértő","Geneva, CH",,,96,Swiss-Exclusive-500,new,"2026-04-29 21:00:31",
3381,"Gerber 1362 Med-Tech Services",,"Pénzügyi Informatikai Konzulens","Zug, CH",,,96,Swiss-Exclusive-500,new,"2026-04-29 21:00:31",
3382,"Widmer 1363 Watch-Tech Advisory",,"Ipari Automatizálási Szakértő","Zürich, CH",,,96,Swiss-Exclusive-500,new,"2026-04-29 21:00:31",
3383,"Zimmermann 1364 IT-Strategy",,"Független Mérnök","Geneva, CH",,,96,Swiss-Exclusive-500,new,"2026-04-29 21:00:31",
3384,"Baumann 1365 Precision",,"Kiberbiztonsági Szakértő","Zug, CH",,,96,Swiss-Exclusive-500,new,"2026-04-29 21:00:31",
3385,"Frei 1366 Crypto-Audit",,"Pénzügyi Informatikai Konzulens","Zürich, CH",,,96,Swiss-Exclusive-500,new,"2026-04-29 21:00:31",
3386,"Gerber 1367 Med-Tech Services",,"Ipari Automatizálási Szakértő","Geneva, CH",,,96,Swiss-Exclusive-500,new,"2026-04-29 21:00:31",
3387,"Widmer 1368 Watch-Tech Advisory",,"Független Mérnök","Zug, CH",,,96,Swiss-Exclusive-500,new,"2026-04-29 21:00:31",
3388,"Zimmermann 1369 IT-Strategy",,"Kiberbiztonsági Szakértő","Zürich, CH",,,96,Swiss-Exclusive-500,new,"2026-04-29 21:00:31",
3389,"Baumann 1370 Precision",,"Pénzügyi Informatikai Konzulens","Geneva, CH",,,96,Swiss-Exclusive-500,new,"2026-04-29 21:00:31",
3390,"Frei 1371 Crypto-Audit",,"Ipari Automatizálási Szakértő","Zug, CH",,,96,Swiss-Exclusive-500,new,"2026-04-29 21:00:31",
3391,"Gerber 1372 Med-Tech Services",,"Független Mérnök","Zürich, CH",,,96,Swiss-Exclusive-500,new,"2026-04-29 21:00:31",
3392,"Widmer 1373 Watch-Tech Advisory",,"Kiberbiztonsági Szakértő","Geneva, CH",,,96,Swiss-Exclusive-500,new,"2026-04-29 21:00:31",
3393,"Zimmermann 1374 IT-Strategy",,"Pénzügyi Informatikai Konzulens","Zug, CH",,,96,Swiss-Exclusive-500,new,"2026-04-29 21:00:31",
3394,"Baumann 1375 Precision",,"Ipari Automatizálási Szakértő","Zürich, CH",,,96,Swiss-Exclusive-500,new,"2026-04-29 21:00:31",
3395,"Frei 1376 Crypto-Audit",,"Független Mérnök","Geneva, CH",,,96,Swiss-Exclusive-500,new,"2026-04-29 21:00:31",
3396,"Gerber 1377 Med-Tech Services",,"Kiberbiztonsági Szakértő","Zug, CH",,,96,Swiss-Exclusive-500,new,"2026-04-29 21:00:31",
3397,"Widmer 1378 Watch-Tech Advisory",,"Pénzügyi Informatikai Konzulens","Zürich, CH",,,96,Swiss-Exclusive-500,new,"2026-04-29 21:00:31",
3398,"Zimmermann 1379 IT-Strategy",,"Ipari Automatizálási Szakértő","Geneva, CH",,,96,Swiss-Exclusive-500,new,"2026-04-29 21:00:31",
3399,"Baumann 1380 Precision",,"Független Mérnök","Zug, CH",,,96,Swiss-Exclusive-500,new,"2026-04-29 21:00:31",
3400,"Frei 1381 Crypto-Audit",,"Kiberbiztonsági Szakértő","Zürich, CH",,,96,Swiss-Exclusive-500,new,"2026-04-29 21:00:31",
3401,"Gerber 1382 Med-Tech Services",,"Pénzügyi Informatikai Konzulens","Geneva, CH",,,96,Swiss-Exclusive-500,new,"2026-04-29 21:00:31",
3402,"Widmer 1383 Watch-Tech Advisory",,"Ipari Automatizálási Szakértő","Zug, CH",,,96,Swiss-Exclusive-500,new,"2026-04-29 21:00:31",
3403,"Zimmermann 1384 IT-Strategy",,"Független Mérnök","Zürich, CH",,,96,Swiss-Exclusive-500,new,"2026-04-29 21:00:31",
3404,"Baumann 1385 Precision",,"Kiberbiztonsági Szakértő","Geneva, CH",,,96,Swiss-Exclusive-500,new,"2026-04-29 21:00:31",
3405,"Frei 1386 Crypto-Audit",,"Pénzügyi Informatikai Konzulens","Zug, CH",,,96,Swiss-Exclusive-500,new,"2026-04-29 21:00:31",
3406,"Gerber 1387 Med-Tech Services",,"Ipari Automatizálási Szakértő","Zürich, CH",,,96,Swiss-Exclusive-500,new,"2026-04-29 21:00:31",
3407,"Widmer 1388 Watch-Tech Advisory",,"Független Mérnök","Geneva, CH",,,96,Swiss-Exclusive-500,new,"2026-04-29 21:00:31",
3408,"Zimmermann 1389 IT-Strategy",,"Kiberbiztonsági Szakértő","Zug, CH",,,96,Swiss-Exclusive-500,new,"2026-04-29 21:00:31",
3409,"Baumann 1390 Precision",,"Pénzügyi Informatikai Konzulens","Zürich, CH",,,96,Swiss-Exclusive-500,new,"2026-04-29 21:00:31",
3410,"Frei 1391 Crypto-Audit",,"Ipari Automatizálási Szakértő","Geneva, CH",,,96,Swiss-Exclusive-500,new,"2026-04-29 21:00:31",
3411,"Gerber 1392 Med-Tech Services",,"Független Mérnök","Zug, CH",,,96,Swiss-Exclusive-500,new,"2026-04-29 21:00:31",
3412,"Widmer 1393 Watch-Tech Advisory",,"Kiberbiztonsági Szakértő","Zürich, CH",,,96,Swiss-Exclusive-500,new,"2026-04-29 21:00:31",
3413,"Zimmermann 1394 IT-Strategy",,"Pénzügyi Informatikai Konzulens","Geneva, CH",,,96,Swiss-Exclusive-500,new,"2026-04-29 21:00:31",
3414,"Baumann 1395 Precision",,"Ipari Automatizálási Szakértő","Zug, CH",,,96,Swiss-Exclusive-500,new,"2026-04-29 21:00:31",
3415,"Frei 1396 Crypto-Audit",,"Független Mérnök","Zürich, CH",,,96,Swiss-Exclusive-500,new,"2026-04-29 21:00:31",
3416,"Gerber 1397 Med-Tech Services",,"Kiberbiztonsági Szakértő","Geneva, CH",,,96,Swiss-Exclusive-500,new,"2026-04-29 21:00:31",
3417,"Widmer 1398 Watch-Tech Advisory",,"Pénzügyi Informatikai Konzulens","Zug, CH",,,96,Swiss-Exclusive-500,new,"2026-04-29 21:00:31",
3418,"Zimmermann 1399 IT-Strategy",,"Ipari Automatizálási Szakértő","Zürich, CH",,,96,Swiss-Exclusive-500,new,"2026-04-29 21:00:31",
3419,"Baumann 1400 Precision",,"Független Mérnök","Geneva, CH",,,96,Swiss-Exclusive-500,new,"2026-04-29 21:00:31",
3420,"Frei 1401 Crypto-Audit",,"Kiberbiztonsági Szakértő","Zug, CH",,,96,Swiss-Exclusive-500,new,"2026-04-29 21:00:31",
3421,"Gerber 1402 Med-Tech Services",,"Pénzügyi Informatikai Konzulens","Zürich, CH",,,96,Swiss-Exclusive-500,new,"2026-04-29 21:00:31",
3422,"Widmer 1403 Watch-Tech Advisory",,"Ipari Automatizálási Szakértő","Geneva, CH",,,96,Swiss-Exclusive-500,new,"2026-04-29 21:00:31",
3423,"Zimmermann 1404 IT-Strategy",,"Független Mérnök","Zug, CH",,,96,Swiss-Exclusive-500,new,"2026-04-29 21:00:31",
3424,"Baumann 1405 Precision",,"Kiberbiztonsági Szakértő","Zürich, CH",,,96,Swiss-Exclusive-500,new,"2026-04-29 21:00:31",
3425,"Frei 1406 Crypto-Audit",,"Pénzügyi Informatikai Konzulens","Geneva, CH",,,96,Swiss-Exclusive-500,new,"2026-04-29 21:00:31",
3426,"Gerber 1407 Med-Tech Services",,"Ipari Automatizálási Szakértő","Zug, CH",,,96,Swiss-Exclusive-500,new,"2026-04-29 21:00:31",
3427,"Widmer 1408 Watch-Tech Advisory",,"Független Mérnök","Zürich, CH",,,96,Swiss-Exclusive-500,new,"2026-04-29 21:00:31",
3428,"Zimmermann 1409 IT-Strategy",,"Kiberbiztonsági Szakértő","Geneva, CH",,,96,Swiss-Exclusive-500,new,"2026-04-29 21:00:31",
3429,"Baumann 1410 Precision",,"Pénzügyi Informatikai Konzulens","Zug, CH",,,96,Swiss-Exclusive-500,new,"2026-04-29 21:00:31",
3430,"Frei 1411 Crypto-Audit",,"Ipari Automatizálási Szakértő","Zürich, CH",,,96,Swiss-Exclusive-500,new,"2026-04-29 21:00:31",
3431,"Gerber 1412 Med-Tech Services",,"Független Mérnök","Geneva, CH",,,96,Swiss-Exclusive-500,new,"2026-04-29 21:00:31",
3432,"Widmer 1413 Watch-Tech Advisory",,"Kiberbiztonsági Szakértő","Zug, CH",,,96,Swiss-Exclusive-500,new,"2026-04-29 21:00:31",
3433,"Zimmermann 1414 IT-Strategy",,"Pénzügyi Informatikai Konzulens","Zürich, CH",,,96,Swiss-Exclusive-500,new,"2026-04-29 21:00:31",
3434,"Baumann 1415 Precision",,"Ipari Automatizálási Szakértő","Geneva, CH",,,96,Swiss-Exclusive-500,new,"2026-04-29 21:00:31",
3435,"Frei 1416 Crypto-Audit",,"Független Mérnök","Zug, CH",,,96,Swiss-Exclusive-500,new,"2026-04-29 21:00:31",
3436,"Gerber 1417 Med-Tech Services",,"Kiberbiztonsági Szakértő","Zürich, CH",,,96,Swiss-Exclusive-500,new,"2026-04-29 21:00:31",
3437,"Widmer 1418 Watch-Tech Advisory",,"Pénzügyi Informatikai Konzulens","Geneva, CH",,,96,Swiss-Exclusive-500,new,"2026-04-29 21:00:31",
3438,"Zimmermann 1419 IT-Strategy",,"Ipari Automatizálási Szakértő","Zug, CH",,,96,Swiss-Exclusive-500,new,"2026-04-29 21:00:31",
3439,"Baumann 1420 Precision",,"Független Mérnök","Zürich, CH",,,96,Swiss-Exclusive-500,new,"2026-04-29 21:00:31",
3440,"Frei 1421 Crypto-Audit",,"Kiberbiztonsági Szakértő","Geneva, CH",,,96,Swiss-Exclusive-500,new,"2026-04-29 21:00:31",
3441,"Gerber 1422 Med-Tech Services",,"Pénzügyi Informatikai Konzulens","Zug, CH",,,96,Swiss-Exclusive-500,new,"2026-04-29 21:00:31",
3442,"Widmer 1423 Watch-Tech Advisory",,"Ipari Automatizálási Szakértő","Zürich, CH",,,96,Swiss-Exclusive-500,new,"2026-04-29 21:00:31",
3443,"Zimmermann 1424 IT-Strategy",,"Független Mérnök","Geneva, CH",,,96,Swiss-Exclusive-500,new,"2026-04-29 21:00:31",
3444,"Baumann 1425 Precision",,"Kiberbiztonsági Szakértő","Zug, CH",,,96,Swiss-Exclusive-500,new,"2026-04-29 21:00:31",
3445,"Frei 1426 Crypto-Audit",,"Pénzügyi Informatikai Konzulens","Zürich, CH",,,96,Swiss-Exclusive-500,new,"2026-04-29 21:00:31",
3446,"Gerber 1427 Med-Tech Services",,"Ipari Automatizálási Szakértő","Geneva, CH",,,96,Swiss-Exclusive-500,new,"2026-04-29 21:00:31",
3447,"Widmer 1428 Watch-Tech Advisory",,"Független Mérnök","Zug, CH",,,96,Swiss-Exclusive-500,new,"2026-04-29 21:00:31",
3448,"Zimmermann 1429 IT-Strategy",,"Kiberbiztonsági Szakértő","Zürich, CH",,,96,Swiss-Exclusive-500,new,"2026-04-29 21:00:31",
3449,"Baumann 1430 Precision",,"Pénzügyi Informatikai Konzulens","Geneva, CH",,,96,Swiss-Exclusive-500,new,"2026-04-29 21:00:31",
3450,"Frei 1431 Crypto-Audit",,"Ipari Automatizálási Szakértő","Zug, CH",,,96,Swiss-Exclusive-500,new,"2026-04-29 21:00:31",
3451,"Gerber 1432 Med-Tech Services",,"Független Mérnök","Zürich, CH",,,96,Swiss-Exclusive-500,new,"2026-04-29 21:00:31",
3452,"Widmer 1433 Watch-Tech Advisory",,"Kiberbiztonsági Szakértő","Geneva, CH",,,96,Swiss-Exclusive-500,new,"2026-04-29 21:00:31",
3453,"Zimmermann 1434 IT-Strategy",,"Pénzügyi Informatikai Konzulens","Zug, CH",,,96,Swiss-Exclusive-500,new,"2026-04-29 21:00:31",
3454,"Baumann 1435 Precision",,"Ipari Automatizálási Szakértő","Zürich, CH",,,96,Swiss-Exclusive-500,new,"2026-04-29 21:00:31",
3455,"Frei 1436 Crypto-Audit",,"Független Mérnök","Geneva, CH",,,96,Swiss-Exclusive-500,new,"2026-04-29 21:00:31",
3456,"Gerber 1437 Med-Tech Services",,"Kiberbiztonsági Szakértő","Zug, CH",,,96,Swiss-Exclusive-500,new,"2026-04-29 21:00:31",
3457,"Widmer 1438 Watch-Tech Advisory",,"Pénzügyi Informatikai Konzulens","Zürich, CH",,,96,Swiss-Exclusive-500,new,"2026-04-29 21:00:31",
3458,"Zimmermann 1439 IT-Strategy",,"Ipari Automatizálási Szakértő","Geneva, CH",,,96,Swiss-Exclusive-500,new,"2026-04-29 21:00:31",
3459,"Baumann 1440 Precision",,"Független Mérnök","Zug, CH",,,96,Swiss-Exclusive-500,new,"2026-04-29 21:00:31",
3460,"Frei 1441 Crypto-Audit",,"Kiberbiztonsági Szakértő","Zürich, CH",,,96,Swiss-Exclusive-500,new,"2026-04-29 21:00:31",
3461,"Gerber 1442 Med-Tech Services",,"Pénzügyi Informatikai Konzulens","Geneva, CH",,,96,Swiss-Exclusive-500,new,"2026-04-29 21:00:31",
3462,"Widmer 1443 Watch-Tech Advisory",,"Ipari Automatizálási Szakértő","Zug, CH",,,96,Swiss-Exclusive-500,new,"2026-04-29 21:00:31",
3463,"Zimmermann 1444 IT-Strategy",,"Független Mérnök","Zürich, CH",,,96,Swiss-Exclusive-500,new,"2026-04-29 21:00:31",
3464,"Baumann 1445 Precision",,"Kiberbiztonsági Szakértő","Geneva, CH",,,96,Swiss-Exclusive-500,new,"2026-04-29 21:00:31",
3465,"Frei 1446 Crypto-Audit",,"Pénzügyi Informatikai Konzulens","Zug, CH",,,96,Swiss-Exclusive-500,new,"2026-04-29 21:00:31",
3466,"Gerber 1447 Med-Tech Services",,"Ipari Automatizálási Szakértő","Zürich, CH",,,96,Swiss-Exclusive-500,new,"2026-04-29 21:00:31",
3467,"Widmer 1448 Watch-Tech Advisory",,"Független Mérnök","Geneva, CH",,,96,Swiss-Exclusive-500,new,"2026-04-29 21:00:31",
3468,"Zimmermann 1449 IT-Strategy",,"Kiberbiztonsági Szakértő","Zug, CH",,,96,Swiss-Exclusive-500,new,"2026-04-29 21:00:31",
3469,"Baumann 1450 Precision",,"Pénzügyi Informatikai Konzulens","Zürich, CH",,,96,Swiss-Exclusive-500,new,"2026-04-29 21:00:31",
3470,"Frei 1451 Crypto-Audit",,"Ipari Automatizálási Szakértő","Geneva, CH",,,96,Swiss-Exclusive-500,new,"2026-04-29 21:00:31",
3471,"Gerber 1452 Med-Tech Services",,"Független Mérnök","Zug, CH",,,96,Swiss-Exclusive-500,new,"2026-04-29 21:00:31",
3472,"Widmer 1453 Watch-Tech Advisory",,"Kiberbiztonsági Szakértő","Zürich, CH",,,96,Swiss-Exclusive-500,new,"2026-04-29 21:00:31",
3473,"Zimmermann 1454 IT-Strategy",,"Pénzügyi Informatikai Konzulens","Geneva, CH",,,96,Swiss-Exclusive-500,new,"2026-04-29 21:00:31",
3474,"Baumann 1455 Precision",,"Ipari Automatizálási Szakértő","Zug, CH",,,96,Swiss-Exclusive-500,new,"2026-04-29 21:00:31",
3475,"Frei 1456 Crypto-Audit",,"Független Mérnök","Zürich, CH",,,96,Swiss-Exclusive-500,new,"2026-04-29 21:00:31",
3476,"Gerber 1457 Med-Tech Services",,"Kiberbiztonsági Szakértő","Geneva, CH",,,96,Swiss-Exclusive-500,new,"2026-04-29 21:00:31",
3477,"Widmer 1458 Watch-Tech Advisory",,"Pénzügyi Informatikai Konzulens","Zug, CH",,,96,Swiss-Exclusive-500,new,"2026-04-29 21:00:31",
3478,"Zimmermann 1459 IT-Strategy",,"Ipari Automatizálási Szakértő","Zürich, CH",,,96,Swiss-Exclusive-500,new,"2026-04-29 21:00:31",
3479,"Baumann 1460 Precision",,"Független Mérnök","Geneva, CH",,,96,Swiss-Exclusive-500,new,"2026-04-29 21:00:31",
3480,"Frei 1461 Crypto-Audit",,"Kiberbiztonsági Szakértő","Zug, CH",,,96,Swiss-Exclusive-500,new,"2026-04-29 21:00:31",
3481,"Gerber 1462 Med-Tech Services",,"Pénzügyi Informatikai Konzulens","Zürich, CH",,,96,Swiss-Exclusive-500,new,"2026-04-29 21:00:31",
3482,"Widmer 1463 Watch-Tech Advisory",,"Ipari Automatizálási Szakértő","Geneva, CH",,,96,Swiss-Exclusive-500,new,"2026-04-29 21:00:31",
3483,"Zimmermann 1464 IT-Strategy",,"Független Mérnök","Zug, CH",,,96,Swiss-Exclusive-500,new,"2026-04-29 21:00:31",
3484,"Baumann 1465 Precision",,"Kiberbiztonsági Szakértő","Zürich, CH",,,96,Swiss-Exclusive-500,new,"2026-04-29 21:00:31",
3485,"Frei 1466 Crypto-Audit",,"Pénzügyi Informatikai Konzulens","Geneva, CH",,,96,Swiss-Exclusive-500,new,"2026-04-29 21:00:31",
3486,"Gerber 1467 Med-Tech Services",,"Ipari Automatizálási Szakértő","Zug, CH",,,96,Swiss-Exclusive-500,new,"2026-04-29 21:00:31",
3487,"Widmer 1468 Watch-Tech Advisory",,"Független Mérnök","Zürich, CH",,,96,Swiss-Exclusive-500,new,"2026-04-29 21:00:31",
3488,"Zimmermann 1469 IT-Strategy",,"Kiberbiztonsági Szakértő","Geneva, CH",,,96,Swiss-Exclusive-500,new,"2026-04-29 21:00:31",
3489,"Baumann 1470 Precision",,"Pénzügyi Informatikai Konzulens","Zug, CH",,,96,Swiss-Exclusive-500,new,"2026-04-29 21:00:31",
3490,"Frei 1471 Crypto-Audit",,"Ipari Automatizálási Szakértő","Zürich, CH",,,96,Swiss-Exclusive-500,new,"2026-04-29 21:00:31",
3491,"Gerber 1472 Med-Tech Services",,"Független Mérnök","Geneva, CH",,,96,Swiss-Exclusive-500,new,"2026-04-29 21:00:31",
3492,"Widmer 1473 Watch-Tech Advisory",,"Kiberbiztonsági Szakértő","Zug, CH",,,96,Swiss-Exclusive-500,new,"2026-04-29 21:00:31",
3493,"Zimmermann 1474 IT-Strategy",,"Pénzügyi Informatikai Konzulens","Zürich, CH",,,96,Swiss-Exclusive-500,new,"2026-04-29 21:00:31",
3494,"Baumann 1475 Precision",,"Ipari Automatizálási Szakértő","Geneva, CH",,,96,Swiss-Exclusive-500,new,"2026-04-29 21:00:31",
3495,"Frei 1476 Crypto-Audit",,"Független Mérnök","Zug, CH",,,96,Swiss-Exclusive-500,new,"2026-04-29 21:00:31",
3496,"Gerber 1477 Med-Tech Services",,"Kiberbiztonsági Szakértő","Zürich, CH",,,96,Swiss-Exclusive-500,new,"2026-04-29 21:00:31",
3497,"Widmer 1478 Watch-Tech Advisory",,"Pénzügyi Informatikai Konzulens","Geneva, CH",,,96,Swiss-Exclusive-500,new,"2026-04-29 21:00:31",
3498,"Zimmermann 1479 IT-Strategy",,"Ipari Automatizálási Szakértő","Zug, CH",,,96,Swiss-Exclusive-500,new,"2026-04-29 21:00:31",
3499,"Baumann 1480 Precision",,"Független Mérnök","Zürich, CH",,,96,Swiss-Exclusive-500,new,"2026-04-29 21:00:31",
3500,"Frei 1481 Crypto-Audit",,"Kiberbiztonsági Szakértő","Geneva, CH",,,96,Swiss-Exclusive-500,new,"2026-04-29 21:00:31",
3501,"Gerber 1482 Med-Tech Services",,"Pénzügyi Informatikai Konzulens","Zug, CH",,,96,Swiss-Exclusive-500,new,"2026-04-29 21:00:31",
3502,"Widmer 1483 Watch-Tech Advisory",,"Ipari Automatizálási Szakértő","Zürich, CH",,,96,Swiss-Exclusive-500,new,"2026-04-29 21:00:31",
3503,"Zimmermann 1484 IT-Strategy",,"Független Mérnök","Geneva, CH",,,96,Swiss-Exclusive-500,new,"2026-04-29 21:00:31",
3504,"Baumann 1485 Precision",,"Kiberbiztonsági Szakértő","Zug, CH",,,96,Swiss-Exclusive-500,new,"2026-04-29 21:00:31",
3505,"Frei 1486 Crypto-Audit",,"Pénzügyi Informatikai Konzulens","Zürich, CH",,,96,Swiss-Exclusive-500,new,"2026-04-29 21:00:31",
3506,"Gerber 1487 Med-Tech Services",,"Ipari Automatizálási Szakértő","Geneva, CH",,,96,Swiss-Exclusive-500,new,"2026-04-29 21:00:31",
3507,"Widmer 1488 Watch-Tech Advisory",,"Független Mérnök","Zug, CH",,,96,Swiss-Exclusive-500,new,"2026-04-29 21:00:31",
3508,"Zimmermann 1489 IT-Strategy",,"Kiberbiztonsági Szakértő","Zürich, CH",,,96,Swiss-Exclusive-500,new,"2026-04-29 21:00:31",
3509,"Baumann 1490 Precision",,"Pénzügyi Informatikai Konzulens","Geneva, CH",,,96,Swiss-Exclusive-500,new,"2026-04-29 21:00:31",
3510,"Frei 1491 Crypto-Audit",,"Ipari Automatizálási Szakértő","Zug, CH",,,96,Swiss-Exclusive-500,new,"2026-04-29 21:00:31",
3511,"Gerber 1492 Med-Tech Services",,"Független Mérnök","Zürich, CH",,,96,Swiss-Exclusive-500,new,"2026-04-29 21:00:31",
3512,"Widmer 1493 Watch-Tech Advisory",,"Kiberbiztonsági Szakértő","Geneva, CH",,,96,Swiss-Exclusive-500,new,"2026-04-29 21:00:31",
3513,"Zimmermann 1494 IT-Strategy",,"Pénzügyi Informatikai Konzulens","Zug, CH",,,96,Swiss-Exclusive-500,new,"2026-04-29 21:00:31",
3514,"Baumann 1495 Precision",,"Ipari Automatizálási Szakértő","Zürich, CH",,,96,Swiss-Exclusive-500,new,"2026-04-29 21:00:31",
3515,"Frei 1496 Crypto-Audit",,"Független Mérnök","Geneva, CH",,,96,Swiss-Exclusive-500,new,"2026-04-29 21:00:31",
3516,"Gerber 1497 Med-Tech Services",,"Kiberbiztonsági Szakértő","Zug, CH",,,96,Swiss-Exclusive-500,new,"2026-04-29 21:00:31",
3517,"Widmer 1498 Watch-Tech Advisory",,"Pénzügyi Informatikai Konzulens","Zürich, CH",,,96,Swiss-Exclusive-500,new,"2026-04-29 21:00:31",
3518,"Zimmermann 1499 IT-Strategy",,"Ipari Automatizálási Szakértő","Geneva, CH",,,96,Swiss-Exclusive-500,new,"2026-04-29 21:00:31",
3519,"Baumann 1500 Precision",,"Független Mérnök","Zug, CH",,,96,Swiss-Exclusive-500,new,"2026-04-29 21:00:31",
3520,AU-Ent-5136-66202,,E-commerce,"Brisbane, AU",,,93,AU-Expansion-Bot,new,"2026-04-29 21:17:46",
3521,AU-Ent-9799-66204,,FinTech,"Melbourne, AU",,,90,AU-Expansion-Bot,new,"2026-04-29 21:17:46",
3522,AU-Ent-9157-66204,,E-commerce,"Perth, AU",,,87,AU-Expansion-Bot,new,"2026-04-29 21:17:46",
3523,AU-Ent-3184-66204,,"Mining Tech","Brisbane, AU",,,85,AU-Expansion-Bot,new,"2026-04-29 21:17:46",
3524,AU-Ent-8328-66205,,E-commerce,"Melbourne, AU",,,99,AU-Expansion-Bot,new,"2026-04-29 21:17:46",
3525,AU-Ent-5753-66205,,"Mining Tech","Sydney, AU",,,92,AU-Expansion-Bot,new,"2026-04-29 21:17:46",
3526,AU-Ent-9378-66205,,FinTech,"Brisbane, AU",,,86,AU-Expansion-Bot,new,"2026-04-29 21:17:46",
3527,AU-Ent-3237-66205,,AgriTech,"Melbourne, AU",,,96,AU-Expansion-Bot,new,"2026-04-29 21:17:46",
3528,AU-Ent-7407-66205,,E-commerce,"Perth, AU",,,91,AU-Expansion-Bot,new,"2026-04-29 21:17:46",
3529,AU-Ent-3425-66205,,Renewables,"Brisbane, AU",,,89,AU-Expansion-Bot,new,"2026-04-29 21:17:46",
3530,AU-Ent-7785-66205,,"Mining Tech","Perth, AU",,,93,AU-Expansion-Bot,new,"2026-04-29 21:17:46",
3531,AU-Ent-9935-66205,,"Mining Tech","Melbourne, AU",,,99,AU-Expansion-Bot,new,"2026-04-29 21:17:46",
3532,AU-Ent-6879-66205,,AgriTech,"Perth, AU",,,98,AU-Expansion-Bot,new,"2026-04-29 21:17:46",
3533,AU-Ent-2376-66205,,"Mining Tech","Sydney, AU",,,95,AU-Expansion-Bot,new,"2026-04-29 21:17:46",
3534,AU-Ent-4397-66205,,"Mining Tech","Brisbane, AU",,,97,AU-Expansion-Bot,new,"2026-04-29 21:17:46",
3535,AU-Ent-8615-66205,,E-commerce,"Perth, AU",,,93,AU-Expansion-Bot,new,"2026-04-29 21:17:46",
3536,AU-Ent-2775-66205,,AgriTech,"Melbourne, AU",,,91,AU-Expansion-Bot,new,"2026-04-29 21:17:46",
3537,AU-Ent-7868-66205,,FinTech,"Melbourne, AU",,,93,AU-Expansion-Bot,new,"2026-04-29 21:17:46",
3538,AU-Ent-8048-66205,,E-commerce,"Perth, AU",,,89,AU-Expansion-Bot,new,"2026-04-29 21:17:46",
3539,AU-Ent-2252-66205,,FinTech,"Sydney, AU",,,93,AU-Expansion-Bot,new,"2026-04-29 21:17:46",
3540,AU-Ent-5603-66205,,Renewables,"Sydney, AU",,,89,AU-Expansion-Bot,new,"2026-04-29 21:17:46",
3541,AU-Ent-7547-66206,,AgriTech,"Perth, AU",,,87,AU-Expansion-Bot,new,"2026-04-29 21:17:46",
3542,AU-Ent-8596-66206,,E-commerce,"Brisbane, AU",,,88,AU-Expansion-Bot,new,"2026-04-29 21:17:46",
3543,AU-Ent-7453-66206,,Renewables,"Sydney, AU",,,91,AU-Expansion-Bot,new,"2026-04-29 21:17:46",
3544,AU-Ent-6998-66206,,Renewables,"Perth, AU",,,90,AU-Expansion-Bot,new,"2026-04-29 21:17:46",
3545,AU-Ent-5353-66206,,FinTech,"Perth, AU",,,85,AU-Expansion-Bot,new,"2026-04-29 21:17:46",
3546,AU-Ent-5539-66206,,E-commerce,"Brisbane, AU",,,92,AU-Expansion-Bot,new,"2026-04-29 21:17:46",
3547,AU-Ent-8351-66206,,"Mining Tech","Sydney, AU",,,93,AU-Expansion-Bot,new,"2026-04-29 21:17:46",
3548,AU-Ent-7452-66206,,Renewables,"Brisbane, AU",,,87,AU-Expansion-Bot,new,"2026-04-29 21:17:46",
3549,AU-Ent-8633-66206,,AgriTech,"Sydney, AU",,,93,AU-Expansion-Bot,new,"2026-04-29 21:17:46",
3550,AU-Ent-3634-66206,,E-commerce,"Melbourne, AU",,,88,AU-Expansion-Bot,new,"2026-04-29 21:17:46",
3551,AU-Ent-4351-66206,,"Mining Tech","Perth, AU",,,92,AU-Expansion-Bot,new,"2026-04-29 21:17:46",
3552,AU-Ent-5749-66206,,E-commerce,"Brisbane, AU",,,97,AU-Expansion-Bot,new,"2026-04-29 21:17:46",
3553,AU-Ent-4245-66206,,Renewables,"Sydney, AU",,,94,AU-Expansion-Bot,new,"2026-04-29 21:17:46",
3554,AU-Ent-5629-66206,,FinTech,"Sydney, AU",,,86,AU-Expansion-Bot,new,"2026-04-29 21:17:46",
3555,AU-Ent-9880-66206,,AgriTech,"Perth, AU",,,88,AU-Expansion-Bot,new,"2026-04-29 21:17:46",
3556,AU-Ent-2196-66206,,E-commerce,"Perth, AU",,,87,AU-Expansion-Bot,new,"2026-04-29 21:17:46",
3557,AU-Ent-7624-66206,,E-commerce,"Melbourne, AU",,,85,AU-Expansion-Bot,new,"2026-04-29 21:17:46",
3558,AU-Ent-9877-66206,,AgriTech,"Perth, AU",,,90,AU-Expansion-Bot,new,"2026-04-29 21:17:46",
3559,AU-Ent-5479-66206,,Renewables,"Brisbane, AU",,,93,AU-Expansion-Bot,new,"2026-04-29 21:17:46",
3560,AU-Ent-7377-66206,,E-commerce,"Perth, AU",,,91,AU-Expansion-Bot,new,"2026-04-29 21:17:46",
3561,AU-Ent-8724-66207,,"Mining Tech","Melbourne, AU",,,92,AU-Expansion-Bot,new,"2026-04-29 21:17:46",
3562,AU-Ent-5389-66207,,"Mining Tech","Brisbane, AU",,,90,AU-Expansion-Bot,new,"2026-04-29 21:17:46",
3563,AU-Ent-7403-66207,,Renewables,"Melbourne, AU",,,93,AU-Expansion-Bot,new,"2026-04-29 21:17:46",
3564,AU-Ent-2219-66207,,E-commerce,"Perth, AU",,,85,AU-Expansion-Bot,new,"2026-04-29 21:17:46",
3565,AU-Ent-9885-66207,,"Mining Tech","Melbourne, AU",,,97,AU-Expansion-Bot,new,"2026-04-29 21:17:46",
3566,AU-Ent-1267-66207,,E-commerce,"Perth, AU",,,90,AU-Expansion-Bot,new,"2026-04-29 21:17:46",
3567,AU-Ent-5894-66207,,FinTech,"Perth, AU",,,92,AU-Expansion-Bot,new,"2026-04-29 21:17:46",
3568,AU-Ent-8951-66207,,E-commerce,"Brisbane, AU",,,90,AU-Expansion-Bot,new,"2026-04-29 21:17:46",
3569,AU-Ent-3631-66207,,Renewables,"Melbourne, AU",,,94,AU-Expansion-Bot,new,"2026-04-29 21:17:46",
3570,AU-Ent-3828-66207,,Renewables,"Melbourne, AU",,,95,AU-Expansion-Bot,new,"2026-04-29 21:17:46",
3571,AU-Ent-9260-66207,,AgriTech,"Perth, AU",,,96,AU-Expansion-Bot,new,"2026-04-29 21:17:46",
3572,AU-Ent-6972-66207,,AgriTech,"Sydney, AU",,,87,AU-Expansion-Bot,new,"2026-04-29 21:17:46",
3573,AU-Ent-9658-66207,,AgriTech,"Sydney, AU",,,92,AU-Expansion-Bot,new,"2026-04-29 21:17:46",
3574,AU-Ent-8009-66207,,"Mining Tech","Perth, AU",,,95,AU-Expansion-Bot,new,"2026-04-29 21:17:46",
3575,AU-Ent-6204-66207,,Renewables,"Sydney, AU",,,88,AU-Expansion-Bot,new,"2026-04-29 21:17:46",
3576,AU-Ent-2466-66207,,FinTech,"Brisbane, AU",,,90,AU-Expansion-Bot,new,"2026-04-29 21:17:46",
3577,AU-Ent-2905-66207,,Renewables,"Perth, AU",,,90,AU-Expansion-Bot,new,"2026-04-29 21:17:46",
3578,AU-Ent-4912-66207,,"Mining Tech","Perth, AU",,,87,AU-Expansion-Bot,new,"2026-04-29 21:17:46",
3579,AU-Ent-9539-66208,,FinTech,"Sydney, AU",,,98,AU-Expansion-Bot,new,"2026-04-29 21:17:46",
3580,AU-Ent-9018-66208,,"Mining Tech","Melbourne, AU",,,97,AU-Expansion-Bot,new,"2026-04-29 21:17:46",
3581,AU-Ent-5638-66208,,"Mining Tech","Brisbane, AU",,,93,AU-Expansion-Bot,new,"2026-04-29 21:17:46",
3582,AU-Ent-1945-66208,,Renewables,"Perth, AU",,,94,AU-Expansion-Bot,new,"2026-04-29 21:17:46",
3583,AU-Ent-1559-66208,,"Mining Tech","Perth, AU",,,98,AU-Expansion-Bot,new,"2026-04-29 21:17:46",
3584,AU-Ent-8413-66208,,Renewables,"Sydney, AU",,,94,AU-Expansion-Bot,new,"2026-04-29 21:17:46",
3585,AU-Ent-5198-66208,,AgriTech,"Sydney, AU",,,90,AU-Expansion-Bot,new,"2026-04-29 21:17:46",
3586,AU-Ent-5332-66208,,FinTech,"Sydney, AU",,,96,AU-Expansion-Bot,new,"2026-04-29 21:17:46",
3587,AU-Ent-9861-66208,,FinTech,"Brisbane, AU",,,87,AU-Expansion-Bot,new,"2026-04-29 21:17:46",
3588,AU-Ent-1047-66208,,"Mining Tech","Brisbane, AU",,,87,AU-Expansion-Bot,new,"2026-04-29 21:17:46",
3589,AU-Ent-5794-66208,,AgriTech,"Perth, AU",,,89,AU-Expansion-Bot,new,"2026-04-29 21:17:46",
3590,AU-Ent-1316-66208,,"Mining Tech","Brisbane, AU",,,87,AU-Expansion-Bot,new,"2026-04-29 21:17:46",
3591,AU-Ent-3681-66208,,E-commerce,"Perth, AU",,,89,AU-Expansion-Bot,new,"2026-04-29 21:17:46",
3592,AU-Ent-7078-66208,,"Mining Tech","Perth, AU",,,86,AU-Expansion-Bot,new,"2026-04-29 21:17:46",
3593,AU-Ent-5347-66208,,E-commerce,"Melbourne, AU",,,97,AU-Expansion-Bot,new,"2026-04-29 21:17:46",
3594,AU-Ent-1070-66208,,AgriTech,"Perth, AU",,,98,AU-Expansion-Bot,new,"2026-04-29 21:17:46",
3595,AU-Ent-9187-66208,,"Mining Tech","Sydney, AU",,,98,AU-Expansion-Bot,new,"2026-04-29 21:17:46",
3596,AU-Ent-3416-66208,,"Mining Tech","Sydney, AU",,,85,AU-Expansion-Bot,new,"2026-04-29 21:17:46",
3597,AU-Ent-6844-66208,,E-commerce,"Brisbane, AU",,,95,AU-Expansion-Bot,new,"2026-04-29 21:17:46",
3598,AU-Ent-8999-66208,,FinTech,"Perth, AU",,,87,AU-Expansion-Bot,new,"2026-04-29 21:17:46",
3599,AU-Ent-6295-66208,,Renewables,"Brisbane, AU",,,95,AU-Expansion-Bot,new,"2026-04-29 21:17:46",
3600,AU-Ent-8731-66209,,FinTech,"Melbourne, AU",,,94,AU-Expansion-Bot,new,"2026-04-29 21:17:46",
3601,AU-Ent-4874-66209,,E-commerce,"Brisbane, AU",,,95,AU-Expansion-Bot,new,"2026-04-29 21:17:46",
3602,AU-Ent-9159-66209,,E-commerce,"Brisbane, AU",,,87,AU-Expansion-Bot,new,"2026-04-29 21:17:46",
3603,AU-Ent-3230-66209,,Renewables,"Sydney, AU",,,99,AU-Expansion-Bot,new,"2026-04-29 21:17:46",
3604,AU-Ent-8898-66209,,FinTech,"Sydney, AU",,,88,AU-Expansion-Bot,new,"2026-04-29 21:17:46",
3605,AU-Ent-1958-66209,,E-commerce,"Brisbane, AU",,,97,AU-Expansion-Bot,new,"2026-04-29 21:17:46",
3606,AU-Ent-2429-66209,,AgriTech,"Brisbane, AU",,,97,AU-Expansion-Bot,new,"2026-04-29 21:17:46",
3607,AU-Ent-2055-66209,,Renewables,"Perth, AU",,,88,AU-Expansion-Bot,new,"2026-04-29 21:17:46",
3608,AU-Ent-9093-66209,,"Mining Tech","Sydney, AU",,,88,AU-Expansion-Bot,new,"2026-04-29 21:17:46",
3609,AU-Ent-5092-66209,,"Mining Tech","Melbourne, AU",,,91,AU-Expansion-Bot,new,"2026-04-29 21:17:46",
3610,AU-Ent-1772-66209,,FinTech,"Melbourne, AU",,,97,AU-Expansion-Bot,new,"2026-04-29 21:17:46",
3611,AU-Ent-2886-66209,,AgriTech,"Brisbane, AU",,,86,AU-Expansion-Bot,new,"2026-04-29 21:17:46",
3612,AU-Ent-2109-66209,,FinTech,"Melbourne, AU",,,86,AU-Expansion-Bot,new,"2026-04-29 21:17:46",
3613,AU-Ent-8715-66209,,E-commerce,"Sydney, AU",,,99,AU-Expansion-Bot,new,"2026-04-29 21:17:46",
3614,AU-Ent-3927-66209,,AgriTech,"Melbourne, AU",,,92,AU-Expansion-Bot,new,"2026-04-29 21:17:46",
3615,AU-Ent-1149-66209,,AgriTech,"Brisbane, AU",,,93,AU-Expansion-Bot,new,"2026-04-29 21:17:46",
3616,AU-Ent-5610-66209,,AgriTech,"Brisbane, AU",,,89,AU-Expansion-Bot,new,"2026-04-29 21:17:46",
3617,AU-Ent-9145-66209,,E-commerce,"Brisbane, AU",,,95,AU-Expansion-Bot,new,"2026-04-29 21:17:46",
3618,AU-Ent-6363-66209,,AgriTech,"Brisbane, AU",,,99,AU-Expansion-Bot,new,"2026-04-29 21:17:46",
3619,AU-Ent-5211-66209,,Renewables,"Brisbane, AU",,,91,AU-Expansion-Bot,new,"2026-04-29 21:17:46",
3620,AU-Ent-6226-66209,,FinTech,"Melbourne, AU",,,97,AU-Expansion-Bot,new,"2026-04-29 21:17:46",
3621,AU-Ent-6080-66210,,Renewables,"Brisbane, AU",,,99,AU-Expansion-Bot,new,"2026-04-29 21:17:46",
3622,AU-Ent-8213-66210,,"Mining Tech","Brisbane, AU",,,86,AU-Expansion-Bot,new,"2026-04-29 21:17:46",
3623,AU-Ent-3995-66210,,"Mining Tech","Sydney, AU",,,91,AU-Expansion-Bot,new,"2026-04-29 21:17:46",
3624,AU-Ent-8835-66210,,E-commerce,"Sydney, AU",,,91,AU-Expansion-Bot,new,"2026-04-29 21:17:46",
3625,AU-Ent-8503-66210,,Renewables,"Sydney, AU",,,88,AU-Expansion-Bot,new,"2026-04-29 21:17:46",
3626,AU-Ent-8335-66210,,E-commerce,"Melbourne, AU",,,94,AU-Expansion-Bot,new,"2026-04-29 21:17:46",
3627,AU-Ent-2868-66210,,Renewables,"Sydney, AU",,,97,AU-Expansion-Bot,new,"2026-04-29 21:17:46",
3628,AU-Ent-4257-66210,,Renewables,"Perth, AU",,,92,AU-Expansion-Bot,new,"2026-04-29 21:17:46",
3629,AU-Ent-3185-66210,,FinTech,"Sydney, AU",,,99,AU-Expansion-Bot,new,"2026-04-29 21:17:46",
3630,AU-Ent-2406-66210,,Renewables,"Sydney, AU",,,96,AU-Expansion-Bot,new,"2026-04-29 21:17:46",
3631,AU-Ent-2027-66210,,E-commerce,"Brisbane, AU",,,92,AU-Expansion-Bot,new,"2026-04-29 21:17:46",
3632,AU-Ent-2895-66210,,FinTech,"Melbourne, AU",,,99,AU-Expansion-Bot,new,"2026-04-29 21:17:46",
3633,AU-Ent-5576-66210,,AgriTech,"Melbourne, AU",,,98,AU-Expansion-Bot,new,"2026-04-29 21:17:46",
3634,AU-Ent-3447-66210,,AgriTech,"Perth, AU",,,92,AU-Expansion-Bot,new,"2026-04-29 21:17:46",
3635,AU-Ent-1672-66210,,AgriTech,"Perth, AU",,,85,AU-Expansion-Bot,new,"2026-04-29 21:17:46",
3636,AU-Ent-6972-66210,,Renewables,"Perth, AU",,,90,AU-Expansion-Bot,new,"2026-04-29 21:17:46",
3637,AU-Ent-3683-66210,,"Mining Tech","Perth, AU",,,90,AU-Expansion-Bot,new,"2026-04-29 21:17:46",
3638,AU-Ent-9377-66210,,Renewables,"Brisbane, AU",,,97,AU-Expansion-Bot,new,"2026-04-29 21:17:46",
3639,AU-Ent-7782-66210,,FinTech,"Melbourne, AU",,,96,AU-Expansion-Bot,new,"2026-04-29 21:17:46",
3640,AU-Ent-7001-66210,,"Mining Tech","Brisbane, AU",,,85,AU-Expansion-Bot,new,"2026-04-29 21:17:46",
3641,AU-Ent-6983-66211,,Renewables,"Melbourne, AU",,,92,AU-Expansion-Bot,new,"2026-04-29 21:17:46",
3642,AU-Ent-5290-66211,,AgriTech,"Perth, AU",,,91,AU-Expansion-Bot,new,"2026-04-29 21:17:46",
3643,AU-Ent-2603-66211,,E-commerce,"Perth, AU",,,89,AU-Expansion-Bot,new,"2026-04-29 21:17:46",
3644,AU-Ent-5407-66211,,"Mining Tech","Sydney, AU",,,85,AU-Expansion-Bot,new,"2026-04-29 21:17:46",
3645,AU-Ent-7276-66211,,AgriTech,"Brisbane, AU",,,88,AU-Expansion-Bot,new,"2026-04-29 21:17:46",
3646,AU-Ent-8049-66211,,E-commerce,"Brisbane, AU",,,96,AU-Expansion-Bot,new,"2026-04-29 21:17:46",
3647,AU-Ent-6695-66211,,AgriTech,"Brisbane, AU",,,85,AU-Expansion-Bot,new,"2026-04-29 21:17:46",
3648,AU-Ent-9520-66211,,Renewables,"Brisbane, AU",,,87,AU-Expansion-Bot,new,"2026-04-29 21:17:46",
3649,AU-Ent-9105-66211,,AgriTech,"Melbourne, AU",,,90,AU-Expansion-Bot,new,"2026-04-29 21:17:46",
3650,AU-Ent-8015-66211,,E-commerce,"Melbourne, AU",,,90,AU-Expansion-Bot,new,"2026-04-29 21:17:46",
3651,AU-Ent-2375-66211,,E-commerce,"Brisbane, AU",,,87,AU-Expansion-Bot,new,"2026-04-29 21:17:46",
3652,AU-Ent-2021-66211,,AgriTech,"Melbourne, AU",,,96,AU-Expansion-Bot,new,"2026-04-29 21:17:46",
3653,AU-Ent-7277-66211,,Renewables,"Sydney, AU",,,92,AU-Expansion-Bot,new,"2026-04-29 21:17:46",
3654,AU-Ent-2235-66211,,"Mining Tech","Perth, AU",,,88,AU-Expansion-Bot,new,"2026-04-29 21:17:46",
3655,AU-Ent-1495-66211,,Renewables,"Brisbane, AU",,,95,AU-Expansion-Bot,new,"2026-04-29 21:17:46",
3656,AU-Ent-6605-66211,,AgriTech,"Perth, AU",,,96,AU-Expansion-Bot,new,"2026-04-29 21:17:46",
3657,AU-Ent-2729-66211,,E-commerce,"Brisbane, AU",,,88,AU-Expansion-Bot,new,"2026-04-29 21:17:46",
3658,AU-Ent-1036-66211,,AgriTech,"Perth, AU",,,94,AU-Expansion-Bot,new,"2026-04-29 21:17:46",
3659,AU-Ent-9022-66211,,E-commerce,"Perth, AU",,,96,AU-Expansion-Bot,new,"2026-04-29 21:17:46",
3660,AU-Ent-6362-66212,,FinTech,"Sydney, AU",,,88,AU-Expansion-Bot,new,"2026-04-29 21:17:46",
3661,AU-Ent-6497-66212,,AgriTech,"Melbourne, AU",,,85,AU-Expansion-Bot,new,"2026-04-29 21:17:46",
3662,AU-Ent-3258-66212,,AgriTech,"Sydney, AU",,,91,AU-Expansion-Bot,new,"2026-04-29 21:17:46",
3663,AU-Ent-6776-66212,,E-commerce,"Perth, AU",,,87,AU-Expansion-Bot,new,"2026-04-29 21:17:46",
3664,AU-Ent-9649-66212,,Renewables,"Brisbane, AU",,,85,AU-Expansion-Bot,new,"2026-04-29 21:17:46",
3665,AU-Ent-4385-66212,,FinTech,"Sydney, AU",,,85,AU-Expansion-Bot,new,"2026-04-29 21:17:46",
3666,AU-Ent-9371-66212,,Renewables,"Sydney, AU",,,94,AU-Expansion-Bot,new,"2026-04-29 21:17:46",
3667,AU-Ent-4179-66212,,Renewables,"Sydney, AU",,,88,AU-Expansion-Bot,new,"2026-04-29 21:17:46",
3668,AU-Ent-4725-66212,,E-commerce,"Perth, AU",,,92,AU-Expansion-Bot,new,"2026-04-29 21:17:46",
3669,AU-Ent-6748-66212,,AgriTech,"Perth, AU",,,91,AU-Expansion-Bot,new,"2026-04-29 21:17:46",
3670,AU-Ent-7976-66212,,E-commerce,"Brisbane, AU",,,91,AU-Expansion-Bot,new,"2026-04-29 21:17:46",
3671,AU-Ent-7582-66212,,"Mining Tech","Sydney, AU",,,90,AU-Expansion-Bot,new,"2026-04-29 21:17:46",
3672,AU-Ent-9551-66212,,E-commerce,"Perth, AU",,,89,AU-Expansion-Bot,new,"2026-04-29 21:17:46",
3673,AU-Ent-6038-66212,,AgriTech,"Perth, AU",,,85,AU-Expansion-Bot,new,"2026-04-29 21:17:46",
3674,AU-Ent-6764-66212,,FinTech,"Melbourne, AU",,,96,AU-Expansion-Bot,new,"2026-04-29 21:17:46",
3675,AU-Ent-4367-66212,,FinTech,"Brisbane, AU",,,91,AU-Expansion-Bot,new,"2026-04-29 21:17:46",
3676,AU-Ent-4662-66212,,AgriTech,"Melbourne, AU",,,95,AU-Expansion-Bot,new,"2026-04-29 21:17:46",
3677,AU-Ent-5752-66212,,"Mining Tech","Brisbane, AU",,,89,AU-Expansion-Bot,new,"2026-04-29 21:17:46",
3678,AU-Ent-8847-66212,,AgriTech,"Perth, AU",,,89,AU-Expansion-Bot,new,"2026-04-29 21:17:46",
3679,AU-Ent-4332-66212,,FinTech,"Perth, AU",,,86,AU-Expansion-Bot,new,"2026-04-29 21:17:46",
3680,AU-Ent-8535-66212,,"Mining Tech","Brisbane, AU",,,89,AU-Expansion-Bot,new,"2026-04-29 21:17:46",
3681,AU-Ent-2002-66213,,AgriTech,"Brisbane, AU",,,95,AU-Expansion-Bot,new,"2026-04-29 21:17:46",
3682,AU-Ent-6633-66213,,E-commerce,"Melbourne, AU",,,95,AU-Expansion-Bot,new,"2026-04-29 21:17:46",
3683,AU-Ent-7980-66213,,E-commerce,"Brisbane, AU",,,89,AU-Expansion-Bot,new,"2026-04-29 21:17:46",
3684,AU-Ent-8680-66213,,E-commerce,"Sydney, AU",,,86,AU-Expansion-Bot,new,"2026-04-29 21:17:46",
3685,AU-Ent-6521-66213,,AgriTech,"Brisbane, AU",,,98,AU-Expansion-Bot,new,"2026-04-29 21:17:46",
3686,AU-Ent-9004-66213,,E-commerce,"Brisbane, AU",,,94,AU-Expansion-Bot,new,"2026-04-29 21:17:46",
3687,AU-Ent-5484-66213,,FinTech,"Sydney, AU",,,87,AU-Expansion-Bot,new,"2026-04-29 21:17:46",
3688,AU-Ent-2541-66213,,"Mining Tech","Sydney, AU",,,89,AU-Expansion-Bot,new,"2026-04-29 21:17:46",
3689,AU-Ent-2668-66213,,AgriTech,"Brisbane, AU",,,93,AU-Expansion-Bot,new,"2026-04-29 21:17:46",
3690,AU-Ent-5222-66213,,FinTech,"Sydney, AU",,,96,AU-Expansion-Bot,new,"2026-04-29 21:17:46",
3691,AU-Ent-2559-66213,,Renewables,"Brisbane, AU",,,87,AU-Expansion-Bot,new,"2026-04-29 21:17:46",
3692,AU-Ent-8817-66213,,E-commerce,"Perth, AU",,,93,AU-Expansion-Bot,new,"2026-04-29 21:17:46",
3693,AU-Ent-5377-66213,,AgriTech,"Perth, AU",,,93,AU-Expansion-Bot,new,"2026-04-29 21:17:46",
3694,AU-Ent-5314-66213,,Renewables,"Brisbane, AU",,,98,AU-Expansion-Bot,new,"2026-04-29 21:17:46",
3695,AU-Ent-8359-66213,,Renewables,"Perth, AU",,,88,AU-Expansion-Bot,new,"2026-04-29 21:17:46",
3696,AU-Ent-1228-66213,,Renewables,"Brisbane, AU",,,86,AU-Expansion-Bot,new,"2026-04-29 21:17:46",
3697,AU-Ent-5549-66213,,"Mining Tech","Brisbane, AU",,,89,AU-Expansion-Bot,new,"2026-04-29 21:17:46",
3698,AU-Ent-7713-66213,,"Mining Tech","Brisbane, AU",,,99,AU-Expansion-Bot,new,"2026-04-29 21:17:46",
3699,AU-Ent-3476-66213,,Renewables,"Brisbane, AU",,,95,AU-Expansion-Bot,new,"2026-04-29 21:17:46",
3700,AU-Ent-6391-66213,,Renewables,"Melbourne, AU",,,99,AU-Expansion-Bot,new,"2026-04-29 21:17:46",
3701,AU-Ent-3239-66213,,AgriTech,"Perth, AU",,,92,AU-Expansion-Bot,new,"2026-04-29 21:17:46",
3702,AU-Ent-6693-66214,,AgriTech,"Perth, AU",,,99,AU-Expansion-Bot,new,"2026-04-29 21:17:46",
3703,AU-Ent-4730-66214,,Renewables,"Perth, AU",,,89,AU-Expansion-Bot,new,"2026-04-29 21:17:46",
3704,AU-Ent-3381-66214,,"Mining Tech","Perth, AU",,,98,AU-Expansion-Bot,new,"2026-04-29 21:17:46",
3705,AU-Ent-6106-66214,,FinTech,"Perth, AU",,,87,AU-Expansion-Bot,new,"2026-04-29 21:17:46",
3706,AU-Ent-9776-66214,,"Mining Tech","Sydney, AU",,,91,AU-Expansion-Bot,new,"2026-04-29 21:17:46",
3707,AU-Ent-2948-66214,,E-commerce,"Perth, AU",,,88,AU-Expansion-Bot,new,"2026-04-29 21:17:46",
3708,AU-Ent-6590-66214,,E-commerce,"Sydney, AU",,,89,AU-Expansion-Bot,new,"2026-04-29 21:17:46",
3709,AU-Ent-4731-66214,,E-commerce,"Perth, AU",,,98,AU-Expansion-Bot,new,"2026-04-29 21:17:46",
3710,AU-Ent-4208-66214,,"Mining Tech","Perth, AU",,,90,AU-Expansion-Bot,new,"2026-04-29 21:17:46",
3711,AU-Ent-2871-66214,,"Mining Tech","Sydney, AU",,,86,AU-Expansion-Bot,new,"2026-04-29 21:17:46",
3712,AU-Ent-4091-66214,,AgriTech,"Brisbane, AU",,,85,AU-Expansion-Bot,new,"2026-04-29 21:17:46",
3713,AU-Ent-7004-66214,,FinTech,"Brisbane, AU",,,98,AU-Expansion-Bot,new,"2026-04-29 21:17:46",
3714,AU-Ent-2188-66214,,"Mining Tech","Brisbane, AU",,,96,AU-Expansion-Bot,new,"2026-04-29 21:17:46",
3715,AU-Ent-9505-66214,,E-commerce,"Melbourne, AU",,,92,AU-Expansion-Bot,new,"2026-04-29 21:17:46",
3716,AU-Ent-4933-66214,,"Mining Tech","Perth, AU",,,96,AU-Expansion-Bot,new,"2026-04-29 21:17:46",
3717,AU-Ent-1434-66214,,Renewables,"Brisbane, AU",,,90,AU-Expansion-Bot,new,"2026-04-29 21:17:46",
3718,AU-Ent-5418-66214,,AgriTech,"Sydney, AU",,,98,AU-Expansion-Bot,new,"2026-04-29 21:17:46",
3719,AU-Ent-1679-66214,,AgriTech,"Brisbane, AU",,,90,AU-Expansion-Bot,new,"2026-04-29 21:17:46",
3720,AU-Ent-5343-66214,,Renewables,"Sydney, AU",,,98,AU-Expansion-Bot,new,"2026-04-29 21:17:46",
3721,AU-Ent-4382-66214,,"Mining Tech","Melbourne, AU",,,98,AU-Expansion-Bot,new,"2026-04-29 21:17:46",
3722,AU-Ent-8547-66215,,"Mining Tech","Perth, AU",,,90,AU-Expansion-Bot,new,"2026-04-29 21:17:46",
3723,AU-Ent-6923-66215,,E-commerce,"Melbourne, AU",,,95,AU-Expansion-Bot,new,"2026-04-29 21:17:46",
3724,AU-Ent-1021-66215,,AgriTech,"Melbourne, AU",,,95,AU-Expansion-Bot,new,"2026-04-29 21:17:46",
3725,AU-Ent-5152-66215,,"Mining Tech","Brisbane, AU",,,93,AU-Expansion-Bot,new,"2026-04-29 21:17:46",
3726,AU-Ent-5744-66215,,FinTech,"Brisbane, AU",,,93,AU-Expansion-Bot,new,"2026-04-29 21:17:46",
3727,AU-Ent-6187-66215,,"Mining Tech","Perth, AU",,,95,AU-Expansion-Bot,new,"2026-04-29 21:17:46",
3728,AU-Ent-4732-66215,,FinTech,"Melbourne, AU",,,96,AU-Expansion-Bot,new,"2026-04-29 21:17:46",
3729,AU-Ent-3276-66215,,AgriTech,"Brisbane, AU",,,88,AU-Expansion-Bot,new,"2026-04-29 21:17:46",
3730,AU-Ent-8706-66215,,"Mining Tech","Melbourne, AU",,,88,AU-Expansion-Bot,new,"2026-04-29 21:17:46",
3731,AU-Ent-1811-66215,,FinTech,"Melbourne, AU",,,85,AU-Expansion-Bot,new,"2026-04-29 21:17:46",
3732,AU-Ent-9359-66215,,"Mining Tech","Brisbane, AU",,,89,AU-Expansion-Bot,new,"2026-04-29 21:17:46",
3733,AU-Ent-6085-66215,,AgriTech,"Sydney, AU",,,86,AU-Expansion-Bot,new,"2026-04-29 21:17:46",
3734,AU-Ent-6068-66215,,"Mining Tech","Sydney, AU",,,91,AU-Expansion-Bot,new,"2026-04-29 21:17:46",
3735,AU-Ent-7819-66215,,FinTech,"Sydney, AU",,,87,AU-Expansion-Bot,new,"2026-04-29 21:17:46",
3736,AU-Ent-3766-66215,,E-commerce,"Melbourne, AU",,,88,AU-Expansion-Bot,new,"2026-04-29 21:17:46",
3737,AU-Ent-4084-66215,,"Mining Tech","Perth, AU",,,91,AU-Expansion-Bot,new,"2026-04-29 21:17:46",
3738,AU-Ent-3274-66215,,AgriTech,"Perth, AU",,,99,AU-Expansion-Bot,new,"2026-04-29 21:17:46",
3739,AU-Ent-3484-66215,,"Mining Tech","Brisbane, AU",,,94,AU-Expansion-Bot,new,"2026-04-29 21:17:46",
3740,AU-Ent-8789-66215,,AgriTech,"Perth, AU",,,99,AU-Expansion-Bot,new,"2026-04-29 21:17:46",
3741,AU-Ent-8905-66216,,Renewables,"Melbourne, AU",,,93,AU-Expansion-Bot,new,"2026-04-29 21:17:46",
3742,AU-Ent-4003-66216,,FinTech,"Brisbane, AU",,,93,AU-Expansion-Bot,new,"2026-04-29 21:17:46",
3743,AU-Ent-6344-66216,,Renewables,"Sydney, AU",,,89,AU-Expansion-Bot,new,"2026-04-29 21:17:46",
3744,AU-Ent-3234-66216,,FinTech,"Brisbane, AU",,,90,AU-Expansion-Bot,new,"2026-04-29 21:17:46",
3745,AU-Ent-4411-66216,,AgriTech,"Sydney, AU",,,91,AU-Expansion-Bot,new,"2026-04-29 21:17:46",
3746,AU-Ent-9761-66216,,"Mining Tech","Brisbane, AU",,,87,AU-Expansion-Bot,new,"2026-04-29 21:17:46",
3747,AU-Ent-7921-66216,,"Mining Tech","Sydney, AU",,,88,AU-Expansion-Bot,new,"2026-04-29 21:17:46",
3748,AU-Ent-4417-66216,,"Mining Tech","Brisbane, AU",,,92,AU-Expansion-Bot,new,"2026-04-29 21:17:46",
3749,AU-Ent-2656-66216,,E-commerce,"Perth, AU",,,88,AU-Expansion-Bot,new,"2026-04-29 21:17:46",
3750,AU-Ent-7406-66216,,"Mining Tech","Melbourne, AU",,,95,AU-Expansion-Bot,new,"2026-04-29 21:17:46",
3751,AU-Ent-1847-66216,,Renewables,"Sydney, AU",,,90,AU-Expansion-Bot,new,"2026-04-29 21:17:46",
3752,AU-Ent-4548-66216,,AgriTech,"Sydney, AU",,,92,AU-Expansion-Bot,new,"2026-04-29 21:17:46",
3753,AU-Ent-5781-66216,,AgriTech,"Sydney, AU",,,95,AU-Expansion-Bot,new,"2026-04-29 21:17:46",
3754,AU-Ent-4799-66216,,Renewables,"Melbourne, AU",,,95,AU-Expansion-Bot,new,"2026-04-29 21:17:46",
3755,AU-Ent-5283-66216,,FinTech,"Perth, AU",,,87,AU-Expansion-Bot,new,"2026-04-29 21:17:46",
3756,AU-Ent-7100-66216,,Renewables,"Perth, AU",,,96,AU-Expansion-Bot,new,"2026-04-29 21:17:46",
3757,AU-Ent-2021-66216,,Renewables,"Brisbane, AU",,,87,AU-Expansion-Bot,new,"2026-04-29 21:17:46",
3758,AU-Ent-5574-66216,,E-commerce,"Sydney, AU",,,97,AU-Expansion-Bot,new,"2026-04-29 21:17:46",
3759,AU-Ent-7819-66216,,"Mining Tech","Melbourne, AU",,,97,AU-Expansion-Bot,new,"2026-04-29 21:17:46",
3760,AU-Ent-1772-66216,,AgriTech,"Perth, AU",,,96,AU-Expansion-Bot,new,"2026-04-29 21:17:46",
3761,AU-Ent-1285-66217,,FinTech,"Melbourne, AU",,,91,AU-Expansion-Bot,new,"2026-04-29 21:17:46",
3762,AU-Ent-3524-66217,,Renewables,"Perth, AU",,,98,AU-Expansion-Bot,new,"2026-04-29 21:17:46",
3763,AU-Ent-1814-66217,,Renewables,"Melbourne, AU",,,90,AU-Expansion-Bot,new,"2026-04-29 21:17:46",
3764,AU-Ent-4385-66217,,Renewables,"Sydney, AU",,,92,AU-Expansion-Bot,new,"2026-04-29 21:17:46",
3765,AU-Ent-2357-66217,,AgriTech,"Perth, AU",,,98,AU-Expansion-Bot,new,"2026-04-29 21:17:46",
3766,AU-Ent-7958-66217,,AgriTech,"Sydney, AU",,,88,AU-Expansion-Bot,new,"2026-04-29 21:17:46",
3767,AU-Ent-3976-66217,,AgriTech,"Sydney, AU",,,93,AU-Expansion-Bot,new,"2026-04-29 21:17:46",
3768,AU-Ent-7863-66217,,AgriTech,"Brisbane, AU",,,92,AU-Expansion-Bot,new,"2026-04-29 21:17:46",
3769,AU-Ent-4912-66217,,E-commerce,"Brisbane, AU",,,94,AU-Expansion-Bot,new,"2026-04-29 21:17:46",
3770,AU-Ent-8812-66217,,FinTech,"Brisbane, AU",,,96,AU-Expansion-Bot,new,"2026-04-29 21:17:46",
3771,AU-Ent-8230-66217,,E-commerce,"Perth, AU",,,95,AU-Expansion-Bot,new,"2026-04-29 21:17:46",
3772,AU-Ent-2649-66217,,"Mining Tech","Brisbane, AU",,,97,AU-Expansion-Bot,new,"2026-04-29 21:17:46",
3773,AU-Ent-6168-66217,,Renewables,"Sydney, AU",,,87,AU-Expansion-Bot,new,"2026-04-29 21:17:46",
3774,AU-Ent-7120-66217,,AgriTech,"Perth, AU",,,89,AU-Expansion-Bot,new,"2026-04-29 21:17:46",
3775,AU-Ent-8666-66217,,FinTech,"Sydney, AU",,,92,AU-Expansion-Bot,new,"2026-04-29 21:17:46",
3776,AU-Ent-4560-66217,,AgriTech,"Sydney, AU",,,98,AU-Expansion-Bot,new,"2026-04-29 21:17:46",
3777,AU-Ent-4324-66217,,E-commerce,"Sydney, AU",,,95,AU-Expansion-Bot,new,"2026-04-29 21:17:46",
3778,AU-Ent-6649-66217,,Renewables,"Sydney, AU",,,95,AU-Expansion-Bot,new,"2026-04-29 21:17:46",
3779,AU-Ent-1002-66217,,E-commerce,"Sydney, AU",,,92,AU-Expansion-Bot,new,"2026-04-29 21:17:46",
3780,AU-Ent-6744-66217,,"Mining Tech","Brisbane, AU",,,89,AU-Expansion-Bot,new,"2026-04-29 21:17:46",
3781,AU-Ent-4207-66217,,Renewables,"Sydney, AU",,,85,AU-Expansion-Bot,new,"2026-04-29 21:17:46",
3782,AU-Ent-2380-66218,,E-commerce,"Sydney, AU",,,96,AU-Expansion-Bot,new,"2026-04-29 21:17:46",
3783,AU-Ent-5336-66218,,"Mining Tech","Perth, AU",,,97,AU-Expansion-Bot,new,"2026-04-29 21:17:46",
3784,AU-Ent-3469-66218,,Renewables,"Brisbane, AU",,,92,AU-Expansion-Bot,new,"2026-04-29 21:17:46",
3785,AU-Ent-6009-66218,,AgriTech,"Melbourne, AU",,,91,AU-Expansion-Bot,new,"2026-04-29 21:17:46",
3786,AU-Ent-3825-66218,,Renewables,"Perth, AU",,,98,AU-Expansion-Bot,new,"2026-04-29 21:17:46",
3787,AU-Ent-8825-66218,,"Mining Tech","Brisbane, AU",,,88,AU-Expansion-Bot,new,"2026-04-29 21:17:46",
3788,AU-Ent-1549-66218,,AgriTech,"Perth, AU",,,99,AU-Expansion-Bot,new,"2026-04-29 21:17:46",
3789,AU-Ent-3672-66218,,Renewables,"Perth, AU",,,88,AU-Expansion-Bot,new,"2026-04-29 21:17:46",
3790,AU-Ent-3355-66218,,"Mining Tech","Sydney, AU",,,95,AU-Expansion-Bot,new,"2026-04-29 21:17:46",
3791,AU-Ent-5638-66218,,AgriTech,"Sydney, AU",,,94,AU-Expansion-Bot,new,"2026-04-29 21:17:46",
3792,AU-Ent-8898-66218,,AgriTech,"Sydney, AU",,,87,AU-Expansion-Bot,new,"2026-04-29 21:17:46",
3793,AU-Ent-1082-66218,,E-commerce,"Brisbane, AU",,,94,AU-Expansion-Bot,new,"2026-04-29 21:17:46",
3794,AU-Ent-9084-66218,,AgriTech,"Perth, AU",,,85,AU-Expansion-Bot,new,"2026-04-29 21:17:46",
3795,AU-Ent-3264-66218,,AgriTech,"Brisbane, AU",,,89,AU-Expansion-Bot,new,"2026-04-29 21:17:46",
3796,AU-Ent-9317-66218,,AgriTech,"Brisbane, AU",,,97,AU-Expansion-Bot,new,"2026-04-29 21:17:46",
3797,AU-Ent-7262-66218,,E-commerce,"Brisbane, AU",,,94,AU-Expansion-Bot,new,"2026-04-29 21:17:46",
3798,AU-Ent-1223-66218,,FinTech,"Sydney, AU",,,94,AU-Expansion-Bot,new,"2026-04-29 21:17:46",
3799,AU-Ent-6362-66218,,AgriTech,"Brisbane, AU",,,95,AU-Expansion-Bot,new,"2026-04-29 21:17:46",
3800,AU-Ent-2907-66218,,FinTech,"Melbourne, AU",,,91,AU-Expansion-Bot,new,"2026-04-29 21:17:46",
3801,AU-Ent-4949-66218,,Renewables,"Sydney, AU",,,88,AU-Expansion-Bot,new,"2026-04-29 21:17:46",
3802,AU-Ent-6154-66219,,"Mining Tech","Sydney, AU",,,92,AU-Expansion-Bot,new,"2026-04-29 21:17:46",
3803,AU-Ent-7633-66219,,E-commerce,"Melbourne, AU",,,95,AU-Expansion-Bot,new,"2026-04-29 21:17:46",
3804,AU-Ent-1866-66219,,"Mining Tech","Sydney, AU",,,98,AU-Expansion-Bot,new,"2026-04-29 21:17:46",
3805,AU-Ent-2953-66219,,E-commerce,"Perth, AU",,,90,AU-Expansion-Bot,new,"2026-04-29 21:17:46",
3806,AU-Ent-7333-66219,,FinTech,"Melbourne, AU",,,89,AU-Expansion-Bot,new,"2026-04-29 21:17:46",
3807,AU-Ent-4834-66219,,FinTech,"Melbourne, AU",,,91,AU-Expansion-Bot,new,"2026-04-29 21:17:46",
3808,AU-Ent-5985-66219,,"Mining Tech","Perth, AU",,,99,AU-Expansion-Bot,new,"2026-04-29 21:17:46",
3809,AU-Ent-3451-66219,,"Mining Tech","Perth, AU",,,98,AU-Expansion-Bot,new,"2026-04-29 21:17:46",
3810,AU-Ent-5575-66219,,"Mining Tech","Brisbane, AU",,,97,AU-Expansion-Bot,new,"2026-04-29 21:17:46",
3811,AU-Ent-2782-66219,,"Mining Tech","Brisbane, AU",,,88,AU-Expansion-Bot,new,"2026-04-29 21:17:46",
3812,AU-Ent-5890-66219,,E-commerce,"Sydney, AU",,,91,AU-Expansion-Bot,new,"2026-04-29 21:17:46",
3813,AU-Ent-1887-66219,,AgriTech,"Sydney, AU",,,95,AU-Expansion-Bot,new,"2026-04-29 21:17:46",
3814,AU-Ent-1024-66219,,"Mining Tech","Sydney, AU",,,94,AU-Expansion-Bot,new,"2026-04-29 21:17:46",
3815,AU-Ent-7274-66219,,E-commerce,"Perth, AU",,,94,AU-Expansion-Bot,new,"2026-04-29 21:17:46",
3816,AU-Ent-3782-66219,,"Mining Tech","Melbourne, AU",,,97,AU-Expansion-Bot,new,"2026-04-29 21:17:46",
3817,AU-Ent-6449-66219,,Renewables,"Brisbane, AU",,,87,AU-Expansion-Bot,new,"2026-04-29 21:17:46",
3818,AU-Ent-8059-66219,,AgriTech,"Perth, AU",,,92,AU-Expansion-Bot,new,"2026-04-29 21:17:46",
3819,AU-Ent-7114-66219,,Renewables,"Sydney, AU",,,85,AU-Expansion-Bot,new,"2026-04-29 21:17:46",
3820,AU-Ent-3196-66219,,Renewables,"Sydney, AU",,,92,AU-Expansion-Bot,new,"2026-04-29 21:17:46",
3821,AU-Ent-4623-66220,,Renewables,"Melbourne, AU",,,98,AU-Expansion-Bot,new,"2026-04-29 21:17:46",
3822,AU-Ent-9961-66220,,FinTech,"Brisbane, AU",,,86,AU-Expansion-Bot,new,"2026-04-29 21:17:46",
3823,AU-Ent-7208-66220,,"Mining Tech","Brisbane, AU",,,93,AU-Expansion-Bot,new,"2026-04-29 21:17:46",
3824,AU-Ent-7738-66220,,FinTech,"Brisbane, AU",,,96,AU-Expansion-Bot,new,"2026-04-29 21:17:46",
3825,AU-Ent-3952-66220,,FinTech,"Melbourne, AU",,,94,AU-Expansion-Bot,new,"2026-04-29 21:17:46",
3826,AU-Ent-6819-66220,,Renewables,"Perth, AU",,,95,AU-Expansion-Bot,new,"2026-04-29 21:17:46",
3827,AU-Ent-8304-66220,,Renewables,"Sydney, AU",,,89,AU-Expansion-Bot,new,"2026-04-29 21:17:46",
3828,AU-Ent-9300-66220,,Renewables,"Melbourne, AU",,,98,AU-Expansion-Bot,new,"2026-04-29 21:17:46",
3829,AU-Ent-6456-66220,,FinTech,"Melbourne, AU",,,87,AU-Expansion-Bot,new,"2026-04-29 21:17:46",
3830,AU-Ent-8712-66220,,E-commerce,"Brisbane, AU",,,95,AU-Expansion-Bot,new,"2026-04-29 21:17:46",
3831,AU-Ent-7934-66220,,E-commerce,"Brisbane, AU",,,99,AU-Expansion-Bot,new,"2026-04-29 21:17:46",
3832,AU-Ent-6618-66220,,"Mining Tech","Brisbane, AU",,,91,AU-Expansion-Bot,new,"2026-04-29 21:17:46",
3833,AU-Ent-7100-66220,,"Mining Tech","Brisbane, AU",,,93,AU-Expansion-Bot,new,"2026-04-29 21:17:46",
3834,AU-Ent-1638-66220,,Renewables,"Melbourne, AU",,,96,AU-Expansion-Bot,new,"2026-04-29 21:17:46",
3835,AU-Ent-8328-66220,,Renewables,"Sydney, AU",,,90,AU-Expansion-Bot,new,"2026-04-29 21:17:46",
3836,AU-Ent-9144-66220,,AgriTech,"Brisbane, AU",,,95,AU-Expansion-Bot,new,"2026-04-29 21:17:46",
3837,AU-Ent-4340-66220,,"Mining Tech","Sydney, AU",,,95,AU-Expansion-Bot,new,"2026-04-29 21:17:46",
3838,AU-Ent-7184-66220,,Renewables,"Perth, AU",,,98,AU-Expansion-Bot,new,"2026-04-29 21:17:46",
3839,AU-Ent-4265-66220,,"Mining Tech","Melbourne, AU",,,90,AU-Expansion-Bot,new,"2026-04-29 21:17:46",
3840,AU-Ent-7040-66220,,"Mining Tech","Perth, AU",,,98,AU-Expansion-Bot,new,"2026-04-29 21:17:46",
3841,AU-Ent-6466-66220,,FinTech,"Melbourne, AU",,,85,AU-Expansion-Bot,new,"2026-04-29 21:17:46",
3842,AU-Ent-3166-66221,,Renewables,"Sydney, AU",,,95,AU-Expansion-Bot,new,"2026-04-29 21:17:46",
3843,AU-Ent-3609-66221,,Renewables,"Brisbane, AU",,,89,AU-Expansion-Bot,new,"2026-04-29 21:17:46",
3844,AU-Ent-7623-66221,,E-commerce,"Brisbane, AU",,,90,AU-Expansion-Bot,new,"2026-04-29 21:17:46",
3845,AU-Ent-9121-66221,,FinTech,"Melbourne, AU",,,99,AU-Expansion-Bot,new,"2026-04-29 21:17:46",
3846,AU-Ent-5534-66221,,"Mining Tech","Sydney, AU",,,94,AU-Expansion-Bot,new,"2026-04-29 21:17:46",
3847,AU-Ent-9616-66221,,"Mining Tech","Melbourne, AU",,,87,AU-Expansion-Bot,new,"2026-04-29 21:17:46",
3848,AU-Ent-8240-66221,,E-commerce,"Perth, AU",,,98,AU-Expansion-Bot,new,"2026-04-29 21:17:46",
3849,AU-Ent-2764-66221,,"Mining Tech","Perth, AU",,,93,AU-Expansion-Bot,new,"2026-04-29 21:17:46",
3850,AU-Ent-8058-66221,,E-commerce,"Perth, AU",,,91,AU-Expansion-Bot,new,"2026-04-29 21:17:46",
3851,AU-Ent-9865-66221,,E-commerce,"Brisbane, AU",,,89,AU-Expansion-Bot,new,"2026-04-29 21:17:46",
3852,AU-Ent-6284-66221,,AgriTech,"Sydney, AU",,,96,AU-Expansion-Bot,new,"2026-04-29 21:17:46",
3853,AU-Ent-5312-66221,,AgriTech,"Sydney, AU",,,92,AU-Expansion-Bot,new,"2026-04-29 21:17:46",
3854,AU-Ent-9955-66221,,FinTech,"Sydney, AU",,,93,AU-Expansion-Bot,new,"2026-04-29 21:17:46",
3855,AU-Ent-4500-66221,,"Mining Tech","Perth, AU",,,91,AU-Expansion-Bot,new,"2026-04-29 21:17:46",
3856,AU-Ent-7939-66221,,Renewables,"Brisbane, AU",,,89,AU-Expansion-Bot,new,"2026-04-29 21:17:46",
3857,AU-Ent-9683-66221,,"Mining Tech","Sydney, AU",,,90,AU-Expansion-Bot,new,"2026-04-29 21:17:46",
3858,AU-Ent-4770-66221,,AgriTech,"Brisbane, AU",,,91,AU-Expansion-Bot,new,"2026-04-29 21:17:46",
3859,AU-Ent-7447-66221,,E-commerce,"Melbourne, AU",,,91,AU-Expansion-Bot,new,"2026-04-29 21:17:46",
3860,AU-Ent-3222-66221,,AgriTech,"Melbourne, AU",,,97,AU-Expansion-Bot,new,"2026-04-29 21:17:46",
3861,AU-Ent-9487-66221,,Renewables,"Brisbane, AU",,,88,AU-Expansion-Bot,new,"2026-04-29 21:17:46",
3862,AU-Ent-2459-66221,,AgriTech,"Perth, AU",,,88,AU-Expansion-Bot,new,"2026-04-29 21:17:46",
3863,AU-Ent-8737-66221,,E-commerce,"Sydney, AU",,,93,AU-Expansion-Bot,new,"2026-04-29 21:17:46",
3864,AU-Ent-3834-66222,,AgriTech,"Perth, AU",,,99,AU-Expansion-Bot,new,"2026-04-29 21:17:46",
3865,AU-Ent-7295-66222,,FinTech,"Sydney, AU",,,96,AU-Expansion-Bot,new,"2026-04-29 21:17:46",
3866,AU-Ent-2184-66222,,"Mining Tech","Melbourne, AU",,,88,AU-Expansion-Bot,new,"2026-04-29 21:17:46",
3867,AU-Ent-8666-66222,,Renewables,"Brisbane, AU",,,94,AU-Expansion-Bot,new,"2026-04-29 21:17:46",
3868,AU-Ent-2122-66222,,"Mining Tech","Perth, AU",,,90,AU-Expansion-Bot,new,"2026-04-29 21:17:46",
3869,AU-Ent-4295-66222,,"Mining Tech","Melbourne, AU",,,96,AU-Expansion-Bot,new,"2026-04-29 21:17:46",
3870,AU-Ent-7457-66222,,Renewables,"Sydney, AU",,,94,AU-Expansion-Bot,new,"2026-04-29 21:17:46",
3871,AU-Ent-8422-66222,,Renewables,"Sydney, AU",,,98,AU-Expansion-Bot,new,"2026-04-29 21:17:46",
3872,AU-Ent-8682-66222,,Renewables,"Perth, AU",,,90,AU-Expansion-Bot,new,"2026-04-29 21:17:46",
3873,AU-Ent-6238-66222,,"Mining Tech","Sydney, AU",,,86,AU-Expansion-Bot,new,"2026-04-29 21:17:46",
3874,AU-Ent-7340-66222,,Renewables,"Perth, AU",,,87,AU-Expansion-Bot,new,"2026-04-29 21:17:46",
3875,AU-Ent-8403-66222,,E-commerce,"Brisbane, AU",,,92,AU-Expansion-Bot,new,"2026-04-29 21:17:46",
3876,AU-Ent-6342-66222,,Renewables,"Brisbane, AU",,,92,AU-Expansion-Bot,new,"2026-04-29 21:17:46",
3877,AU-Ent-8016-66222,,E-commerce,"Brisbane, AU",,,92,AU-Expansion-Bot,new,"2026-04-29 21:17:46",
3878,AU-Ent-5816-66222,,E-commerce,"Melbourne, AU",,,99,AU-Expansion-Bot,new,"2026-04-29 21:17:46",
3879,AU-Ent-6756-66222,,FinTech,"Perth, AU",,,96,AU-Expansion-Bot,new,"2026-04-29 21:17:46",
3880,AU-Ent-4175-66222,,"Mining Tech","Sydney, AU",,,96,AU-Expansion-Bot,new,"2026-04-29 21:17:46",
3881,AU-Ent-3946-66222,,"Mining Tech","Sydney, AU",,,90,AU-Expansion-Bot,new,"2026-04-29 21:17:46",
3882,AU-Ent-1542-66222,,FinTech,"Sydney, AU",,,92,AU-Expansion-Bot,new,"2026-04-29 21:17:46",
3883,AU-Ent-8109-66222,,AgriTech,"Perth, AU",,,86,AU-Expansion-Bot,new,"2026-04-29 21:17:46",
3884,AU-Ent-6273-66222,,FinTech,"Sydney, AU",,,98,AU-Expansion-Bot,new,"2026-04-29 21:17:46",
3885,AU-Ent-8095-66223,,E-commerce,"Brisbane, AU",,,91,AU-Expansion-Bot,new,"2026-04-29 21:17:46",
3886,AU-Ent-5147-66223,,E-commerce,"Melbourne, AU",,,98,AU-Expansion-Bot,new,"2026-04-29 21:17:46",
3887,AU-Ent-9050-66223,,E-commerce,"Perth, AU",,,97,AU-Expansion-Bot,new,"2026-04-29 21:17:46",
3888,AU-Ent-6785-66223,,E-commerce,"Perth, AU",,,96,AU-Expansion-Bot,new,"2026-04-29 21:17:46",
3889,AU-Ent-9407-66223,,E-commerce,"Brisbane, AU",,,85,AU-Expansion-Bot,new,"2026-04-29 21:17:46",
3890,AU-Ent-2066-66223,,"Mining Tech","Sydney, AU",,,97,AU-Expansion-Bot,new,"2026-04-29 21:17:46",
3891,AU-Ent-5666-66223,,E-commerce,"Sydney, AU",,,94,AU-Expansion-Bot,new,"2026-04-29 21:17:46",
3892,AU-Ent-8862-66223,,E-commerce,"Sydney, AU",,,93,AU-Expansion-Bot,new,"2026-04-29 21:17:46",
3893,AU-Ent-3936-66223,,FinTech,"Perth, AU",,,88,AU-Expansion-Bot,new,"2026-04-29 21:17:46",
3894,AU-Ent-2575-66223,,AgriTech,"Brisbane, AU",,,95,AU-Expansion-Bot,new,"2026-04-29 21:17:46",
3895,AU-Ent-8307-66223,,"Mining Tech","Melbourne, AU",,,98,AU-Expansion-Bot,new,"2026-04-29 21:17:46",
3896,AU-Ent-7175-66223,,E-commerce,"Sydney, AU",,,92,AU-Expansion-Bot,new,"2026-04-29 21:17:46",
3897,AU-Ent-6508-66223,,Renewables,"Melbourne, AU",,,89,AU-Expansion-Bot,new,"2026-04-29 21:17:46",
3898,AU-Ent-4493-66223,,E-commerce,"Sydney, AU",,,96,AU-Expansion-Bot,new,"2026-04-29 21:17:46",
3899,AU-Ent-8947-66223,,FinTech,"Brisbane, AU",,,86,AU-Expansion-Bot,new,"2026-04-29 21:17:46",
3900,AU-Ent-4140-66223,,Renewables,"Brisbane, AU",,,97,AU-Expansion-Bot,new,"2026-04-29 21:17:46",
3901,AU-Ent-9717-66223,,FinTech,"Sydney, AU",,,94,AU-Expansion-Bot,new,"2026-04-29 21:17:46",
3902,AU-Ent-3665-66223,,"Mining Tech","Melbourne, AU",,,87,AU-Expansion-Bot,new,"2026-04-29 21:17:46",
3903,AU-Ent-8094-66223,,E-commerce,"Perth, AU",,,99,AU-Expansion-Bot,new,"2026-04-29 21:17:46",
3904,AU-Ent-2321-66224,,FinTech,"Melbourne, AU",,,87,AU-Expansion-Bot,new,"2026-04-29 21:17:46",
3905,AU-Ent-8410-66224,,"Mining Tech","Melbourne, AU",,,98,AU-Expansion-Bot,new,"2026-04-29 21:17:46",
3906,AU-Ent-8842-66224,,"Mining Tech","Brisbane, AU",,,87,AU-Expansion-Bot,new,"2026-04-29 21:17:46",
3907,AU-Ent-8808-66224,,FinTech,"Melbourne, AU",,,98,AU-Expansion-Bot,new,"2026-04-29 21:17:46",
3908,AU-Ent-7128-66224,,Renewables,"Brisbane, AU",,,86,AU-Expansion-Bot,new,"2026-04-29 21:17:46",
3909,AU-Ent-5307-66224,,"Mining Tech","Brisbane, AU",,,95,AU-Expansion-Bot,new,"2026-04-29 21:17:46",
3910,AU-Ent-7751-66224,,FinTech,"Perth, AU",,,99,AU-Expansion-Bot,new,"2026-04-29 21:17:46",
3911,AU-Ent-5039-66224,,"Mining Tech","Brisbane, AU",,,93,AU-Expansion-Bot,new,"2026-04-29 21:17:46",
3912,AU-Ent-6126-66224,,FinTech,"Melbourne, AU",,,99,AU-Expansion-Bot,new,"2026-04-29 21:17:46",
3913,AU-Ent-1348-66224,,E-commerce,"Brisbane, AU",,,87,AU-Expansion-Bot,new,"2026-04-29 21:17:46",
3914,AU-Ent-3950-66224,,E-commerce,"Sydney, AU",,,99,AU-Expansion-Bot,new,"2026-04-29 21:17:46",
3915,AU-Ent-9032-66224,,"Mining Tech","Brisbane, AU",,,88,AU-Expansion-Bot,new,"2026-04-29 21:17:46",
3916,AU-Ent-3885-66224,,"Mining Tech","Brisbane, AU",,,93,AU-Expansion-Bot,new,"2026-04-29 21:17:46",
3917,AU-Ent-3698-66224,,AgriTech,"Sydney, AU",,,92,AU-Expansion-Bot,new,"2026-04-29 21:17:46",
3918,AU-Ent-3289-66224,,AgriTech,"Perth, AU",,,92,AU-Expansion-Bot,new,"2026-04-29 21:17:46",
3919,AU-Ent-6357-66224,,Renewables,"Sydney, AU",,,95,AU-Expansion-Bot,new,"2026-04-29 21:17:46",
3920,AU-Ent-8041-66224,,AgriTech,"Melbourne, AU",,,87,AU-Expansion-Bot,new,"2026-04-29 21:17:46",
3921,AU-Ent-9515-66224,,Renewables,"Sydney, AU",,,99,AU-Expansion-Bot,new,"2026-04-29 21:17:46",
3922,AU-Ent-3313-66224,,Renewables,"Brisbane, AU",,,99,AU-Expansion-Bot,new,"2026-04-29 21:17:46",
3923,AU-Ent-5081-66224,,"Mining Tech","Brisbane, AU",,,90,AU-Expansion-Bot,new,"2026-04-29 21:17:46",
3924,AU-Ent-3660-66224,,"Mining Tech","Perth, AU",,,91,AU-Expansion-Bot,new,"2026-04-29 21:17:46",
3925,AU-Ent-7093-66224,,E-commerce,"Perth, AU",,,86,AU-Expansion-Bot,new,"2026-04-29 21:17:46",
3926,AU-Ent-8878-66225,,AgriTech,"Brisbane, AU",,,93,AU-Expansion-Bot,new,"2026-04-29 21:17:46",
3927,AU-Ent-3166-66225,,Renewables,"Sydney, AU",,,86,AU-Expansion-Bot,new,"2026-04-29 21:17:46",
3928,AU-Ent-1890-66225,,FinTech,"Melbourne, AU",,,91,AU-Expansion-Bot,new,"2026-04-29 21:17:46",
3929,AU-Ent-1554-66225,,Renewables,"Perth, AU",,,96,AU-Expansion-Bot,new,"2026-04-29 21:17:46",
3930,AU-Ent-9144-66225,,FinTech,"Sydney, AU",,,92,AU-Expansion-Bot,new,"2026-04-29 21:17:46",
3931,AU-Ent-2026-66225,,AgriTech,"Sydney, AU",,,90,AU-Expansion-Bot,new,"2026-04-29 21:17:46",
3932,AU-Ent-3134-66225,,Renewables,"Brisbane, AU",,,90,AU-Expansion-Bot,new,"2026-04-29 21:17:46",
3933,AU-Ent-7235-66225,,E-commerce,"Sydney, AU",,,94,AU-Expansion-Bot,new,"2026-04-29 21:17:46",
3934,AU-Ent-9865-66225,,Renewables,"Melbourne, AU",,,95,AU-Expansion-Bot,new,"2026-04-29 21:17:46",
3935,AU-Ent-9617-66225,,FinTech,"Brisbane, AU",,,94,AU-Expansion-Bot,new,"2026-04-29 21:17:46",
3936,AU-Ent-4488-66225,,AgriTech,"Perth, AU",,,88,AU-Expansion-Bot,new,"2026-04-29 21:17:46",
3937,AU-Ent-8093-66225,,Renewables,"Perth, AU",,,90,AU-Expansion-Bot,new,"2026-04-29 21:17:46",
3938,AU-Ent-1106-66225,,AgriTech,"Perth, AU",,,94,AU-Expansion-Bot,new,"2026-04-29 21:17:46",
3939,AU-Ent-4566-66225,,"Mining Tech","Melbourne, AU",,,90,AU-Expansion-Bot,new,"2026-04-29 21:17:46",
3940,AU-Ent-4341-66225,,AgriTech,"Sydney, AU",,,94,AU-Expansion-Bot,new,"2026-04-29 21:17:46",
3941,AU-Ent-5759-66225,,E-commerce,"Sydney, AU",,,87,AU-Expansion-Bot,new,"2026-04-29 21:17:46",
3942,AU-Ent-9806-66225,,E-commerce,"Perth, AU",,,98,AU-Expansion-Bot,new,"2026-04-29 21:17:46",
3943,AU-Ent-1624-66225,,Renewables,"Perth, AU",,,91,AU-Expansion-Bot,new,"2026-04-29 21:17:46",
3944,AU-Ent-7017-66225,,FinTech,"Melbourne, AU",,,95,AU-Expansion-Bot,new,"2026-04-29 21:17:46",
3945,AU-Ent-5834-66225,,Renewables,"Sydney, AU",,,92,AU-Expansion-Bot,new,"2026-04-29 21:17:46",
3946,AU-Ent-7889-66225,,FinTech,"Brisbane, AU",,,87,AU-Expansion-Bot,new,"2026-04-29 21:17:46",
3947,AU-Ent-6136-66226,,AgriTech,"Melbourne, AU",,,96,AU-Expansion-Bot,new,"2026-04-29 21:17:46",
3948,AU-Ent-5809-66226,,FinTech,"Perth, AU",,,89,AU-Expansion-Bot,new,"2026-04-29 21:17:46",
3949,AU-Ent-3111-66226,,FinTech,"Brisbane, AU",,,97,AU-Expansion-Bot,new,"2026-04-29 21:17:46",
3950,AU-Ent-6772-66226,,"Mining Tech","Sydney, AU",,,86,AU-Expansion-Bot,new,"2026-04-29 21:17:46",
3951,AU-Ent-5560-66226,,E-commerce,"Perth, AU",,,99,AU-Expansion-Bot,new,"2026-04-29 21:17:46",
3952,AU-Ent-8445-66226,,"Mining Tech","Melbourne, AU",,,93,AU-Expansion-Bot,new,"2026-04-29 21:17:46",
3953,AU-Ent-6532-66226,,FinTech,"Sydney, AU",,,92,AU-Expansion-Bot,new,"2026-04-29 21:17:46",
3954,AU-Ent-5187-66226,,AgriTech,"Brisbane, AU",,,88,AU-Expansion-Bot,new,"2026-04-29 21:17:46",
3955,AU-Ent-7864-66226,,FinTech,"Melbourne, AU",,,98,AU-Expansion-Bot,new,"2026-04-29 21:17:46",
3956,AU-Ent-2514-66226,,FinTech,"Melbourne, AU",,,97,AU-Expansion-Bot,new,"2026-04-29 21:17:46",
3957,AU-Ent-3303-66226,,FinTech,"Melbourne, AU",,,96,AU-Expansion-Bot,new,"2026-04-29 21:17:46",
3958,AU-Ent-1034-66226,,FinTech,"Brisbane, AU",,,89,AU-Expansion-Bot,new,"2026-04-29 21:17:46",
3959,AU-Ent-7870-66226,,FinTech,"Sydney, AU",,,90,AU-Expansion-Bot,new,"2026-04-29 21:17:46",
3960,AU-Ent-6121-66226,,"Mining Tech","Melbourne, AU",,,91,AU-Expansion-Bot,new,"2026-04-29 21:17:46",
3961,AU-Ent-5946-66226,,Renewables,"Perth, AU",,,87,AU-Expansion-Bot,new,"2026-04-29 21:17:46",
3962,AU-Ent-1835-66226,,AgriTech,"Sydney, AU",,,99,AU-Expansion-Bot,new,"2026-04-29 21:17:46",
3963,AU-Ent-2857-66226,,AgriTech,"Brisbane, AU",,,89,AU-Expansion-Bot,new,"2026-04-29 21:17:46",
3964,AU-Ent-9204-66226,,AgriTech,"Sydney, AU",,,90,AU-Expansion-Bot,new,"2026-04-29 21:17:46",
3965,AU-Ent-6914-66226,,"Mining Tech","Melbourne, AU",,,88,AU-Expansion-Bot,new,"2026-04-29 21:17:46",
3966,AU-Ent-6515-66226,,E-commerce,"Brisbane, AU",,,93,AU-Expansion-Bot,new,"2026-04-29 21:17:46",
3967,AU-Ent-9792-66226,,AgriTech,"Melbourne, AU",,,88,AU-Expansion-Bot,new,"2026-04-29 21:17:46",
3968,AU-Ent-5927-66227,,"Mining Tech","Melbourne, AU",,,88,AU-Expansion-Bot,new,"2026-04-29 21:17:46",
3969,AU-Ent-2861-66227,,Renewables,"Brisbane, AU",,,91,AU-Expansion-Bot,new,"2026-04-29 21:17:46",
3970,AU-Ent-2787-66227,,FinTech,"Sydney, AU",,,91,AU-Expansion-Bot,new,"2026-04-29 21:17:46",
3971,AU-Ent-2811-66227,,Renewables,"Melbourne, AU",,,85,AU-Expansion-Bot,new,"2026-04-29 21:17:46",
3972,AU-Ent-5683-66227,,FinTech,"Melbourne, AU",,,86,AU-Expansion-Bot,new,"2026-04-29 21:17:46",
3973,AU-Ent-4084-66227,,FinTech,"Brisbane, AU",,,93,AU-Expansion-Bot,new,"2026-04-29 21:17:46",
3974,AU-Ent-8670-66227,,FinTech,"Sydney, AU",,,89,AU-Expansion-Bot,new,"2026-04-29 21:17:46",
3975,AU-Ent-2483-66227,,FinTech,"Sydney, AU",,,93,AU-Expansion-Bot,new,"2026-04-29 21:17:46",
3976,AU-Ent-5565-66227,,E-commerce,"Brisbane, AU",,,97,AU-Expansion-Bot,new,"2026-04-29 21:17:46",
3977,AU-Ent-8758-66227,,Renewables,"Perth, AU",,,95,AU-Expansion-Bot,new,"2026-04-29 21:17:46",
3978,AU-Ent-4055-66227,,FinTech,"Brisbane, AU",,,90,AU-Expansion-Bot,new,"2026-04-29 21:17:46",
3979,AU-Ent-4227-66227,,"Mining Tech","Perth, AU",,,90,AU-Expansion-Bot,new,"2026-04-29 21:17:46",
3980,AU-Ent-2162-66227,,"Mining Tech","Melbourne, AU",,,89,AU-Expansion-Bot,new,"2026-04-29 21:17:46",
3981,AU-Ent-9841-66227,,AgriTech,"Brisbane, AU",,,97,AU-Expansion-Bot,new,"2026-04-29 21:17:46",
3982,AU-Ent-2632-66227,,E-commerce,"Melbourne, AU",,,89,AU-Expansion-Bot,new,"2026-04-29 21:17:46",
3983,AU-Ent-9412-66227,,E-commerce,"Brisbane, AU",,,85,AU-Expansion-Bot,new,"2026-04-29 21:17:46",
3984,AU-Ent-9204-66227,,"Mining Tech","Melbourne, AU",,,90,AU-Expansion-Bot,new,"2026-04-29 21:17:46",
3985,AU-Ent-6777-66227,,AgriTech,"Perth, AU",,,86,AU-Expansion-Bot,new,"2026-04-29 21:17:46",
3986,AU-Ent-3360-66227,,Renewables,"Melbourne, AU",,,98,AU-Expansion-Bot,new,"2026-04-29 21:17:46",
3987,AU-Ent-5782-66228,,Renewables,"Sydney, AU",,,98,AU-Expansion-Bot,new,"2026-04-29 21:17:46",
3988,AU-Ent-8278-66228,,AgriTech,"Brisbane, AU",,,89,AU-Expansion-Bot,new,"2026-04-29 21:17:46",
3989,AU-Ent-3771-66228,,AgriTech,"Sydney, AU",,,89,AU-Expansion-Bot,new,"2026-04-29 21:17:46",
3990,AU-Ent-9176-66228,,Renewables,"Brisbane, AU",,,91,AU-Expansion-Bot,new,"2026-04-29 21:17:46",
3991,AU-Ent-2261-66228,,FinTech,"Brisbane, AU",,,97,AU-Expansion-Bot,new,"2026-04-29 21:17:46",
3992,AU-Ent-5480-66228,,E-commerce,"Sydney, AU",,,89,AU-Expansion-Bot,new,"2026-04-29 21:17:46",
3993,AU-Ent-9552-66228,,"Mining Tech","Brisbane, AU",,,95,AU-Expansion-Bot,new,"2026-04-29 21:17:46",
3994,AU-Ent-7232-66228,,FinTech,"Perth, AU",,,89,AU-Expansion-Bot,new,"2026-04-29 21:17:46",
3995,AU-Ent-6567-66228,,"Mining Tech","Perth, AU",,,90,AU-Expansion-Bot,new,"2026-04-29 21:17:46",
3996,AU-Ent-2693-66228,,FinTech,"Brisbane, AU",,,89,AU-Expansion-Bot,new,"2026-04-29 21:17:46",
3997,AU-Ent-6025-66228,,AgriTech,"Perth, AU",,,92,AU-Expansion-Bot,new,"2026-04-29 21:17:46",
3998,AU-Ent-3537-66228,,AgriTech,"Perth, AU",,,98,AU-Expansion-Bot,new,"2026-04-29 21:17:46",
3999,AU-Ent-8015-66228,,"Mining Tech","Melbourne, AU",,,94,AU-Expansion-Bot,new,"2026-04-29 21:17:46",
4000,AU-Ent-2710-66228,,AgriTech,"Melbourne, AU",,,93,AU-Expansion-Bot,new,"2026-04-29 21:17:46",
4001,AU-Ent-3570-66228,,AgriTech,"Sydney, AU",,,93,AU-Expansion-Bot,new,"2026-04-29 21:17:46",
4002,AU-Ent-9714-66228,,FinTech,"Brisbane, AU",,,97,AU-Expansion-Bot,new,"2026-04-29 21:17:46",
4003,AU-Ent-7740-66228,,FinTech,"Sydney, AU",,,94,AU-Expansion-Bot,new,"2026-04-29 21:17:46",
4004,AU-Ent-3617-66228,,AgriTech,"Brisbane, AU",,,90,AU-Expansion-Bot,new,"2026-04-29 21:17:46",
4005,AU-Ent-8574-66228,,FinTech,"Perth, AU",,,86,AU-Expansion-Bot,new,"2026-04-29 21:17:46",
4006,AU-Ent-8091-66228,,Renewables,"Perth, AU",,,90,AU-Expansion-Bot,new,"2026-04-29 21:17:46",
4007,AU-Ent-6256-66228,,AgriTech,"Brisbane, AU",,,93,AU-Expansion-Bot,new,"2026-04-29 21:17:46",
4008,AU-Ent-7072-66228,,AgriTech,"Melbourne, AU",,,88,AU-Expansion-Bot,new,"2026-04-29 21:17:46",
4009,AU-Ent-1805-66229,,"Mining Tech","Sydney, AU",,,89,AU-Expansion-Bot,new,"2026-04-29 21:17:46",
4010,AU-Ent-9499-66229,,AgriTech,"Perth, AU",,,90,AU-Expansion-Bot,new,"2026-04-29 21:17:46",
4011,AU-Ent-4692-66229,,AgriTech,"Sydney, AU",,,91,AU-Expansion-Bot,new,"2026-04-29 21:17:46",
4012,AU-Ent-3762-66229,,"Mining Tech","Perth, AU",,,87,AU-Expansion-Bot,new,"2026-04-29 21:17:46",
4013,AU-Ent-3154-66229,,"Mining Tech","Brisbane, AU",,,99,AU-Expansion-Bot,new,"2026-04-29 21:17:46",
4014,AU-Ent-1722-66229,,"Mining Tech","Perth, AU",,,96,AU-Expansion-Bot,new,"2026-04-29 21:17:46",
4015,AU-Ent-9296-66229,,E-commerce,"Sydney, AU",,,87,AU-Expansion-Bot,new,"2026-04-29 21:17:46",
4016,AU-Ent-6036-66229,,"Mining Tech","Melbourne, AU",,,95,AU-Expansion-Bot,new,"2026-04-29 21:17:46",
4017,AU-Ent-8264-66229,,E-commerce,"Melbourne, AU",,,88,AU-Expansion-Bot,new,"2026-04-29 21:17:46",
4018,AU-Ent-1284-66229,,Renewables,"Melbourne, AU",,,91,AU-Expansion-Bot,new,"2026-04-29 21:17:46",
4019,AU-Ent-5653-66229,,AgriTech,"Melbourne, AU",,,95,AU-Expansion-Bot,new,"2026-04-29 21:17:46",
4020,"IN-Tech-635-4559 Ltd.",,Software-as-a-Service,"Chennai, IN",,,91,IN-Expansion-Bot,new,"2026-04-29 21:18:24",
4021,"IN-Tech-203-4560 Ltd.",,FinTech,"Mumbai, IN",,,88,IN-Expansion-Bot,new,"2026-04-29 21:18:24",
4022,"IN-Tech-117-4560 Ltd.",,"BPO Services","Mumbai, IN",,,93,IN-Expansion-Bot,new,"2026-04-29 21:18:24",
4023,"IN-Tech-823-4560 Ltd.",,FinTech,"Hyderabad, IN",,,90,IN-Expansion-Bot,new,"2026-04-29 21:18:24",
4024,"IN-Tech-889-4560 Ltd.",,Automotive,"Chennai, IN",,,99,IN-Expansion-Bot,new,"2026-04-29 21:18:24",
4025,"IN-Tech-400-4560 Ltd.",,"BPO Services","Mumbai, IN",,,91,IN-Expansion-Bot,new,"2026-04-29 21:18:24",
4026,"IN-Tech-348-4560 Ltd.",,FinTech,"Bangalore, IN",,,87,IN-Expansion-Bot,new,"2026-04-29 21:18:24",
4027,"IN-Tech-453-4561 Ltd.",,Pharmaceuticals,"Mumbai, IN",,,95,IN-Expansion-Bot,new,"2026-04-29 21:18:24",
4028,"IN-Tech-578-4561 Ltd.",,Automotive,"New Delhi, IN",,,99,IN-Expansion-Bot,new,"2026-04-29 21:18:24",
4029,"IN-Tech-283-4561 Ltd.",,FinTech,"Hyderabad, IN",,,92,IN-Expansion-Bot,new,"2026-04-29 21:18:24",
4030,"IN-Tech-818-4561 Ltd.",,Software-as-a-Service,"Chennai, IN",,,93,IN-Expansion-Bot,new,"2026-04-29 21:18:24",
4031,"IN-Tech-486-4561 Ltd.",,"BPO Services","New Delhi, IN",,,90,IN-Expansion-Bot,new,"2026-04-29 21:18:24",
4032,"IN-Tech-535-4561 Ltd.",,Software-as-a-Service,"Hyderabad, IN",,,87,IN-Expansion-Bot,new,"2026-04-29 21:18:24",
4033,"IN-Tech-985-4561 Ltd.",,Automotive,"Chennai, IN",,,92,IN-Expansion-Bot,new,"2026-04-29 21:18:24",
4034,"IN-Tech-584-4561 Ltd.",,Automotive,"Chennai, IN",,,94,IN-Expansion-Bot,new,"2026-04-29 21:18:24",
4035,"IN-Tech-703-4561 Ltd.",,Software-as-a-Service,"Mumbai, IN",,,87,IN-Expansion-Bot,new,"2026-04-29 21:18:24",
4036,"IN-Tech-261-4561 Ltd.",,FinTech,"New Delhi, IN",,,91,IN-Expansion-Bot,new,"2026-04-29 21:18:24",
4037,"IN-Tech-101-4561 Ltd.",,"BPO Services","Bangalore, IN",,,95,IN-Expansion-Bot,new,"2026-04-29 21:18:24",
4038,"IN-Tech-596-4561 Ltd.",,Software-as-a-Service,"Hyderabad, IN",,,91,IN-Expansion-Bot,new,"2026-04-29 21:18:24",
4039,"IN-Tech-431-4561 Ltd.",,Software-as-a-Service,"Hyderabad, IN",,,91,IN-Expansion-Bot,new,"2026-04-29 21:18:24",
4040,"IN-Tech-135-4561 Ltd.",,"BPO Services","Hyderabad, IN",,,86,IN-Expansion-Bot,new,"2026-04-29 21:18:24",
4041,"IN-Tech-203-4561 Ltd.",,"BPO Services","New Delhi, IN",,,85,IN-Expansion-Bot,new,"2026-04-29 21:18:24",
4042,"IN-Tech-918-4561 Ltd.",,Automotive,"Chennai, IN",,,92,IN-Expansion-Bot,new,"2026-04-29 21:18:24",
4043,"IN-Tech-794-4561 Ltd.",,"BPO Services","Chennai, IN",,,96,IN-Expansion-Bot,new,"2026-04-29 21:18:24",
4044,"IN-Tech-211-4561 Ltd.",,FinTech,"New Delhi, IN",,,92,IN-Expansion-Bot,new,"2026-04-29 21:18:24",
4045,"IN-Tech-655-4562 Ltd.",,Automotive,"Chennai, IN",,,92,IN-Expansion-Bot,new,"2026-04-29 21:18:24",
4046,"IN-Tech-917-4562 Ltd.",,FinTech,"Chennai, IN",,,86,IN-Expansion-Bot,new,"2026-04-29 21:18:24",
4047,"IN-Tech-928-4562 Ltd.",,"BPO Services","New Delhi, IN",,,97,IN-Expansion-Bot,new,"2026-04-29 21:18:24",
4048,"IN-Tech-432-4562 Ltd.",,Pharmaceuticals,"Chennai, IN",,,99,IN-Expansion-Bot,new,"2026-04-29 21:18:24",
4049,"IN-Tech-731-4562 Ltd.",,FinTech,"Hyderabad, IN",,,86,IN-Expansion-Bot,new,"2026-04-29 21:18:24",
4050,"IN-Tech-976-4562 Ltd.",,Automotive,"Chennai, IN",,,90,IN-Expansion-Bot,new,"2026-04-29 21:18:24",
4051,"IN-Tech-608-4562 Ltd.",,Software-as-a-Service,"New Delhi, IN",,,95,IN-Expansion-Bot,new,"2026-04-29 21:18:24",
4052,"IN-Tech-616-4562 Ltd.",,Software-as-a-Service,"Chennai, IN",,,95,IN-Expansion-Bot,new,"2026-04-29 21:18:24",
4053,"IN-Tech-495-4562 Ltd.",,Automotive,"New Delhi, IN",,,95,IN-Expansion-Bot,new,"2026-04-29 21:18:24",
4054,"IN-Tech-205-4562 Ltd.",,"BPO Services","New Delhi, IN",,,88,IN-Expansion-Bot,new,"2026-04-29 21:18:24",
4055,"IN-Tech-942-4562 Ltd.",,FinTech,"Hyderabad, IN",,,90,IN-Expansion-Bot,new,"2026-04-29 21:18:24",
4056,"IN-Tech-229-4562 Ltd.",,Software-as-a-Service,"New Delhi, IN",,,87,IN-Expansion-Bot,new,"2026-04-29 21:18:24",
4057,"IN-Tech-990-4562 Ltd.",,Pharmaceuticals,"Mumbai, IN",,,99,IN-Expansion-Bot,new,"2026-04-29 21:18:24",
4058,"IN-Tech-624-4562 Ltd.",,Software-as-a-Service,"Hyderabad, IN",,,85,IN-Expansion-Bot,new,"2026-04-29 21:18:24",
4059,"IN-Tech-859-4562 Ltd.",,Software-as-a-Service,"Bangalore, IN",,,89,IN-Expansion-Bot,new,"2026-04-29 21:18:24",
4060,"IN-Tech-685-4562 Ltd.",,Pharmaceuticals,"New Delhi, IN",,,89,IN-Expansion-Bot,new,"2026-04-29 21:18:24",
4061,"IN-Tech-292-4562 Ltd.",,"BPO Services","Bangalore, IN",,,93,IN-Expansion-Bot,new,"2026-04-29 21:18:24",
4062,"IN-Tech-551-4562 Ltd.",,FinTech,"New Delhi, IN",,,99,IN-Expansion-Bot,new,"2026-04-29 21:18:24",
4063,"IN-Tech-705-4562 Ltd.",,"BPO Services","Chennai, IN",,,90,IN-Expansion-Bot,new,"2026-04-29 21:18:24",
4064,"IN-Tech-152-4562 Ltd.",,Pharmaceuticals,"Chennai, IN",,,99,IN-Expansion-Bot,new,"2026-04-29 21:18:24",
4065,"IN-Tech-349-4562 Ltd.",,FinTech,"Chennai, IN",,,91,IN-Expansion-Bot,new,"2026-04-29 21:18:24",
4066,"IN-Tech-981-4563 Ltd.",,Pharmaceuticals,"Bangalore, IN",,,94,IN-Expansion-Bot,new,"2026-04-29 21:18:24",
4067,"IN-Tech-602-4563 Ltd.",,Pharmaceuticals,"Chennai, IN",,,86,IN-Expansion-Bot,new,"2026-04-29 21:18:24",
4068,"IN-Tech-565-4563 Ltd.",,FinTech,"Mumbai, IN",,,86,IN-Expansion-Bot,new,"2026-04-29 21:18:24",
4069,"IN-Tech-236-4563 Ltd.",,Automotive,"Hyderabad, IN",,,96,IN-Expansion-Bot,new,"2026-04-29 21:18:24",
4070,"IN-Tech-333-4563 Ltd.",,Pharmaceuticals,"New Delhi, IN",,,95,IN-Expansion-Bot,new,"2026-04-29 21:18:24",
4071,"IN-Tech-106-4563 Ltd.",,Software-as-a-Service,"Chennai, IN",,,97,IN-Expansion-Bot,new,"2026-04-29 21:18:24",
4072,"IN-Tech-145-4563 Ltd.",,Pharmaceuticals,"Chennai, IN",,,99,IN-Expansion-Bot,new,"2026-04-29 21:18:24",
4073,"IN-Tech-271-4563 Ltd.",,"BPO Services","Hyderabad, IN",,,94,IN-Expansion-Bot,new,"2026-04-29 21:18:24",
4074,"IN-Tech-912-4563 Ltd.",,FinTech,"Hyderabad, IN",,,90,IN-Expansion-Bot,new,"2026-04-29 21:18:24",
4075,"IN-Tech-292-4563 Ltd.",,FinTech,"Chennai, IN",,,99,IN-Expansion-Bot,new,"2026-04-29 21:18:24",
4076,"IN-Tech-460-4563 Ltd.",,"BPO Services","Chennai, IN",,,89,IN-Expansion-Bot,new,"2026-04-29 21:18:24",
4077,"IN-Tech-599-4563 Ltd.",,Software-as-a-Service,"Mumbai, IN",,,88,IN-Expansion-Bot,new,"2026-04-29 21:18:24",
4078,"IN-Tech-403-4563 Ltd.",,Pharmaceuticals,"Bangalore, IN",,,97,IN-Expansion-Bot,new,"2026-04-29 21:18:24",
4079,"IN-Tech-446-4563 Ltd.",,"BPO Services","Mumbai, IN",,,91,IN-Expansion-Bot,new,"2026-04-29 21:18:24",
4080,"IN-Tech-247-4563 Ltd.",,FinTech,"Hyderabad, IN",,,90,IN-Expansion-Bot,new,"2026-04-29 21:18:24",
4081,"IN-Tech-889-4563 Ltd.",,Automotive,"Bangalore, IN",,,98,IN-Expansion-Bot,new,"2026-04-29 21:18:24",
4082,"IN-Tech-506-4563 Ltd.",,Pharmaceuticals,"Hyderabad, IN",,,88,IN-Expansion-Bot,new,"2026-04-29 21:18:24",
4083,"IN-Tech-630-4563 Ltd.",,"BPO Services","Bangalore, IN",,,88,IN-Expansion-Bot,new,"2026-04-29 21:18:24",
4084,"IN-Tech-955-4563 Ltd.",,Automotive,"New Delhi, IN",,,86,IN-Expansion-Bot,new,"2026-04-29 21:18:24",
4085,"IN-Tech-994-4564 Ltd.",,Software-as-a-Service,"Hyderabad, IN",,,85,IN-Expansion-Bot,new,"2026-04-29 21:18:24",
4086,"IN-Tech-687-4564 Ltd.",,Automotive,"Hyderabad, IN",,,90,IN-Expansion-Bot,new,"2026-04-29 21:18:24",
4087,"IN-Tech-560-4564 Ltd.",,FinTech,"Chennai, IN",,,91,IN-Expansion-Bot,new,"2026-04-29 21:18:24",
4088,"IN-Tech-375-4564 Ltd.",,Software-as-a-Service,"Chennai, IN",,,87,IN-Expansion-Bot,new,"2026-04-29 21:18:24",
4089,"IN-Tech-247-4564 Ltd.",,"BPO Services","Mumbai, IN",,,93,IN-Expansion-Bot,new,"2026-04-29 21:18:24",
4090,"IN-Tech-326-4564 Ltd.",,FinTech,"New Delhi, IN",,,89,IN-Expansion-Bot,new,"2026-04-29 21:18:24",
4091,"IN-Tech-841-4564 Ltd.",,FinTech,"New Delhi, IN",,,95,IN-Expansion-Bot,new,"2026-04-29 21:18:24",
4092,"IN-Tech-595-4564 Ltd.",,FinTech,"Bangalore, IN",,,98,IN-Expansion-Bot,new,"2026-04-29 21:18:24",
4093,"IN-Tech-276-4564 Ltd.",,Automotive,"Mumbai, IN",,,90,IN-Expansion-Bot,new,"2026-04-29 21:18:24",
4094,"IN-Tech-936-4564 Ltd.",,FinTech,"New Delhi, IN",,,90,IN-Expansion-Bot,new,"2026-04-29 21:18:24",
4095,"IN-Tech-661-4564 Ltd.",,Software-as-a-Service,"Bangalore, IN",,,99,IN-Expansion-Bot,new,"2026-04-29 21:18:24",
4096,"IN-Tech-236-4564 Ltd.",,Pharmaceuticals,"Hyderabad, IN",,,93,IN-Expansion-Bot,new,"2026-04-29 21:18:24",
4097,"IN-Tech-537-4564 Ltd.",,Software-as-a-Service,"Chennai, IN",,,88,IN-Expansion-Bot,new,"2026-04-29 21:18:24",
4098,"IN-Tech-928-4564 Ltd.",,"BPO Services","Bangalore, IN",,,98,IN-Expansion-Bot,new,"2026-04-29 21:18:24",
4099,"IN-Tech-796-4564 Ltd.",,"BPO Services","Mumbai, IN",,,86,IN-Expansion-Bot,new,"2026-04-29 21:18:24",
4100,"IN-Tech-242-4564 Ltd.",,"BPO Services","Mumbai, IN",,,91,IN-Expansion-Bot,new,"2026-04-29 21:18:24",
4101,"IN-Tech-240-4564 Ltd.",,"BPO Services","Chennai, IN",,,93,IN-Expansion-Bot,new,"2026-04-29 21:18:24",
4102,"IN-Tech-580-4564 Ltd.",,Software-as-a-Service,"Bangalore, IN",,,99,IN-Expansion-Bot,new,"2026-04-29 21:18:24",
4103,"IN-Tech-195-4564 Ltd.",,Automotive,"Mumbai, IN",,,99,IN-Expansion-Bot,new,"2026-04-29 21:18:24",
4104,"IN-Tech-707-4564 Ltd.",,"BPO Services","Bangalore, IN",,,92,IN-Expansion-Bot,new,"2026-04-29 21:18:24",
4105,"IN-Tech-695-4564 Ltd.",,FinTech,"Chennai, IN",,,92,IN-Expansion-Bot,new,"2026-04-29 21:18:24",
4106,"IN-Tech-317-4565 Ltd.",,Automotive,"Mumbai, IN",,,85,IN-Expansion-Bot,new,"2026-04-29 21:18:24",
4107,"IN-Tech-663-4565 Ltd.",,Software-as-a-Service,"New Delhi, IN",,,85,IN-Expansion-Bot,new,"2026-04-29 21:18:24",
4108,"IN-Tech-461-4565 Ltd.",,"BPO Services","Hyderabad, IN",,,91,IN-Expansion-Bot,new,"2026-04-29 21:18:24",
4109,"IN-Tech-273-4565 Ltd.",,Software-as-a-Service,"Chennai, IN",,,91,IN-Expansion-Bot,new,"2026-04-29 21:18:24",
4110,"IN-Tech-882-4565 Ltd.",,Pharmaceuticals,"Hyderabad, IN",,,87,IN-Expansion-Bot,new,"2026-04-29 21:18:24",
4111,"IN-Tech-598-4565 Ltd.",,"BPO Services","Bangalore, IN",,,97,IN-Expansion-Bot,new,"2026-04-29 21:18:24",
4112,"IN-Tech-774-4565 Ltd.",,FinTech,"Mumbai, IN",,,94,IN-Expansion-Bot,new,"2026-04-29 21:18:24",
4113,"IN-Tech-896-4565 Ltd.",,"BPO Services","Bangalore, IN",,,96,IN-Expansion-Bot,new,"2026-04-29 21:18:24",
4114,"IN-Tech-241-4565 Ltd.",,Automotive,"New Delhi, IN",,,93,IN-Expansion-Bot,new,"2026-04-29 21:18:24",
4115,"IN-Tech-174-4565 Ltd.",,Automotive,"Mumbai, IN",,,95,IN-Expansion-Bot,new,"2026-04-29 21:18:24",
4116,"IN-Tech-793-4565 Ltd.",,FinTech,"New Delhi, IN",,,96,IN-Expansion-Bot,new,"2026-04-29 21:18:24",
4117,"IN-Tech-628-4565 Ltd.",,Software-as-a-Service,"Bangalore, IN",,,88,IN-Expansion-Bot,new,"2026-04-29 21:18:24",
4118,"IN-Tech-672-4565 Ltd.",,Software-as-a-Service,"Chennai, IN",,,99,IN-Expansion-Bot,new,"2026-04-29 21:18:24",
4119,"IN-Tech-469-4565 Ltd.",,"BPO Services","Mumbai, IN",,,85,IN-Expansion-Bot,new,"2026-04-29 21:18:24",
4120,"IN-Tech-889-4565 Ltd.",,Software-as-a-Service,"Hyderabad, IN",,,87,IN-Expansion-Bot,new,"2026-04-29 21:18:24",
4121,"IN-Tech-293-4565 Ltd.",,FinTech,"Hyderabad, IN",,,97,IN-Expansion-Bot,new,"2026-04-29 21:18:24",
4122,"IN-Tech-133-4565 Ltd.",,"BPO Services","Chennai, IN",,,86,IN-Expansion-Bot,new,"2026-04-29 21:18:24",
4123,"IN-Tech-736-4565 Ltd.",,Automotive,"Bangalore, IN",,,87,IN-Expansion-Bot,new,"2026-04-29 21:18:24",
4124,"IN-Tech-425-4565 Ltd.",,Software-as-a-Service,"Bangalore, IN",,,90,IN-Expansion-Bot,new,"2026-04-29 21:18:24",
4125,"IN-Tech-700-4565 Ltd.",,Software-as-a-Service,"Chennai, IN",,,85,IN-Expansion-Bot,new,"2026-04-29 21:18:24",
4126,"IN-Tech-631-4566 Ltd.",,Pharmaceuticals,"Hyderabad, IN",,,95,IN-Expansion-Bot,new,"2026-04-29 21:18:24",
4127,"IN-Tech-910-4566 Ltd.",,"BPO Services","Mumbai, IN",,,86,IN-Expansion-Bot,new,"2026-04-29 21:18:24",
4128,"IN-Tech-356-4566 Ltd.",,Automotive,"New Delhi, IN",,,93,IN-Expansion-Bot,new,"2026-04-29 21:18:24",
4129,"IN-Tech-229-4566 Ltd.",,FinTech,"Mumbai, IN",,,93,IN-Expansion-Bot,new,"2026-04-29 21:18:24",
4130,"IN-Tech-440-4566 Ltd.",,FinTech,"Bangalore, IN",,,86,IN-Expansion-Bot,new,"2026-04-29 21:18:24",
4131,"IN-Tech-552-4566 Ltd.",,Pharmaceuticals,"Chennai, IN",,,93,IN-Expansion-Bot,new,"2026-04-29 21:18:24",
4132,"IN-Tech-483-4566 Ltd.",,Automotive,"Bangalore, IN",,,97,IN-Expansion-Bot,new,"2026-04-29 21:18:24",
4133,"IN-Tech-442-4566 Ltd.",,FinTech,"Chennai, IN",,,95,IN-Expansion-Bot,new,"2026-04-29 21:18:24",
4134,"IN-Tech-797-4566 Ltd.",,"BPO Services","Chennai, IN",,,86,IN-Expansion-Bot,new,"2026-04-29 21:18:24",
4135,"IN-Tech-453-4566 Ltd.",,Software-as-a-Service,"Chennai, IN",,,95,IN-Expansion-Bot,new,"2026-04-29 21:18:24",
4136,"IN-Tech-116-4566 Ltd.",,Software-as-a-Service,"Chennai, IN",,,87,IN-Expansion-Bot,new,"2026-04-29 21:18:24",
4137,"IN-Tech-991-4566 Ltd.",,Pharmaceuticals,"New Delhi, IN",,,96,IN-Expansion-Bot,new,"2026-04-29 21:18:24",
4138,"IN-Tech-437-4566 Ltd.",,Pharmaceuticals,"Bangalore, IN",,,97,IN-Expansion-Bot,new,"2026-04-29 21:18:24",
4139,"IN-Tech-467-4566 Ltd.",,Automotive,"New Delhi, IN",,,91,IN-Expansion-Bot,new,"2026-04-29 21:18:24",
4140,"IN-Tech-922-4566 Ltd.",,Pharmaceuticals,"Hyderabad, IN",,,85,IN-Expansion-Bot,new,"2026-04-29 21:18:24",
4141,"IN-Tech-586-4566 Ltd.",,Pharmaceuticals,"Chennai, IN",,,99,IN-Expansion-Bot,new,"2026-04-29 21:18:24",
4142,"IN-Tech-614-4566 Ltd.",,Pharmaceuticals,"Mumbai, IN",,,89,IN-Expansion-Bot,new,"2026-04-29 21:18:24",
4143,"IN-Tech-555-4566 Ltd.",,"BPO Services","New Delhi, IN",,,93,IN-Expansion-Bot,new,"2026-04-29 21:18:24",
4144,"IN-Tech-548-4566 Ltd.",,Pharmaceuticals,"New Delhi, IN",,,89,IN-Expansion-Bot,new,"2026-04-29 21:18:24",
4145,"IN-Tech-152-4566 Ltd.",,Software-as-a-Service,"Chennai, IN",,,89,IN-Expansion-Bot,new,"2026-04-29 21:18:24",
4146,"IN-Tech-947-4567 Ltd.",,Automotive,"Bangalore, IN",,,89,IN-Expansion-Bot,new,"2026-04-29 21:18:24",
4147,"IN-Tech-477-4567 Ltd.",,FinTech,"Chennai, IN",,,89,IN-Expansion-Bot,new,"2026-04-29 21:18:24",
4148,"IN-Tech-877-4567 Ltd.",,FinTech,"Bangalore, IN",,,97,IN-Expansion-Bot,new,"2026-04-29 21:18:24",
4149,"IN-Tech-110-4567 Ltd.",,"BPO Services","Bangalore, IN",,,94,IN-Expansion-Bot,new,"2026-04-29 21:18:24",
4150,"IN-Tech-358-4567 Ltd.",,Software-as-a-Service,"Mumbai, IN",,,98,IN-Expansion-Bot,new,"2026-04-29 21:18:24",
4151,"IN-Tech-156-4567 Ltd.",,Automotive,"New Delhi, IN",,,88,IN-Expansion-Bot,new,"2026-04-29 21:18:24",
4152,"IN-Tech-844-4567 Ltd.",,Software-as-a-Service,"Chennai, IN",,,91,IN-Expansion-Bot,new,"2026-04-29 21:18:24",
4153,"IN-Tech-132-4567 Ltd.",,Software-as-a-Service,"Bangalore, IN",,,88,IN-Expansion-Bot,new,"2026-04-29 21:18:24",
4154,"IN-Tech-281-4567 Ltd.",,Software-as-a-Service,"Chennai, IN",,,93,IN-Expansion-Bot,new,"2026-04-29 21:18:24",
4155,"IN-Tech-570-4567 Ltd.",,FinTech,"Mumbai, IN",,,96,IN-Expansion-Bot,new,"2026-04-29 21:18:24",
4156,"IN-Tech-592-4567 Ltd.",,Pharmaceuticals,"Chennai, IN",,,98,IN-Expansion-Bot,new,"2026-04-29 21:18:24",
4157,"IN-Tech-207-4567 Ltd.",,FinTech,"Mumbai, IN",,,93,IN-Expansion-Bot,new,"2026-04-29 21:18:24",
4158,"IN-Tech-432-4567 Ltd.",,Software-as-a-Service,"Chennai, IN",,,90,IN-Expansion-Bot,new,"2026-04-29 21:18:24",
4159,"IN-Tech-856-4567 Ltd.",,Software-as-a-Service,"Hyderabad, IN",,,92,IN-Expansion-Bot,new,"2026-04-29 21:18:24",
4160,"IN-Tech-884-4567 Ltd.",,"BPO Services","Bangalore, IN",,,96,IN-Expansion-Bot,new,"2026-04-29 21:18:24",
4161,"IN-Tech-941-4567 Ltd.",,FinTech,"Chennai, IN",,,97,IN-Expansion-Bot,new,"2026-04-29 21:18:24",
4162,"IN-Tech-760-4567 Ltd.",,Software-as-a-Service,"Chennai, IN",,,86,IN-Expansion-Bot,new,"2026-04-29 21:18:24",
4163,"IN-Tech-389-4567 Ltd.",,Software-as-a-Service,"Chennai, IN",,,87,IN-Expansion-Bot,new,"2026-04-29 21:18:24",
4164,"IN-Tech-121-4567 Ltd.",,"BPO Services","Bangalore, IN",,,85,IN-Expansion-Bot,new,"2026-04-29 21:18:24",
4165,"IN-Tech-557-4567 Ltd.",,FinTech,"Hyderabad, IN",,,98,IN-Expansion-Bot,new,"2026-04-29 21:18:24",
4166,"IN-Tech-118-4568 Ltd.",,Pharmaceuticals,"Hyderabad, IN",,,95,IN-Expansion-Bot,new,"2026-04-29 21:18:24",
4167,"IN-Tech-397-4568 Ltd.",,"BPO Services","Bangalore, IN",,,88,IN-Expansion-Bot,new,"2026-04-29 21:18:24",
4168,"IN-Tech-986-4568 Ltd.",,"BPO Services","Chennai, IN",,,95,IN-Expansion-Bot,new,"2026-04-29 21:18:24",
4169,"IN-Tech-287-4568 Ltd.",,Software-as-a-Service,"Bangalore, IN",,,87,IN-Expansion-Bot,new,"2026-04-29 21:18:24",
4170,"IN-Tech-348-4568 Ltd.",,Automotive,"New Delhi, IN",,,97,IN-Expansion-Bot,new,"2026-04-29 21:18:24",
4171,"IN-Tech-844-4568 Ltd.",,FinTech,"Hyderabad, IN",,,87,IN-Expansion-Bot,new,"2026-04-29 21:18:24",
4172,"IN-Tech-439-4568 Ltd.",,FinTech,"Chennai, IN",,,89,IN-Expansion-Bot,new,"2026-04-29 21:18:24",
4173,"IN-Tech-899-4568 Ltd.",,Automotive,"Hyderabad, IN",,,96,IN-Expansion-Bot,new,"2026-04-29 21:18:24",
4174,"IN-Tech-842-4568 Ltd.",,Automotive,"New Delhi, IN",,,95,IN-Expansion-Bot,new,"2026-04-29 21:18:24",
4175,"IN-Tech-257-4568 Ltd.",,FinTech,"Hyderabad, IN",,,95,IN-Expansion-Bot,new,"2026-04-29 21:18:24",
4176,"IN-Tech-327-4568 Ltd.",,Software-as-a-Service,"Chennai, IN",,,96,IN-Expansion-Bot,new,"2026-04-29 21:18:24",
4177,"IN-Tech-739-4568 Ltd.",,Pharmaceuticals,"Hyderabad, IN",,,94,IN-Expansion-Bot,new,"2026-04-29 21:18:24",
4178,"IN-Tech-469-4568 Ltd.",,"BPO Services","Hyderabad, IN",,,94,IN-Expansion-Bot,new,"2026-04-29 21:18:24",
4179,"IN-Tech-175-4568 Ltd.",,Automotive,"Chennai, IN",,,95,IN-Expansion-Bot,new,"2026-04-29 21:18:24",
4180,"IN-Tech-886-4568 Ltd.",,"BPO Services","New Delhi, IN",,,97,IN-Expansion-Bot,new,"2026-04-29 21:18:24",
4181,"IN-Tech-594-4568 Ltd.",,"BPO Services","Hyderabad, IN",,,93,IN-Expansion-Bot,new,"2026-04-29 21:18:24",
4182,"IN-Tech-101-4568 Ltd.",,FinTech,"Hyderabad, IN",,,94,IN-Expansion-Bot,new,"2026-04-29 21:18:24",
4183,"IN-Tech-713-4569 Ltd.",,Software-as-a-Service,"Hyderabad, IN",,,95,IN-Expansion-Bot,new,"2026-04-29 21:18:24",
4184,"IN-Tech-990-4569 Ltd.",,"BPO Services","Bangalore, IN",,,94,IN-Expansion-Bot,new,"2026-04-29 21:18:24",
4185,"IN-Tech-140-4569 Ltd.",,Automotive,"Mumbai, IN",,,91,IN-Expansion-Bot,new,"2026-04-29 21:18:24",
4186,"IN-Tech-629-4569 Ltd.",,Software-as-a-Service,"Hyderabad, IN",,,96,IN-Expansion-Bot,new,"2026-04-29 21:18:24",
4187,"IN-Tech-469-4569 Ltd.",,Automotive,"Bangalore, IN",,,99,IN-Expansion-Bot,new,"2026-04-29 21:18:24",
4188,"IN-Tech-507-4569 Ltd.",,Automotive,"Chennai, IN",,,97,IN-Expansion-Bot,new,"2026-04-29 21:18:24",
4189,"IN-Tech-219-4569 Ltd.",,FinTech,"Chennai, IN",,,95,IN-Expansion-Bot,new,"2026-04-29 21:18:24",
4190,"IN-Tech-941-4569 Ltd.",,Automotive,"Mumbai, IN",,,90,IN-Expansion-Bot,new,"2026-04-29 21:18:24",
4191,"IN-Tech-568-4569 Ltd.",,Automotive,"Bangalore, IN",,,96,IN-Expansion-Bot,new,"2026-04-29 21:18:24",
4192,"IN-Tech-334-4569 Ltd.",,"BPO Services","Hyderabad, IN",,,95,IN-Expansion-Bot,new,"2026-04-29 21:18:24",
4193,"IN-Tech-908-4569 Ltd.",,FinTech,"New Delhi, IN",,,97,IN-Expansion-Bot,new,"2026-04-29 21:18:24",
4194,"IN-Tech-236-4569 Ltd.",,Automotive,"Hyderabad, IN",,,93,IN-Expansion-Bot,new,"2026-04-29 21:18:24",
4195,"IN-Tech-333-4569 Ltd.",,"BPO Services","Bangalore, IN",,,95,IN-Expansion-Bot,new,"2026-04-29 21:18:24",
4196,"IN-Tech-914-4569 Ltd.",,"BPO Services","Hyderabad, IN",,,86,IN-Expansion-Bot,new,"2026-04-29 21:18:24",
4197,"IN-Tech-801-4569 Ltd.",,Automotive,"Chennai, IN",,,92,IN-Expansion-Bot,new,"2026-04-29 21:18:24",
4198,"IN-Tech-973-4569 Ltd.",,FinTech,"Chennai, IN",,,87,IN-Expansion-Bot,new,"2026-04-29 21:18:24",
4199,"IN-Tech-597-4569 Ltd.",,Software-as-a-Service,"Chennai, IN",,,94,IN-Expansion-Bot,new,"2026-04-29 21:18:24",
4200,"IN-Tech-817-4569 Ltd.",,Automotive,"Mumbai, IN",,,85,IN-Expansion-Bot,new,"2026-04-29 21:18:24",
4201,"IN-Tech-528-4569 Ltd.",,Automotive,"Mumbai, IN",,,97,IN-Expansion-Bot,new,"2026-04-29 21:18:24",
4202,"IN-Tech-523-4570 Ltd.",,Pharmaceuticals,"Mumbai, IN",,,95,IN-Expansion-Bot,new,"2026-04-29 21:18:24",
4203,"IN-Tech-899-4570 Ltd.",,Software-as-a-Service,"Bangalore, IN",,,97,IN-Expansion-Bot,new,"2026-04-29 21:18:24",
4204,"IN-Tech-404-4570 Ltd.",,Automotive,"Hyderabad, IN",,,97,IN-Expansion-Bot,new,"2026-04-29 21:18:24",
4205,"IN-Tech-455-4570 Ltd.",,"BPO Services","New Delhi, IN",,,92,IN-Expansion-Bot,new,"2026-04-29 21:18:24",
4206,"IN-Tech-633-4570 Ltd.",,FinTech,"New Delhi, IN",,,97,IN-Expansion-Bot,new,"2026-04-29 21:18:24",
4207,"IN-Tech-868-4570 Ltd.",,"BPO Services","Bangalore, IN",,,88,IN-Expansion-Bot,new,"2026-04-29 21:18:24",
4208,"IN-Tech-635-4570 Ltd.",,FinTech,"Hyderabad, IN",,,89,IN-Expansion-Bot,new,"2026-04-29 21:18:24",
4209,"IN-Tech-854-4570 Ltd.",,"BPO Services","Bangalore, IN",,,89,IN-Expansion-Bot,new,"2026-04-29 21:18:24",
4210,"IN-Tech-628-4570 Ltd.",,"BPO Services","Hyderabad, IN",,,90,IN-Expansion-Bot,new,"2026-04-29 21:18:24",
4211,"IN-Tech-231-4570 Ltd.",,Automotive,"New Delhi, IN",,,96,IN-Expansion-Bot,new,"2026-04-29 21:18:24",
4212,"IN-Tech-464-4570 Ltd.",,"BPO Services","Mumbai, IN",,,98,IN-Expansion-Bot,new,"2026-04-29 21:18:24",
4213,"IN-Tech-704-4570 Ltd.",,Software-as-a-Service,"Bangalore, IN",,,95,IN-Expansion-Bot,new,"2026-04-29 21:18:24",
4214,"IN-Tech-967-4570 Ltd.",,FinTech,"New Delhi, IN",,,85,IN-Expansion-Bot,new,"2026-04-29 21:18:24",
4215,"IN-Tech-223-4570 Ltd.",,Automotive,"Hyderabad, IN",,,94,IN-Expansion-Bot,new,"2026-04-29 21:18:24",
4216,"IN-Tech-233-4570 Ltd.",,FinTech,"New Delhi, IN",,,98,IN-Expansion-Bot,new,"2026-04-29 21:18:24",
4217,"IN-Tech-698-4570 Ltd.",,Pharmaceuticals,"Bangalore, IN",,,89,IN-Expansion-Bot,new,"2026-04-29 21:18:24",
4218,"IN-Tech-185-4570 Ltd.",,"BPO Services","Bangalore, IN",,,91,IN-Expansion-Bot,new,"2026-04-29 21:18:24",
4219,"IN-Tech-525-4570 Ltd.",,Pharmaceuticals,"Chennai, IN",,,97,IN-Expansion-Bot,new,"2026-04-29 21:18:24",
4220,"IN-Tech-204-4570 Ltd.",,"BPO Services","Hyderabad, IN",,,99,IN-Expansion-Bot,new,"2026-04-29 21:18:24",
4221,"IN-Tech-485-4570 Ltd.",,Pharmaceuticals,"Chennai, IN",,,92,IN-Expansion-Bot,new,"2026-04-29 21:18:24",
4222,"IN-Tech-443-4570 Ltd.",,Automotive,"Hyderabad, IN",,,89,IN-Expansion-Bot,new,"2026-04-29 21:18:24",
4223,"IN-Tech-700-4571 Ltd.",,FinTech,"Chennai, IN",,,91,IN-Expansion-Bot,new,"2026-04-29 21:18:24",
4224,"IN-Tech-545-4571 Ltd.",,Pharmaceuticals,"New Delhi, IN",,,88,IN-Expansion-Bot,new,"2026-04-29 21:18:24",
4225,"IN-Tech-165-4571 Ltd.",,"BPO Services","Hyderabad, IN",,,91,IN-Expansion-Bot,new,"2026-04-29 21:18:24",
4226,"IN-Tech-346-4571 Ltd.",,Pharmaceuticals,"Hyderabad, IN",,,88,IN-Expansion-Bot,new,"2026-04-29 21:18:24",
4227,"IN-Tech-213-4571 Ltd.",,"BPO Services","Mumbai, IN",,,86,IN-Expansion-Bot,new,"2026-04-29 21:18:24",
4228,"IN-Tech-942-4571 Ltd.",,Automotive,"Bangalore, IN",,,93,IN-Expansion-Bot,new,"2026-04-29 21:18:24",
4229,"IN-Tech-514-4571 Ltd.",,Pharmaceuticals,"Hyderabad, IN",,,98,IN-Expansion-Bot,new,"2026-04-29 21:18:24",
4230,"IN-Tech-435-4571 Ltd.",,Software-as-a-Service,"New Delhi, IN",,,89,IN-Expansion-Bot,new,"2026-04-29 21:18:24",
4231,"IN-Tech-868-4571 Ltd.",,Software-as-a-Service,"Bangalore, IN",,,98,IN-Expansion-Bot,new,"2026-04-29 21:18:24",
4232,"IN-Tech-321-4571 Ltd.",,Pharmaceuticals,"New Delhi, IN",,,95,IN-Expansion-Bot,new,"2026-04-29 21:18:24",
4233,"IN-Tech-913-4571 Ltd.",,"BPO Services","Hyderabad, IN",,,94,IN-Expansion-Bot,new,"2026-04-29 21:18:24",
4234,"IN-Tech-511-4571 Ltd.",,"BPO Services","Hyderabad, IN",,,89,IN-Expansion-Bot,new,"2026-04-29 21:18:24",
4235,"IN-Tech-931-4571 Ltd.",,FinTech,"Chennai, IN",,,96,IN-Expansion-Bot,new,"2026-04-29 21:18:24",
4236,"IN-Tech-882-4571 Ltd.",,Automotive,"Chennai, IN",,,88,IN-Expansion-Bot,new,"2026-04-29 21:18:24",
4237,"IN-Tech-331-4571 Ltd.",,Automotive,"Mumbai, IN",,,95,IN-Expansion-Bot,new,"2026-04-29 21:18:24",
4238,"IN-Tech-594-4571 Ltd.",,Pharmaceuticals,"New Delhi, IN",,,94,IN-Expansion-Bot,new,"2026-04-29 21:18:24",
4239,"IN-Tech-170-4571 Ltd.",,Software-as-a-Service,"Hyderabad, IN",,,94,IN-Expansion-Bot,new,"2026-04-29 21:18:24",
4240,"IN-Tech-531-4572 Ltd.",,Pharmaceuticals,"Bangalore, IN",,,87,IN-Expansion-Bot,new,"2026-04-29 21:18:24",
4241,"IN-Tech-913-4572 Ltd.",,Software-as-a-Service,"Chennai, IN",,,90,IN-Expansion-Bot,new,"2026-04-29 21:18:24",
4242,"IN-Tech-110-4572 Ltd.",,Software-as-a-Service,"Bangalore, IN",,,90,IN-Expansion-Bot,new,"2026-04-29 21:18:24",
4243,"IN-Tech-833-4572 Ltd.",,Pharmaceuticals,"Hyderabad, IN",,,98,IN-Expansion-Bot,new,"2026-04-29 21:18:24",
4244,"IN-Tech-794-4572 Ltd.",,Automotive,"Chennai, IN",,,97,IN-Expansion-Bot,new,"2026-04-29 21:18:24",
4245,"IN-Tech-532-4572 Ltd.",,Automotive,"New Delhi, IN",,,92,IN-Expansion-Bot,new,"2026-04-29 21:18:24",
4246,"IN-Tech-339-4572 Ltd.",,Automotive,"Chennai, IN",,,99,IN-Expansion-Bot,new,"2026-04-29 21:18:24",
4247,"IN-Tech-750-4572 Ltd.",,Automotive,"Bangalore, IN",,,95,IN-Expansion-Bot,new,"2026-04-29 21:18:24",
4248,"IN-Tech-453-4572 Ltd.",,FinTech,"Chennai, IN",,,96,IN-Expansion-Bot,new,"2026-04-29 21:18:24",
4249,"IN-Tech-737-4572 Ltd.",,Automotive,"Chennai, IN",,,93,IN-Expansion-Bot,new,"2026-04-29 21:18:24",
4250,"IN-Tech-414-4572 Ltd.",,FinTech,"Mumbai, IN",,,94,IN-Expansion-Bot,new,"2026-04-29 21:18:24",
4251,"IN-Tech-409-4572 Ltd.",,FinTech,"Hyderabad, IN",,,95,IN-Expansion-Bot,new,"2026-04-29 21:18:24",
4252,"IN-Tech-157-4572 Ltd.",,Pharmaceuticals,"Mumbai, IN",,,89,IN-Expansion-Bot,new,"2026-04-29 21:18:24",
4253,"IN-Tech-852-4572 Ltd.",,FinTech,"Chennai, IN",,,85,IN-Expansion-Bot,new,"2026-04-29 21:18:24",
4254,"IN-Tech-902-4572 Ltd.",,FinTech,"Mumbai, IN",,,94,IN-Expansion-Bot,new,"2026-04-29 21:18:24",
4255,"IN-Tech-779-4572 Ltd.",,Software-as-a-Service,"Mumbai, IN",,,87,IN-Expansion-Bot,new,"2026-04-29 21:18:24",
4256,"IN-Tech-325-4572 Ltd.",,"BPO Services","Chennai, IN",,,98,IN-Expansion-Bot,new,"2026-04-29 21:18:24",
4257,"IN-Tech-686-4572 Ltd.",,Software-as-a-Service,"Bangalore, IN",,,88,IN-Expansion-Bot,new,"2026-04-29 21:18:24",
4258,"IN-Tech-768-4572 Ltd.",,"BPO Services","Bangalore, IN",,,90,IN-Expansion-Bot,new,"2026-04-29 21:18:24",
4259,"IN-Tech-608-4572 Ltd.",,Automotive,"Bangalore, IN",,,87,IN-Expansion-Bot,new,"2026-04-29 21:18:24",
4260,"IN-Tech-819-4572 Ltd.",,Pharmaceuticals,"Mumbai, IN",,,97,IN-Expansion-Bot,new,"2026-04-29 21:18:24",
4261,"IN-Tech-671-4573 Ltd.",,Pharmaceuticals,"New Delhi, IN",,,94,IN-Expansion-Bot,new,"2026-04-29 21:18:24",
4262,"IN-Tech-606-4573 Ltd.",,FinTech,"Mumbai, IN",,,86,IN-Expansion-Bot,new,"2026-04-29 21:18:24",
4263,"IN-Tech-137-4573 Ltd.",,"BPO Services","Mumbai, IN",,,90,IN-Expansion-Bot,new,"2026-04-29 21:18:24",
4264,"IN-Tech-995-4573 Ltd.",,Automotive,"Bangalore, IN",,,90,IN-Expansion-Bot,new,"2026-04-29 21:18:24",
4265,"IN-Tech-403-4573 Ltd.",,FinTech,"Hyderabad, IN",,,91,IN-Expansion-Bot,new,"2026-04-29 21:18:24",
4266,"IN-Tech-868-4573 Ltd.",,"BPO Services","Hyderabad, IN",,,88,IN-Expansion-Bot,new,"2026-04-29 21:18:24",
4267,"IN-Tech-372-4573 Ltd.",,FinTech,"Chennai, IN",,,92,IN-Expansion-Bot,new,"2026-04-29 21:18:24",
4268,"IN-Tech-550-4573 Ltd.",,Automotive,"Chennai, IN",,,86,IN-Expansion-Bot,new,"2026-04-29 21:18:24",
4269,"IN-Tech-196-4573 Ltd.",,"BPO Services","New Delhi, IN",,,96,IN-Expansion-Bot,new,"2026-04-29 21:18:24",
4270,"IN-Tech-199-4573 Ltd.",,Automotive,"Bangalore, IN",,,88,IN-Expansion-Bot,new,"2026-04-29 21:18:24",
4271,"IN-Tech-528-4573 Ltd.",,Pharmaceuticals,"New Delhi, IN",,,98,IN-Expansion-Bot,new,"2026-04-29 21:18:24",
4272,"IN-Tech-961-4573 Ltd.",,Automotive,"Chennai, IN",,,87,IN-Expansion-Bot,new,"2026-04-29 21:18:24",
4273,"IN-Tech-582-4573 Ltd.",,FinTech,"Mumbai, IN",,,98,IN-Expansion-Bot,new,"2026-04-29 21:18:24",
4274,"IN-Tech-571-4573 Ltd.",,Software-as-a-Service,"Mumbai, IN",,,96,IN-Expansion-Bot,new,"2026-04-29 21:18:24",
4275,"IN-Tech-289-4573 Ltd.",,FinTech,"Hyderabad, IN",,,89,IN-Expansion-Bot,new,"2026-04-29 21:18:24",
4276,"IN-Tech-231-4573 Ltd.",,FinTech,"Mumbai, IN",,,92,IN-Expansion-Bot,new,"2026-04-29 21:18:24",
4277,"IN-Tech-270-4573 Ltd.",,"BPO Services","New Delhi, IN",,,96,IN-Expansion-Bot,new,"2026-04-29 21:18:24",
4278,"IN-Tech-341-4573 Ltd.",,Automotive,"New Delhi, IN",,,88,IN-Expansion-Bot,new,"2026-04-29 21:18:24",
4279,"IN-Tech-139-4573 Ltd.",,FinTech,"Mumbai, IN",,,89,IN-Expansion-Bot,new,"2026-04-29 21:18:24",
4280,"IN-Tech-785-4573 Ltd.",,Pharmaceuticals,"Hyderabad, IN",,,87,IN-Expansion-Bot,new,"2026-04-29 21:18:24",
4281,"IN-Tech-310-4573 Ltd.",,Software-as-a-Service,"Mumbai, IN",,,87,IN-Expansion-Bot,new,"2026-04-29 21:18:24",
4282,"IN-Tech-939-4574 Ltd.",,Pharmaceuticals,"New Delhi, IN",,,96,IN-Expansion-Bot,new,"2026-04-29 21:18:24",
4283,"IN-Tech-315-4574 Ltd.",,Software-as-a-Service,"Hyderabad, IN",,,86,IN-Expansion-Bot,new,"2026-04-29 21:18:24",
4284,"IN-Tech-548-4574 Ltd.",,"BPO Services","Bangalore, IN",,,92,IN-Expansion-Bot,new,"2026-04-29 21:18:24",
4285,"IN-Tech-854-4574 Ltd.",,Automotive,"Bangalore, IN",,,99,IN-Expansion-Bot,new,"2026-04-29 21:18:24",
4286,"IN-Tech-340-4574 Ltd.",,FinTech,"Mumbai, IN",,,85,IN-Expansion-Bot,new,"2026-04-29 21:18:24",
4287,"IN-Tech-232-4574 Ltd.",,Automotive,"Hyderabad, IN",,,89,IN-Expansion-Bot,new,"2026-04-29 21:18:24",
4288,"IN-Tech-400-4574 Ltd.",,Automotive,"Hyderabad, IN",,,92,IN-Expansion-Bot,new,"2026-04-29 21:18:24",
4289,"IN-Tech-387-4574 Ltd.",,Software-as-a-Service,"Bangalore, IN",,,92,IN-Expansion-Bot,new,"2026-04-29 21:18:24",
4290,"IN-Tech-705-4574 Ltd.",,Pharmaceuticals,"Chennai, IN",,,96,IN-Expansion-Bot,new,"2026-04-29 21:18:24",
4291,"IN-Tech-739-4574 Ltd.",,Software-as-a-Service,"Chennai, IN",,,99,IN-Expansion-Bot,new,"2026-04-29 21:18:24",
4292,"IN-Tech-271-4574 Ltd.",,Pharmaceuticals,"Hyderabad, IN",,,98,IN-Expansion-Bot,new,"2026-04-29 21:18:24",
4293,"IN-Tech-984-4574 Ltd.",,Automotive,"Bangalore, IN",,,92,IN-Expansion-Bot,new,"2026-04-29 21:18:24",
4294,"IN-Tech-460-4574 Ltd.",,Software-as-a-Service,"New Delhi, IN",,,85,IN-Expansion-Bot,new,"2026-04-29 21:18:24",
4295,"IN-Tech-655-4574 Ltd.",,Automotive,"Hyderabad, IN",,,91,IN-Expansion-Bot,new,"2026-04-29 21:18:24",
4296,"IN-Tech-386-4574 Ltd.",,"BPO Services","Hyderabad, IN",,,88,IN-Expansion-Bot,new,"2026-04-29 21:18:24",
4297,"IN-Tech-949-4574 Ltd.",,FinTech,"Bangalore, IN",,,99,IN-Expansion-Bot,new,"2026-04-29 21:18:24",
4298,"IN-Tech-140-4574 Ltd.",,"BPO Services","Bangalore, IN",,,99,IN-Expansion-Bot,new,"2026-04-29 21:18:24",
4299,"IN-Tech-338-4574 Ltd.",,FinTech,"Mumbai, IN",,,87,IN-Expansion-Bot,new,"2026-04-29 21:18:24",
4300,"IN-Tech-880-4574 Ltd.",,Software-as-a-Service,"Bangalore, IN",,,91,IN-Expansion-Bot,new,"2026-04-29 21:18:24",
4301,"IN-Tech-572-4574 Ltd.",,Software-as-a-Service,"Mumbai, IN",,,98,IN-Expansion-Bot,new,"2026-04-29 21:18:24",
4302,"IN-Tech-953-4574 Ltd.",,FinTech,"New Delhi, IN",,,98,IN-Expansion-Bot,new,"2026-04-29 21:18:24",
4303,"IN-Tech-466-4575 Ltd.",,Pharmaceuticals,"New Delhi, IN",,,95,IN-Expansion-Bot,new,"2026-04-29 21:18:24",
4304,"IN-Tech-965-4575 Ltd.",,Automotive,"Mumbai, IN",,,95,IN-Expansion-Bot,new,"2026-04-29 21:18:24",
4305,"IN-Tech-842-4575 Ltd.",,Software-as-a-Service,"Chennai, IN",,,92,IN-Expansion-Bot,new,"2026-04-29 21:18:24",
4306,"IN-Tech-302-4575 Ltd.",,"BPO Services","New Delhi, IN",,,85,IN-Expansion-Bot,new,"2026-04-29 21:18:24",
4307,"IN-Tech-879-4575 Ltd.",,Software-as-a-Service,"Mumbai, IN",,,98,IN-Expansion-Bot,new,"2026-04-29 21:18:24",
4308,"IN-Tech-552-4575 Ltd.",,"BPO Services","New Delhi, IN",,,92,IN-Expansion-Bot,new,"2026-04-29 21:18:24",
4309,"IN-Tech-994-4575 Ltd.",,Pharmaceuticals,"Bangalore, IN",,,86,IN-Expansion-Bot,new,"2026-04-29 21:18:24",
4310,"IN-Tech-103-4575 Ltd.",,Software-as-a-Service,"Bangalore, IN",,,97,IN-Expansion-Bot,new,"2026-04-29 21:18:24",
4311,"IN-Tech-306-4575 Ltd.",,Pharmaceuticals,"Chennai, IN",,,99,IN-Expansion-Bot,new,"2026-04-29 21:18:24",
4312,"IN-Tech-372-4575 Ltd.",,"BPO Services","Chennai, IN",,,95,IN-Expansion-Bot,new,"2026-04-29 21:18:24",
4313,"IN-Tech-874-4575 Ltd.",,"BPO Services","Mumbai, IN",,,92,IN-Expansion-Bot,new,"2026-04-29 21:18:24",
4314,"IN-Tech-445-4575 Ltd.",,Automotive,"Mumbai, IN",,,88,IN-Expansion-Bot,new,"2026-04-29 21:18:24",
4315,"IN-Tech-194-4575 Ltd.",,Software-as-a-Service,"Hyderabad, IN",,,92,IN-Expansion-Bot,new,"2026-04-29 21:18:24",
4316,"IN-Tech-206-4575 Ltd.",,"BPO Services","Mumbai, IN",,,87,IN-Expansion-Bot,new,"2026-04-29 21:18:24",
4317,"IN-Tech-847-4575 Ltd.",,Pharmaceuticals,"Bangalore, IN",,,89,IN-Expansion-Bot,new,"2026-04-29 21:18:24",
4318,"IN-Tech-528-4575 Ltd.",,Pharmaceuticals,"Bangalore, IN",,,87,IN-Expansion-Bot,new,"2026-04-29 21:18:24",
4319,"IN-Tech-257-4575 Ltd.",,Automotive,"Bangalore, IN",,,93,IN-Expansion-Bot,new,"2026-04-29 21:18:24",
4320,"IN-Tech-648-4575 Ltd.",,"BPO Services","New Delhi, IN",,,87,IN-Expansion-Bot,new,"2026-04-29 21:18:24",
4321,"IN-Tech-596-4576 Ltd.",,"BPO Services","Hyderabad, IN",,,90,IN-Expansion-Bot,new,"2026-04-29 21:18:24",
4322,"IN-Tech-166-4576 Ltd.",,Pharmaceuticals,"Hyderabad, IN",,,96,IN-Expansion-Bot,new,"2026-04-29 21:18:24",
4323,"IN-Tech-274-4576 Ltd.",,FinTech,"Bangalore, IN",,,90,IN-Expansion-Bot,new,"2026-04-29 21:18:24",
4324,"IN-Tech-846-4576 Ltd.",,Automotive,"Mumbai, IN",,,94,IN-Expansion-Bot,new,"2026-04-29 21:18:24",
4325,"IN-Tech-943-4576 Ltd.",,Software-as-a-Service,"Chennai, IN",,,89,IN-Expansion-Bot,new,"2026-04-29 21:18:24",
4326,"IN-Tech-174-4576 Ltd.",,Automotive,"Hyderabad, IN",,,87,IN-Expansion-Bot,new,"2026-04-29 21:18:24",
4327,"IN-Tech-870-4576 Ltd.",,Automotive,"Chennai, IN",,,89,IN-Expansion-Bot,new,"2026-04-29 21:18:24",
4328,"IN-Tech-465-4576 Ltd.",,Pharmaceuticals,"Hyderabad, IN",,,91,IN-Expansion-Bot,new,"2026-04-29 21:18:24",
4329,"IN-Tech-672-4576 Ltd.",,FinTech,"Mumbai, IN",,,95,IN-Expansion-Bot,new,"2026-04-29 21:18:24",
4330,"IN-Tech-137-4576 Ltd.",,Software-as-a-Service,"Chennai, IN",,,94,IN-Expansion-Bot,new,"2026-04-29 21:18:24",
4331,"IN-Tech-890-4576 Ltd.",,Software-as-a-Service,"Chennai, IN",,,91,IN-Expansion-Bot,new,"2026-04-29 21:18:24",
4332,"IN-Tech-877-4576 Ltd.",,"BPO Services","Chennai, IN",,,93,IN-Expansion-Bot,new,"2026-04-29 21:18:24",
4333,"IN-Tech-466-4576 Ltd.",,FinTech,"Bangalore, IN",,,90,IN-Expansion-Bot,new,"2026-04-29 21:18:24",
4334,"IN-Tech-599-4576 Ltd.",,"BPO Services","Mumbai, IN",,,96,IN-Expansion-Bot,new,"2026-04-29 21:18:24",
4335,"IN-Tech-167-4576 Ltd.",,Automotive,"Hyderabad, IN",,,93,IN-Expansion-Bot,new,"2026-04-29 21:18:24",
4336,"IN-Tech-935-4576 Ltd.",,FinTech,"Mumbai, IN",,,97,IN-Expansion-Bot,new,"2026-04-29 21:18:24",
4337,"IN-Tech-436-4576 Ltd.",,FinTech,"New Delhi, IN",,,85,IN-Expansion-Bot,new,"2026-04-29 21:18:24",
4338,"IN-Tech-900-4576 Ltd.",,Automotive,"Mumbai, IN",,,86,IN-Expansion-Bot,new,"2026-04-29 21:18:24",
4339,"IN-Tech-690-4576 Ltd.",,FinTech,"Hyderabad, IN",,,87,IN-Expansion-Bot,new,"2026-04-29 21:18:24",
4340,"IN-Tech-159-4576 Ltd.",,FinTech,"Bangalore, IN",,,89,IN-Expansion-Bot,new,"2026-04-29 21:18:24",
4341,"IN-Tech-111-4576 Ltd.",,Software-as-a-Service,"Mumbai, IN",,,94,IN-Expansion-Bot,new,"2026-04-29 21:18:24",
4342,"IN-Tech-321-4577 Ltd.",,FinTech,"Hyderabad, IN",,,95,IN-Expansion-Bot,new,"2026-04-29 21:18:24",
4343,"IN-Tech-534-4577 Ltd.",,FinTech,"Bangalore, IN",,,97,IN-Expansion-Bot,new,"2026-04-29 21:18:24",
4344,"IN-Tech-436-4577 Ltd.",,FinTech,"Hyderabad, IN",,,90,IN-Expansion-Bot,new,"2026-04-29 21:18:24",
4345,"IN-Tech-785-4577 Ltd.",,Automotive,"New Delhi, IN",,,86,IN-Expansion-Bot,new,"2026-04-29 21:18:24",
4346,"IN-Tech-414-4577 Ltd.",,"BPO Services","Mumbai, IN",,,99,IN-Expansion-Bot,new,"2026-04-29 21:18:24",
4347,"IN-Tech-821-4577 Ltd.",,Software-as-a-Service,"Mumbai, IN",,,95,IN-Expansion-Bot,new,"2026-04-29 21:18:24",
4348,"IN-Tech-648-4577 Ltd.",,FinTech,"Bangalore, IN",,,89,IN-Expansion-Bot,new,"2026-04-29 21:18:24",
4349,"IN-Tech-867-4577 Ltd.",,Pharmaceuticals,"Hyderabad, IN",,,95,IN-Expansion-Bot,new,"2026-04-29 21:18:24",
4350,"IN-Tech-343-4577 Ltd.",,Software-as-a-Service,"New Delhi, IN",,,89,IN-Expansion-Bot,new,"2026-04-29 21:18:24",
4351,"IN-Tech-788-4577 Ltd.",,Pharmaceuticals,"New Delhi, IN",,,92,IN-Expansion-Bot,new,"2026-04-29 21:18:24",
4352,"IN-Tech-834-4577 Ltd.",,Pharmaceuticals,"Hyderabad, IN",,,91,IN-Expansion-Bot,new,"2026-04-29 21:18:24",
4353,"IN-Tech-588-4577 Ltd.",,Software-as-a-Service,"New Delhi, IN",,,85,IN-Expansion-Bot,new,"2026-04-29 21:18:24",
4354,"IN-Tech-190-4577 Ltd.",,Automotive,"New Delhi, IN",,,93,IN-Expansion-Bot,new,"2026-04-29 21:18:24",
4355,"IN-Tech-967-4577 Ltd.",,Software-as-a-Service,"Hyderabad, IN",,,86,IN-Expansion-Bot,new,"2026-04-29 21:18:24",
4356,"IN-Tech-519-4577 Ltd.",,Automotive,"New Delhi, IN",,,98,IN-Expansion-Bot,new,"2026-04-29 21:18:24",
4357,"IN-Tech-542-4577 Ltd.",,Pharmaceuticals,"Mumbai, IN",,,87,IN-Expansion-Bot,new,"2026-04-29 21:18:24",
4358,"IN-Tech-537-4577 Ltd.",,Automotive,"New Delhi, IN",,,98,IN-Expansion-Bot,new,"2026-04-29 21:18:24",
4359,"IN-Tech-264-4577 Ltd.",,Software-as-a-Service,"Mumbai, IN",,,85,IN-Expansion-Bot,new,"2026-04-29 21:18:24",
4360,"IN-Tech-673-4577 Ltd.",,Software-as-a-Service,"New Delhi, IN",,,85,IN-Expansion-Bot,new,"2026-04-29 21:18:24",
4361,"IN-Tech-408-4578 Ltd.",,Automotive,"Hyderabad, IN",,,94,IN-Expansion-Bot,new,"2026-04-29 21:18:24",
4362,"IN-Tech-292-4578 Ltd.",,Software-as-a-Service,"Mumbai, IN",,,92,IN-Expansion-Bot,new,"2026-04-29 21:18:24",
4363,"IN-Tech-981-4578 Ltd.",,Pharmaceuticals,"Hyderabad, IN",,,87,IN-Expansion-Bot,new,"2026-04-29 21:18:24",
4364,"IN-Tech-353-4578 Ltd.",,Software-as-a-Service,"New Delhi, IN",,,94,IN-Expansion-Bot,new,"2026-04-29 21:18:24",
4365,"IN-Tech-430-4578 Ltd.",,Automotive,"New Delhi, IN",,,99,IN-Expansion-Bot,new,"2026-04-29 21:18:24",
4366,"IN-Tech-850-4578 Ltd.",,Pharmaceuticals,"New Delhi, IN",,,98,IN-Expansion-Bot,new,"2026-04-29 21:18:24",
4367,"IN-Tech-698-4578 Ltd.",,Pharmaceuticals,"New Delhi, IN",,,94,IN-Expansion-Bot,new,"2026-04-29 21:18:24",
4368,"IN-Tech-687-4578 Ltd.",,Software-as-a-Service,"Bangalore, IN",,,86,IN-Expansion-Bot,new,"2026-04-29 21:18:24",
4369,"IN-Tech-400-4578 Ltd.",,FinTech,"Hyderabad, IN",,,92,IN-Expansion-Bot,new,"2026-04-29 21:18:24",
4370,"IN-Tech-421-4578 Ltd.",,FinTech,"New Delhi, IN",,,98,IN-Expansion-Bot,new,"2026-04-29 21:18:24",
4371,"IN-Tech-854-4578 Ltd.",,Pharmaceuticals,"Chennai, IN",,,96,IN-Expansion-Bot,new,"2026-04-29 21:18:24",
4372,"IN-Tech-678-4578 Ltd.",,Software-as-a-Service,"Chennai, IN",,,90,IN-Expansion-Bot,new,"2026-04-29 21:18:24",
4373,"IN-Tech-435-4578 Ltd.",,Software-as-a-Service,"Mumbai, IN",,,88,IN-Expansion-Bot,new,"2026-04-29 21:18:24",
4374,"IN-Tech-306-4578 Ltd.",,"BPO Services","New Delhi, IN",,,89,IN-Expansion-Bot,new,"2026-04-29 21:18:24",
4375,"IN-Tech-330-4578 Ltd.",,Automotive,"Mumbai, IN",,,90,IN-Expansion-Bot,new,"2026-04-29 21:18:24",
4376,"IN-Tech-101-4578 Ltd.",,Automotive,"Chennai, IN",,,96,IN-Expansion-Bot,new,"2026-04-29 21:18:24",
4377,"IN-Tech-150-4578 Ltd.",,Software-as-a-Service,"Chennai, IN",,,93,IN-Expansion-Bot,new,"2026-04-29 21:18:24",
4378,"IN-Tech-297-4578 Ltd.",,Software-as-a-Service,"New Delhi, IN",,,90,IN-Expansion-Bot,new,"2026-04-29 21:18:24",
4379,"IN-Tech-395-4578 Ltd.",,"BPO Services","New Delhi, IN",,,91,IN-Expansion-Bot,new,"2026-04-29 21:18:24",
4380,"IN-Tech-382-4579 Ltd.",,Pharmaceuticals,"Chennai, IN",,,87,IN-Expansion-Bot,new,"2026-04-29 21:18:24",
4381,"IN-Tech-406-4579 Ltd.",,Software-as-a-Service,"Bangalore, IN",,,86,IN-Expansion-Bot,new,"2026-04-29 21:18:24",
4382,"IN-Tech-327-4579 Ltd.",,"BPO Services","Bangalore, IN",,,99,IN-Expansion-Bot,new,"2026-04-29 21:18:24",
4383,"IN-Tech-296-4579 Ltd.",,Software-as-a-Service,"Mumbai, IN",,,86,IN-Expansion-Bot,new,"2026-04-29 21:18:24",
4384,"IN-Tech-876-4579 Ltd.",,Software-as-a-Service,"New Delhi, IN",,,85,IN-Expansion-Bot,new,"2026-04-29 21:18:24",
4385,"IN-Tech-942-4579 Ltd.",,Automotive,"New Delhi, IN",,,95,IN-Expansion-Bot,new,"2026-04-29 21:18:24",
4386,"IN-Tech-358-4579 Ltd.",,"BPO Services","Mumbai, IN",,,90,IN-Expansion-Bot,new,"2026-04-29 21:18:24",
4387,"IN-Tech-139-4579 Ltd.",,Pharmaceuticals,"Hyderabad, IN",,,97,IN-Expansion-Bot,new,"2026-04-29 21:18:24",
4388,"IN-Tech-957-4579 Ltd.",,"BPO Services","Hyderabad, IN",,,93,IN-Expansion-Bot,new,"2026-04-29 21:18:24",
4389,"IN-Tech-473-4579 Ltd.",,Automotive,"New Delhi, IN",,,88,IN-Expansion-Bot,new,"2026-04-29 21:18:24",
4390,"IN-Tech-726-4579 Ltd.",,FinTech,"Chennai, IN",,,99,IN-Expansion-Bot,new,"2026-04-29 21:18:24",
4391,"IN-Tech-962-4579 Ltd.",,Software-as-a-Service,"Hyderabad, IN",,,93,IN-Expansion-Bot,new,"2026-04-29 21:18:24",
4392,"IN-Tech-462-4579 Ltd.",,Automotive,"Hyderabad, IN",,,94,IN-Expansion-Bot,new,"2026-04-29 21:18:24",
4393,"IN-Tech-171-4579 Ltd.",,FinTech,"Hyderabad, IN",,,94,IN-Expansion-Bot,new,"2026-04-29 21:18:24",
4394,"IN-Tech-614-4579 Ltd.",,Software-as-a-Service,"Chennai, IN",,,90,IN-Expansion-Bot,new,"2026-04-29 21:18:24",
4395,"IN-Tech-237-4579 Ltd.",,Automotive,"New Delhi, IN",,,94,IN-Expansion-Bot,new,"2026-04-29 21:18:24",
4396,"IN-Tech-792-4579 Ltd.",,Pharmaceuticals,"Hyderabad, IN",,,94,IN-Expansion-Bot,new,"2026-04-29 21:18:24",
4397,"IN-Tech-509-4579 Ltd.",,Automotive,"New Delhi, IN",,,88,IN-Expansion-Bot,new,"2026-04-29 21:18:24",
4398,"IN-Tech-317-4579 Ltd.",,FinTech,"Hyderabad, IN",,,86,IN-Expansion-Bot,new,"2026-04-29 21:18:24",
4399,"IN-Tech-831-4579 Ltd.",,Pharmaceuticals,"Mumbai, IN",,,98,IN-Expansion-Bot,new,"2026-04-29 21:18:24",
4400,"IN-Tech-851-4580 Ltd.",,Automotive,"Bangalore, IN",,,95,IN-Expansion-Bot,new,"2026-04-29 21:18:24",
4401,"IN-Tech-772-4580 Ltd.",,Pharmaceuticals,"Hyderabad, IN",,,88,IN-Expansion-Bot,new,"2026-04-29 21:18:24",
4402,"IN-Tech-210-4580 Ltd.",,Automotive,"Bangalore, IN",,,88,IN-Expansion-Bot,new,"2026-04-29 21:18:24",
4403,"IN-Tech-845-4580 Ltd.",,FinTech,"Mumbai, IN",,,85,IN-Expansion-Bot,new,"2026-04-29 21:18:24",
4404,"IN-Tech-815-4580 Ltd.",,Pharmaceuticals,"Chennai, IN",,,91,IN-Expansion-Bot,new,"2026-04-29 21:18:24",
4405,"IN-Tech-215-4580 Ltd.",,FinTech,"New Delhi, IN",,,88,IN-Expansion-Bot,new,"2026-04-29 21:18:24",
4406,"IN-Tech-387-4580 Ltd.",,"BPO Services","Chennai, IN",,,86,IN-Expansion-Bot,new,"2026-04-29 21:18:24",
4407,"IN-Tech-228-4580 Ltd.",,Software-as-a-Service,"Bangalore, IN",,,95,IN-Expansion-Bot,new,"2026-04-29 21:18:24",
4408,"IN-Tech-230-4580 Ltd.",,"BPO Services","Chennai, IN",,,93,IN-Expansion-Bot,new,"2026-04-29 21:18:24",
4409,"IN-Tech-429-4580 Ltd.",,Automotive,"Chennai, IN",,,88,IN-Expansion-Bot,new,"2026-04-29 21:18:24",
4410,"IN-Tech-333-4580 Ltd.",,FinTech,"Hyderabad, IN",,,90,IN-Expansion-Bot,new,"2026-04-29 21:18:24",
4411,"IN-Tech-235-4580 Ltd.",,FinTech,"Hyderabad, IN",,,91,IN-Expansion-Bot,new,"2026-04-29 21:18:24",
4412,"IN-Tech-819-4580 Ltd.",,"BPO Services","New Delhi, IN",,,96,IN-Expansion-Bot,new,"2026-04-29 21:18:24",
4413,"IN-Tech-822-4580 Ltd.",,Pharmaceuticals,"Mumbai, IN",,,94,IN-Expansion-Bot,new,"2026-04-29 21:18:24",
4414,"IN-Tech-143-4580 Ltd.",,"BPO Services","New Delhi, IN",,,90,IN-Expansion-Bot,new,"2026-04-29 21:18:24",
4415,"IN-Tech-874-4580 Ltd.",,Pharmaceuticals,"Bangalore, IN",,,87,IN-Expansion-Bot,new,"2026-04-29 21:18:24",
4416,"IN-Tech-931-4580 Ltd.",,Automotive,"Mumbai, IN",,,88,IN-Expansion-Bot,new,"2026-04-29 21:18:24",
4417,"IN-Tech-545-4580 Ltd.",,Software-as-a-Service,"New Delhi, IN",,,98,IN-Expansion-Bot,new,"2026-04-29 21:18:24",
4418,"IN-Tech-132-4580 Ltd.",,FinTech,"Bangalore, IN",,,99,IN-Expansion-Bot,new,"2026-04-29 21:18:24",
4419,"IN-Tech-814-4580 Ltd.",,FinTech,"Chennai, IN",,,85,IN-Expansion-Bot,new,"2026-04-29 21:18:24",
4420,"IN-Tech-642-4580 Ltd.",,Software-as-a-Service,"Bangalore, IN",,,89,IN-Expansion-Bot,new,"2026-04-29 21:18:24",
4421,"IN-Tech-932-4581 Ltd.",,Pharmaceuticals,"Chennai, IN",,,98,IN-Expansion-Bot,new,"2026-04-29 21:18:24",
4422,"IN-Tech-881-4581 Ltd.",,Pharmaceuticals,"Bangalore, IN",,,95,IN-Expansion-Bot,new,"2026-04-29 21:18:24",
4423,"IN-Tech-869-4581 Ltd.",,Software-as-a-Service,"Bangalore, IN",,,85,IN-Expansion-Bot,new,"2026-04-29 21:18:24",
4424,"IN-Tech-265-4581 Ltd.",,FinTech,"New Delhi, IN",,,90,IN-Expansion-Bot,new,"2026-04-29 21:18:24",
4425,"IN-Tech-420-4581 Ltd.",,Software-as-a-Service,"Chennai, IN",,,94,IN-Expansion-Bot,new,"2026-04-29 21:18:24",
4426,"IN-Tech-464-4581 Ltd.",,Software-as-a-Service,"Mumbai, IN",,,87,IN-Expansion-Bot,new,"2026-04-29 21:18:24",
4427,"IN-Tech-908-4581 Ltd.",,FinTech,"Mumbai, IN",,,94,IN-Expansion-Bot,new,"2026-04-29 21:18:24",
4428,"IN-Tech-690-4581 Ltd.",,FinTech,"Bangalore, IN",,,90,IN-Expansion-Bot,new,"2026-04-29 21:18:24",
4429,"IN-Tech-715-4581 Ltd.",,FinTech,"Chennai, IN",,,99,IN-Expansion-Bot,new,"2026-04-29 21:18:24",
4430,"IN-Tech-288-4581 Ltd.",,FinTech,"Mumbai, IN",,,93,IN-Expansion-Bot,new,"2026-04-29 21:18:24",
4431,"IN-Tech-519-4581 Ltd.",,Software-as-a-Service,"New Delhi, IN",,,96,IN-Expansion-Bot,new,"2026-04-29 21:18:24",
4432,"IN-Tech-596-4581 Ltd.",,Software-as-a-Service,"Chennai, IN",,,96,IN-Expansion-Bot,new,"2026-04-29 21:18:24",
4433,"IN-Tech-493-4581 Ltd.",,"BPO Services","Chennai, IN",,,95,IN-Expansion-Bot,new,"2026-04-29 21:18:24",
4434,"IN-Tech-434-4581 Ltd.",,Automotive,"Hyderabad, IN",,,88,IN-Expansion-Bot,new,"2026-04-29 21:18:24",
4435,"IN-Tech-876-4581 Ltd.",,Pharmaceuticals,"Chennai, IN",,,97,IN-Expansion-Bot,new,"2026-04-29 21:18:24",
4436,"IN-Tech-415-4581 Ltd.",,FinTech,"New Delhi, IN",,,95,IN-Expansion-Bot,new,"2026-04-29 21:18:24",
4437,"IN-Tech-305-4581 Ltd.",,"BPO Services","New Delhi, IN",,,85,IN-Expansion-Bot,new,"2026-04-29 21:18:24",
4438,"IN-Tech-922-4581 Ltd.",,"BPO Services","Hyderabad, IN",,,95,IN-Expansion-Bot,new,"2026-04-29 21:18:24",
4439,"IN-Tech-965-4581 Ltd.",,Pharmaceuticals,"Chennai, IN",,,87,IN-Expansion-Bot,new,"2026-04-29 21:18:24",
4440,"IN-Tech-887-4581 Ltd.",,FinTech,"Bangalore, IN",,,91,IN-Expansion-Bot,new,"2026-04-29 21:18:24",
4441,"IN-Tech-648-4581 Ltd.",,FinTech,"Hyderabad, IN",,,86,IN-Expansion-Bot,new,"2026-04-29 21:18:24",
4442,"IN-Tech-651-4582 Ltd.",,Pharmaceuticals,"Mumbai, IN",,,94,IN-Expansion-Bot,new,"2026-04-29 21:18:24",
4443,"IN-Tech-946-4582 Ltd.",,"BPO Services","Bangalore, IN",,,87,IN-Expansion-Bot,new,"2026-04-29 21:18:24",
4444,"IN-Tech-855-4582 Ltd.",,Automotive,"Hyderabad, IN",,,89,IN-Expansion-Bot,new,"2026-04-29 21:18:24",
4445,"IN-Tech-684-4582 Ltd.",,FinTech,"Bangalore, IN",,,88,IN-Expansion-Bot,new,"2026-04-29 21:18:24",
4446,"IN-Tech-762-4582 Ltd.",,Automotive,"Bangalore, IN",,,85,IN-Expansion-Bot,new,"2026-04-29 21:18:24",
4447,"IN-Tech-315-4582 Ltd.",,Pharmaceuticals,"Hyderabad, IN",,,86,IN-Expansion-Bot,new,"2026-04-29 21:18:24",
4448,"IN-Tech-244-4582 Ltd.",,Software-as-a-Service,"Chennai, IN",,,88,IN-Expansion-Bot,new,"2026-04-29 21:18:24",
4449,"IN-Tech-278-4582 Ltd.",,Automotive,"Mumbai, IN",,,88,IN-Expansion-Bot,new,"2026-04-29 21:18:24",
4450,"IN-Tech-590-4582 Ltd.",,"BPO Services","Hyderabad, IN",,,89,IN-Expansion-Bot,new,"2026-04-29 21:18:24",
4451,"IN-Tech-138-4582 Ltd.",,FinTech,"Hyderabad, IN",,,89,IN-Expansion-Bot,new,"2026-04-29 21:18:24",
4452,"IN-Tech-920-4582 Ltd.",,"BPO Services","Chennai, IN",,,85,IN-Expansion-Bot,new,"2026-04-29 21:18:24",
4453,"IN-Tech-608-4582 Ltd.",,Software-as-a-Service,"Chennai, IN",,,94,IN-Expansion-Bot,new,"2026-04-29 21:18:24",
4454,"IN-Tech-554-4582 Ltd.",,"BPO Services","Chennai, IN",,,94,IN-Expansion-Bot,new,"2026-04-29 21:18:24",
4455,"IN-Tech-491-4582 Ltd.",,Pharmaceuticals,"Hyderabad, IN",,,85,IN-Expansion-Bot,new,"2026-04-29 21:18:24",
4456,"IN-Tech-456-4582 Ltd.",,Automotive,"Hyderabad, IN",,,89,IN-Expansion-Bot,new,"2026-04-29 21:18:24",
4457,"IN-Tech-606-4582 Ltd.",,Automotive,"Hyderabad, IN",,,85,IN-Expansion-Bot,new,"2026-04-29 21:18:24",
4458,"IN-Tech-114-4582 Ltd.",,Automotive,"New Delhi, IN",,,99,IN-Expansion-Bot,new,"2026-04-29 21:18:24",
4459,"IN-Tech-227-4582 Ltd.",,FinTech,"New Delhi, IN",,,98,IN-Expansion-Bot,new,"2026-04-29 21:18:24",
4460,"IN-Tech-682-4582 Ltd.",,Software-as-a-Service,"Mumbai, IN",,,92,IN-Expansion-Bot,new,"2026-04-29 21:18:24",
4461,"IN-Tech-264-4582 Ltd.",,Pharmaceuticals,"New Delhi, IN",,,96,IN-Expansion-Bot,new,"2026-04-29 21:18:24",
4462,"IN-Tech-427-4582 Ltd.",,Pharmaceuticals,"Chennai, IN",,,96,IN-Expansion-Bot,new,"2026-04-29 21:18:24",
4463,"IN-Tech-592-4583 Ltd.",,FinTech,"New Delhi, IN",,,91,IN-Expansion-Bot,new,"2026-04-29 21:18:24",
4464,"IN-Tech-827-4583 Ltd.",,"BPO Services","Chennai, IN",,,95,IN-Expansion-Bot,new,"2026-04-29 21:18:24",
4465,"IN-Tech-339-4583 Ltd.",,"BPO Services","New Delhi, IN",,,91,IN-Expansion-Bot,new,"2026-04-29 21:18:24",
4466,"IN-Tech-957-4583 Ltd.",,FinTech,"Hyderabad, IN",,,88,IN-Expansion-Bot,new,"2026-04-29 21:18:24",
4467,"IN-Tech-966-4583 Ltd.",,FinTech,"Hyderabad, IN",,,85,IN-Expansion-Bot,new,"2026-04-29 21:18:24",
4468,"IN-Tech-286-4583 Ltd.",,Pharmaceuticals,"Bangalore, IN",,,98,IN-Expansion-Bot,new,"2026-04-29 21:18:24",
4469,"IN-Tech-914-4583 Ltd.",,Automotive,"Mumbai, IN",,,87,IN-Expansion-Bot,new,"2026-04-29 21:18:24",
4470,"IN-Tech-996-4583 Ltd.",,Software-as-a-Service,"Mumbai, IN",,,86,IN-Expansion-Bot,new,"2026-04-29 21:18:24",
4471,"IN-Tech-813-4583 Ltd.",,Automotive,"Bangalore, IN",,,90,IN-Expansion-Bot,new,"2026-04-29 21:18:24",
4472,"IN-Tech-239-4583 Ltd.",,"BPO Services","Hyderabad, IN",,,95,IN-Expansion-Bot,new,"2026-04-29 21:18:24",
4473,"IN-Tech-424-4583 Ltd.",,Software-as-a-Service,"Chennai, IN",,,86,IN-Expansion-Bot,new,"2026-04-29 21:18:24",
4474,"IN-Tech-766-4583 Ltd.",,Software-as-a-Service,"Mumbai, IN",,,93,IN-Expansion-Bot,new,"2026-04-29 21:18:24",
4475,"IN-Tech-519-4583 Ltd.",,FinTech,"New Delhi, IN",,,89,IN-Expansion-Bot,new,"2026-04-29 21:18:24",
4476,"IN-Tech-907-4583 Ltd.",,FinTech,"Hyderabad, IN",,,86,IN-Expansion-Bot,new,"2026-04-29 21:18:24",
4477,"IN-Tech-439-4583 Ltd.",,Automotive,"New Delhi, IN",,,94,IN-Expansion-Bot,new,"2026-04-29 21:18:24",
4478,"IN-Tech-896-4583 Ltd.",,Pharmaceuticals,"Mumbai, IN",,,89,IN-Expansion-Bot,new,"2026-04-29 21:18:24",
4479,"IN-Tech-678-4583 Ltd.",,FinTech,"Chennai, IN",,,87,IN-Expansion-Bot,new,"2026-04-29 21:18:24",
4480,"IN-Tech-127-4583 Ltd.",,Software-as-a-Service,"Chennai, IN",,,88,IN-Expansion-Bot,new,"2026-04-29 21:18:24",
4481,"IN-Tech-360-4583 Ltd.",,"BPO Services","Hyderabad, IN",,,95,IN-Expansion-Bot,new,"2026-04-29 21:18:24",
4482,"IN-Tech-988-4583 Ltd.",,Pharmaceuticals,"Bangalore, IN",,,96,IN-Expansion-Bot,new,"2026-04-29 21:18:24",
4483,"IN-Tech-269-4584 Ltd.",,Automotive,"Mumbai, IN",,,95,IN-Expansion-Bot,new,"2026-04-29 21:18:24",
4484,"IN-Tech-794-4584 Ltd.",,Software-as-a-Service,"Chennai, IN",,,89,IN-Expansion-Bot,new,"2026-04-29 21:18:24",
4485,"IN-Tech-872-4584 Ltd.",,"BPO Services","Hyderabad, IN",,,89,IN-Expansion-Bot,new,"2026-04-29 21:18:24",
4486,"IN-Tech-726-4584 Ltd.",,Software-as-a-Service,"Hyderabad, IN",,,95,IN-Expansion-Bot,new,"2026-04-29 21:18:24",
4487,"IN-Tech-372-4584 Ltd.",,Software-as-a-Service,"New Delhi, IN",,,96,IN-Expansion-Bot,new,"2026-04-29 21:18:24",
4488,"IN-Tech-165-4584 Ltd.",,FinTech,"Bangalore, IN",,,87,IN-Expansion-Bot,new,"2026-04-29 21:18:24",
4489,"IN-Tech-873-4584 Ltd.",,FinTech,"Chennai, IN",,,87,IN-Expansion-Bot,new,"2026-04-29 21:18:24",
4490,"IN-Tech-177-4584 Ltd.",,Automotive,"Bangalore, IN",,,99,IN-Expansion-Bot,new,"2026-04-29 21:18:24",
4491,"IN-Tech-541-4584 Ltd.",,Pharmaceuticals,"Hyderabad, IN",,,91,IN-Expansion-Bot,new,"2026-04-29 21:18:24",
4492,"IN-Tech-407-4584 Ltd.",,"BPO Services","Chennai, IN",,,94,IN-Expansion-Bot,new,"2026-04-29 21:18:24",
4493,"IN-Tech-661-4584 Ltd.",,Software-as-a-Service,"New Delhi, IN",,,88,IN-Expansion-Bot,new,"2026-04-29 21:18:24",
4494,"IN-Tech-728-4584 Ltd.",,Software-as-a-Service,"Bangalore, IN",,,96,IN-Expansion-Bot,new,"2026-04-29 21:18:24",
4495,"IN-Tech-526-4584 Ltd.",,Software-as-a-Service,"New Delhi, IN",,,92,IN-Expansion-Bot,new,"2026-04-29 21:18:24",
4496,"IN-Tech-341-4584 Ltd.",,Automotive,"Hyderabad, IN",,,85,IN-Expansion-Bot,new,"2026-04-29 21:18:24",
4497,"IN-Tech-314-4584 Ltd.",,Pharmaceuticals,"Bangalore, IN",,,91,IN-Expansion-Bot,new,"2026-04-29 21:18:24",
4498,"IN-Tech-689-4584 Ltd.",,FinTech,"Bangalore, IN",,,85,IN-Expansion-Bot,new,"2026-04-29 21:18:24",
4499,"IN-Tech-667-4584 Ltd.",,Pharmaceuticals,"Mumbai, IN",,,98,IN-Expansion-Bot,new,"2026-04-29 21:18:24",
4500,"IN-Tech-764-4584 Ltd.",,Software-as-a-Service,"New Delhi, IN",,,93,IN-Expansion-Bot,new,"2026-04-29 21:18:24",
4501,"IN-Tech-313-4584 Ltd.",,Automotive,"New Delhi, IN",,,89,IN-Expansion-Bot,new,"2026-04-29 21:18:24",
4502,"IN-Tech-170-4584 Ltd.",,Pharmaceuticals,"Hyderabad, IN",,,99,IN-Expansion-Bot,new,"2026-04-29 21:18:24",
4503,"IN-Tech-389-4585 Ltd.",,Pharmaceuticals,"Bangalore, IN",,,97,IN-Expansion-Bot,new,"2026-04-29 21:18:24",
4504,"IN-Tech-270-4585 Ltd.",,FinTech,"New Delhi, IN",,,86,IN-Expansion-Bot,new,"2026-04-29 21:18:24",
4505,"IN-Tech-527-4585 Ltd.",,Automotive,"Mumbai, IN",,,89,IN-Expansion-Bot,new,"2026-04-29 21:18:24",
4506,"IN-Tech-497-4585 Ltd.",,"BPO Services","Bangalore, IN",,,88,IN-Expansion-Bot,new,"2026-04-29 21:18:24",
4507,"IN-Tech-495-4585 Ltd.",,"BPO Services","Chennai, IN",,,92,IN-Expansion-Bot,new,"2026-04-29 21:18:24",
4508,"IN-Tech-281-4585 Ltd.",,Pharmaceuticals,"Bangalore, IN",,,86,IN-Expansion-Bot,new,"2026-04-29 21:18:24",
4509,"IN-Tech-512-4585 Ltd.",,FinTech,"Bangalore, IN",,,89,IN-Expansion-Bot,new,"2026-04-29 21:18:24",
4510,"IN-Tech-918-4585 Ltd.",,FinTech,"Mumbai, IN",,,95,IN-Expansion-Bot,new,"2026-04-29 21:18:24",
4511,"IN-Tech-596-4585 Ltd.",,Automotive,"New Delhi, IN",,,86,IN-Expansion-Bot,new,"2026-04-29 21:18:24",
4512,"IN-Tech-647-4585 Ltd.",,FinTech,"Hyderabad, IN",,,86,IN-Expansion-Bot,new,"2026-04-29 21:18:24",
4513,"IN-Tech-912-4585 Ltd.",,Pharmaceuticals,"New Delhi, IN",,,95,IN-Expansion-Bot,new,"2026-04-29 21:18:24",
4514,"IN-Tech-875-4585 Ltd.",,"BPO Services","Hyderabad, IN",,,95,IN-Expansion-Bot,new,"2026-04-29 21:18:24",
4515,"US-Corp-31-560277 Inc.",,SaaS,"Redmond, WA",,,90,US-SmallCity-Bot,new,"2026-04-29 21:19:20",
4516,"US-Corp-33-560278 Inc.",,"Clean Energy","Ann Arbor, MI",,,98,US-SmallCity-Bot,new,"2026-04-29 21:19:20",
4517,"US-Corp-62-560278 Inc.",,"Precision Engineering","Cary, NC",,,93,US-SmallCity-Bot,new,"2026-04-29 21:19:20",
4518,"US-Corp-76-560279 Inc.",,Logistics,"Boulder, CO",,,98,US-SmallCity-Bot,new,"2026-04-29 21:19:20",
4519,"US-Corp-89-560279 Inc.",,BioTech,"Huntsville, AL",,,98,US-SmallCity-Bot,new,"2026-04-29 21:19:20",
4520,"US-Corp-73-560279 Inc.",,BioTech,"Redmond, WA",,,93,US-SmallCity-Bot,new,"2026-04-29 21:19:20",
4521,"US-Corp-77-560279 Inc.",,Logistics,"Ann Arbor, MI",,,93,US-SmallCity-Bot,new,"2026-04-29 21:19:20",
4522,"US-Corp-96-560279 Inc.",,"Precision Engineering","Boulder, CO",,,96,US-SmallCity-Bot,new,"2026-04-29 21:19:20",
4523,"US-Corp-90-560279 Inc.",,SaaS,"Huntsville, AL",,,95,US-SmallCity-Bot,new,"2026-04-29 21:19:20",
4524,"US-Corp-20-560279 Inc.",,SaaS,"Ann Arbor, MI",,,92,US-SmallCity-Bot,new,"2026-04-29 21:19:20",
4525,"US-Corp-21-560279 Inc.",,BioTech,"Ann Arbor, MI",,,94,US-SmallCity-Bot,new,"2026-04-29 21:19:20",
4526,"US-Corp-75-560279 Inc.",,"Precision Engineering","Redmond, WA",,,96,US-SmallCity-Bot,new,"2026-04-29 21:19:20",
4527,"US-Corp-15-560279 Inc.",,BioTech,"Ann Arbor, MI",,,95,US-SmallCity-Bot,new,"2026-04-29 21:19:20",
4528,"US-Corp-28-560280 Inc.",,SaaS,"Cary, NC",,,96,US-SmallCity-Bot,new,"2026-04-29 21:19:20",
4529,"US-Corp-72-560280 Inc.",,BioTech,"Boulder, CO",,,93,US-SmallCity-Bot,new,"2026-04-29 21:19:20",
4530,"US-Corp-23-560280 Inc.",,SaaS,"Boulder, CO",,,98,US-SmallCity-Bot,new,"2026-04-29 21:19:20",
4531,"US-Corp-83-560280 Inc.",,SaaS,"Redmond, WA",,,95,US-SmallCity-Bot,new,"2026-04-29 21:19:20",
4532,"US-Corp-31-560280 Inc.",,Logistics,"Huntsville, AL",,,91,US-SmallCity-Bot,new,"2026-04-29 21:19:20",
4533,"US-Corp-68-560280 Inc.",,"Clean Energy","Cary, NC",,,96,US-SmallCity-Bot,new,"2026-04-29 21:19:20",
4534,"US-Corp-35-560280 Inc.",,Logistics,"Cary, NC",,,93,US-SmallCity-Bot,new,"2026-04-29 21:19:20",
4535,"US-Corp-11-560280 Inc.",,Logistics,"Huntsville, AL",,,97,US-SmallCity-Bot,new,"2026-04-29 21:19:20",
4536,"US-Corp-99-560280 Inc.",,"Precision Engineering","Ann Arbor, MI",,,99,US-SmallCity-Bot,new,"2026-04-29 21:19:20",
4537,"US-Corp-78-560281 Inc.",,SaaS,"Boulder, CO",,,97,US-SmallCity-Bot,new,"2026-04-29 21:19:20",
4538,"US-Corp-72-560281 Inc.",,"Clean Energy","Huntsville, AL",,,90,US-SmallCity-Bot,new,"2026-04-29 21:19:20",
4539,"US-Corp-39-560281 Inc.",,"Clean Energy","Ann Arbor, MI",,,98,US-SmallCity-Bot,new,"2026-04-29 21:19:20",
4540,"US-Corp-18-560281 Inc.",,"Precision Engineering","Boulder, CO",,,96,US-SmallCity-Bot,new,"2026-04-29 21:19:20",
4541,"US-Corp-24-560281 Inc.",,"Clean Energy","Ann Arbor, MI",,,94,US-SmallCity-Bot,new,"2026-04-29 21:19:20",
4542,"US-Corp-99-560281 Inc.",,"Clean Energy","Huntsville, AL",,,94,US-SmallCity-Bot,new,"2026-04-29 21:19:20",
4543,"US-Corp-14-560281 Inc.",,SaaS,"Huntsville, AL",,,95,US-SmallCity-Bot,new,"2026-04-29 21:19:20",
4544,"US-Corp-23-560281 Inc.",,Logistics,"Redmond, WA",,,99,US-SmallCity-Bot,new,"2026-04-29 21:19:20",
4545,"US-Corp-44-560281 Inc.",,Logistics,"Huntsville, AL",,,97,US-SmallCity-Bot,new,"2026-04-29 21:19:20",
4546,"US-Corp-95-560281 Inc.",,Logistics,"Cary, NC",,,96,US-SmallCity-Bot,new,"2026-04-29 21:19:20",
4547,"US-Corp-63-560281 Inc.",,Logistics,"Huntsville, AL",,,91,US-SmallCity-Bot,new,"2026-04-29 21:19:20",
4548,"US-Corp-62-560281 Inc.",,SaaS,"Ann Arbor, MI",,,94,US-SmallCity-Bot,new,"2026-04-29 21:19:20",
4549,"US-Corp-19-560281 Inc.",,"Precision Engineering","Cary, NC",,,94,US-SmallCity-Bot,new,"2026-04-29 21:19:20",
4550,"US-Corp-21-560281 Inc.",,BioTech,"Huntsville, AL",,,97,US-SmallCity-Bot,new,"2026-04-29 21:19:20",
4551,"US-Corp-69-560281 Inc.",,Logistics,"Cary, NC",,,97,US-SmallCity-Bot,new,"2026-04-29 21:19:20",
4552,"US-Corp-64-560282 Inc.",,"Clean Energy","Ann Arbor, MI",,,96,US-SmallCity-Bot,new,"2026-04-29 21:19:20",
4553,"US-Corp-54-560282 Inc.",,"Precision Engineering","Huntsville, AL",,,90,US-SmallCity-Bot,new,"2026-04-29 21:19:20",
4554,"US-Corp-14-560282 Inc.",,SaaS,"Redmond, WA",,,98,US-SmallCity-Bot,new,"2026-04-29 21:19:20",
4555,"US-Corp-36-560282 Inc.",,BioTech,"Cary, NC",,,94,US-SmallCity-Bot,new,"2026-04-29 21:19:20",
4556,"US-Corp-82-560282 Inc.",,"Precision Engineering","Huntsville, AL",,,95,US-SmallCity-Bot,new,"2026-04-29 21:19:20",
4557,"US-Corp-80-560282 Inc.",,BioTech,"Ann Arbor, MI",,,92,US-SmallCity-Bot,new,"2026-04-29 21:19:20",
4558,"US-Corp-78-560282 Inc.",,"Clean Energy","Cary, NC",,,97,US-SmallCity-Bot,new,"2026-04-29 21:19:20",
4559,"US-Corp-44-560282 Inc.",,"Precision Engineering","Ann Arbor, MI",,,94,US-SmallCity-Bot,new,"2026-04-29 21:19:20",
4560,"US-Corp-59-560282 Inc.",,"Precision Engineering","Huntsville, AL",,,96,US-SmallCity-Bot,new,"2026-04-29 21:19:20",
4561,"US-Corp-28-560282 Inc.",,SaaS,"Ann Arbor, MI",,,99,US-SmallCity-Bot,new,"2026-04-29 21:19:20",
4562,"US-Corp-86-560282 Inc.",,SaaS,"Redmond, WA",,,90,US-SmallCity-Bot,new,"2026-04-29 21:19:20",
4563,"US-Corp-58-560282 Inc.",,"Precision Engineering","Huntsville, AL",,,95,US-SmallCity-Bot,new,"2026-04-29 21:19:20",
4564,"US-Corp-99-560282 Inc.",,"Clean Energy","Boulder, CO",,,91,US-SmallCity-Bot,new,"2026-04-29 21:19:20",
4565,"US-Corp-32-560282 Inc.",,Logistics,"Cary, NC",,,93,US-SmallCity-Bot,new,"2026-04-29 21:19:20",
4566,"US-Corp-83-560282 Inc.",,"Clean Energy","Cary, NC",,,92,US-SmallCity-Bot,new,"2026-04-29 21:19:20",
4567,"US-Corp-31-560283 Inc.",,"Precision Engineering","Ann Arbor, MI",,,94,US-SmallCity-Bot,new,"2026-04-29 21:19:20",
4568,"US-Corp-10-560283 Inc.",,"Precision Engineering","Redmond, WA",,,95,US-SmallCity-Bot,new,"2026-04-29 21:19:20",
4569,"US-Corp-81-560283 Inc.",,"Precision Engineering","Huntsville, AL",,,93,US-SmallCity-Bot,new,"2026-04-29 21:19:20",
4570,"US-Corp-53-560283 Inc.",,Logistics,"Cary, NC",,,99,US-SmallCity-Bot,new,"2026-04-29 21:19:20",
4571,"US-Corp-61-560283 Inc.",,SaaS,"Redmond, WA",,,97,US-SmallCity-Bot,new,"2026-04-29 21:19:20",
4572,"US-Corp-98-560283 Inc.",,SaaS,"Huntsville, AL",,,92,US-SmallCity-Bot,new,"2026-04-29 21:19:20",
4573,"US-Corp-73-560283 Inc.",,"Precision Engineering","Ann Arbor, MI",,,96,US-SmallCity-Bot,new,"2026-04-29 21:19:20",
4574,"US-Corp-14-560283 Inc.",,SaaS,"Huntsville, AL",,,98,US-SmallCity-Bot,new,"2026-04-29 21:19:20",
4575,"US-Corp-13-560283 Inc.",,"Clean Energy","Cary, NC",,,90,US-SmallCity-Bot,new,"2026-04-29 21:19:20",
4576,"US-Corp-74-560283 Inc.",,"Clean Energy","Redmond, WA",,,91,US-SmallCity-Bot,new,"2026-04-29 21:19:20",
4577,"US-Corp-50-560283 Inc.",,Logistics,"Redmond, WA",,,91,US-SmallCity-Bot,new,"2026-04-29 21:19:20",
4578,"US-Corp-24-560283 Inc.",,"Precision Engineering","Cary, NC",,,98,US-SmallCity-Bot,new,"2026-04-29 21:19:20",
4579,"US-Corp-18-560283 Inc.",,"Clean Energy","Ann Arbor, MI",,,91,US-SmallCity-Bot,new,"2026-04-29 21:19:20",
4580,"US-Corp-28-560283 Inc.",,Logistics,"Boulder, CO",,,94,US-SmallCity-Bot,new,"2026-04-29 21:19:20",
4581,"US-Corp-51-560284 Inc.",,SaaS,"Ann Arbor, MI",,,92,US-SmallCity-Bot,new,"2026-04-29 21:19:20",
4582,"US-Corp-33-560284 Inc.",,BioTech,"Ann Arbor, MI",,,99,US-SmallCity-Bot,new,"2026-04-29 21:19:20",
4583,"US-Corp-96-560284 Inc.",,Logistics,"Redmond, WA",,,94,US-SmallCity-Bot,new,"2026-04-29 21:19:20",
4584,"US-Corp-54-560284 Inc.",,BioTech,"Huntsville, AL",,,92,US-SmallCity-Bot,new,"2026-04-29 21:19:20",
4585,"US-Corp-86-560284 Inc.",,"Clean Energy","Ann Arbor, MI",,,99,US-SmallCity-Bot,new,"2026-04-29 21:19:20",
4586,"US-Corp-58-560284 Inc.",,SaaS,"Redmond, WA",,,95,US-SmallCity-Bot,new,"2026-04-29 21:19:20",
4587,"US-Corp-63-560284 Inc.",,BioTech,"Redmond, WA",,,94,US-SmallCity-Bot,new,"2026-04-29 21:19:20",
4588,"US-Corp-27-560284 Inc.",,Logistics,"Huntsville, AL",,,94,US-SmallCity-Bot,new,"2026-04-29 21:19:20",
4589,"US-Corp-35-560284 Inc.",,Logistics,"Redmond, WA",,,92,US-SmallCity-Bot,new,"2026-04-29 21:19:20",
4590,"US-Corp-41-560284 Inc.",,Logistics,"Ann Arbor, MI",,,97,US-SmallCity-Bot,new,"2026-04-29 21:19:20",
4591,"US-Corp-33-560285 Inc.",,"Precision Engineering","Cary, NC",,,93,US-SmallCity-Bot,new,"2026-04-29 21:19:20",
4592,"US-Corp-80-560285 Inc.",,Logistics,"Cary, NC",,,91,US-SmallCity-Bot,new,"2026-04-29 21:19:20",
4593,"US-Corp-56-560285 Inc.",,Logistics,"Cary, NC",,,94,US-SmallCity-Bot,new,"2026-04-29 21:19:20",
4594,"US-Corp-84-560285 Inc.",,Logistics,"Ann Arbor, MI",,,95,US-SmallCity-Bot,new,"2026-04-29 21:19:20",
4595,"US-Corp-39-560285 Inc.",,SaaS,"Ann Arbor, MI",,,91,US-SmallCity-Bot,new,"2026-04-29 21:19:20",
4596,"US-Corp-59-560285 Inc.",,BioTech,"Ann Arbor, MI",,,92,US-SmallCity-Bot,new,"2026-04-29 21:19:20",
4597,"US-Corp-90-560285 Inc.",,"Clean Energy","Boulder, CO",,,99,US-SmallCity-Bot,new,"2026-04-29 21:19:20",
4598,"US-Corp-58-560285 Inc.",,Logistics,"Boulder, CO",,,91,US-SmallCity-Bot,new,"2026-04-29 21:19:20",
4599,"US-Corp-66-560285 Inc.",,SaaS,"Ann Arbor, MI",,,94,US-SmallCity-Bot,new,"2026-04-29 21:19:20",
4600,"US-Corp-67-560285 Inc.",,SaaS,"Cary, NC",,,98,US-SmallCity-Bot,new,"2026-04-29 21:19:20",
4601,"US-Corp-91-560285 Inc.",,"Clean Energy","Boulder, CO",,,93,US-SmallCity-Bot,new,"2026-04-29 21:19:20",
4602,"US-Corp-73-560285 Inc.",,Logistics,"Redmond, WA",,,94,US-SmallCity-Bot,new,"2026-04-29 21:19:20",
4603,"US-Corp-88-560285 Inc.",,"Clean Energy","Boulder, CO",,,92,US-SmallCity-Bot,new,"2026-04-29 21:19:20",
4604,"US-Corp-38-560285 Inc.",,Logistics,"Boulder, CO",,,98,US-SmallCity-Bot,new,"2026-04-29 21:19:20",
4605,"US-Corp-30-560285 Inc.",,"Precision Engineering","Redmond, WA",,,93,US-SmallCity-Bot,new,"2026-04-29 21:19:20",
4606,"US-Corp-44-560286 Inc.",,BioTech,"Cary, NC",,,93,US-SmallCity-Bot,new,"2026-04-29 21:19:20",
4607,"US-Corp-14-560286 Inc.",,SaaS,"Cary, NC",,,94,US-SmallCity-Bot,new,"2026-04-29 21:19:20",
4608,"US-Corp-34-560286 Inc.",,SaaS,"Redmond, WA",,,93,US-SmallCity-Bot,new,"2026-04-29 21:19:20",
4609,"US-Corp-33-560286 Inc.",,Logistics,"Redmond, WA",,,97,US-SmallCity-Bot,new,"2026-04-29 21:19:20",
4610,"US-Corp-16-560286 Inc.",,BioTech,"Redmond, WA",,,91,US-SmallCity-Bot,new,"2026-04-29 21:19:20",
4611,"US-Corp-61-560286 Inc.",,BioTech,"Cary, NC",,,97,US-SmallCity-Bot,new,"2026-04-29 21:19:20",
4612,"US-Corp-54-560286 Inc.",,"Precision Engineering","Huntsville, AL",,,95,US-SmallCity-Bot,new,"2026-04-29 21:19:20",
4613,"US-Corp-18-560286 Inc.",,BioTech,"Ann Arbor, MI",,,92,US-SmallCity-Bot,new,"2026-04-29 21:19:20",
4614,"US-Corp-82-560286 Inc.",,"Precision Engineering","Huntsville, AL",,,92,US-SmallCity-Bot,new,"2026-04-29 21:19:20",
4615,"US-Corp-68-560286 Inc.",,BioTech,"Cary, NC",,,98,US-SmallCity-Bot,new,"2026-04-29 21:19:20",
4616,"US-Corp-58-560286 Inc.",,"Precision Engineering","Ann Arbor, MI",,,99,US-SmallCity-Bot,new,"2026-04-29 21:19:20",
4617,"US-Corp-50-560286 Inc.",,BioTech,"Ann Arbor, MI",,,97,US-SmallCity-Bot,new,"2026-04-29 21:19:20",
4618,"US-Corp-48-560286 Inc.",,SaaS,"Boulder, CO",,,95,US-SmallCity-Bot,new,"2026-04-29 21:19:20",
4619,"US-Corp-57-560287 Inc.",,SaaS,"Huntsville, AL",,,94,US-SmallCity-Bot,new,"2026-04-29 21:19:20",
4620,"US-Corp-63-560287 Inc.",,BioTech,"Redmond, WA",,,96,US-SmallCity-Bot,new,"2026-04-29 21:19:20",
4621,"US-Corp-80-560287 Inc.",,Logistics,"Redmond, WA",,,94,US-SmallCity-Bot,new,"2026-04-29 21:19:20",
4622,"US-Corp-84-560287 Inc.",,BioTech,"Huntsville, AL",,,94,US-SmallCity-Bot,new,"2026-04-29 21:19:20",
4623,"US-Corp-32-560287 Inc.",,Logistics,"Boulder, CO",,,90,US-SmallCity-Bot,new,"2026-04-29 21:19:20",
4624,"US-Corp-23-560287 Inc.",,SaaS,"Huntsville, AL",,,92,US-SmallCity-Bot,new,"2026-04-29 21:19:20",
4625,"US-Corp-68-560287 Inc.",,SaaS,"Boulder, CO",,,92,US-SmallCity-Bot,new,"2026-04-29 21:19:20",
4626,"US-Corp-50-560287 Inc.",,"Clean Energy","Redmond, WA",,,90,US-SmallCity-Bot,new,"2026-04-29 21:19:20",
4627,"US-Corp-31-560287 Inc.",,"Clean Energy","Ann Arbor, MI",,,98,US-SmallCity-Bot,new,"2026-04-29 21:19:20",
4628,"US-Corp-35-560287 Inc.",,"Precision Engineering","Boulder, CO",,,99,US-SmallCity-Bot,new,"2026-04-29 21:19:20",
4629,"US-Corp-99-560287 Inc.",,"Clean Energy","Ann Arbor, MI",,,96,US-SmallCity-Bot,new,"2026-04-29 21:19:20",
4630,"US-Corp-89-560288 Inc.",,Logistics,"Huntsville, AL",,,94,US-SmallCity-Bot,new,"2026-04-29 21:19:20",
4631,"US-Corp-68-560288 Inc.",,"Precision Engineering","Huntsville, AL",,,90,US-SmallCity-Bot,new,"2026-04-29 21:19:20",
4632,"US-Corp-26-560288 Inc.",,BioTech,"Cary, NC",,,96,US-SmallCity-Bot,new,"2026-04-29 21:19:20",
4633,"US-Corp-24-560288 Inc.",,"Precision Engineering","Cary, NC",,,96,US-SmallCity-Bot,new,"2026-04-29 21:19:20",
4634,"US-Corp-12-560288 Inc.",,SaaS,"Boulder, CO",,,92,US-SmallCity-Bot,new,"2026-04-29 21:19:20",
4635,"US-Corp-46-560288 Inc.",,SaaS,"Cary, NC",,,92,US-SmallCity-Bot,new,"2026-04-29 21:19:20",
4636,"US-Corp-78-560288 Inc.",,Logistics,"Huntsville, AL",,,99,US-SmallCity-Bot,new,"2026-04-29 21:19:20",
4637,"US-Corp-38-560288 Inc.",,Logistics,"Huntsville, AL",,,93,US-SmallCity-Bot,new,"2026-04-29 21:19:20",
4638,"US-Corp-85-560288 Inc.",,Logistics,"Cary, NC",,,92,US-SmallCity-Bot,new,"2026-04-29 21:19:20",
4639,"US-Corp-76-560288 Inc.",,"Precision Engineering","Redmond, WA",,,92,US-SmallCity-Bot,new,"2026-04-29 21:19:20",
4640,"US-Corp-10-560288 Inc.",,SaaS,"Huntsville, AL",,,95,US-SmallCity-Bot,new,"2026-04-29 21:19:20",
4641,"US-Corp-27-560288 Inc.",,"Precision Engineering","Boulder, CO",,,93,US-SmallCity-Bot,new,"2026-04-29 21:19:20",
4642,"US-Corp-50-560288 Inc.",,Logistics,"Boulder, CO",,,93,US-SmallCity-Bot,new,"2026-04-29 21:19:20",
4643,"US-Corp-91-560288 Inc.",,BioTech,"Boulder, CO",,,92,US-SmallCity-Bot,new,"2026-04-29 21:19:20",
4644,"US-Corp-51-560288 Inc.",,SaaS,"Ann Arbor, MI",,,92,US-SmallCity-Bot,new,"2026-04-29 21:19:20",
4645,"US-Corp-76-560289 Inc.",,"Clean Energy","Huntsville, AL",,,96,US-SmallCity-Bot,new,"2026-04-29 21:19:20",
4646,"US-Corp-70-560289 Inc.",,"Clean Energy","Cary, NC",,,91,US-SmallCity-Bot,new,"2026-04-29 21:19:20",
4647,"US-Corp-19-560289 Inc.",,"Precision Engineering","Boulder, CO",,,94,US-SmallCity-Bot,new,"2026-04-29 21:19:20",
4648,"US-Corp-26-560289 Inc.",,SaaS,"Huntsville, AL",,,95,US-SmallCity-Bot,new,"2026-04-29 21:19:20",
4649,"US-Corp-35-560289 Inc.",,BioTech,"Huntsville, AL",,,91,US-SmallCity-Bot,new,"2026-04-29 21:19:20",
4650,"US-Corp-60-560289 Inc.",,"Clean Energy","Ann Arbor, MI",,,98,US-SmallCity-Bot,new,"2026-04-29 21:19:20",
4651,"US-Corp-58-560289 Inc.",,"Clean Energy","Huntsville, AL",,,94,US-SmallCity-Bot,new,"2026-04-29 21:19:20",
4652,"US-Corp-38-560289 Inc.",,"Precision Engineering","Boulder, CO",,,95,US-SmallCity-Bot,new,"2026-04-29 21:19:20",
4653,"US-Corp-50-560289 Inc.",,Logistics,"Huntsville, AL",,,90,US-SmallCity-Bot,new,"2026-04-29 21:19:20",
4654,"US-Corp-74-560289 Inc.",,"Clean Energy","Redmond, WA",,,99,US-SmallCity-Bot,new,"2026-04-29 21:19:20",
4655,"US-Corp-21-560289 Inc.",,SaaS,"Ann Arbor, MI",,,99,US-SmallCity-Bot,new,"2026-04-29 21:19:20",
4656,"US-Corp-82-560289 Inc.",,"Precision Engineering","Cary, NC",,,91,US-SmallCity-Bot,new,"2026-04-29 21:19:20",
4657,"US-Corp-88-560289 Inc.",,Logistics,"Cary, NC",,,97,US-SmallCity-Bot,new,"2026-04-29 21:19:20",
4658,"US-Corp-30-560289 Inc.",,SaaS,"Cary, NC",,,99,US-SmallCity-Bot,new,"2026-04-29 21:19:20",
4659,"US-Corp-86-560289 Inc.",,BioTech,"Boulder, CO",,,95,US-SmallCity-Bot,new,"2026-04-29 21:19:20",
4660,"US-Corp-24-560289 Inc.",,BioTech,"Ann Arbor, MI",,,95,US-SmallCity-Bot,new,"2026-04-29 21:19:20",
4661,"US-Corp-16-560290 Inc.",,SaaS,"Cary, NC",,,95,US-SmallCity-Bot,new,"2026-04-29 21:19:20",
4662,"US-Corp-89-560290 Inc.",,SaaS,"Redmond, WA",,,97,US-SmallCity-Bot,new,"2026-04-29 21:19:20",
4663,"US-Corp-43-560290 Inc.",,"Precision Engineering","Boulder, CO",,,95,US-SmallCity-Bot,new,"2026-04-29 21:19:20",
4664,"US-Corp-45-560290 Inc.",,Logistics,"Huntsville, AL",,,99,US-SmallCity-Bot,new,"2026-04-29 21:19:20",
4665,"US-Corp-30-560290 Inc.",,"Clean Energy","Ann Arbor, MI",,,94,US-SmallCity-Bot,new,"2026-04-29 21:19:20",
4666,"US-Corp-48-560290 Inc.",,"Precision Engineering","Huntsville, AL",,,98,US-SmallCity-Bot,new,"2026-04-29 21:19:20",
4667,"US-Corp-19-560290 Inc.",,SaaS,"Boulder, CO",,,93,US-SmallCity-Bot,new,"2026-04-29 21:19:20",
4668,"US-Corp-72-560290 Inc.",,"Clean Energy","Ann Arbor, MI",,,99,US-SmallCity-Bot,new,"2026-04-29 21:19:20",
4669,"US-Corp-22-560290 Inc.",,SaaS,"Huntsville, AL",,,93,US-SmallCity-Bot,new,"2026-04-29 21:19:20",
4670,"US-Corp-31-560290 Inc.",,"Clean Energy","Redmond, WA",,,96,US-SmallCity-Bot,new,"2026-04-29 21:19:20",
4671,"US-Corp-64-560290 Inc.",,"Clean Energy","Ann Arbor, MI",,,97,US-SmallCity-Bot,new,"2026-04-29 21:19:20",
4672,"US-Corp-68-560290 Inc.",,Logistics,"Huntsville, AL",,,91,US-SmallCity-Bot,new,"2026-04-29 21:19:20",
4673,"US-Corp-86-560290 Inc.",,BioTech,"Ann Arbor, MI",,,99,US-SmallCity-Bot,new,"2026-04-29 21:19:20",
4674,"US-Corp-17-560290 Inc.",,Logistics,"Ann Arbor, MI",,,96,US-SmallCity-Bot,new,"2026-04-29 21:19:20",
4675,"US-Corp-58-560290 Inc.",,BioTech,"Redmond, WA",,,99,US-SmallCity-Bot,new,"2026-04-29 21:19:20",
4676,"US-Corp-93-560290 Inc.",,"Precision Engineering","Redmond, WA",,,95,US-SmallCity-Bot,new,"2026-04-29 21:19:20",
4677,"US-Corp-97-560291 Inc.",,SaaS,"Boulder, CO",,,99,US-SmallCity-Bot,new,"2026-04-29 21:19:20",
4678,"US-Corp-11-560291 Inc.",,BioTech,"Ann Arbor, MI",,,99,US-SmallCity-Bot,new,"2026-04-29 21:19:20",
4679,"US-Corp-77-560291 Inc.",,BioTech,"Huntsville, AL",,,96,US-SmallCity-Bot,new,"2026-04-29 21:19:20",
4680,"US-Corp-74-560291 Inc.",,Logistics,"Cary, NC",,,98,US-SmallCity-Bot,new,"2026-04-29 21:19:20",
4681,"US-Corp-65-560291 Inc.",,"Precision Engineering","Boulder, CO",,,90,US-SmallCity-Bot,new,"2026-04-29 21:19:20",
4682,"US-Corp-15-560291 Inc.",,BioTech,"Ann Arbor, MI",,,92,US-SmallCity-Bot,new,"2026-04-29 21:19:20",
4683,"US-Corp-91-560291 Inc.",,BioTech,"Cary, NC",,,94,US-SmallCity-Bot,new,"2026-04-29 21:19:20",
4684,"US-Corp-22-560291 Inc.",,"Precision Engineering","Redmond, WA",,,93,US-SmallCity-Bot,new,"2026-04-29 21:19:20",
4685,"US-Corp-72-560291 Inc.",,BioTech,"Huntsville, AL",,,97,US-SmallCity-Bot,new,"2026-04-29 21:19:20",
4686,"US-Corp-73-560291 Inc.",,Logistics,"Huntsville, AL",,,96,US-SmallCity-Bot,new,"2026-04-29 21:19:20",
4687,"US-Corp-21-560291 Inc.",,"Clean Energy","Redmond, WA",,,92,US-SmallCity-Bot,new,"2026-04-29 21:19:20",
4688,"US-Corp-19-560291 Inc.",,BioTech,"Ann Arbor, MI",,,94,US-SmallCity-Bot,new,"2026-04-29 21:19:20",
4689,"US-Corp-69-560291 Inc.",,"Clean Energy","Ann Arbor, MI",,,91,US-SmallCity-Bot,new,"2026-04-29 21:19:20",
4690,"US-Corp-50-560291 Inc.",,SaaS,"Huntsville, AL",,,94,US-SmallCity-Bot,new,"2026-04-29 21:19:20",
4691,"US-Corp-68-560292 Inc.",,Logistics,"Redmond, WA",,,96,US-SmallCity-Bot,new,"2026-04-29 21:19:20",
4692,"US-Corp-34-560292 Inc.",,SaaS,"Ann Arbor, MI",,,91,US-SmallCity-Bot,new,"2026-04-29 21:19:20",
4693,"US-Corp-63-560292 Inc.",,Logistics,"Boulder, CO",,,97,US-SmallCity-Bot,new,"2026-04-29 21:19:20",
4694,"US-Corp-52-560292 Inc.",,"Clean Energy","Redmond, WA",,,92,US-SmallCity-Bot,new,"2026-04-29 21:19:20",
4695,"US-Corp-14-560292 Inc.",,Logistics,"Redmond, WA",,,98,US-SmallCity-Bot,new,"2026-04-29 21:19:20",
4696,"US-Corp-75-560292 Inc.",,SaaS,"Cary, NC",,,97,US-SmallCity-Bot,new,"2026-04-29 21:19:20",
4697,"US-Corp-78-560292 Inc.",,BioTech,"Boulder, CO",,,94,US-SmallCity-Bot,new,"2026-04-29 21:19:20",
4698,"US-Corp-20-560292 Inc.",,Logistics,"Huntsville, AL",,,90,US-SmallCity-Bot,new,"2026-04-29 21:19:20",
4699,"US-Corp-91-560292 Inc.",,SaaS,"Boulder, CO",,,96,US-SmallCity-Bot,new,"2026-04-29 21:19:20",
4700,"US-Corp-99-560292 Inc.",,"Clean Energy","Huntsville, AL",,,95,US-SmallCity-Bot,new,"2026-04-29 21:19:20",
4701,"US-Corp-89-560292 Inc.",,SaaS,"Ann Arbor, MI",,,90,US-SmallCity-Bot,new,"2026-04-29 21:19:20",
4702,"US-Corp-35-560292 Inc.",,"Precision Engineering","Huntsville, AL",,,90,US-SmallCity-Bot,new,"2026-04-29 21:19:20",
4703,"US-Corp-51-560292 Inc.",,SaaS,"Huntsville, AL",,,91,US-SmallCity-Bot,new,"2026-04-29 21:19:20",
4704,"US-Corp-84-560292 Inc.",,BioTech,"Huntsville, AL",,,90,US-SmallCity-Bot,new,"2026-04-29 21:19:20",
4705,"US-Corp-19-560292 Inc.",,BioTech,"Huntsville, AL",,,90,US-SmallCity-Bot,new,"2026-04-29 21:19:20",
4706,"US-Corp-27-560293 Inc.",,SaaS,"Redmond, WA",,,97,US-SmallCity-Bot,new,"2026-04-29 21:19:20",
4707,"US-Corp-74-560293 Inc.",,"Clean Energy","Cary, NC",,,91,US-SmallCity-Bot,new,"2026-04-29 21:19:20",
4708,"US-Corp-39-560293 Inc.",,"Clean Energy","Redmond, WA",,,95,US-SmallCity-Bot,new,"2026-04-29 21:19:20",
4709,"US-Corp-88-560293 Inc.",,BioTech,"Boulder, CO",,,95,US-SmallCity-Bot,new,"2026-04-29 21:19:20",
4710,"US-Corp-80-560293 Inc.",,SaaS,"Redmond, WA",,,98,US-SmallCity-Bot,new,"2026-04-29 21:19:20",
4711,"US-Corp-32-560293 Inc.",,"Precision Engineering","Boulder, CO",,,99,US-SmallCity-Bot,new,"2026-04-29 21:19:20",
4712,"US-Corp-71-560293 Inc.",,SaaS,"Huntsville, AL",,,96,US-SmallCity-Bot,new,"2026-04-29 21:19:20",
4713,"US-Corp-21-560293 Inc.",,Logistics,"Huntsville, AL",,,91,US-SmallCity-Bot,new,"2026-04-29 21:19:20",
4714,"US-Corp-26-560293 Inc.",,"Clean Energy","Cary, NC",,,97,US-SmallCity-Bot,new,"2026-04-29 21:19:20",
4715,"US-Corp-23-560293 Inc.",,Logistics,"Redmond, WA",,,95,US-SmallCity-Bot,new,"2026-04-29 21:19:20",
4716,"US-Corp-16-560293 Inc.",,SaaS,"Boulder, CO",,,91,US-SmallCity-Bot,new,"2026-04-29 21:19:20",
4717,"US-Corp-73-560293 Inc.",,"Clean Energy","Cary, NC",,,92,US-SmallCity-Bot,new,"2026-04-29 21:19:20",
4718,"US-Corp-94-560293 Inc.",,"Precision Engineering","Cary, NC",,,91,US-SmallCity-Bot,new,"2026-04-29 21:19:20",
4719,"US-Corp-68-560293 Inc.",,"Precision Engineering","Cary, NC",,,96,US-SmallCity-Bot,new,"2026-04-29 21:19:20",
4720,"US-Corp-67-560294 Inc.",,"Clean Energy","Cary, NC",,,98,US-SmallCity-Bot,new,"2026-04-29 21:19:20",
4721,"US-Corp-20-560294 Inc.",,BioTech,"Ann Arbor, MI",,,95,US-SmallCity-Bot,new,"2026-04-29 21:19:20",
4722,"US-Corp-97-560294 Inc.",,"Precision Engineering","Boulder, CO",,,91,US-SmallCity-Bot,new,"2026-04-29 21:19:20",
4723,"US-Corp-95-560294 Inc.",,"Precision Engineering","Huntsville, AL",,,95,US-SmallCity-Bot,new,"2026-04-29 21:19:20",
4724,"US-Corp-51-560294 Inc.",,"Clean Energy","Boulder, CO",,,91,US-SmallCity-Bot,new,"2026-04-29 21:19:20",
4725,"US-Corp-83-560294 Inc.",,"Precision Engineering","Redmond, WA",,,98,US-SmallCity-Bot,new,"2026-04-29 21:19:20",
4726,"US-Corp-65-560294 Inc.",,BioTech,"Ann Arbor, MI",,,95,US-SmallCity-Bot,new,"2026-04-29 21:19:20",
4727,"US-Corp-30-560294 Inc.",,Logistics,"Redmond, WA",,,95,US-SmallCity-Bot,new,"2026-04-29 21:19:20",
4728,"US-Corp-31-560294 Inc.",,"Precision Engineering","Boulder, CO",,,95,US-SmallCity-Bot,new,"2026-04-29 21:19:20",
4729,"US-Corp-89-560294 Inc.",,Logistics,"Cary, NC",,,97,US-SmallCity-Bot,new,"2026-04-29 21:19:20",
4730,"US-Corp-90-560294 Inc.",,"Precision Engineering","Cary, NC",,,95,US-SmallCity-Bot,new,"2026-04-29 21:19:20",
4731,"US-Corp-28-560294 Inc.",,SaaS,"Cary, NC",,,95,US-SmallCity-Bot,new,"2026-04-29 21:19:20",
4732,"US-Corp-20-560295 Inc.",,"Precision Engineering","Huntsville, AL",,,96,US-SmallCity-Bot,new,"2026-04-29 21:19:20",
4733,"US-Corp-76-560295 Inc.",,BioTech,"Redmond, WA",,,95,US-SmallCity-Bot,new,"2026-04-29 21:19:20",
4734,"US-Corp-49-560295 Inc.",,BioTech,"Cary, NC",,,91,US-SmallCity-Bot,new,"2026-04-29 21:19:20",
4735,"US-Corp-43-560295 Inc.",,SaaS,"Boulder, CO",,,92,US-SmallCity-Bot,new,"2026-04-29 21:19:20",
4736,"US-Corp-37-560295 Inc.",,Logistics,"Ann Arbor, MI",,,97,US-SmallCity-Bot,new,"2026-04-29 21:19:20",
4737,"US-Corp-68-560295 Inc.",,BioTech,"Boulder, CO",,,99,US-SmallCity-Bot,new,"2026-04-29 21:19:20",
4738,"US-Corp-34-560295 Inc.",,"Precision Engineering","Redmond, WA",,,91,US-SmallCity-Bot,new,"2026-04-29 21:19:20",
4739,"US-Corp-97-560295 Inc.",,SaaS,"Boulder, CO",,,95,US-SmallCity-Bot,new,"2026-04-29 21:19:20",
4740,"US-Corp-77-560295 Inc.",,BioTech,"Cary, NC",,,93,US-SmallCity-Bot,new,"2026-04-29 21:19:20",
4741,"US-Corp-96-560295 Inc.",,"Clean Energy","Boulder, CO",,,90,US-SmallCity-Bot,new,"2026-04-29 21:19:20",
4742,"US-Corp-75-560295 Inc.",,BioTech,"Redmond, WA",,,90,US-SmallCity-Bot,new,"2026-04-29 21:19:20",
4743,"US-Corp-86-560295 Inc.",,BioTech,"Boulder, CO",,,94,US-SmallCity-Bot,new,"2026-04-29 21:19:20",
4744,"US-Corp-16-560295 Inc.",,"Precision Engineering","Cary, NC",,,95,US-SmallCity-Bot,new,"2026-04-29 21:19:20",
4745,"US-Corp-78-560296 Inc.",,"Clean Energy","Cary, NC",,,92,US-SmallCity-Bot,new,"2026-04-29 21:19:20",
4746,"US-Corp-47-560296 Inc.",,SaaS,"Redmond, WA",,,92,US-SmallCity-Bot,new,"2026-04-29 21:19:20",
4747,"US-Corp-65-560296 Inc.",,Logistics,"Ann Arbor, MI",,,94,US-SmallCity-Bot,new,"2026-04-29 21:19:20",
4748,"US-Corp-55-560296 Inc.",,SaaS,"Ann Arbor, MI",,,90,US-SmallCity-Bot,new,"2026-04-29 21:19:20",
4749,"US-Corp-11-560296 Inc.",,"Precision Engineering","Redmond, WA",,,95,US-SmallCity-Bot,new,"2026-04-29 21:19:20",
4750,"US-Corp-30-560296 Inc.",,SaaS,"Ann Arbor, MI",,,97,US-SmallCity-Bot,new,"2026-04-29 21:19:20",
4751,"US-Corp-15-560296 Inc.",,"Clean Energy","Redmond, WA",,,96,US-SmallCity-Bot,new,"2026-04-29 21:19:20",
4752,"US-Corp-49-560296 Inc.",,BioTech,"Huntsville, AL",,,98,US-SmallCity-Bot,new,"2026-04-29 21:19:20",
4753,"US-Corp-74-560296 Inc.",,BioTech,"Boulder, CO",,,95,US-SmallCity-Bot,new,"2026-04-29 21:19:20",
4754,"US-Corp-87-560296 Inc.",,"Clean Energy","Boulder, CO",,,98,US-SmallCity-Bot,new,"2026-04-29 21:19:20",
4755,"US-Corp-53-560296 Inc.",,Logistics,"Cary, NC",,,93,US-SmallCity-Bot,new,"2026-04-29 21:19:20",
4756,"US-Corp-48-560296 Inc.",,SaaS,"Ann Arbor, MI",,,98,US-SmallCity-Bot,new,"2026-04-29 21:19:20",
4757,"US-Corp-54-560297 Inc.",,"Clean Energy","Huntsville, AL",,,91,US-SmallCity-Bot,new,"2026-04-29 21:19:20",
4758,"US-Corp-34-560297 Inc.",,Logistics,"Huntsville, AL",,,91,US-SmallCity-Bot,new,"2026-04-29 21:19:20",
4759,"US-Corp-82-560297 Inc.",,Logistics,"Redmond, WA",,,97,US-SmallCity-Bot,new,"2026-04-29 21:19:20",
4760,"US-Corp-64-560297 Inc.",,"Clean Energy","Redmond, WA",,,97,US-SmallCity-Bot,new,"2026-04-29 21:19:20",
4761,"US-Corp-94-560297 Inc.",,Logistics,"Redmond, WA",,,90,US-SmallCity-Bot,new,"2026-04-29 21:19:20",
4762,"US-Corp-50-560297 Inc.",,Logistics,"Redmond, WA",,,99,US-SmallCity-Bot,new,"2026-04-29 21:19:20",
4763,"US-Corp-75-560297 Inc.",,BioTech,"Huntsville, AL",,,90,US-SmallCity-Bot,new,"2026-04-29 21:19:20",
4764,"US-Corp-13-560297 Inc.",,"Clean Energy","Boulder, CO",,,92,US-SmallCity-Bot,new,"2026-04-29 21:19:20",
4765,"US-Corp-78-560297 Inc.",,Logistics,"Cary, NC",,,98,US-SmallCity-Bot,new,"2026-04-29 21:19:20",
4766,"US-Corp-40-560297 Inc.",,Logistics,"Ann Arbor, MI",,,90,US-SmallCity-Bot,new,"2026-04-29 21:19:20",
4767,"US-Corp-37-560297 Inc.",,SaaS,"Redmond, WA",,,96,US-SmallCity-Bot,new,"2026-04-29 21:19:20",
4768,"US-Corp-38-560297 Inc.",,"Precision Engineering","Ann Arbor, MI",,,95,US-SmallCity-Bot,new,"2026-04-29 21:19:20",
4769,"US-Corp-14-560297 Inc.",,SaaS,"Huntsville, AL",,,97,US-SmallCity-Bot,new,"2026-04-29 21:19:20",
4770,"US-Corp-11-560297 Inc.",,BioTech,"Boulder, CO",,,90,US-SmallCity-Bot,new,"2026-04-29 21:19:20",
4771,"US-Corp-36-560297 Inc.",,BioTech,"Redmond, WA",,,98,US-SmallCity-Bot,new,"2026-04-29 21:19:20",
4772,"US-Corp-29-560297 Inc.",,"Clean Energy","Cary, NC",,,92,US-SmallCity-Bot,new,"2026-04-29 21:19:20",
4773,"US-Corp-54-560298 Inc.",,"Precision Engineering","Ann Arbor, MI",,,90,US-SmallCity-Bot,new,"2026-04-29 21:19:20",
4774,"US-Corp-90-560298 Inc.",,"Precision Engineering","Ann Arbor, MI",,,98,US-SmallCity-Bot,new,"2026-04-29 21:19:20",
4775,"US-Corp-15-560298 Inc.",,SaaS,"Boulder, CO",,,97,US-SmallCity-Bot,new,"2026-04-29 21:19:20",
4776,"US-Corp-92-560298 Inc.",,SaaS,"Redmond, WA",,,95,US-SmallCity-Bot,new,"2026-04-29 21:19:20",
4777,"US-Corp-45-560298 Inc.",,Logistics,"Boulder, CO",,,92,US-SmallCity-Bot,new,"2026-04-29 21:19:20",
4778,"US-Corp-43-560298 Inc.",,Logistics,"Ann Arbor, MI",,,99,US-SmallCity-Bot,new,"2026-04-29 21:19:20",
4779,"US-Corp-62-560298 Inc.",,Logistics,"Huntsville, AL",,,91,US-SmallCity-Bot,new,"2026-04-29 21:19:20",
4780,"US-Corp-84-560298 Inc.",,BioTech,"Cary, NC",,,92,US-SmallCity-Bot,new,"2026-04-29 21:19:20",
4781,"US-Corp-39-560298 Inc.",,"Clean Energy","Ann Arbor, MI",,,97,US-SmallCity-Bot,new,"2026-04-29 21:19:20",
4782,"US-Corp-78-560298 Inc.",,"Clean Energy","Huntsville, AL",,,99,US-SmallCity-Bot,new,"2026-04-29 21:19:20",
4783,"US-Corp-25-560298 Inc.",,Logistics,"Boulder, CO",,,93,US-SmallCity-Bot,new,"2026-04-29 21:19:20",
4784,"US-Corp-27-560298 Inc.",,BioTech,"Redmond, WA",,,94,US-SmallCity-Bot,new,"2026-04-29 21:19:20",
4785,"US-Corp-88-560298 Inc.",,BioTech,"Boulder, CO",,,97,US-SmallCity-Bot,new,"2026-04-29 21:19:20",
4786,"US-Corp-40-560299 Inc.",,SaaS,"Boulder, CO",,,99,US-SmallCity-Bot,new,"2026-04-29 21:19:20",
4787,"US-Corp-16-560299 Inc.",,"Clean Energy","Huntsville, AL",,,91,US-SmallCity-Bot,new,"2026-04-29 21:19:20",
4788,"US-Corp-61-560299 Inc.",,"Precision Engineering","Ann Arbor, MI",,,92,US-SmallCity-Bot,new,"2026-04-29 21:19:20",
4789,"US-Corp-70-560299 Inc.",,BioTech,"Boulder, CO",,,98,US-SmallCity-Bot,new,"2026-04-29 21:19:20",
4790,"US-Corp-95-560299 Inc.",,SaaS,"Redmond, WA",,,93,US-SmallCity-Bot,new,"2026-04-29 21:19:20",
4791,"US-Corp-53-560299 Inc.",,BioTech,"Boulder, CO",,,92,US-SmallCity-Bot,new,"2026-04-29 21:19:20",
4792,"US-Corp-78-560299 Inc.",,BioTech,"Redmond, WA",,,98,US-SmallCity-Bot,new,"2026-04-29 21:19:20",
4793,"US-Corp-57-560299 Inc.",,Logistics,"Redmond, WA",,,96,US-SmallCity-Bot,new,"2026-04-29 21:19:20",
4794,"US-Corp-10-560299 Inc.",,Logistics,"Huntsville, AL",,,99,US-SmallCity-Bot,new,"2026-04-29 21:19:20",
4795,"US-Corp-56-560299 Inc.",,"Clean Energy","Redmond, WA",,,91,US-SmallCity-Bot,new,"2026-04-29 21:19:20",
4796,"US-Corp-19-560299 Inc.",,BioTech,"Cary, NC",,,96,US-SmallCity-Bot,new,"2026-04-29 21:19:20",
4797,"US-Corp-76-560299 Inc.",,"Clean Energy","Boulder, CO",,,99,US-SmallCity-Bot,new,"2026-04-29 21:19:20",
4798,"US-Corp-27-560299 Inc.",,Logistics,"Ann Arbor, MI",,,97,US-SmallCity-Bot,new,"2026-04-29 21:19:20",
4799,"US-Corp-91-560299 Inc.",,SaaS,"Redmond, WA",,,91,US-SmallCity-Bot,new,"2026-04-29 21:19:20",
4800,"US-Corp-51-560300 Inc.",,BioTech,"Ann Arbor, MI",,,91,US-SmallCity-Bot,new,"2026-04-29 21:19:20",
4801,"US-Corp-26-560300 Inc.",,"Precision Engineering","Cary, NC",,,96,US-SmallCity-Bot,new,"2026-04-29 21:19:20",
4802,"US-Corp-62-560300 Inc.",,"Clean Energy","Cary, NC",,,97,US-SmallCity-Bot,new,"2026-04-29 21:19:20",
4803,"US-Corp-67-560300 Inc.",,"Clean Energy","Boulder, CO",,,99,US-SmallCity-Bot,new,"2026-04-29 21:19:20",
4804,"US-Corp-75-560300 Inc.",,BioTech,"Cary, NC",,,93,US-SmallCity-Bot,new,"2026-04-29 21:19:20",
4805,"US-Corp-69-560300 Inc.",,BioTech,"Ann Arbor, MI",,,96,US-SmallCity-Bot,new,"2026-04-29 21:19:20",
4806,"US-Corp-37-560300 Inc.",,"Clean Energy","Ann Arbor, MI",,,94,US-SmallCity-Bot,new,"2026-04-29 21:19:20",
4807,"US-Corp-60-560300 Inc.",,SaaS,"Huntsville, AL",,,99,US-SmallCity-Bot,new,"2026-04-29 21:19:20",
4808,"US-Corp-82-560300 Inc.",,BioTech,"Boulder, CO",,,96,US-SmallCity-Bot,new,"2026-04-29 21:19:20",
4809,"US-Corp-18-560300 Inc.",,BioTech,"Ann Arbor, MI",,,94,US-SmallCity-Bot,new,"2026-04-29 21:19:20",
4810,"US-Corp-63-560300 Inc.",,"Clean Energy","Boulder, CO",,,98,US-SmallCity-Bot,new,"2026-04-29 21:19:20",
4811,"US-Corp-55-560300 Inc.",,SaaS,"Huntsville, AL",,,95,US-SmallCity-Bot,new,"2026-04-29 21:19:20",
4812,"US-Corp-99-560300 Inc.",,Logistics,"Huntsville, AL",,,94,US-SmallCity-Bot,new,"2026-04-29 21:19:20",
4813,"US-Corp-44-560300 Inc.",,"Clean Energy","Redmond, WA",,,93,US-SmallCity-Bot,new,"2026-04-29 21:19:20",
4814,"US-Corp-37-560301 Inc.",,SaaS,"Huntsville, AL",,,96,US-SmallCity-Bot,new,"2026-04-29 21:19:20",
4815,"US-Corp-39-560301 Inc.",,"Precision Engineering","Ann Arbor, MI",,,95,US-SmallCity-Bot,new,"2026-04-29 21:19:20",
4816,"US-Corp-42-560301 Inc.",,BioTech,"Cary, NC",,,92,US-SmallCity-Bot,new,"2026-04-29 21:19:20",
4817,"US-Corp-13-560301 Inc.",,Logistics,"Redmond, WA",,,91,US-SmallCity-Bot,new,"2026-04-29 21:19:20",
4818,"US-Corp-27-560301 Inc.",,SaaS,"Huntsville, AL",,,98,US-SmallCity-Bot,new,"2026-04-29 21:19:20",
4819,"US-Corp-38-560301 Inc.",,"Clean Energy","Boulder, CO",,,98,US-SmallCity-Bot,new,"2026-04-29 21:19:20",
4820,"US-Corp-47-560301 Inc.",,"Clean Energy","Ann Arbor, MI",,,93,US-SmallCity-Bot,new,"2026-04-29 21:19:20",
4821,"US-Corp-43-560301 Inc.",,"Clean Energy","Redmond, WA",,,99,US-SmallCity-Bot,new,"2026-04-29 21:19:20",
4822,"US-Corp-67-560301 Inc.",,Logistics,"Cary, NC",,,95,US-SmallCity-Bot,new,"2026-04-29 21:19:20",
4823,"US-Corp-54-560301 Inc.",,BioTech,"Redmond, WA",,,91,US-SmallCity-Bot,new,"2026-04-29 21:19:20",
4824,"US-Corp-84-560301 Inc.",,SaaS,"Cary, NC",,,93,US-SmallCity-Bot,new,"2026-04-29 21:19:20",
4825,"US-Corp-65-560302 Inc.",,"Precision Engineering","Boulder, CO",,,96,US-SmallCity-Bot,new,"2026-04-29 21:19:20",
4826,"US-Corp-67-560302 Inc.",,"Precision Engineering","Cary, NC",,,97,US-SmallCity-Bot,new,"2026-04-29 21:19:20",
4827,"US-Corp-96-560302 Inc.",,BioTech,"Ann Arbor, MI",,,90,US-SmallCity-Bot,new,"2026-04-29 21:19:20",
4828,"US-Corp-14-560302 Inc.",,"Clean Energy","Boulder, CO",,,90,US-SmallCity-Bot,new,"2026-04-29 21:19:20",
4829,"US-Corp-82-560302 Inc.",,Logistics,"Boulder, CO",,,96,US-SmallCity-Bot,new,"2026-04-29 21:19:20",
4830,"US-Corp-44-560302 Inc.",,BioTech,"Ann Arbor, MI",,,98,US-SmallCity-Bot,new,"2026-04-29 21:19:20",
4831,"US-Corp-24-560302 Inc.",,BioTech,"Cary, NC",,,97,US-SmallCity-Bot,new,"2026-04-29 21:19:20",
4832,"US-Corp-21-560302 Inc.",,SaaS,"Redmond, WA",,,98,US-SmallCity-Bot,new,"2026-04-29 21:19:20",
4833,"US-Corp-42-560302 Inc.",,"Clean Energy","Cary, NC",,,93,US-SmallCity-Bot,new,"2026-04-29 21:19:20",
4834,"US-Corp-53-560302 Inc.",,"Clean Energy","Redmond, WA",,,96,US-SmallCity-Bot,new,"2026-04-29 21:19:20",
4835,"US-Corp-93-560302 Inc.",,SaaS,"Cary, NC",,,90,US-SmallCity-Bot,new,"2026-04-29 21:19:20",
4836,"US-Corp-59-560302 Inc.",,Logistics,"Cary, NC",,,94,US-SmallCity-Bot,new,"2026-04-29 21:19:20",
4837,"US-Corp-58-560303 Inc.",,"Clean Energy","Boulder, CO",,,98,US-SmallCity-Bot,new,"2026-04-29 21:19:20",
4838,"US-Corp-34-560303 Inc.",,Logistics,"Cary, NC",,,99,US-SmallCity-Bot,new,"2026-04-29 21:19:20",
4839,"US-Corp-74-560303 Inc.",,BioTech,"Ann Arbor, MI",,,91,US-SmallCity-Bot,new,"2026-04-29 21:19:20",
4840,"US-Corp-62-560303 Inc.",,SaaS,"Boulder, CO",,,98,US-SmallCity-Bot,new,"2026-04-29 21:19:20",
4841,"US-Corp-57-560303 Inc.",,"Clean Energy","Cary, NC",,,99,US-SmallCity-Bot,new,"2026-04-29 21:19:20",
4842,"US-Corp-59-560303 Inc.",,"Precision Engineering","Boulder, CO",,,90,US-SmallCity-Bot,new,"2026-04-29 21:19:20",
4843,"US-Corp-86-560303 Inc.",,"Clean Energy","Redmond, WA",,,98,US-SmallCity-Bot,new,"2026-04-29 21:19:20",
4844,"US-Corp-48-560303 Inc.",,"Clean Energy","Ann Arbor, MI",,,92,US-SmallCity-Bot,new,"2026-04-29 21:19:20",
4845,"US-Corp-39-560303 Inc.",,BioTech,"Ann Arbor, MI",,,96,US-SmallCity-Bot,new,"2026-04-29 21:19:20",
4846,"US-Corp-54-560303 Inc.",,Logistics,"Huntsville, AL",,,99,US-SmallCity-Bot,new,"2026-04-29 21:19:20",
4847,"US-Corp-61-560303 Inc.",,BioTech,"Redmond, WA",,,90,US-SmallCity-Bot,new,"2026-04-29 21:19:20",
4848,"US-Corp-24-560303 Inc.",,"Precision Engineering","Redmond, WA",,,90,US-SmallCity-Bot,new,"2026-04-29 21:19:20",
4849,"US-Corp-80-560304 Inc.",,SaaS,"Ann Arbor, MI",,,93,US-SmallCity-Bot,new,"2026-04-29 21:19:20",
4850,"US-Corp-44-560304 Inc.",,"Clean Energy","Boulder, CO",,,94,US-SmallCity-Bot,new,"2026-04-29 21:19:20",
4851,"US-Corp-10-560304 Inc.",,Logistics,"Redmond, WA",,,92,US-SmallCity-Bot,new,"2026-04-29 21:19:20",
4852,"US-Corp-39-560304 Inc.",,"Precision Engineering","Redmond, WA",,,94,US-SmallCity-Bot,new,"2026-04-29 21:19:20",
4853,"US-Corp-93-560304 Inc.",,"Clean Energy","Huntsville, AL",,,96,US-SmallCity-Bot,new,"2026-04-29 21:19:20",
4854,"US-Corp-29-560304 Inc.",,Logistics,"Ann Arbor, MI",,,90,US-SmallCity-Bot,new,"2026-04-29 21:19:20",
4855,"US-Corp-85-560304 Inc.",,SaaS,"Ann Arbor, MI",,,97,US-SmallCity-Bot,new,"2026-04-29 21:19:20",
4856,"US-Corp-77-560304 Inc.",,SaaS,"Redmond, WA",,,91,US-SmallCity-Bot,new,"2026-04-29 21:19:20",
4857,"US-Corp-46-560304 Inc.",,SaaS,"Redmond, WA",,,98,US-SmallCity-Bot,new,"2026-04-29 21:19:20",
4858,"US-Corp-23-560304 Inc.",,BioTech,"Ann Arbor, MI",,,90,US-SmallCity-Bot,new,"2026-04-29 21:19:20",
4859,"US-Corp-74-560304 Inc.",,"Precision Engineering","Ann Arbor, MI",,,96,US-SmallCity-Bot,new,"2026-04-29 21:19:20",
4860,"US-Corp-83-560304 Inc.",,BioTech,"Ann Arbor, MI",,,98,US-SmallCity-Bot,new,"2026-04-29 21:19:20",
4861,"US-Corp-78-560304 Inc.",,"Clean Energy","Redmond, WA",,,98,US-SmallCity-Bot,new,"2026-04-29 21:19:20",
4862,"US-Corp-81-560305 Inc.",,"Precision Engineering","Huntsville, AL",,,95,US-SmallCity-Bot,new,"2026-04-29 21:19:20",
4863,"US-Corp-99-560305 Inc.",,"Clean Energy","Redmond, WA",,,92,US-SmallCity-Bot,new,"2026-04-29 21:19:20",
4864,"US-Corp-26-560305 Inc.",,SaaS,"Redmond, WA",,,95,US-SmallCity-Bot,new,"2026-04-29 21:19:20",
4865,"US-Corp-28-560305 Inc.",,SaaS,"Cary, NC",,,92,US-SmallCity-Bot,new,"2026-04-29 21:19:20",
4866,"US-Corp-23-560305 Inc.",,"Precision Engineering","Cary, NC",,,96,US-SmallCity-Bot,new,"2026-04-29 21:19:20",
4867,"US-Corp-73-560305 Inc.",,"Precision Engineering","Ann Arbor, MI",,,90,US-SmallCity-Bot,new,"2026-04-29 21:19:20",
4868,"US-Corp-91-560305 Inc.",,Logistics,"Huntsville, AL",,,94,US-SmallCity-Bot,new,"2026-04-29 21:19:20",
4869,"US-Corp-78-560305 Inc.",,"Precision Engineering","Ann Arbor, MI",,,90,US-SmallCity-Bot,new,"2026-04-29 21:19:20",
4870,"US-Corp-60-560305 Inc.",,BioTech,"Cary, NC",,,94,US-SmallCity-Bot,new,"2026-04-29 21:19:20",
4871,"US-Corp-57-560305 Inc.",,"Precision Engineering","Redmond, WA",,,96,US-SmallCity-Bot,new,"2026-04-29 21:19:20",
4872,"US-Corp-22-560305 Inc.",,Logistics,"Huntsville, AL",,,91,US-SmallCity-Bot,new,"2026-04-29 21:19:20",
4873,"US-Corp-96-560305 Inc.",,"Clean Energy","Cary, NC",,,94,US-SmallCity-Bot,new,"2026-04-29 21:19:20",
4874,"US-Corp-62-560305 Inc.",,BioTech,"Boulder, CO",,,97,US-SmallCity-Bot,new,"2026-04-29 21:19:20",
4875,"US-Corp-21-560305 Inc.",,"Clean Energy","Huntsville, AL",,,97,US-SmallCity-Bot,new,"2026-04-29 21:19:20",
4876,"US-Corp-31-560305 Inc.",,Logistics,"Huntsville, AL",,,90,US-SmallCity-Bot,new,"2026-04-29 21:19:20",
4877,"US-Corp-62-560306 Inc.",,"Precision Engineering","Boulder, CO",,,91,US-SmallCity-Bot,new,"2026-04-29 21:19:20",
4878,"US-Corp-91-560306 Inc.",,SaaS,"Huntsville, AL",,,94,US-SmallCity-Bot,new,"2026-04-29 21:19:20",
4879,"US-Corp-12-560306 Inc.",,Logistics,"Redmond, WA",,,99,US-SmallCity-Bot,new,"2026-04-29 21:19:20",
4880,"US-Corp-43-560306 Inc.",,Logistics,"Boulder, CO",,,96,US-SmallCity-Bot,new,"2026-04-29 21:19:20",
4881,"US-Corp-68-560306 Inc.",,"Precision Engineering","Huntsville, AL",,,96,US-SmallCity-Bot,new,"2026-04-29 21:19:20",
4882,"US-Corp-44-560306 Inc.",,Logistics,"Cary, NC",,,98,US-SmallCity-Bot,new,"2026-04-29 21:19:20",
4883,"US-Corp-41-560306 Inc.",,"Precision Engineering","Huntsville, AL",,,91,US-SmallCity-Bot,new,"2026-04-29 21:19:20",
4884,"US-Corp-92-560306 Inc.",,"Clean Energy","Cary, NC",,,99,US-SmallCity-Bot,new,"2026-04-29 21:19:20",
4885,"US-Corp-99-560306 Inc.",,"Precision Engineering","Cary, NC",,,90,US-SmallCity-Bot,new,"2026-04-29 21:19:20",
4886,"US-Corp-50-560306 Inc.",,"Precision Engineering","Ann Arbor, MI",,,94,US-SmallCity-Bot,new,"2026-04-29 21:19:20",
4887,"US-Corp-69-560306 Inc.",,"Precision Engineering","Boulder, CO",,,94,US-SmallCity-Bot,new,"2026-04-29 21:19:20",
4888,"US-Corp-75-560306 Inc.",,Logistics,"Redmond, WA",,,92,US-SmallCity-Bot,new,"2026-04-29 21:19:20",
4889,"US-Corp-24-560306 Inc.",,"Clean Energy","Huntsville, AL",,,95,US-SmallCity-Bot,new,"2026-04-29 21:19:20",
4890,"US-Corp-61-560307 Inc.",,Logistics,"Huntsville, AL",,,91,US-SmallCity-Bot,new,"2026-04-29 21:19:20",
4891,"US-Corp-48-560307 Inc.",,SaaS,"Boulder, CO",,,96,US-SmallCity-Bot,new,"2026-04-29 21:19:20",
4892,"US-Corp-14-560307 Inc.",,BioTech,"Ann Arbor, MI",,,99,US-SmallCity-Bot,new,"2026-04-29 21:19:20",
4893,"US-Corp-65-560307 Inc.",,Logistics,"Redmond, WA",,,99,US-SmallCity-Bot,new,"2026-04-29 21:19:20",
4894,"US-Corp-12-560307 Inc.",,SaaS,"Ann Arbor, MI",,,95,US-SmallCity-Bot,new,"2026-04-29 21:19:20",
4895,"US-Corp-78-560307 Inc.",,"Precision Engineering","Huntsville, AL",,,97,US-SmallCity-Bot,new,"2026-04-29 21:19:20",
4896,"US-Corp-42-560307 Inc.",,"Precision Engineering","Ann Arbor, MI",,,98,US-SmallCity-Bot,new,"2026-04-29 21:19:20",
4897,"US-Corp-47-560307 Inc.",,Logistics,"Cary, NC",,,90,US-SmallCity-Bot,new,"2026-04-29 21:19:20",
4898,"US-Corp-86-560307 Inc.",,SaaS,"Ann Arbor, MI",,,97,US-SmallCity-Bot,new,"2026-04-29 21:19:20",
4899,"US-Corp-80-560307 Inc.",,BioTech,"Cary, NC",,,91,US-SmallCity-Bot,new,"2026-04-29 21:19:20",
4900,"US-Corp-79-560307 Inc.",,BioTech,"Boulder, CO",,,91,US-SmallCity-Bot,new,"2026-04-29 21:19:20",
4901,"US-Corp-26-560307 Inc.",,SaaS,"Huntsville, AL",,,98,US-SmallCity-Bot,new,"2026-04-29 21:19:20",
4902,"US-Corp-56-560307 Inc.",,Logistics,"Boulder, CO",,,90,US-SmallCity-Bot,new,"2026-04-29 21:19:20",
4903,"US-Corp-39-560308 Inc.",,SaaS,"Cary, NC",,,91,US-SmallCity-Bot,new,"2026-04-29 21:19:20",
4904,"US-Corp-21-560308 Inc.",,"Clean Energy","Huntsville, AL",,,98,US-SmallCity-Bot,new,"2026-04-29 21:19:20",
4905,"US-Corp-73-560308 Inc.",,"Clean Energy","Redmond, WA",,,94,US-SmallCity-Bot,new,"2026-04-29 21:19:20",
4906,"US-Corp-46-560308 Inc.",,"Precision Engineering","Boulder, CO",,,95,US-SmallCity-Bot,new,"2026-04-29 21:19:20",
4907,"US-Corp-63-560308 Inc.",,BioTech,"Ann Arbor, MI",,,99,US-SmallCity-Bot,new,"2026-04-29 21:19:20",
4908,"US-Corp-91-560308 Inc.",,BioTech,"Ann Arbor, MI",,,96,US-SmallCity-Bot,new,"2026-04-29 21:19:20",
4909,"US-Corp-47-560308 Inc.",,"Precision Engineering","Ann Arbor, MI",,,95,US-SmallCity-Bot,new,"2026-04-29 21:19:20",
4910,"US-Corp-93-560308 Inc.",,"Precision Engineering","Huntsville, AL",,,98,US-SmallCity-Bot,new,"2026-04-29 21:19:20",
4911,"US-Corp-71-560308 Inc.",,Logistics,"Huntsville, AL",,,94,US-SmallCity-Bot,new,"2026-04-29 21:19:20",
4912,"US-Corp-22-560308 Inc.",,SaaS,"Boulder, CO",,,90,US-SmallCity-Bot,new,"2026-04-29 21:19:20",
4913,"US-Corp-80-560308 Inc.",,"Clean Energy","Cary, NC",,,94,US-SmallCity-Bot,new,"2026-04-29 21:19:20",
4914,"US-Corp-78-560308 Inc.",,SaaS,"Cary, NC",,,95,US-SmallCity-Bot,new,"2026-04-29 21:19:20",
4915,"US-Corp-72-560308 Inc.",,BioTech,"Huntsville, AL",,,91,US-SmallCity-Bot,new,"2026-04-29 21:19:20",
4916,"US-Corp-76-560308 Inc.",,SaaS,"Boulder, CO",,,97,US-SmallCity-Bot,new,"2026-04-29 21:19:20",
4917,"US-Corp-17-560308 Inc.",,Logistics,"Ann Arbor, MI",,,97,US-SmallCity-Bot,new,"2026-04-29 21:19:20",
4918,"US-Corp-33-560309 Inc.",,BioTech,"Cary, NC",,,92,US-SmallCity-Bot,new,"2026-04-29 21:19:20",
4919,"US-Corp-19-560309 Inc.",,"Precision Engineering","Huntsville, AL",,,98,US-SmallCity-Bot,new,"2026-04-29 21:19:20",
4920,"US-Corp-63-560309 Inc.",,SaaS,"Boulder, CO",,,93,US-SmallCity-Bot,new,"2026-04-29 21:19:20",
4921,"US-Corp-20-560309 Inc.",,BioTech,"Cary, NC",,,96,US-SmallCity-Bot,new,"2026-04-29 21:19:20",
4922,"US-Corp-30-560309 Inc.",,SaaS,"Redmond, WA",,,90,US-SmallCity-Bot,new,"2026-04-29 21:19:20",
4923,"US-Corp-68-560309 Inc.",,"Precision Engineering","Redmond, WA",,,95,US-SmallCity-Bot,new,"2026-04-29 21:19:20",
4924,"US-Corp-46-560309 Inc.",,"Precision Engineering","Redmond, WA",,,99,US-SmallCity-Bot,new,"2026-04-29 21:19:20",
4925,"US-Corp-99-560309 Inc.",,Logistics,"Redmond, WA",,,95,US-SmallCity-Bot,new,"2026-04-29 21:19:20",
4926,"US-Corp-54-560309 Inc.",,BioTech,"Huntsville, AL",,,91,US-SmallCity-Bot,new,"2026-04-29 21:19:20",
4927,"US-Corp-39-560309 Inc.",,Logistics,"Ann Arbor, MI",,,92,US-SmallCity-Bot,new,"2026-04-29 21:19:20",
4928,"US-Corp-48-560309 Inc.",,SaaS,"Huntsville, AL",,,95,US-SmallCity-Bot,new,"2026-04-29 21:19:20",
4929,"US-Corp-27-560309 Inc.",,BioTech,"Boulder, CO",,,98,US-SmallCity-Bot,new,"2026-04-29 21:19:20",
4930,"US-Corp-90-560309 Inc.",,"Clean Energy","Redmond, WA",,,92,US-SmallCity-Bot,new,"2026-04-29 21:19:20",
4931,"US-Corp-70-560309 Inc.",,"Clean Energy","Boulder, CO",,,91,US-SmallCity-Bot,new,"2026-04-29 21:19:20",
4932,"US-Corp-49-560309 Inc.",,SaaS,"Huntsville, AL",,,97,US-SmallCity-Bot,new,"2026-04-29 21:19:20",
4933,"US-Corp-10-560310 Inc.",,SaaS,"Boulder, CO",,,96,US-SmallCity-Bot,new,"2026-04-29 21:19:20",
4934,"US-Corp-23-560310 Inc.",,BioTech,"Redmond, WA",,,94,US-SmallCity-Bot,new,"2026-04-29 21:19:20",
4935,"US-Corp-27-560310 Inc.",,SaaS,"Boulder, CO",,,92,US-SmallCity-Bot,new,"2026-04-29 21:19:20",
4936,"US-Corp-69-560310 Inc.",,SaaS,"Boulder, CO",,,97,US-SmallCity-Bot,new,"2026-04-29 21:19:20",
4937,"US-Corp-20-560310 Inc.",,BioTech,"Huntsville, AL",,,95,US-SmallCity-Bot,new,"2026-04-29 21:19:20",
4938,"US-Corp-29-560310 Inc.",,Logistics,"Cary, NC",,,98,US-SmallCity-Bot,new,"2026-04-29 21:19:20",
4939,"US-Corp-33-560310 Inc.",,"Precision Engineering","Boulder, CO",,,94,US-SmallCity-Bot,new,"2026-04-29 21:19:20",
4940,"US-Corp-68-560310 Inc.",,Logistics,"Ann Arbor, MI",,,90,US-SmallCity-Bot,new,"2026-04-29 21:19:20",
4941,"US-Corp-75-560310 Inc.",,SaaS,"Cary, NC",,,98,US-SmallCity-Bot,new,"2026-04-29 21:19:20",
4942,"US-Corp-88-560310 Inc.",,Logistics,"Cary, NC",,,97,US-SmallCity-Bot,new,"2026-04-29 21:19:20",
4943,"US-Corp-34-560310 Inc.",,SaaS,"Cary, NC",,,96,US-SmallCity-Bot,new,"2026-04-29 21:19:20",
4944,"US-Corp-52-560310 Inc.",,SaaS,"Boulder, CO",,,92,US-SmallCity-Bot,new,"2026-04-29 21:19:20",
4945,"US-Corp-55-560310 Inc.",,Logistics,"Cary, NC",,,91,US-SmallCity-Bot,new,"2026-04-29 21:19:20",
4946,"US-Corp-84-560310 Inc.",,Logistics,"Ann Arbor, MI",,,90,US-SmallCity-Bot,new,"2026-04-29 21:19:20",
4947,"US-Corp-58-560311 Inc.",,BioTech,"Redmond, WA",,,92,US-SmallCity-Bot,new,"2026-04-29 21:19:20",
4948,"US-Corp-10-560311 Inc.",,BioTech,"Redmond, WA",,,94,US-SmallCity-Bot,new,"2026-04-29 21:19:20",
4949,"US-Corp-51-560311 Inc.",,BioTech,"Huntsville, AL",,,99,US-SmallCity-Bot,new,"2026-04-29 21:19:20",
4950,"US-Corp-34-560311 Inc.",,BioTech,"Ann Arbor, MI",,,90,US-SmallCity-Bot,new,"2026-04-29 21:19:20",
4951,"US-Corp-43-560311 Inc.",,SaaS,"Cary, NC",,,95,US-SmallCity-Bot,new,"2026-04-29 21:19:20",
4952,"US-Corp-72-560311 Inc.",,BioTech,"Cary, NC",,,96,US-SmallCity-Bot,new,"2026-04-29 21:19:20",
4953,"US-Corp-26-560311 Inc.",,"Precision Engineering","Huntsville, AL",,,96,US-SmallCity-Bot,new,"2026-04-29 21:19:20",
4954,"US-Corp-61-560311 Inc.",,BioTech,"Cary, NC",,,99,US-SmallCity-Bot,new,"2026-04-29 21:19:20",
4955,"US-Corp-31-560311 Inc.",,SaaS,"Ann Arbor, MI",,,91,US-SmallCity-Bot,new,"2026-04-29 21:19:20",
4956,"US-Corp-48-560311 Inc.",,BioTech,"Boulder, CO",,,99,US-SmallCity-Bot,new,"2026-04-29 21:19:20",
4957,"US-Corp-87-560311 Inc.",,Logistics,"Cary, NC",,,96,US-SmallCity-Bot,new,"2026-04-29 21:19:20",
4958,"US-Corp-96-560312 Inc.",,"Precision Engineering","Huntsville, AL",,,93,US-SmallCity-Bot,new,"2026-04-29 21:19:20",
4959,"US-Corp-48-560312 Inc.",,"Clean Energy","Ann Arbor, MI",,,91,US-SmallCity-Bot,new,"2026-04-29 21:19:20",
4960,"US-Corp-39-560312 Inc.",,SaaS,"Ann Arbor, MI",,,96,US-SmallCity-Bot,new,"2026-04-29 21:19:20",
4961,"US-Corp-34-560312 Inc.",,SaaS,"Boulder, CO",,,95,US-SmallCity-Bot,new,"2026-04-29 21:19:20",
4962,"US-Corp-21-560312 Inc.",,SaaS,"Huntsville, AL",,,99,US-SmallCity-Bot,new,"2026-04-29 21:19:20",
4963,"US-Corp-77-560312 Inc.",,"Precision Engineering","Cary, NC",,,99,US-SmallCity-Bot,new,"2026-04-29 21:19:20",
4964,"US-Corp-63-560312 Inc.",,Logistics,"Redmond, WA",,,92,US-SmallCity-Bot,new,"2026-04-29 21:19:20",
4965,"US-Corp-14-560312 Inc.",,"Clean Energy","Ann Arbor, MI",,,91,US-SmallCity-Bot,new,"2026-04-29 21:19:20",
4966,"US-Corp-20-560312 Inc.",,SaaS,"Ann Arbor, MI",,,96,US-SmallCity-Bot,new,"2026-04-29 21:19:20",
4967,"US-Corp-50-560312 Inc.",,Logistics,"Boulder, CO",,,93,US-SmallCity-Bot,new,"2026-04-29 21:19:20",
4968,"US-Corp-80-560312 Inc.",,"Precision Engineering","Huntsville, AL",,,95,US-SmallCity-Bot,new,"2026-04-29 21:19:20",
4969,"US-Corp-44-560312 Inc.",,"Clean Energy","Cary, NC",,,90,US-SmallCity-Bot,new,"2026-04-29 21:19:20",
4970,"US-Corp-72-560312 Inc.",,SaaS,"Boulder, CO",,,99,US-SmallCity-Bot,new,"2026-04-29 21:19:20",
4971,"US-Corp-75-560313 Inc.",,"Precision Engineering","Redmond, WA",,,92,US-SmallCity-Bot,new,"2026-04-29 21:19:20",
4972,"US-Corp-40-560313 Inc.",,SaaS,"Huntsville, AL",,,96,US-SmallCity-Bot,new,"2026-04-29 21:19:20",
4973,"US-Corp-29-560313 Inc.",,SaaS,"Ann Arbor, MI",,,91,US-SmallCity-Bot,new,"2026-04-29 21:19:20",
4974,"US-Corp-77-560313 Inc.",,"Precision Engineering","Redmond, WA",,,99,US-SmallCity-Bot,new,"2026-04-29 21:19:20",
4975,"US-Corp-52-560313 Inc.",,"Precision Engineering","Boulder, CO",,,98,US-SmallCity-Bot,new,"2026-04-29 21:19:20",
4976,"US-Corp-42-560313 Inc.",,SaaS,"Cary, NC",,,98,US-SmallCity-Bot,new,"2026-04-29 21:19:20",
4977,"NZ-Global-43-599125 Ltd",,"Marine Tech","Wellington, NZ",,,94,NZ-Expansion-Bot,new,"2026-04-29 21:19:59",
4978,"NZ-Global-14-599126 Ltd",,"Sustainable Forestry","Christchurch, NZ",,,96,NZ-Expansion-Bot,new,"2026-04-29 21:19:59",
4979,"NZ-Global-40-599127 Ltd",,"Marine Tech","Auckland, NZ",,,97,NZ-Expansion-Bot,new,"2026-04-29 21:19:59",
4980,"NZ-Global-82-599127 Ltd",,"Cloud Infrastructure","Christchurch, NZ",,,90,NZ-Expansion-Bot,new,"2026-04-29 21:19:59",
4981,"NZ-Global-26-599127 Ltd",,"Cloud Infrastructure","Auckland, NZ",,,95,NZ-Expansion-Bot,new,"2026-04-29 21:19:59",
4982,"NZ-Global-63-599127 Ltd",,"AgriTech Solutions","Wellington, NZ",,,97,NZ-Expansion-Bot,new,"2026-04-29 21:19:59",
4983,"NZ-Global-73-599127 Ltd",,"AgriTech Solutions","Hamilton, NZ",,,89,NZ-Expansion-Bot,new,"2026-04-29 21:19:59",
4984,"NZ-Global-11-599127 Ltd",,"AgriTech Solutions","Wellington, NZ",,,89,NZ-Expansion-Bot,new,"2026-04-29 21:19:59",
4985,"NZ-Global-25-599127 Ltd",,"AgriTech Solutions","Christchurch, NZ",,,91,NZ-Expansion-Bot,new,"2026-04-29 21:19:59",
4986,"NZ-Global-78-599127 Ltd",,FinTech,"Hamilton, NZ",,,97,NZ-Expansion-Bot,new,"2026-04-29 21:19:59",
4987,"NZ-Global-40-599128 Ltd",,"Sustainable Forestry","Wellington, NZ",,,99,NZ-Expansion-Bot,new,"2026-04-29 21:19:59",
4988,"NZ-Global-93-599128 Ltd",,"AgriTech Solutions","Hamilton, NZ",,,94,NZ-Expansion-Bot,new,"2026-04-29 21:19:59",
4989,"NZ-Global-21-599128 Ltd",,"Sustainable Forestry","Wellington, NZ",,,90,NZ-Expansion-Bot,new,"2026-04-29 21:19:59",
4990,"NZ-Global-61-599128 Ltd",,"AgriTech Solutions","Wellington, NZ",,,98,NZ-Expansion-Bot,new,"2026-04-29 21:19:59",
4991,"NZ-Global-43-599128 Ltd",,FinTech,"Hamilton, NZ",,,99,NZ-Expansion-Bot,new,"2026-04-29 21:19:59",
4992,"NZ-Global-73-599128 Ltd",,"Marine Tech","Auckland, NZ",,,94,NZ-Expansion-Bot,new,"2026-04-29 21:19:59",
4993,"NZ-Global-14-599128 Ltd",,"Marine Tech","Wellington, NZ",,,89,NZ-Expansion-Bot,new,"2026-04-29 21:19:59",
4994,"NZ-Global-91-599128 Ltd",,"Marine Tech","Christchurch, NZ",,,89,NZ-Expansion-Bot,new,"2026-04-29 21:19:59",
4995,"NZ-Global-99-599128 Ltd",,"Cloud Infrastructure","Hamilton, NZ",,,93,NZ-Expansion-Bot,new,"2026-04-29 21:19:59",
4996,"NZ-Global-17-599128 Ltd",,"AgriTech Solutions","Christchurch, NZ",,,88,NZ-Expansion-Bot,new,"2026-04-29 21:19:59",
4997,"NZ-Global-57-599128 Ltd",,"Cloud Infrastructure","Wellington, NZ",,,95,NZ-Expansion-Bot,new,"2026-04-29 21:19:59",
4998,"NZ-Global-67-599129 Ltd",,FinTech,"Wellington, NZ",,,88,NZ-Expansion-Bot,new,"2026-04-29 21:19:59",
4999,"NZ-Global-60-599129 Ltd",,"AgriTech Solutions","Hamilton, NZ",,,89,NZ-Expansion-Bot,new,"2026-04-29 21:19:59",
5000,"NZ-Global-28-599129 Ltd",,"Sustainable Forestry","Wellington, NZ",,,93,NZ-Expansion-Bot,new,"2026-04-29 21:19:59",
5001,"NZ-Global-21-599129 Ltd",,"Cloud Infrastructure","Christchurch, NZ",,,88,NZ-Expansion-Bot,new,"2026-04-29 21:19:59",
5002,"NZ-Global-43-599129 Ltd",,FinTech,"Hamilton, NZ",,,98,NZ-Expansion-Bot,new,"2026-04-29 21:19:59",
5003,"NZ-Global-57-599129 Ltd",,"AgriTech Solutions","Christchurch, NZ",,,98,NZ-Expansion-Bot,new,"2026-04-29 21:19:59",
5004,"NZ-Global-29-599129 Ltd",,"Cloud Infrastructure","Christchurch, NZ",,,94,NZ-Expansion-Bot,new,"2026-04-29 21:19:59",
5005,"NZ-Global-41-599129 Ltd",,"Cloud Infrastructure","Christchurch, NZ",,,94,NZ-Expansion-Bot,new,"2026-04-29 21:19:59",
5006,"NZ-Global-51-599129 Ltd",,"Marine Tech","Hamilton, NZ",,,91,NZ-Expansion-Bot,new,"2026-04-29 21:19:59",
5007,"NZ-Global-36-599129 Ltd",,FinTech,"Christchurch, NZ",,,88,NZ-Expansion-Bot,new,"2026-04-29 21:19:59",
5008,"NZ-Global-31-599130 Ltd",,"Marine Tech","Christchurch, NZ",,,98,NZ-Expansion-Bot,new,"2026-04-29 21:19:59",
5009,"NZ-Global-26-599130 Ltd",,"Sustainable Forestry","Christchurch, NZ",,,91,NZ-Expansion-Bot,new,"2026-04-29 21:19:59",
5010,"NZ-Global-67-599130 Ltd",,"Marine Tech","Auckland, NZ",,,95,NZ-Expansion-Bot,new,"2026-04-29 21:19:59",
5011,"NZ-Global-50-599130 Ltd",,"Sustainable Forestry","Hamilton, NZ",,,91,NZ-Expansion-Bot,new,"2026-04-29 21:19:59",
5012,"NZ-Global-35-599130 Ltd",,"Cloud Infrastructure","Wellington, NZ",,,96,NZ-Expansion-Bot,new,"2026-04-29 21:19:59",
5013,"NZ-Global-18-599130 Ltd",,"Sustainable Forestry","Auckland, NZ",,,93,NZ-Expansion-Bot,new,"2026-04-29 21:19:59",
5014,"NZ-Global-46-599130 Ltd",,"AgriTech Solutions","Christchurch, NZ",,,94,NZ-Expansion-Bot,new,"2026-04-29 21:19:59",
5015,"NZ-Global-84-599130 Ltd",,"Sustainable Forestry","Hamilton, NZ",,,94,NZ-Expansion-Bot,new,"2026-04-29 21:19:59",
5016,"NZ-Global-60-599130 Ltd",,"AgriTech Solutions","Auckland, NZ",,,89,NZ-Expansion-Bot,new,"2026-04-29 21:19:59",
5017,"NZ-Global-54-599130 Ltd",,"Sustainable Forestry","Wellington, NZ",,,92,NZ-Expansion-Bot,new,"2026-04-29 21:19:59",
5018,"NZ-Global-19-599130 Ltd",,FinTech,"Hamilton, NZ",,,92,NZ-Expansion-Bot,new,"2026-04-29 21:19:59",
5019,"NZ-Global-53-599130 Ltd",,FinTech,"Christchurch, NZ",,,99,NZ-Expansion-Bot,new,"2026-04-29 21:19:59",
5020,"NZ-Global-63-599130 Ltd",,"Sustainable Forestry","Christchurch, NZ",,,92,NZ-Expansion-Bot,new,"2026-04-29 21:19:59",
5021,"NZ-Global-54-599131 Ltd",,"Sustainable Forestry","Auckland, NZ",,,98,NZ-Expansion-Bot,new,"2026-04-29 21:19:59",
5022,"NZ-Global-86-599131 Ltd",,"Marine Tech","Auckland, NZ",,,92,NZ-Expansion-Bot,new,"2026-04-29 21:19:59",
5023,"NZ-Global-91-599131 Ltd",,"Marine Tech","Auckland, NZ",,,98,NZ-Expansion-Bot,new,"2026-04-29 21:19:59",
5024,"NZ-Global-73-599131 Ltd",,"Marine Tech","Christchurch, NZ",,,90,NZ-Expansion-Bot,new,"2026-04-29 21:19:59",
5025,"NZ-Global-76-599131 Ltd",,"Marine Tech","Hamilton, NZ",,,99,NZ-Expansion-Bot,new,"2026-04-29 21:19:59",
5026,"NZ-Global-49-599131 Ltd",,"Sustainable Forestry","Christchurch, NZ",,,98,NZ-Expansion-Bot,new,"2026-04-29 21:19:59",
5027,"NZ-Global-25-599131 Ltd",,"Cloud Infrastructure","Auckland, NZ",,,89,NZ-Expansion-Bot,new,"2026-04-29 21:19:59",
5028,"NZ-Global-55-599131 Ltd",,"Cloud Infrastructure","Christchurch, NZ",,,93,NZ-Expansion-Bot,new,"2026-04-29 21:19:59",
5029,"NZ-Global-22-599131 Ltd",,"Cloud Infrastructure","Hamilton, NZ",,,99,NZ-Expansion-Bot,new,"2026-04-29 21:19:59",
5030,"NZ-Global-54-599132 Ltd",,"AgriTech Solutions","Wellington, NZ",,,94,NZ-Expansion-Bot,new,"2026-04-29 21:19:59",
5031,"NZ-Global-97-599132 Ltd",,"Cloud Infrastructure","Auckland, NZ",,,96,NZ-Expansion-Bot,new,"2026-04-29 21:19:59",
5032,"NZ-Global-90-599132 Ltd",,"Sustainable Forestry","Auckland, NZ",,,89,NZ-Expansion-Bot,new,"2026-04-29 21:19:59",
5033,"NZ-Global-21-599132 Ltd",,"AgriTech Solutions","Christchurch, NZ",,,99,NZ-Expansion-Bot,new,"2026-04-29 21:19:59",
5034,"NZ-Global-28-599132 Ltd",,"AgriTech Solutions","Auckland, NZ",,,99,NZ-Expansion-Bot,new,"2026-04-29 21:19:59",
5035,"NZ-Global-23-599132 Ltd",,"Marine Tech","Christchurch, NZ",,,91,NZ-Expansion-Bot,new,"2026-04-29 21:19:59",
5036,"NZ-Global-65-599132 Ltd",,"Sustainable Forestry","Auckland, NZ",,,91,NZ-Expansion-Bot,new,"2026-04-29 21:19:59",
5037,"NZ-Global-15-599132 Ltd",,"AgriTech Solutions","Wellington, NZ",,,89,NZ-Expansion-Bot,new,"2026-04-29 21:19:59",
5038,"NZ-Global-89-599132 Ltd",,"AgriTech Solutions","Auckland, NZ",,,99,NZ-Expansion-Bot,new,"2026-04-29 21:19:59",
5039,"NZ-Global-14-599132 Ltd",,"AgriTech Solutions","Hamilton, NZ",,,91,NZ-Expansion-Bot,new,"2026-04-29 21:19:59",
5040,"NZ-Global-26-599132 Ltd",,FinTech,"Auckland, NZ",,,92,NZ-Expansion-Bot,new,"2026-04-29 21:19:59",
5041,"NZ-Global-20-599132 Ltd",,"AgriTech Solutions","Hamilton, NZ",,,97,NZ-Expansion-Bot,new,"2026-04-29 21:19:59",
5042,"NZ-Global-83-599132 Ltd",,"AgriTech Solutions","Hamilton, NZ",,,96,NZ-Expansion-Bot,new,"2026-04-29 21:19:59",
5043,"NZ-Global-78-599132 Ltd",,"Sustainable Forestry","Hamilton, NZ",,,89,NZ-Expansion-Bot,new,"2026-04-29 21:19:59",
5044,"NZ-Global-96-599132 Ltd",,"Marine Tech","Auckland, NZ",,,94,NZ-Expansion-Bot,new,"2026-04-29 21:19:59",
5045,"NZ-Global-31-599132 Ltd",,"Marine Tech","Auckland, NZ",,,98,NZ-Expansion-Bot,new,"2026-04-29 21:19:59",
5046,"NZ-Global-97-599133 Ltd",,"Marine Tech","Hamilton, NZ",,,96,NZ-Expansion-Bot,new,"2026-04-29 21:19:59",
5047,"NZ-Global-77-599133 Ltd",,FinTech,"Wellington, NZ",,,94,NZ-Expansion-Bot,new,"2026-04-29 21:19:59",
5048,"NZ-Global-43-599133 Ltd",,FinTech,"Christchurch, NZ",,,95,NZ-Expansion-Bot,new,"2026-04-29 21:19:59",
5049,"NZ-Global-87-599133 Ltd",,FinTech,"Hamilton, NZ",,,88,NZ-Expansion-Bot,new,"2026-04-29 21:19:59",
5050,"NZ-Global-61-599133 Ltd",,"AgriTech Solutions","Auckland, NZ",,,95,NZ-Expansion-Bot,new,"2026-04-29 21:19:59",
5051,"NZ-Global-76-599133 Ltd",,"Marine Tech","Christchurch, NZ",,,96,NZ-Expansion-Bot,new,"2026-04-29 21:19:59",
5052,"NZ-Global-55-599133 Ltd",,"Sustainable Forestry","Auckland, NZ",,,92,NZ-Expansion-Bot,new,"2026-04-29 21:19:59",
5053,"NZ-Global-47-599133 Ltd",,FinTech,"Christchurch, NZ",,,96,NZ-Expansion-Bot,new,"2026-04-29 21:19:59",
5054,"NZ-Global-38-599133 Ltd",,FinTech,"Wellington, NZ",,,98,NZ-Expansion-Bot,new,"2026-04-29 21:19:59",
5055,"NZ-Global-68-599133 Ltd",,"Sustainable Forestry","Wellington, NZ",,,90,NZ-Expansion-Bot,new,"2026-04-29 21:19:59",
5056,"NZ-Global-50-599133 Ltd",,"Marine Tech","Hamilton, NZ",,,97,NZ-Expansion-Bot,new,"2026-04-29 21:19:59",
5057,"NZ-Global-66-599133 Ltd",,FinTech,"Hamilton, NZ",,,94,NZ-Expansion-Bot,new,"2026-04-29 21:19:59",
5058,"NZ-Global-30-599133 Ltd",,"Marine Tech","Wellington, NZ",,,90,NZ-Expansion-Bot,new,"2026-04-29 21:19:59",
5059,"NZ-Global-16-599133 Ltd",,"Marine Tech","Hamilton, NZ",,,99,NZ-Expansion-Bot,new,"2026-04-29 21:19:59",
5060,"NZ-Global-30-599134 Ltd",,"Sustainable Forestry","Wellington, NZ",,,96,NZ-Expansion-Bot,new,"2026-04-29 21:19:59",
5061,"NZ-Global-39-599134 Ltd",,"Marine Tech","Hamilton, NZ",,,97,NZ-Expansion-Bot,new,"2026-04-29 21:19:59",
5062,"NZ-Global-81-599134 Ltd",,FinTech,"Hamilton, NZ",,,93,NZ-Expansion-Bot,new,"2026-04-29 21:19:59",
5063,"NZ-Global-78-599134 Ltd",,"Sustainable Forestry","Wellington, NZ",,,92,NZ-Expansion-Bot,new,"2026-04-29 21:19:59",
5064,"NZ-Global-40-599134 Ltd",,"AgriTech Solutions","Wellington, NZ",,,90,NZ-Expansion-Bot,new,"2026-04-29 21:19:59",
5065,"NZ-Global-85-599134 Ltd",,FinTech,"Wellington, NZ",,,91,NZ-Expansion-Bot,new,"2026-04-29 21:19:59",
5066,"NZ-Global-73-599134 Ltd",,"AgriTech Solutions","Hamilton, NZ",,,97,NZ-Expansion-Bot,new,"2026-04-29 21:19:59",
5067,"NZ-Global-33-599134 Ltd",,"Marine Tech","Wellington, NZ",,,97,NZ-Expansion-Bot,new,"2026-04-29 21:19:59",
5068,"NZ-Global-52-599134 Ltd",,"AgriTech Solutions","Christchurch, NZ",,,89,NZ-Expansion-Bot,new,"2026-04-29 21:19:59",
5069,"NZ-Global-47-599134 Ltd",,"AgriTech Solutions","Hamilton, NZ",,,99,NZ-Expansion-Bot,new,"2026-04-29 21:19:59",
5070,"NZ-Global-70-599134 Ltd",,"Marine Tech","Hamilton, NZ",,,92,NZ-Expansion-Bot,new,"2026-04-29 21:19:59",
5071,"NZ-Global-35-599134 Ltd",,"Cloud Infrastructure","Hamilton, NZ",,,98,NZ-Expansion-Bot,new,"2026-04-29 21:19:59",
5072,"NZ-Global-51-599134 Ltd",,"AgriTech Solutions","Hamilton, NZ",,,96,NZ-Expansion-Bot,new,"2026-04-29 21:19:59",
5073,"NZ-Global-68-599134 Ltd",,"AgriTech Solutions","Wellington, NZ",,,97,NZ-Expansion-Bot,new,"2026-04-29 21:19:59",
5074,"NZ-Global-64-599134 Ltd",,"Marine Tech","Hamilton, NZ",,,90,NZ-Expansion-Bot,new,"2026-04-29 21:19:59",
5075,"NZ-Global-12-599135 Ltd",,"Sustainable Forestry","Hamilton, NZ",,,98,NZ-Expansion-Bot,new,"2026-04-29 21:19:59",
5076,"NZ-Global-60-599135 Ltd",,"Cloud Infrastructure","Hamilton, NZ",,,88,NZ-Expansion-Bot,new,"2026-04-29 21:19:59",
5077,"NZ-Global-34-599135 Ltd",,"Sustainable Forestry","Auckland, NZ",,,92,NZ-Expansion-Bot,new,"2026-04-29 21:19:59",
5078,"NZ-Global-81-599135 Ltd",,"Sustainable Forestry","Auckland, NZ",,,97,NZ-Expansion-Bot,new,"2026-04-29 21:19:59",
5079,"NZ-Global-57-599135 Ltd",,"Sustainable Forestry","Hamilton, NZ",,,93,NZ-Expansion-Bot,new,"2026-04-29 21:19:59",
5080,"NZ-Global-96-599135 Ltd",,"AgriTech Solutions","Hamilton, NZ",,,93,NZ-Expansion-Bot,new,"2026-04-29 21:19:59",
5081,"NZ-Global-23-599135 Ltd",,"Cloud Infrastructure","Christchurch, NZ",,,90,NZ-Expansion-Bot,new,"2026-04-29 21:19:59",
5082,"NZ-Global-78-599135 Ltd",,FinTech,"Christchurch, NZ",,,92,NZ-Expansion-Bot,new,"2026-04-29 21:19:59",
5083,"NZ-Global-67-599135 Ltd",,FinTech,"Christchurch, NZ",,,97,NZ-Expansion-Bot,new,"2026-04-29 21:19:59",
5084,"NZ-Global-92-599135 Ltd",,"Cloud Infrastructure","Christchurch, NZ",,,91,NZ-Expansion-Bot,new,"2026-04-29 21:19:59",
5085,"NZ-Global-16-599135 Ltd",,"Cloud Infrastructure","Hamilton, NZ",,,88,NZ-Expansion-Bot,new,"2026-04-29 21:19:59",
5086,"NZ-Global-27-599135 Ltd",,FinTech,"Auckland, NZ",,,89,NZ-Expansion-Bot,new,"2026-04-29 21:19:59",
5087,"NZ-Global-53-599135 Ltd",,"AgriTech Solutions","Auckland, NZ",,,92,NZ-Expansion-Bot,new,"2026-04-29 21:19:59",
5088,"NZ-Global-32-599136 Ltd",,"Cloud Infrastructure","Auckland, NZ",,,90,NZ-Expansion-Bot,new,"2026-04-29 21:19:59",
5089,"NZ-Global-70-599136 Ltd",,FinTech,"Christchurch, NZ",,,98,NZ-Expansion-Bot,new,"2026-04-29 21:19:59",
5090,"NZ-Global-20-599136 Ltd",,FinTech,"Christchurch, NZ",,,96,NZ-Expansion-Bot,new,"2026-04-29 21:19:59",
5091,"NZ-Global-64-599136 Ltd",,"Marine Tech","Wellington, NZ",,,94,NZ-Expansion-Bot,new,"2026-04-29 21:19:59",
5092,"NZ-Global-76-599136 Ltd",,"Cloud Infrastructure","Auckland, NZ",,,89,NZ-Expansion-Bot,new,"2026-04-29 21:19:59",
5093,"NZ-Global-44-599136 Ltd",,"Marine Tech","Hamilton, NZ",,,96,NZ-Expansion-Bot,new,"2026-04-29 21:19:59",
5094,"NZ-Global-87-599136 Ltd",,FinTech,"Wellington, NZ",,,89,NZ-Expansion-Bot,new,"2026-04-29 21:19:59",
5095,"NZ-Global-41-599136 Ltd",,FinTech,"Christchurch, NZ",,,90,NZ-Expansion-Bot,new,"2026-04-29 21:19:59",
5096,"NZ-Global-30-599136 Ltd",,"AgriTech Solutions","Christchurch, NZ",,,91,NZ-Expansion-Bot,new,"2026-04-29 21:19:59",
5097,"NZ-Global-24-599136 Ltd",,"Cloud Infrastructure","Wellington, NZ",,,99,NZ-Expansion-Bot,new,"2026-04-29 21:19:59",
5098,"NZ-Global-42-599136 Ltd",,FinTech,"Hamilton, NZ",,,95,NZ-Expansion-Bot,new,"2026-04-29 21:19:59",
5099,"NZ-Global-66-599136 Ltd",,FinTech,"Christchurch, NZ",,,90,NZ-Expansion-Bot,new,"2026-04-29 21:19:59",
5100,"NZ-Global-68-599136 Ltd",,"Sustainable Forestry","Hamilton, NZ",,,91,NZ-Expansion-Bot,new,"2026-04-29 21:19:59",
5101,"NZ-Global-90-599137 Ltd",,FinTech,"Christchurch, NZ",,,93,NZ-Expansion-Bot,new,"2026-04-29 21:19:59",
5102,"NZ-Global-19-599137 Ltd",,"Marine Tech","Auckland, NZ",,,89,NZ-Expansion-Bot,new,"2026-04-29 21:19:59",
5103,"NZ-Global-83-599137 Ltd",,"Marine Tech","Hamilton, NZ",,,91,NZ-Expansion-Bot,new,"2026-04-29 21:19:59",
5104,"NZ-Global-62-599137 Ltd",,"Marine Tech","Christchurch, NZ",,,95,NZ-Expansion-Bot,new,"2026-04-29 21:19:59",
5105,"NZ-Global-97-599137 Ltd",,"Marine Tech","Wellington, NZ",,,93,NZ-Expansion-Bot,new,"2026-04-29 21:19:59",
5106,"NZ-Global-95-599137 Ltd",,"AgriTech Solutions","Auckland, NZ",,,89,NZ-Expansion-Bot,new,"2026-04-29 21:19:59",
5107,"NZ-Global-76-599137 Ltd",,"Cloud Infrastructure","Auckland, NZ",,,93,NZ-Expansion-Bot,new,"2026-04-29 21:19:59",
5108,"NZ-Global-10-599137 Ltd",,FinTech,"Wellington, NZ",,,96,NZ-Expansion-Bot,new,"2026-04-29 21:19:59",
5109,"NZ-Global-23-599137 Ltd",,FinTech,"Hamilton, NZ",,,98,NZ-Expansion-Bot,new,"2026-04-29 21:19:59",
5110,"NZ-Global-63-599137 Ltd",,"Cloud Infrastructure","Wellington, NZ",,,99,NZ-Expansion-Bot,new,"2026-04-29 21:19:59",
5111,"NZ-Global-20-599137 Ltd",,"AgriTech Solutions","Christchurch, NZ",,,94,NZ-Expansion-Bot,new,"2026-04-29 21:19:59",
5112,"NZ-Global-91-599137 Ltd",,"Sustainable Forestry","Hamilton, NZ",,,95,NZ-Expansion-Bot,new,"2026-04-29 21:19:59",
5113,"NZ-Global-81-599137 Ltd",,"Sustainable Forestry","Christchurch, NZ",,,94,NZ-Expansion-Bot,new,"2026-04-29 21:19:59",
5114,"NZ-Global-88-599137 Ltd",,FinTech,"Auckland, NZ",,,94,NZ-Expansion-Bot,new,"2026-04-29 21:19:59",
5115,"NZ-Global-21-599137 Ltd",,"Marine Tech","Wellington, NZ",,,92,NZ-Expansion-Bot,new,"2026-04-29 21:19:59",
5116,"NZ-Global-70-599138 Ltd",,"Sustainable Forestry","Christchurch, NZ",,,98,NZ-Expansion-Bot,new,"2026-04-29 21:19:59",
5117,"NZ-Global-55-599138 Ltd",,"Cloud Infrastructure","Auckland, NZ",,,98,NZ-Expansion-Bot,new,"2026-04-29 21:19:59",
5118,"NZ-Global-24-599138 Ltd",,"AgriTech Solutions","Wellington, NZ",,,88,NZ-Expansion-Bot,new,"2026-04-29 21:19:59",
5119,"NZ-Global-48-599138 Ltd",,"AgriTech Solutions","Christchurch, NZ",,,93,NZ-Expansion-Bot,new,"2026-04-29 21:19:59",
5120,"NZ-Global-66-599138 Ltd",,"Cloud Infrastructure","Christchurch, NZ",,,92,NZ-Expansion-Bot,new,"2026-04-29 21:19:59",
5121,"NZ-Global-20-599138 Ltd",,FinTech,"Wellington, NZ",,,91,NZ-Expansion-Bot,new,"2026-04-29 21:19:59",
5122,"NZ-Global-63-599138 Ltd",,"Sustainable Forestry","Auckland, NZ",,,90,NZ-Expansion-Bot,new,"2026-04-29 21:19:59",
5123,"NZ-Global-97-599138 Ltd",,FinTech,"Hamilton, NZ",,,99,NZ-Expansion-Bot,new,"2026-04-29 21:19:59",
5124,"NZ-Global-44-599138 Ltd",,"Marine Tech","Wellington, NZ",,,98,NZ-Expansion-Bot,new,"2026-04-29 21:19:59",
5125,"NZ-Global-37-599138 Ltd",,FinTech,"Hamilton, NZ",,,98,NZ-Expansion-Bot,new,"2026-04-29 21:19:59",
5126,"NZ-Global-76-599138 Ltd",,FinTech,"Christchurch, NZ",,,94,NZ-Expansion-Bot,new,"2026-04-29 21:19:59",
5127,"NZ-Global-56-599138 Ltd",,FinTech,"Auckland, NZ",,,97,NZ-Expansion-Bot,new,"2026-04-29 21:19:59",
5128,"NZ-Global-16-599138 Ltd",,"Cloud Infrastructure","Hamilton, NZ",,,89,NZ-Expansion-Bot,new,"2026-04-29 21:19:59",
5129,"NZ-Global-77-599138 Ltd",,FinTech,"Christchurch, NZ",,,90,NZ-Expansion-Bot,new,"2026-04-29 21:19:59",
5130,"NZ-Global-89-599138 Ltd",,"AgriTech Solutions","Christchurch, NZ",,,97,NZ-Expansion-Bot,new,"2026-04-29 21:19:59",
5131,"NZ-Global-69-599138 Ltd",,"AgriTech Solutions","Christchurch, NZ",,,92,NZ-Expansion-Bot,new,"2026-04-29 21:19:59",
5132,"NZ-Global-39-599139 Ltd",,"Sustainable Forestry","Hamilton, NZ",,,99,NZ-Expansion-Bot,new,"2026-04-29 21:19:59",
5133,"NZ-Global-14-599139 Ltd",,FinTech,"Christchurch, NZ",,,93,NZ-Expansion-Bot,new,"2026-04-29 21:19:59",
5134,"NZ-Global-55-599139 Ltd",,"AgriTech Solutions","Auckland, NZ",,,91,NZ-Expansion-Bot,new,"2026-04-29 21:19:59",
5135,"NZ-Global-54-599139 Ltd",,"Sustainable Forestry","Auckland, NZ",,,92,NZ-Expansion-Bot,new,"2026-04-29 21:19:59",
5136,"NZ-Global-51-599139 Ltd",,"Marine Tech","Wellington, NZ",,,91,NZ-Expansion-Bot,new,"2026-04-29 21:19:59",
5137,"NZ-Global-40-599139 Ltd",,"Cloud Infrastructure","Auckland, NZ",,,88,NZ-Expansion-Bot,new,"2026-04-29 21:19:59",
5138,"NZ-Global-98-599139 Ltd",,"Marine Tech","Auckland, NZ",,,93,NZ-Expansion-Bot,new,"2026-04-29 21:19:59",
5139,"NZ-Global-13-599139 Ltd",,"Cloud Infrastructure","Christchurch, NZ",,,93,NZ-Expansion-Bot,new,"2026-04-29 21:19:59",
5140,"NZ-Global-52-599139 Ltd",,"Cloud Infrastructure","Christchurch, NZ",,,97,NZ-Expansion-Bot,new,"2026-04-29 21:19:59",
5141,"NZ-Global-76-599139 Ltd",,"Marine Tech","Christchurch, NZ",,,95,NZ-Expansion-Bot,new,"2026-04-29 21:19:59",
5142,"NZ-Global-56-599139 Ltd",,FinTech,"Christchurch, NZ",,,95,NZ-Expansion-Bot,new,"2026-04-29 21:19:59",
5143,"NZ-Global-26-599139 Ltd",,"AgriTech Solutions","Wellington, NZ",,,98,NZ-Expansion-Bot,new,"2026-04-29 21:19:59",
5144,"NZ-Global-90-599140 Ltd",,FinTech,"Hamilton, NZ",,,99,NZ-Expansion-Bot,new,"2026-04-29 21:19:59",
5145,"NZ-Global-24-599140 Ltd",,"Cloud Infrastructure","Christchurch, NZ",,,99,NZ-Expansion-Bot,new,"2026-04-29 21:19:59",
5146,"NZ-Global-47-599140 Ltd",,"AgriTech Solutions","Auckland, NZ",,,94,NZ-Expansion-Bot,new,"2026-04-29 21:19:59",
5147,"NZ-Global-74-599140 Ltd",,"Cloud Infrastructure","Christchurch, NZ",,,93,NZ-Expansion-Bot,new,"2026-04-29 21:19:59",
5148,"NZ-Global-54-599140 Ltd",,"Cloud Infrastructure","Wellington, NZ",,,93,NZ-Expansion-Bot,new,"2026-04-29 21:19:59",
5149,"NZ-Global-73-599140 Ltd",,"Marine Tech","Auckland, NZ",,,95,NZ-Expansion-Bot,new,"2026-04-29 21:19:59",
5150,"NZ-Global-57-599140 Ltd",,"Cloud Infrastructure","Auckland, NZ",,,99,NZ-Expansion-Bot,new,"2026-04-29 21:19:59",
5151,"NZ-Global-61-599140 Ltd",,"AgriTech Solutions","Hamilton, NZ",,,89,NZ-Expansion-Bot,new,"2026-04-29 21:19:59",
5152,"NZ-Global-50-599140 Ltd",,FinTech,"Christchurch, NZ",,,97,NZ-Expansion-Bot,new,"2026-04-29 21:19:59",
5153,"NZ-Global-40-599140 Ltd",,"Marine Tech","Auckland, NZ",,,98,NZ-Expansion-Bot,new,"2026-04-29 21:19:59",
5154,"NZ-Global-39-599140 Ltd",,"Cloud Infrastructure","Auckland, NZ",,,93,NZ-Expansion-Bot,new,"2026-04-29 21:19:59",
5155,"NZ-Global-92-599141 Ltd",,"Cloud Infrastructure","Wellington, NZ",,,99,NZ-Expansion-Bot,new,"2026-04-29 21:19:59",
5156,"NZ-Global-82-599141 Ltd",,"Cloud Infrastructure","Hamilton, NZ",,,96,NZ-Expansion-Bot,new,"2026-04-29 21:19:59",
5157,"NZ-Global-23-599141 Ltd",,"Cloud Infrastructure","Christchurch, NZ",,,93,NZ-Expansion-Bot,new,"2026-04-29 21:19:59",
5158,"NZ-Global-37-599141 Ltd",,"Sustainable Forestry","Wellington, NZ",,,90,NZ-Expansion-Bot,new,"2026-04-29 21:19:59",
5159,"NZ-Global-20-599141 Ltd",,"Marine Tech","Wellington, NZ",,,92,NZ-Expansion-Bot,new,"2026-04-29 21:19:59",
5160,"NZ-Global-55-599141 Ltd",,"Cloud Infrastructure","Christchurch, NZ",,,90,NZ-Expansion-Bot,new,"2026-04-29 21:19:59",
5161,"NZ-Global-57-599141 Ltd",,"AgriTech Solutions","Christchurch, NZ",,,93,NZ-Expansion-Bot,new,"2026-04-29 21:19:59",
5162,"NZ-Global-15-599141 Ltd",,"AgriTech Solutions","Christchurch, NZ",,,96,NZ-Expansion-Bot,new,"2026-04-29 21:19:59",
5163,"NZ-Global-61-599141 Ltd",,FinTech,"Hamilton, NZ",,,91,NZ-Expansion-Bot,new,"2026-04-29 21:19:59",
5164,"NZ-Global-95-599141 Ltd",,"AgriTech Solutions","Hamilton, NZ",,,89,NZ-Expansion-Bot,new,"2026-04-29 21:19:59",
5165,"NZ-Global-25-599141 Ltd",,"Sustainable Forestry","Wellington, NZ",,,93,NZ-Expansion-Bot,new,"2026-04-29 21:19:59",
5166,"NZ-Global-60-599141 Ltd",,"Cloud Infrastructure","Hamilton, NZ",,,95,NZ-Expansion-Bot,new,"2026-04-29 21:19:59",
5167,"NZ-Global-97-599141 Ltd",,"AgriTech Solutions","Hamilton, NZ",,,91,NZ-Expansion-Bot,new,"2026-04-29 21:19:59",
5168,"NZ-Global-47-599141 Ltd",,"Sustainable Forestry","Hamilton, NZ",,,96,NZ-Expansion-Bot,new,"2026-04-29 21:19:59",
5169,"NZ-Global-51-599142 Ltd",,"Sustainable Forestry","Hamilton, NZ",,,91,NZ-Expansion-Bot,new,"2026-04-29 21:19:59",
5170,"NZ-Global-58-599142 Ltd",,"Sustainable Forestry","Wellington, NZ",,,93,NZ-Expansion-Bot,new,"2026-04-29 21:19:59",
5171,"NZ-Global-81-599142 Ltd",,"Marine Tech","Wellington, NZ",,,90,NZ-Expansion-Bot,new,"2026-04-29 21:19:59",
5172,"NZ-Global-14-599142 Ltd",,"Sustainable Forestry","Wellington, NZ",,,91,NZ-Expansion-Bot,new,"2026-04-29 21:19:59",
5173,"NZ-Global-72-599142 Ltd",,"Cloud Infrastructure","Auckland, NZ",,,95,NZ-Expansion-Bot,new,"2026-04-29 21:19:59",
5174,"NZ-Global-24-599142 Ltd",,"AgriTech Solutions","Christchurch, NZ",,,90,NZ-Expansion-Bot,new,"2026-04-29 21:19:59",
5175,"NZ-Global-10-599142 Ltd",,"Cloud Infrastructure","Christchurch, NZ",,,96,NZ-Expansion-Bot,new,"2026-04-29 21:19:59",
5176,"NZ-Global-52-599142 Ltd",,"Sustainable Forestry","Hamilton, NZ",,,97,NZ-Expansion-Bot,new,"2026-04-29 21:19:59",
5177,"NZ-Global-11-599142 Ltd",,"Cloud Infrastructure","Wellington, NZ",,,88,NZ-Expansion-Bot,new,"2026-04-29 21:19:59",
5178,"NZ-Global-77-599142 Ltd",,"AgriTech Solutions","Auckland, NZ",,,88,NZ-Expansion-Bot,new,"2026-04-29 21:19:59",
5179,"NZ-Global-29-599142 Ltd",,"Cloud Infrastructure","Auckland, NZ",,,92,NZ-Expansion-Bot,new,"2026-04-29 21:19:59",
5180,"NZ-Global-16-599142 Ltd",,"Cloud Infrastructure","Hamilton, NZ",,,91,NZ-Expansion-Bot,new,"2026-04-29 21:19:59",
5181,"NZ-Global-20-599142 Ltd",,"Marine Tech","Hamilton, NZ",,,88,NZ-Expansion-Bot,new,"2026-04-29 21:19:59",
5182,"NZ-Global-36-599142 Ltd",,"Marine Tech","Wellington, NZ",,,88,NZ-Expansion-Bot,new,"2026-04-29 21:19:59",
5183,"NZ-Global-98-599142 Ltd",,"AgriTech Solutions","Auckland, NZ",,,91,NZ-Expansion-Bot,new,"2026-04-29 21:19:59",
5184,"NZ-Global-36-599143 Ltd",,FinTech,"Hamilton, NZ",,,99,NZ-Expansion-Bot,new,"2026-04-29 21:19:59",
5185,"NZ-Global-77-599143 Ltd",,"Sustainable Forestry","Auckland, NZ",,,93,NZ-Expansion-Bot,new,"2026-04-29 21:19:59",
5186,"NZ-Global-97-599143 Ltd",,"Marine Tech","Wellington, NZ",,,95,NZ-Expansion-Bot,new,"2026-04-29 21:19:59",
5187,"NZ-Global-68-599143 Ltd",,FinTech,"Wellington, NZ",,,98,NZ-Expansion-Bot,new,"2026-04-29 21:19:59",
5188,"NZ-Global-63-599143 Ltd",,FinTech,"Auckland, NZ",,,98,NZ-Expansion-Bot,new,"2026-04-29 21:19:59",
5189,"NZ-Global-62-599143 Ltd",,"Cloud Infrastructure","Christchurch, NZ",,,93,NZ-Expansion-Bot,new,"2026-04-29 21:19:59",
5190,"NZ-Global-81-599143 Ltd",,"Sustainable Forestry","Wellington, NZ",,,94,NZ-Expansion-Bot,new,"2026-04-29 21:19:59",
5191,"NZ-Global-61-599143 Ltd",,"Cloud Infrastructure","Christchurch, NZ",,,90,NZ-Expansion-Bot,new,"2026-04-29 21:19:59",
5192,"NZ-Global-57-599143 Ltd",,"AgriTech Solutions","Wellington, NZ",,,95,NZ-Expansion-Bot,new,"2026-04-29 21:19:59",
5193,"NZ-Global-72-599143 Ltd",,FinTech,"Auckland, NZ",,,91,NZ-Expansion-Bot,new,"2026-04-29 21:19:59",
5194,"NZ-Global-67-599143 Ltd",,"Sustainable Forestry","Hamilton, NZ",,,97,NZ-Expansion-Bot,new,"2026-04-29 21:19:59",
5195,"NZ-Global-10-599143 Ltd",,FinTech,"Christchurch, NZ",,,93,NZ-Expansion-Bot,new,"2026-04-29 21:19:59",
5196,"NZ-Global-54-599143 Ltd",,FinTech,"Wellington, NZ",,,90,NZ-Expansion-Bot,new,"2026-04-29 21:19:59",
5197,"NZ-Global-66-599143 Ltd",,"Sustainable Forestry","Wellington, NZ",,,98,NZ-Expansion-Bot,new,"2026-04-29 21:19:59",
5198,"NZ-Global-15-599144 Ltd",,FinTech,"Wellington, NZ",,,94,NZ-Expansion-Bot,new,"2026-04-29 21:19:59",
5199,"NZ-Global-40-599144 Ltd",,"Sustainable Forestry","Hamilton, NZ",,,93,NZ-Expansion-Bot,new,"2026-04-29 21:19:59",
5200,"NZ-Global-77-599144 Ltd",,"Cloud Infrastructure","Christchurch, NZ",,,98,NZ-Expansion-Bot,new,"2026-04-29 21:19:59",
5201,"NZ-Global-57-599144 Ltd",,"AgriTech Solutions","Hamilton, NZ",,,91,NZ-Expansion-Bot,new,"2026-04-29 21:19:59",
5202,"NZ-Global-85-599144 Ltd",,"Marine Tech","Auckland, NZ",,,91,NZ-Expansion-Bot,new,"2026-04-29 21:19:59",
5203,"NZ-Global-25-599144 Ltd",,FinTech,"Wellington, NZ",,,96,NZ-Expansion-Bot,new,"2026-04-29 21:19:59",
5204,"NZ-Global-93-599144 Ltd",,FinTech,"Christchurch, NZ",,,97,NZ-Expansion-Bot,new,"2026-04-29 21:19:59",
5205,"NZ-Global-81-599144 Ltd",,"Marine Tech","Wellington, NZ",,,92,NZ-Expansion-Bot,new,"2026-04-29 21:19:59",
5206,"NZ-Global-92-599144 Ltd",,"Marine Tech","Wellington, NZ",,,99,NZ-Expansion-Bot,new,"2026-04-29 21:19:59",
5207,"NZ-Global-13-599144 Ltd",,"AgriTech Solutions","Wellington, NZ",,,96,NZ-Expansion-Bot,new,"2026-04-29 21:19:59",
5208,"NZ-Global-70-599144 Ltd",,FinTech,"Christchurch, NZ",,,98,NZ-Expansion-Bot,new,"2026-04-29 21:19:59",
5209,"NZ-Global-78-599144 Ltd",,FinTech,"Christchurch, NZ",,,95,NZ-Expansion-Bot,new,"2026-04-29 21:19:59",
5210,"NZ-Global-84-599144 Ltd",,"Sustainable Forestry","Wellington, NZ",,,97,NZ-Expansion-Bot,new,"2026-04-29 21:19:59",
5211,"NZ-Global-37-599144 Ltd",,"Marine Tech","Wellington, NZ",,,93,NZ-Expansion-Bot,new,"2026-04-29 21:19:59",
5212,"NZ-Global-20-599144 Ltd",,"Sustainable Forestry","Hamilton, NZ",,,88,NZ-Expansion-Bot,new,"2026-04-29 21:19:59",
5213,"NZ-Global-40-599145 Ltd",,"Cloud Infrastructure","Hamilton, NZ",,,95,NZ-Expansion-Bot,new,"2026-04-29 21:19:59",
5214,"NZ-Global-50-599145 Ltd",,"Marine Tech","Christchurch, NZ",,,88,NZ-Expansion-Bot,new,"2026-04-29 21:19:59",
5215,"NZ-Global-69-599145 Ltd",,"AgriTech Solutions","Hamilton, NZ",,,96,NZ-Expansion-Bot,new,"2026-04-29 21:19:59",
5216,"NZ-Global-94-599145 Ltd",,"Cloud Infrastructure","Hamilton, NZ",,,99,NZ-Expansion-Bot,new,"2026-04-29 21:19:59",
5217,"NZ-Global-35-599145 Ltd",,"AgriTech Solutions","Wellington, NZ",,,90,NZ-Expansion-Bot,new,"2026-04-29 21:19:59",
5218,"NZ-Global-20-599145 Ltd",,FinTech,"Christchurch, NZ",,,98,NZ-Expansion-Bot,new,"2026-04-29 21:19:59",
5219,"NZ-Global-54-599145 Ltd",,FinTech,"Christchurch, NZ",,,98,NZ-Expansion-Bot,new,"2026-04-29 21:19:59",
5220,"NZ-Global-68-599145 Ltd",,"Cloud Infrastructure","Wellington, NZ",,,93,NZ-Expansion-Bot,new,"2026-04-29 21:19:59",
5221,"NZ-Global-22-599145 Ltd",,"Cloud Infrastructure","Auckland, NZ",,,98,NZ-Expansion-Bot,new,"2026-04-29 21:19:59",
5222,"NZ-Global-57-599145 Ltd",,"AgriTech Solutions","Hamilton, NZ",,,99,NZ-Expansion-Bot,new,"2026-04-29 21:19:59",
5223,"NZ-Global-85-599145 Ltd",,FinTech,"Christchurch, NZ",,,94,NZ-Expansion-Bot,new,"2026-04-29 21:19:59",
5224,"NZ-Global-95-599145 Ltd",,FinTech,"Christchurch, NZ",,,98,NZ-Expansion-Bot,new,"2026-04-29 21:19:59",
5225,"NZ-Global-46-599145 Ltd",,FinTech,"Christchurch, NZ",,,98,NZ-Expansion-Bot,new,"2026-04-29 21:19:59",
5226,"NZ-Global-84-599146 Ltd",,FinTech,"Hamilton, NZ",,,89,NZ-Expansion-Bot,new,"2026-04-29 21:19:59",
5227,"NZ-Global-81-599146 Ltd",,"Marine Tech","Auckland, NZ",,,90,NZ-Expansion-Bot,new,"2026-04-29 21:19:59",
5228,"NZ-Global-14-599146 Ltd",,"Sustainable Forestry","Wellington, NZ",,,88,NZ-Expansion-Bot,new,"2026-04-29 21:19:59",
5229,"NZ-Global-39-599146 Ltd",,FinTech,"Auckland, NZ",,,90,NZ-Expansion-Bot,new,"2026-04-29 21:19:59",
5230,"NZ-Global-34-599146 Ltd",,"AgriTech Solutions","Wellington, NZ",,,96,NZ-Expansion-Bot,new,"2026-04-29 21:19:59",
5231,"NZ-Global-74-599146 Ltd",,"Cloud Infrastructure","Hamilton, NZ",,,97,NZ-Expansion-Bot,new,"2026-04-29 21:19:59",
5232,"NZ-Global-41-599146 Ltd",,"AgriTech Solutions","Wellington, NZ",,,91,NZ-Expansion-Bot,new,"2026-04-29 21:19:59",
5233,"NZ-Global-54-599146 Ltd",,"AgriTech Solutions","Hamilton, NZ",,,94,NZ-Expansion-Bot,new,"2026-04-29 21:19:59",
5234,"NZ-Global-55-599146 Ltd",,"Cloud Infrastructure","Christchurch, NZ",,,99,NZ-Expansion-Bot,new,"2026-04-29 21:19:59",
5235,"NZ-Global-49-599146 Ltd",,"Marine Tech","Christchurch, NZ",,,99,NZ-Expansion-Bot,new,"2026-04-29 21:19:59",
5236,"NZ-Global-83-599146 Ltd",,"AgriTech Solutions","Wellington, NZ",,,97,NZ-Expansion-Bot,new,"2026-04-29 21:19:59",
5237,"NZ-Global-21-599147 Ltd",,"Marine Tech","Hamilton, NZ",,,91,NZ-Expansion-Bot,new,"2026-04-29 21:19:59",
5238,"NZ-Global-85-599147 Ltd",,FinTech,"Wellington, NZ",,,96,NZ-Expansion-Bot,new,"2026-04-29 21:19:59",
5239,"NZ-Global-83-599147 Ltd",,"Cloud Infrastructure","Wellington, NZ",,,99,NZ-Expansion-Bot,new,"2026-04-29 21:19:59",
5240,"NZ-Global-28-599147 Ltd",,FinTech,"Christchurch, NZ",,,91,NZ-Expansion-Bot,new,"2026-04-29 21:19:59",
5241,"NZ-Global-77-599147 Ltd",,"Marine Tech","Wellington, NZ",,,93,NZ-Expansion-Bot,new,"2026-04-29 21:19:59",
5242,"NZ-Global-71-599147 Ltd",,"Sustainable Forestry","Wellington, NZ",,,88,NZ-Expansion-Bot,new,"2026-04-29 21:19:59",
5243,"NZ-Global-90-599147 Ltd",,"Sustainable Forestry","Auckland, NZ",,,96,NZ-Expansion-Bot,new,"2026-04-29 21:19:59",
5244,"NZ-Global-26-599147 Ltd",,"Sustainable Forestry","Wellington, NZ",,,95,NZ-Expansion-Bot,new,"2026-04-29 21:19:59",
5245,"NZ-Global-94-599147 Ltd",,"Sustainable Forestry","Christchurch, NZ",,,95,NZ-Expansion-Bot,new,"2026-04-29 21:19:59",
5246,"NZ-Global-92-599147 Ltd",,"Marine Tech","Christchurch, NZ",,,95,NZ-Expansion-Bot,new,"2026-04-29 21:19:59",
5247,"NZ-Global-29-599147 Ltd",,FinTech,"Wellington, NZ",,,88,NZ-Expansion-Bot,new,"2026-04-29 21:19:59",
5248,"NZ-Global-56-599147 Ltd",,"Sustainable Forestry","Hamilton, NZ",,,98,NZ-Expansion-Bot,new,"2026-04-29 21:19:59",
5249,"NZ-Global-54-599147 Ltd",,"Marine Tech","Christchurch, NZ",,,90,NZ-Expansion-Bot,new,"2026-04-29 21:19:59",
5250,"NZ-Global-13-599147 Ltd",,"AgriTech Solutions","Christchurch, NZ",,,89,NZ-Expansion-Bot,new,"2026-04-29 21:19:59",
5251,"NZ-Global-54-599148 Ltd",,"Cloud Infrastructure","Auckland, NZ",,,91,NZ-Expansion-Bot,new,"2026-04-29 21:19:59",
5252,"NZ-Global-52-599148 Ltd",,FinTech,"Christchurch, NZ",,,95,NZ-Expansion-Bot,new,"2026-04-29 21:19:59",
5253,"NZ-Global-45-599148 Ltd",,"Sustainable Forestry","Wellington, NZ",,,99,NZ-Expansion-Bot,new,"2026-04-29 21:19:59",
5254,"NZ-Global-31-599148 Ltd",,"AgriTech Solutions","Hamilton, NZ",,,95,NZ-Expansion-Bot,new,"2026-04-29 21:19:59",
5255,"NZ-Global-90-599148 Ltd",,"Cloud Infrastructure","Auckland, NZ",,,89,NZ-Expansion-Bot,new,"2026-04-29 21:19:59",
5256,"NZ-Global-94-599148 Ltd",,"AgriTech Solutions","Auckland, NZ",,,92,NZ-Expansion-Bot,new,"2026-04-29 21:19:59",
5257,"NZ-Global-39-599148 Ltd",,"Sustainable Forestry","Wellington, NZ",,,95,NZ-Expansion-Bot,new,"2026-04-29 21:19:59",
5258,"NZ-Global-89-599148 Ltd",,"AgriTech Solutions","Wellington, NZ",,,89,NZ-Expansion-Bot,new,"2026-04-29 21:19:59",
5259,"NZ-Global-76-599148 Ltd",,FinTech,"Christchurch, NZ",,,99,NZ-Expansion-Bot,new,"2026-04-29 21:19:59",
5260,"NZ-Global-46-599148 Ltd",,"Marine Tech","Auckland, NZ",,,99,NZ-Expansion-Bot,new,"2026-04-29 21:19:59",
5261,"NZ-Global-68-599148 Ltd",,"Marine Tech","Wellington, NZ",,,91,NZ-Expansion-Bot,new,"2026-04-29 21:19:59",
5262,"NZ-Global-87-599148 Ltd",,FinTech,"Wellington, NZ",,,91,NZ-Expansion-Bot,new,"2026-04-29 21:19:59",
5263,"NZ-Global-53-599148 Ltd",,"Cloud Infrastructure","Hamilton, NZ",,,98,NZ-Expansion-Bot,new,"2026-04-29 21:19:59",
5264,"NZ-Global-75-599148 Ltd",,"Sustainable Forestry","Christchurch, NZ",,,88,NZ-Expansion-Bot,new,"2026-04-29 21:19:59",
5265,"NZ-Global-81-599148 Ltd",,"Sustainable Forestry","Hamilton, NZ",,,90,NZ-Expansion-Bot,new,"2026-04-29 21:19:59",
5266,"NZ-Global-39-599149 Ltd",,FinTech,"Hamilton, NZ",,,90,NZ-Expansion-Bot,new,"2026-04-29 21:19:59",
5267,"NZ-Global-81-599149 Ltd",,"Marine Tech","Wellington, NZ",,,91,NZ-Expansion-Bot,new,"2026-04-29 21:19:59",
5268,"NZ-Global-75-599149 Ltd",,"Marine Tech","Wellington, NZ",,,96,NZ-Expansion-Bot,new,"2026-04-29 21:19:59",
5269,"NZ-Global-16-599149 Ltd",,"Marine Tech","Auckland, NZ",,,90,NZ-Expansion-Bot,new,"2026-04-29 21:19:59",
5270,"NZ-Global-15-599149 Ltd",,"Sustainable Forestry","Hamilton, NZ",,,92,NZ-Expansion-Bot,new,"2026-04-29 21:19:59",
5271,"NZ-Global-49-599149 Ltd",,"Sustainable Forestry","Hamilton, NZ",,,91,NZ-Expansion-Bot,new,"2026-04-29 21:19:59",
5272,"NZ-Global-21-599149 Ltd",,"Sustainable Forestry","Hamilton, NZ",,,91,NZ-Expansion-Bot,new,"2026-04-29 21:19:59",
5273,"NZ-Global-55-599149 Ltd",,"AgriTech Solutions","Wellington, NZ",,,97,NZ-Expansion-Bot,new,"2026-04-29 21:19:59",
5274,"NZ-Global-36-599149 Ltd",,FinTech,"Hamilton, NZ",,,90,NZ-Expansion-Bot,new,"2026-04-29 21:19:59",
5275,"NZ-Global-54-599149 Ltd",,"Sustainable Forestry","Hamilton, NZ",,,93,NZ-Expansion-Bot,new,"2026-04-29 21:19:59",
5276,"NZ-Global-95-599149 Ltd",,"AgriTech Solutions","Wellington, NZ",,,96,NZ-Expansion-Bot,new,"2026-04-29 21:19:59",
5277,"NZ-Global-99-599149 Ltd",,"AgriTech Solutions","Christchurch, NZ",,,97,NZ-Expansion-Bot,new,"2026-04-29 21:19:59",
5278,"NZ-Global-23-599149 Ltd",,FinTech,"Auckland, NZ",,,94,NZ-Expansion-Bot,new,"2026-04-29 21:19:59",
5279,"NZ-Global-87-599150 Ltd",,"Sustainable Forestry","Christchurch, NZ",,,89,NZ-Expansion-Bot,new,"2026-04-29 21:19:59",
5280,"NZ-Global-46-599150 Ltd",,"Marine Tech","Hamilton, NZ",,,93,NZ-Expansion-Bot,new,"2026-04-29 21:19:59",
5281,"NZ-Global-54-599150 Ltd",,"Cloud Infrastructure","Auckland, NZ",,,88,NZ-Expansion-Bot,new,"2026-04-29 21:19:59",
5282,"NZ-Global-66-599150 Ltd",,FinTech,"Hamilton, NZ",,,89,NZ-Expansion-Bot,new,"2026-04-29 21:19:59",
5283,"NZ-Global-85-599150 Ltd",,"AgriTech Solutions","Christchurch, NZ",,,98,NZ-Expansion-Bot,new,"2026-04-29 21:19:59",
5284,"NZ-Global-59-599150 Ltd",,"Marine Tech","Wellington, NZ",,,92,NZ-Expansion-Bot,new,"2026-04-29 21:19:59",
5285,"NZ-Global-47-599150 Ltd",,"Cloud Infrastructure","Auckland, NZ",,,93,NZ-Expansion-Bot,new,"2026-04-29 21:19:59",
5286,"NZ-Global-14-599150 Ltd",,"Marine Tech","Hamilton, NZ",,,94,NZ-Expansion-Bot,new,"2026-04-29 21:19:59",
5287,"NZ-Global-95-599150 Ltd",,"Marine Tech","Wellington, NZ",,,89,NZ-Expansion-Bot,new,"2026-04-29 21:19:59",
5288,"NZ-Global-21-599150 Ltd",,FinTech,"Auckland, NZ",,,90,NZ-Expansion-Bot,new,"2026-04-29 21:19:59",
5289,"NZ-Global-25-599150 Ltd",,"Sustainable Forestry","Hamilton, NZ",,,98,NZ-Expansion-Bot,new,"2026-04-29 21:19:59",
5290,"NZ-Global-13-599150 Ltd",,FinTech,"Hamilton, NZ",,,92,NZ-Expansion-Bot,new,"2026-04-29 21:19:59",
5291,"NZ-Global-86-599150 Ltd",,FinTech,"Wellington, NZ",,,94,NZ-Expansion-Bot,new,"2026-04-29 21:19:59",
5292,"NZ-Global-71-599151 Ltd",,"Cloud Infrastructure","Auckland, NZ",,,94,NZ-Expansion-Bot,new,"2026-04-29 21:19:59",
5293,"NZ-Global-87-599151 Ltd",,FinTech,"Auckland, NZ",,,96,NZ-Expansion-Bot,new,"2026-04-29 21:19:59",
5294,"NZ-Global-23-599151 Ltd",,"AgriTech Solutions","Wellington, NZ",,,93,NZ-Expansion-Bot,new,"2026-04-29 21:19:59",
5295,"NZ-Global-34-599151 Ltd",,"AgriTech Solutions","Wellington, NZ",,,97,NZ-Expansion-Bot,new,"2026-04-29 21:19:59",
5296,"NZ-Global-75-599151 Ltd",,FinTech,"Auckland, NZ",,,89,NZ-Expansion-Bot,new,"2026-04-29 21:19:59",
5297,"NZ-Global-54-599151 Ltd",,"Sustainable Forestry","Hamilton, NZ",,,93,NZ-Expansion-Bot,new,"2026-04-29 21:19:59",
5298,"NZ-Global-14-599151 Ltd",,FinTech,"Auckland, NZ",,,89,NZ-Expansion-Bot,new,"2026-04-29 21:19:59",
5299,"NZ-Global-42-599151 Ltd",,"AgriTech Solutions","Christchurch, NZ",,,98,NZ-Expansion-Bot,new,"2026-04-29 21:19:59",
5300,"NZ-Global-10-599151 Ltd",,"Marine Tech","Christchurch, NZ",,,94,NZ-Expansion-Bot,new,"2026-04-29 21:19:59",
5301,"NZ-Global-84-599151 Ltd",,"AgriTech Solutions","Wellington, NZ",,,94,NZ-Expansion-Bot,new,"2026-04-29 21:19:59",
5302,"NZ-Global-12-599151 Ltd",,"Sustainable Forestry","Christchurch, NZ",,,94,NZ-Expansion-Bot,new,"2026-04-29 21:19:59",
5303,"NZ-Global-81-599151 Ltd",,"Cloud Infrastructure","Christchurch, NZ",,,94,NZ-Expansion-Bot,new,"2026-04-29 21:19:59",
5304,"NZ-Global-94-599151 Ltd",,"Cloud Infrastructure","Auckland, NZ",,,93,NZ-Expansion-Bot,new,"2026-04-29 21:19:59",
5305,"NZ-Global-33-599152 Ltd",,"Cloud Infrastructure","Hamilton, NZ",,,92,NZ-Expansion-Bot,new,"2026-04-29 21:19:59",
5306,"NZ-Global-74-599152 Ltd",,"AgriTech Solutions","Hamilton, NZ",,,96,NZ-Expansion-Bot,new,"2026-04-29 21:19:59",
5307,"NZ-Global-37-599152 Ltd",,"AgriTech Solutions","Christchurch, NZ",,,99,NZ-Expansion-Bot,new,"2026-04-29 21:19:59",
5308,"NZ-Global-80-599152 Ltd",,"Cloud Infrastructure","Wellington, NZ",,,99,NZ-Expansion-Bot,new,"2026-04-29 21:19:59",
5309,"NZ-Global-18-599152 Ltd",,FinTech,"Christchurch, NZ",,,90,NZ-Expansion-Bot,new,"2026-04-29 21:19:59",
5310,"NZ-Global-70-599152 Ltd",,"Sustainable Forestry","Wellington, NZ",,,94,NZ-Expansion-Bot,new,"2026-04-29 21:19:59",
5311,"NZ-Global-30-599152 Ltd",,"Sustainable Forestry","Hamilton, NZ",,,95,NZ-Expansion-Bot,new,"2026-04-29 21:19:59",
5312,"NZ-Global-20-599152 Ltd",,FinTech,"Auckland, NZ",,,96,NZ-Expansion-Bot,new,"2026-04-29 21:19:59",
5313,"NZ-Global-77-599152 Ltd",,"AgriTech Solutions","Hamilton, NZ",,,91,NZ-Expansion-Bot,new,"2026-04-29 21:19:59",
5314,"NZ-Global-26-599152 Ltd",,"Cloud Infrastructure","Christchurch, NZ",,,89,NZ-Expansion-Bot,new,"2026-04-29 21:19:59",
5315,"NZ-Global-51-599152 Ltd",,"Sustainable Forestry","Wellington, NZ",,,91,NZ-Expansion-Bot,new,"2026-04-29 21:19:59",
5316,"NZ-Global-58-599152 Ltd",,"AgriTech Solutions","Wellington, NZ",,,91,NZ-Expansion-Bot,new,"2026-04-29 21:19:59",
5317,"NZ-Global-25-599152 Ltd",,"Cloud Infrastructure","Christchurch, NZ",,,96,NZ-Expansion-Bot,new,"2026-04-29 21:19:59",
5318,"NZ-Global-11-599152 Ltd",,FinTech,"Christchurch, NZ",,,91,NZ-Expansion-Bot,new,"2026-04-29 21:19:59",
5319,"NZ-Global-64-599153 Ltd",,"AgriTech Solutions","Hamilton, NZ",,,99,NZ-Expansion-Bot,new,"2026-04-29 21:19:59",
5320,"NZ-Global-14-599153 Ltd",,"AgriTech Solutions","Wellington, NZ",,,93,NZ-Expansion-Bot,new,"2026-04-29 21:19:59",
5321,"NZ-Global-75-599153 Ltd",,"Cloud Infrastructure","Christchurch, NZ",,,99,NZ-Expansion-Bot,new,"2026-04-29 21:19:59",
5322,"NZ-Global-66-599153 Ltd",,"Sustainable Forestry","Christchurch, NZ",,,97,NZ-Expansion-Bot,new,"2026-04-29 21:19:59",
5323,"NZ-Global-94-599153 Ltd",,"Marine Tech","Auckland, NZ",,,97,NZ-Expansion-Bot,new,"2026-04-29 21:19:59",
5324,"NZ-Global-59-599153 Ltd",,FinTech,"Hamilton, NZ",,,94,NZ-Expansion-Bot,new,"2026-04-29 21:19:59",
5325,"NZ-Global-52-599153 Ltd",,"Cloud Infrastructure","Wellington, NZ",,,93,NZ-Expansion-Bot,new,"2026-04-29 21:19:59",
5326,"NZ-Global-98-599153 Ltd",,"AgriTech Solutions","Auckland, NZ",,,90,NZ-Expansion-Bot,new,"2026-04-29 21:19:59",
5327,"NZ-Global-77-599153 Ltd",,"Sustainable Forestry","Auckland, NZ",,,99,NZ-Expansion-Bot,new,"2026-04-29 21:19:59",
5328,"NZ-Global-90-599153 Ltd",,"Sustainable Forestry","Auckland, NZ",,,94,NZ-Expansion-Bot,new,"2026-04-29 21:19:59",
5329,"NZ-Global-68-599153 Ltd",,"Sustainable Forestry","Christchurch, NZ",,,98,NZ-Expansion-Bot,new,"2026-04-29 21:19:59",
5330,"NZ-Global-62-599153 Ltd",,FinTech,"Christchurch, NZ",,,91,NZ-Expansion-Bot,new,"2026-04-29 21:19:59",
5331,"NZ-Global-67-599153 Ltd",,FinTech,"Auckland, NZ",,,90,NZ-Expansion-Bot,new,"2026-04-29 21:19:59",
5332,"NZ-Global-16-599153 Ltd",,"Marine Tech","Christchurch, NZ",,,89,NZ-Expansion-Bot,new,"2026-04-29 21:19:59",
5333,"NZ-Global-34-599153 Ltd",,"Cloud Infrastructure","Wellington, NZ",,,88,NZ-Expansion-Bot,new,"2026-04-29 21:19:59",
5334,"NZ-Global-77-599154 Ltd",,FinTech,"Auckland, NZ",,,99,NZ-Expansion-Bot,new,"2026-04-29 21:19:59",
5335,"NZ-Global-51-599154 Ltd",,"Marine Tech","Auckland, NZ",,,96,NZ-Expansion-Bot,new,"2026-04-29 21:19:59",
5336,"NZ-Global-71-599154 Ltd",,"Cloud Infrastructure","Wellington, NZ",,,92,NZ-Expansion-Bot,new,"2026-04-29 21:19:59",
5337,"NZ-Global-73-599154 Ltd",,"AgriTech Solutions","Wellington, NZ",,,99,NZ-Expansion-Bot,new,"2026-04-29 21:19:59",
5338,"NZ-Global-29-599154 Ltd",,"AgriTech Solutions","Wellington, NZ",,,93,NZ-Expansion-Bot,new,"2026-04-29 21:19:59",
5339,"NZ-Global-22-599154 Ltd",,FinTech,"Christchurch, NZ",,,97,NZ-Expansion-Bot,new,"2026-04-29 21:19:59",
5340,"NZ-Global-44-599154 Ltd",,"Marine Tech","Wellington, NZ",,,98,NZ-Expansion-Bot,new,"2026-04-29 21:19:59",
5341,"NZ-Global-41-599154 Ltd",,"Cloud Infrastructure","Auckland, NZ",,,92,NZ-Expansion-Bot,new,"2026-04-29 21:19:59",
5342,"NZ-Global-88-599154 Ltd",,"Sustainable Forestry","Auckland, NZ",,,97,NZ-Expansion-Bot,new,"2026-04-29 21:19:59",
5343,"NZ-Global-84-599154 Ltd",,FinTech,"Wellington, NZ",,,94,NZ-Expansion-Bot,new,"2026-04-29 21:19:59",
5344,"NZ-Global-11-599154 Ltd",,"Marine Tech","Auckland, NZ",,,93,NZ-Expansion-Bot,new,"2026-04-29 21:19:59",
5345,"NZ-Global-37-599154 Ltd",,"Cloud Infrastructure","Hamilton, NZ",,,95,NZ-Expansion-Bot,new,"2026-04-29 21:19:59",
5346,"NZ-Global-79-599154 Ltd",,"AgriTech Solutions","Wellington, NZ",,,88,NZ-Expansion-Bot,new,"2026-04-29 21:19:59",
5347,"NZ-Global-10-599154 Ltd",,"Marine Tech","Christchurch, NZ",,,91,NZ-Expansion-Bot,new,"2026-04-29 21:19:59",
5348,"NZ-Global-67-599154 Ltd",,"Marine Tech","Hamilton, NZ",,,94,NZ-Expansion-Bot,new,"2026-04-29 21:19:59",
5349,"NZ-Global-76-599155 Ltd",,"Sustainable Forestry","Christchurch, NZ",,,98,NZ-Expansion-Bot,new,"2026-04-29 21:19:59",
5350,"NZ-Global-56-599155 Ltd",,"Sustainable Forestry","Hamilton, NZ",,,94,NZ-Expansion-Bot,new,"2026-04-29 21:19:59",
5351,"NZ-Global-15-599155 Ltd",,"Cloud Infrastructure","Hamilton, NZ",,,90,NZ-Expansion-Bot,new,"2026-04-29 21:19:59",
5352,"NZ-Global-66-599155 Ltd",,"Sustainable Forestry","Auckland, NZ",,,94,NZ-Expansion-Bot,new,"2026-04-29 21:19:59",
5353,"NZ-Global-78-599155 Ltd",,"AgriTech Solutions","Hamilton, NZ",,,88,NZ-Expansion-Bot,new,"2026-04-29 21:19:59",
5354,"NZ-Global-36-599155 Ltd",,"AgriTech Solutions","Auckland, NZ",,,92,NZ-Expansion-Bot,new,"2026-04-29 21:19:59",
5355,"NZ-Global-29-599155 Ltd",,FinTech,"Hamilton, NZ",,,88,NZ-Expansion-Bot,new,"2026-04-29 21:19:59",
5356,"NZ-Global-32-599155 Ltd",,"AgriTech Solutions","Hamilton, NZ",,,99,NZ-Expansion-Bot,new,"2026-04-29 21:19:59",
5357,"NZ-Global-24-599155 Ltd",,"Cloud Infrastructure","Wellington, NZ",,,94,NZ-Expansion-Bot,new,"2026-04-29 21:19:59",
5358,"NZ-Global-28-599155 Ltd",,"Marine Tech","Auckland, NZ",,,94,NZ-Expansion-Bot,new,"2026-04-29 21:19:59",
5359,"NZ-Global-13-599155 Ltd",,FinTech,"Hamilton, NZ",,,95,NZ-Expansion-Bot,new,"2026-04-29 21:19:59",
5360,"NZ-Global-26-599155 Ltd",,"Cloud Infrastructure","Christchurch, NZ",,,95,NZ-Expansion-Bot,new,"2026-04-29 21:19:59",
5361,"NZ-Global-25-599155 Ltd",,"Cloud Infrastructure","Auckland, NZ",,,99,NZ-Expansion-Bot,new,"2026-04-29 21:19:59",
5362,"NZ-Global-85-599156 Ltd",,"Marine Tech","Wellington, NZ",,,93,NZ-Expansion-Bot,new,"2026-04-29 21:19:59",
5363,"NZ-Global-55-599156 Ltd",,"AgriTech Solutions","Auckland, NZ",,,96,NZ-Expansion-Bot,new,"2026-04-29 21:19:59",
5364,"NZ-Global-38-599156 Ltd",,"Marine Tech","Christchurch, NZ",,,99,NZ-Expansion-Bot,new,"2026-04-29 21:19:59",
5365,"NZ-Global-86-599156 Ltd",,"Cloud Infrastructure","Wellington, NZ",,,93,NZ-Expansion-Bot,new,"2026-04-29 21:19:59",
5366,"NZ-Global-74-599156 Ltd",,"AgriTech Solutions","Wellington, NZ",,,93,NZ-Expansion-Bot,new,"2026-04-29 21:19:59",
5367,"NZ-Global-34-599156 Ltd",,"AgriTech Solutions","Wellington, NZ",,,97,NZ-Expansion-Bot,new,"2026-04-29 21:19:59",
5368,"NZ-Global-84-599156 Ltd",,"Cloud Infrastructure","Wellington, NZ",,,88,NZ-Expansion-Bot,new,"2026-04-29 21:19:59",
5369,"NZ-Global-43-599156 Ltd",,"Cloud Infrastructure","Wellington, NZ",,,96,NZ-Expansion-Bot,new,"2026-04-29 21:19:59",
5370,"NZ-Global-94-599156 Ltd",,"Cloud Infrastructure","Wellington, NZ",,,97,NZ-Expansion-Bot,new,"2026-04-29 21:19:59",
5371,"NZ-Global-58-599156 Ltd",,"Sustainable Forestry","Christchurch, NZ",,,89,NZ-Expansion-Bot,new,"2026-04-29 21:19:59",
5372,"NZ-Global-83-599156 Ltd",,"Cloud Infrastructure","Christchurch, NZ",,,93,NZ-Expansion-Bot,new,"2026-04-29 21:19:59",
5373,"NZ-Global-79-599156 Ltd",,"Cloud Infrastructure","Auckland, NZ",,,95,NZ-Expansion-Bot,new,"2026-04-29 21:19:59",
5374,"NZ-Global-51-599156 Ltd",,FinTech,"Hamilton, NZ",,,91,NZ-Expansion-Bot,new,"2026-04-29 21:19:59",
5375,"NZ-Global-46-599156 Ltd",,"Cloud Infrastructure","Wellington, NZ",,,90,NZ-Expansion-Bot,new,"2026-04-29 21:19:59",
5376,"NZ-Global-97-599157 Ltd",,"Sustainable Forestry","Christchurch, NZ",,,99,NZ-Expansion-Bot,new,"2026-04-29 21:19:59",
5377,"NZ-Global-70-599157 Ltd",,"Marine Tech","Hamilton, NZ",,,98,NZ-Expansion-Bot,new,"2026-04-29 21:19:59",
5378,"NZ-Global-52-599157 Ltd",,"Sustainable Forestry","Wellington, NZ",,,94,NZ-Expansion-Bot,new,"2026-04-29 21:19:59",
5379,"NZ-Global-50-599157 Ltd",,"Sustainable Forestry","Christchurch, NZ",,,89,NZ-Expansion-Bot,new,"2026-04-29 21:19:59",
5380,"NZ-Global-53-599157 Ltd",,"Cloud Infrastructure","Christchurch, NZ",,,94,NZ-Expansion-Bot,new,"2026-04-29 21:19:59",
5381,"NZ-Global-59-599157 Ltd",,FinTech,"Christchurch, NZ",,,92,NZ-Expansion-Bot,new,"2026-04-29 21:19:59",
5382,"NZ-Global-91-599157 Ltd",,"Cloud Infrastructure","Christchurch, NZ",,,99,NZ-Expansion-Bot,new,"2026-04-29 21:19:59",
5383,"NZ-Global-38-599157 Ltd",,"AgriTech Solutions","Hamilton, NZ",,,91,NZ-Expansion-Bot,new,"2026-04-29 21:19:59",
5384,"NZ-Global-41-599157 Ltd",,"AgriTech Solutions","Christchurch, NZ",,,96,NZ-Expansion-Bot,new,"2026-04-29 21:19:59",
5385,"NZ-Global-24-599157 Ltd",,"Marine Tech","Auckland, NZ",,,94,NZ-Expansion-Bot,new,"2026-04-29 21:19:59",
5386,"NZ-Global-84-599157 Ltd",,"Marine Tech","Auckland, NZ",,,95,NZ-Expansion-Bot,new,"2026-04-29 21:19:59",
5387,"NZ-Global-93-599157 Ltd",,"Sustainable Forestry","Wellington, NZ",,,97,NZ-Expansion-Bot,new,"2026-04-29 21:19:59",
5388,"NZ-Global-81-599157 Ltd",,"Marine Tech","Hamilton, NZ",,,95,NZ-Expansion-Bot,new,"2026-04-29 21:19:59",
5389,"NZ-Global-33-599157 Ltd",,FinTech,"Hamilton, NZ",,,98,NZ-Expansion-Bot,new,"2026-04-29 21:19:59",
5390,"NZ-Global-35-599158 Ltd",,"Cloud Infrastructure","Christchurch, NZ",,,89,NZ-Expansion-Bot,new,"2026-04-29 21:19:59",
5391,"NZ-Global-96-599158 Ltd",,"Cloud Infrastructure","Hamilton, NZ",,,95,NZ-Expansion-Bot,new,"2026-04-29 21:19:59",
5392,"NZ-Global-17-599158 Ltd",,"Sustainable Forestry","Christchurch, NZ",,,91,NZ-Expansion-Bot,new,"2026-04-29 21:19:59",
5393,"NZ-Global-39-599158 Ltd",,FinTech,"Wellington, NZ",,,91,NZ-Expansion-Bot,new,"2026-04-29 21:19:59",
5394,"NZ-Global-68-599158 Ltd",,"Cloud Infrastructure","Christchurch, NZ",,,88,NZ-Expansion-Bot,new,"2026-04-29 21:19:59",
5395,"NZ-Global-52-599158 Ltd",,"Marine Tech","Wellington, NZ",,,92,NZ-Expansion-Bot,new,"2026-04-29 21:19:59",
5396,"NZ-Global-71-599158 Ltd",,"Marine Tech","Auckland, NZ",,,96,NZ-Expansion-Bot,new,"2026-04-29 21:19:59",
5397,"NZ-Global-47-599158 Ltd",,"Marine Tech","Hamilton, NZ",,,95,NZ-Expansion-Bot,new,"2026-04-29 21:19:59",
5398,"NZ-Global-70-599158 Ltd",,"Sustainable Forestry","Auckland, NZ",,,95,NZ-Expansion-Bot,new,"2026-04-29 21:19:59",
5399,"NZ-Global-98-599158 Ltd",,"Sustainable Forestry","Christchurch, NZ",,,98,NZ-Expansion-Bot,new,"2026-04-29 21:19:59",
5400,"NZ-Global-59-599158 Ltd",,"Cloud Infrastructure","Hamilton, NZ",,,90,NZ-Expansion-Bot,new,"2026-04-29 21:19:59",
5401,"NZ-Global-30-599158 Ltd",,"Sustainable Forestry","Hamilton, NZ",,,90,NZ-Expansion-Bot,new,"2026-04-29 21:19:59",
5402,"NZ-Global-44-599159 Ltd",,"AgriTech Solutions","Christchurch, NZ",,,99,NZ-Expansion-Bot,new,"2026-04-29 21:19:59",
5403,"NZ-Global-15-599159 Ltd",,"Sustainable Forestry","Christchurch, NZ",,,91,NZ-Expansion-Bot,new,"2026-04-29 21:19:59",
5404,"NZ-Global-48-599159 Ltd",,"Marine Tech","Christchurch, NZ",,,93,NZ-Expansion-Bot,new,"2026-04-29 21:19:59",
5405,"NZ-Global-65-599159 Ltd",,"AgriTech Solutions","Christchurch, NZ",,,90,NZ-Expansion-Bot,new,"2026-04-29 21:19:59",
5406,"NZ-Global-69-599159 Ltd",,FinTech,"Christchurch, NZ",,,94,NZ-Expansion-Bot,new,"2026-04-29 21:19:59",
5407,"NZ-Global-71-599159 Ltd",,FinTech,"Auckland, NZ",,,90,NZ-Expansion-Bot,new,"2026-04-29 21:19:59",
5408,"NZ-Global-22-599159 Ltd",,"AgriTech Solutions","Auckland, NZ",,,98,NZ-Expansion-Bot,new,"2026-04-29 21:19:59",
5409,"NZ-Global-80-599159 Ltd",,"Cloud Infrastructure","Auckland, NZ",,,92,NZ-Expansion-Bot,new,"2026-04-29 21:19:59",
5410,"NZ-Global-88-599159 Ltd",,"AgriTech Solutions","Auckland, NZ",,,98,NZ-Expansion-Bot,new,"2026-04-29 21:19:59",
5411,"NZ-Global-32-599159 Ltd",,FinTech,"Auckland, NZ",,,94,NZ-Expansion-Bot,new,"2026-04-29 21:19:59",
5412,"NZ-Global-43-599159 Ltd",,FinTech,"Auckland, NZ",,,91,NZ-Expansion-Bot,new,"2026-04-29 21:19:59",
5413,"NZ-Global-56-599160 Ltd",,FinTech,"Christchurch, NZ",,,97,NZ-Expansion-Bot,new,"2026-04-29 21:19:59",
5414,"NZ-Global-31-599160 Ltd",,FinTech,"Auckland, NZ",,,99,NZ-Expansion-Bot,new,"2026-04-29 21:19:59",
5415,"NZ-Global-60-599160 Ltd",,FinTech,"Wellington, NZ",,,89,NZ-Expansion-Bot,new,"2026-04-29 21:19:59",
5416,"NZ-Global-28-599160 Ltd",,"Marine Tech","Christchurch, NZ",,,89,NZ-Expansion-Bot,new,"2026-04-29 21:19:59",
5417,"NZ-Global-90-599160 Ltd",,"Sustainable Forestry","Hamilton, NZ",,,98,NZ-Expansion-Bot,new,"2026-04-29 21:19:59",
5418,"NZ-Global-96-599160 Ltd",,FinTech,"Auckland, NZ",,,97,NZ-Expansion-Bot,new,"2026-04-29 21:19:59",
5419,"NZ-Global-82-599160 Ltd",,"AgriTech Solutions","Hamilton, NZ",,,89,NZ-Expansion-Bot,new,"2026-04-29 21:19:59",
5420,"NZ-Global-27-599160 Ltd",,"Cloud Infrastructure","Hamilton, NZ",,,89,NZ-Expansion-Bot,new,"2026-04-29 21:19:59",
5421,"NZ-Global-34-599160 Ltd",,"Cloud Infrastructure","Christchurch, NZ",,,90,NZ-Expansion-Bot,new,"2026-04-29 21:19:59",
5422,"NZ-Global-12-599160 Ltd",,FinTech,"Hamilton, NZ",,,98,NZ-Expansion-Bot,new,"2026-04-29 21:19:59",
5423,"NZ-Global-93-599160 Ltd",,"AgriTech Solutions","Christchurch, NZ",,,91,NZ-Expansion-Bot,new,"2026-04-29 21:19:59",
5424,"NZ-Global-95-599160 Ltd",,"Marine Tech","Auckland, NZ",,,99,NZ-Expansion-Bot,new,"2026-04-29 21:19:59",
5425,"NZ-Global-49-599161 Ltd",,"Cloud Infrastructure","Hamilton, NZ",,,92,NZ-Expansion-Bot,new,"2026-04-29 21:19:59",
5426,"NZ-Global-26-599161 Ltd",,"AgriTech Solutions","Wellington, NZ",,,89,NZ-Expansion-Bot,new,"2026-04-29 21:19:59",
5427,"NZ-Global-96-599161 Ltd",,FinTech,"Wellington, NZ",,,94,NZ-Expansion-Bot,new,"2026-04-29 21:19:59",
5428,"NZ-Global-54-599161 Ltd",,FinTech,"Wellington, NZ",,,93,NZ-Expansion-Bot,new,"2026-04-29 21:19:59",
5429,"NZ-Global-77-599161 Ltd",,FinTech,"Auckland, NZ",,,99,NZ-Expansion-Bot,new,"2026-04-29 21:19:59",
5430,"NZ-Global-55-599161 Ltd",,"Cloud Infrastructure","Christchurch, NZ",,,90,NZ-Expansion-Bot,new,"2026-04-29 21:19:59",
5431,"NZ-Global-35-599161 Ltd",,FinTech,"Hamilton, NZ",,,93,NZ-Expansion-Bot,new,"2026-04-29 21:19:59",
5432,"NZ-Global-68-599161 Ltd",,"Marine Tech","Auckland, NZ",,,94,NZ-Expansion-Bot,new,"2026-04-29 21:19:59",
5433,"NZ-Global-44-599161 Ltd",,"Sustainable Forestry","Hamilton, NZ",,,99,NZ-Expansion-Bot,new,"2026-04-29 21:19:59",
5434,"NZ-Global-25-599161 Ltd",,"AgriTech Solutions","Christchurch, NZ",,,96,NZ-Expansion-Bot,new,"2026-04-29 21:19:59",
5435,"NZ-Global-11-599161 Ltd",,"Cloud Infrastructure","Wellington, NZ",,,92,NZ-Expansion-Bot,new,"2026-04-29 21:19:59",
5436,"NZ-Deep-313-640910 Partners",,CyberSecurity,"Tauranga, NZ",,,93,NZ-Expansion-V2,new,"2026-04-29 21:20:40",
5437,"NZ-Deep-304-640911 Partners",,SpaceTech,"Palmerston North, NZ",,,99,NZ-Expansion-V2,new,"2026-04-29 21:20:40",
5438,"NZ-Deep-741-640912 Partners",,HortiTech,"Nelson, NZ",,,97,NZ-Expansion-V2,new,"2026-04-29 21:20:40",
5439,"NZ-Deep-721-640912 Partners",,CyberSecurity,"Palmerston North, NZ",,,95,NZ-Expansion-V2,new,"2026-04-29 21:20:40",
5440,"NZ-Deep-912-640912 Partners",,CyberSecurity,"Nelson, NZ",,,99,NZ-Expansion-V2,new,"2026-04-29 21:20:40",
5441,"NZ-Deep-704-640912 Partners",,"Deep-Sea Mining Tech","Nelson, NZ",,,94,NZ-Expansion-V2,new,"2026-04-29 21:20:40",
5442,"NZ-Deep-974-640912 Partners",,"Deep-Sea Mining Tech","Tauranga, NZ",,,92,NZ-Expansion-V2,new,"2026-04-29 21:20:40",
5443,"NZ-Deep-442-640912 Partners",,"Quantum Computing","Palmerston North, NZ",,,93,NZ-Expansion-V2,new,"2026-04-29 21:20:40",
5444,"NZ-Deep-485-640912 Partners",,SpaceTech,"Dunedin, NZ",,,99,NZ-Expansion-V2,new,"2026-04-29 21:20:40",
5445,"NZ-Deep-159-640912 Partners",,HortiTech,"Tauranga, NZ",,,96,NZ-Expansion-V2,new,"2026-04-29 21:20:40",
5446,"NZ-Deep-416-640912 Partners",,CyberSecurity,"Palmerston North, NZ",,,92,NZ-Expansion-V2,new,"2026-04-29 21:20:40",
5447,"NZ-Deep-577-640912 Partners",,CyberSecurity,"Nelson, NZ",,,96,NZ-Expansion-V2,new,"2026-04-29 21:20:40",
5448,"NZ-Deep-340-640912 Partners",,CyberSecurity,"Napier, NZ",,,97,NZ-Expansion-V2,new,"2026-04-29 21:20:40",
5449,"NZ-Deep-850-640912 Partners",,"Deep-Sea Mining Tech","Tauranga, NZ",,,93,NZ-Expansion-V2,new,"2026-04-29 21:20:40",
5450,"NZ-Deep-301-640912 Partners",,CyberSecurity,"Palmerston North, NZ",,,97,NZ-Expansion-V2,new,"2026-04-29 21:20:40",
5451,"NZ-Deep-665-640912 Partners",,CyberSecurity,"Nelson, NZ",,,95,NZ-Expansion-V2,new,"2026-04-29 21:20:40",
5452,"NZ-Deep-363-640913 Partners",,"Quantum Computing","Dunedin, NZ",,,95,NZ-Expansion-V2,new,"2026-04-29 21:20:40",
5453,"NZ-Deep-863-640913 Partners",,SpaceTech,"Dunedin, NZ",,,98,NZ-Expansion-V2,new,"2026-04-29 21:20:40",
5454,"NZ-Deep-760-640913 Partners",,SpaceTech,"Tauranga, NZ",,,92,NZ-Expansion-V2,new,"2026-04-29 21:20:40",
5455,"NZ-Deep-183-640913 Partners",,"Deep-Sea Mining Tech","Napier, NZ",,,97,NZ-Expansion-V2,new,"2026-04-29 21:20:40",
5456,"NZ-Deep-833-640913 Partners",,CyberSecurity,"Dunedin, NZ",,,92,NZ-Expansion-V2,new,"2026-04-29 21:20:40",
5457,"NZ-Deep-702-640913 Partners",,"Quantum Computing","Napier, NZ",,,94,NZ-Expansion-V2,new,"2026-04-29 21:20:40",
5458,"NZ-Deep-266-640913 Partners",,SpaceTech,"Palmerston North, NZ",,,94,NZ-Expansion-V2,new,"2026-04-29 21:20:40",
5459,"NZ-Deep-852-640913 Partners",,"Quantum Computing","Nelson, NZ",,,98,NZ-Expansion-V2,new,"2026-04-29 21:20:40",
5460,"NZ-Deep-533-640913 Partners",,"Deep-Sea Mining Tech","Napier, NZ",,,99,NZ-Expansion-V2,new,"2026-04-29 21:20:40",
5461,"NZ-Deep-857-640913 Partners",,SpaceTech,"Nelson, NZ",,,99,NZ-Expansion-V2,new,"2026-04-29 21:20:40",
5462,"NZ-Deep-315-640913 Partners",,HortiTech,"Palmerston North, NZ",,,98,NZ-Expansion-V2,new,"2026-04-29 21:20:40",
5463,"NZ-Deep-920-640913 Partners",,SpaceTech,"Tauranga, NZ",,,97,NZ-Expansion-V2,new,"2026-04-29 21:20:40",
5464,"NZ-Deep-987-640913 Partners",,"Deep-Sea Mining Tech","Napier, NZ",,,93,NZ-Expansion-V2,new,"2026-04-29 21:20:40",
5465,"NZ-Deep-611-640913 Partners",,HortiTech,"Tauranga, NZ",,,95,NZ-Expansion-V2,new,"2026-04-29 21:20:40",
5466,"NZ-Deep-961-640913 Partners",,"Deep-Sea Mining Tech","Napier, NZ",,,96,NZ-Expansion-V2,new,"2026-04-29 21:20:40",
5467,"NZ-Deep-253-640913 Partners",,SpaceTech,"Dunedin, NZ",,,96,NZ-Expansion-V2,new,"2026-04-29 21:20:40",
5468,"NZ-Deep-415-640913 Partners",,SpaceTech,"Napier, NZ",,,94,NZ-Expansion-V2,new,"2026-04-29 21:20:40",
5469,"NZ-Deep-581-640914 Partners",,SpaceTech,"Palmerston North, NZ",,,94,NZ-Expansion-V2,new,"2026-04-29 21:20:40",
5470,"NZ-Deep-995-640914 Partners",,"Deep-Sea Mining Tech","Tauranga, NZ",,,92,NZ-Expansion-V2,new,"2026-04-29 21:20:40",
5471,"NZ-Deep-287-640914 Partners",,HortiTech,"Dunedin, NZ",,,92,NZ-Expansion-V2,new,"2026-04-29 21:20:40",
5472,"NZ-Deep-363-640914 Partners",,SpaceTech,"Tauranga, NZ",,,94,NZ-Expansion-V2,new,"2026-04-29 21:20:40",
5473,"NZ-Deep-936-640914 Partners",,HortiTech,"Palmerston North, NZ",,,94,NZ-Expansion-V2,new,"2026-04-29 21:20:40",
5474,"NZ-Deep-364-640914 Partners",,HortiTech,"Palmerston North, NZ",,,95,NZ-Expansion-V2,new,"2026-04-29 21:20:40",
5475,"NZ-Deep-220-640914 Partners",,"Quantum Computing","Dunedin, NZ",,,97,NZ-Expansion-V2,new,"2026-04-29 21:20:40",
5476,"NZ-Deep-212-640914 Partners",,"Quantum Computing","Nelson, NZ",,,97,NZ-Expansion-V2,new,"2026-04-29 21:20:40",
5477,"NZ-Deep-139-640914 Partners",,"Deep-Sea Mining Tech","Napier, NZ",,,94,NZ-Expansion-V2,new,"2026-04-29 21:20:40",
5478,"NZ-Deep-685-640914 Partners",,"Deep-Sea Mining Tech","Dunedin, NZ",,,92,NZ-Expansion-V2,new,"2026-04-29 21:20:40",
5479,"NZ-Deep-588-640914 Partners",,"Quantum Computing","Nelson, NZ",,,94,NZ-Expansion-V2,new,"2026-04-29 21:20:40",
5480,"NZ-Deep-216-640914 Partners",,"Deep-Sea Mining Tech","Napier, NZ",,,95,NZ-Expansion-V2,new,"2026-04-29 21:20:40",
5481,"NZ-Deep-760-640914 Partners",,HortiTech,"Palmerston North, NZ",,,94,NZ-Expansion-V2,new,"2026-04-29 21:20:40",
5482,"NZ-Deep-366-640914 Partners",,CyberSecurity,"Dunedin, NZ",,,95,NZ-Expansion-V2,new,"2026-04-29 21:20:40",
5483,"NZ-Deep-691-640914 Partners",,SpaceTech,"Tauranga, NZ",,,98,NZ-Expansion-V2,new,"2026-04-29 21:20:40",
5484,"NZ-Deep-224-640914 Partners",,"Deep-Sea Mining Tech","Palmerston North, NZ",,,93,NZ-Expansion-V2,new,"2026-04-29 21:20:40",
5485,"NZ-Deep-851-640914 Partners",,"Deep-Sea Mining Tech","Nelson, NZ",,,97,NZ-Expansion-V2,new,"2026-04-29 21:20:40",
5486,"NZ-Deep-869-640914 Partners",,CyberSecurity,"Dunedin, NZ",,,98,NZ-Expansion-V2,new,"2026-04-29 21:20:40",
5487,"NZ-Deep-512-640914 Partners",,HortiTech,"Tauranga, NZ",,,93,NZ-Expansion-V2,new,"2026-04-29 21:20:40",
5488,"NZ-Deep-258-640914 Partners",,HortiTech,"Dunedin, NZ",,,97,NZ-Expansion-V2,new,"2026-04-29 21:20:40",
5489,"NZ-Deep-239-640914 Partners",,HortiTech,"Nelson, NZ",,,93,NZ-Expansion-V2,new,"2026-04-29 21:20:40",
5490,"NZ-Deep-646-640915 Partners",,CyberSecurity,"Napier, NZ",,,92,NZ-Expansion-V2,new,"2026-04-29 21:20:40",
5491,"NZ-Deep-376-640915 Partners",,SpaceTech,"Napier, NZ",,,95,NZ-Expansion-V2,new,"2026-04-29 21:20:40",
5492,"NZ-Deep-480-640915 Partners",,SpaceTech,"Dunedin, NZ",,,96,NZ-Expansion-V2,new,"2026-04-29 21:20:40",
5493,"NZ-Deep-498-640915 Partners",,HortiTech,"Tauranga, NZ",,,92,NZ-Expansion-V2,new,"2026-04-29 21:20:40",
5494,"NZ-Deep-783-640915 Partners",,"Deep-Sea Mining Tech","Dunedin, NZ",,,94,NZ-Expansion-V2,new,"2026-04-29 21:20:40",
5495,"NZ-Deep-361-640915 Partners",,HortiTech,"Dunedin, NZ",,,92,NZ-Expansion-V2,new,"2026-04-29 21:20:40",
5496,"NZ-Deep-771-640915 Partners",,"Quantum Computing","Dunedin, NZ",,,99,NZ-Expansion-V2,new,"2026-04-29 21:20:40",
5497,"NZ-Deep-209-640915 Partners",,"Quantum Computing","Tauranga, NZ",,,98,NZ-Expansion-V2,new,"2026-04-29 21:20:40",
5498,"NZ-Deep-237-640915 Partners",,CyberSecurity,"Dunedin, NZ",,,92,NZ-Expansion-V2,new,"2026-04-29 21:20:40",
5499,"NZ-Deep-510-640915 Partners",,"Quantum Computing","Dunedin, NZ",,,92,NZ-Expansion-V2,new,"2026-04-29 21:20:40",
5500,"NZ-Deep-114-640915 Partners",,SpaceTech,"Dunedin, NZ",,,98,NZ-Expansion-V2,new,"2026-04-29 21:20:40",
5501,"NZ-Deep-629-640915 Partners",,"Deep-Sea Mining Tech","Nelson, NZ",,,94,NZ-Expansion-V2,new,"2026-04-29 21:20:40",
5502,"NZ-Deep-532-640915 Partners",,CyberSecurity,"Napier, NZ",,,96,NZ-Expansion-V2,new,"2026-04-29 21:20:40",
5503,"NZ-Deep-455-640915 Partners",,SpaceTech,"Palmerston North, NZ",,,94,NZ-Expansion-V2,new,"2026-04-29 21:20:40",
5504,"NZ-Deep-727-640915 Partners",,CyberSecurity,"Napier, NZ",,,94,NZ-Expansion-V2,new,"2026-04-29 21:20:40",
5505,"NZ-Deep-331-640915 Partners",,"Quantum Computing","Tauranga, NZ",,,92,NZ-Expansion-V2,new,"2026-04-29 21:20:40",
5506,"NZ-Deep-137-640915 Partners",,"Deep-Sea Mining Tech","Tauranga, NZ",,,95,NZ-Expansion-V2,new,"2026-04-29 21:20:40",
5507,"NZ-Deep-312-640915 Partners",,"Deep-Sea Mining Tech","Palmerston North, NZ",,,97,NZ-Expansion-V2,new,"2026-04-29 21:20:40",
5508,"NZ-Deep-873-640916 Partners",,"Deep-Sea Mining Tech","Dunedin, NZ",,,97,NZ-Expansion-V2,new,"2026-04-29 21:20:40",
5509,"NZ-Deep-307-640916 Partners",,HortiTech,"Dunedin, NZ",,,99,NZ-Expansion-V2,new,"2026-04-29 21:20:40",
5510,"NZ-Deep-747-640916 Partners",,SpaceTech,"Dunedin, NZ",,,96,NZ-Expansion-V2,new,"2026-04-29 21:20:40",
5511,"NZ-Deep-446-640916 Partners",,HortiTech,"Napier, NZ",,,97,NZ-Expansion-V2,new,"2026-04-29 21:20:40",
5512,"NZ-Deep-340-640916 Partners",,CyberSecurity,"Palmerston North, NZ",,,95,NZ-Expansion-V2,new,"2026-04-29 21:20:40",
5513,"NZ-Deep-572-640916 Partners",,HortiTech,"Dunedin, NZ",,,95,NZ-Expansion-V2,new,"2026-04-29 21:20:40",
5514,"NZ-Deep-702-640916 Partners",,HortiTech,"Palmerston North, NZ",,,95,NZ-Expansion-V2,new,"2026-04-29 21:20:40",
5515,"NZ-Deep-649-640916 Partners",,"Quantum Computing","Palmerston North, NZ",,,93,NZ-Expansion-V2,new,"2026-04-29 21:20:40",
5516,"NZ-Deep-314-640916 Partners",,"Deep-Sea Mining Tech","Tauranga, NZ",,,96,NZ-Expansion-V2,new,"2026-04-29 21:20:40",
5517,"NZ-Deep-979-640916 Partners",,"Deep-Sea Mining Tech","Dunedin, NZ",,,93,NZ-Expansion-V2,new,"2026-04-29 21:20:40",
5518,"NZ-Deep-538-640916 Partners",,HortiTech,"Palmerston North, NZ",,,92,NZ-Expansion-V2,new,"2026-04-29 21:20:40",
5519,"NZ-Deep-202-640916 Partners",,CyberSecurity,"Dunedin, NZ",,,97,NZ-Expansion-V2,new,"2026-04-29 21:20:40",
5520,"NZ-Deep-787-640916 Partners",,HortiTech,"Nelson, NZ",,,97,NZ-Expansion-V2,new,"2026-04-29 21:20:40",
5521,"NZ-Deep-775-640916 Partners",,HortiTech,"Tauranga, NZ",,,92,NZ-Expansion-V2,new,"2026-04-29 21:20:40",
5522,"NZ-Deep-191-640916 Partners",,CyberSecurity,"Dunedin, NZ",,,92,NZ-Expansion-V2,new,"2026-04-29 21:20:40",
5523,"NZ-Deep-571-640916 Partners",,CyberSecurity,"Nelson, NZ",,,98,NZ-Expansion-V2,new,"2026-04-29 21:20:40",
5524,"NZ-Deep-849-640916 Partners",,"Deep-Sea Mining Tech","Dunedin, NZ",,,97,NZ-Expansion-V2,new,"2026-04-29 21:20:40",
5525,"NZ-Deep-462-640916 Partners",,"Deep-Sea Mining Tech","Tauranga, NZ",,,99,NZ-Expansion-V2,new,"2026-04-29 21:20:40",
5526,"NZ-Deep-169-640916 Partners",,CyberSecurity,"Tauranga, NZ",,,99,NZ-Expansion-V2,new,"2026-04-29 21:20:40",
5527,"NZ-Deep-155-640916 Partners",,CyberSecurity,"Napier, NZ",,,96,NZ-Expansion-V2,new,"2026-04-29 21:20:40",
5528,"NZ-Deep-633-640917 Partners",,"Deep-Sea Mining Tech","Tauranga, NZ",,,97,NZ-Expansion-V2,new,"2026-04-29 21:20:40",
5529,"NZ-Deep-120-640917 Partners",,"Deep-Sea Mining Tech","Nelson, NZ",,,99,NZ-Expansion-V2,new,"2026-04-29 21:20:40",
5530,"NZ-Deep-260-640917 Partners",,"Quantum Computing","Napier, NZ",,,95,NZ-Expansion-V2,new,"2026-04-29 21:20:40",
5531,"NZ-Deep-625-640917 Partners",,"Quantum Computing","Nelson, NZ",,,98,NZ-Expansion-V2,new,"2026-04-29 21:20:40",
5532,"NZ-Deep-925-640917 Partners",,"Deep-Sea Mining Tech","Dunedin, NZ",,,96,NZ-Expansion-V2,new,"2026-04-29 21:20:40",
5533,"NZ-Deep-229-640917 Partners",,CyberSecurity,"Palmerston North, NZ",,,95,NZ-Expansion-V2,new,"2026-04-29 21:20:40",
5534,"NZ-Deep-830-640917 Partners",,SpaceTech,"Palmerston North, NZ",,,94,NZ-Expansion-V2,new,"2026-04-29 21:20:40",
5535,"NZ-Deep-432-640917 Partners",,HortiTech,"Nelson, NZ",,,98,NZ-Expansion-V2,new,"2026-04-29 21:20:40",
5536,"NZ-Deep-654-640917 Partners",,CyberSecurity,"Nelson, NZ",,,98,NZ-Expansion-V2,new,"2026-04-29 21:20:40",
5537,"NZ-Deep-366-640917 Partners",,"Deep-Sea Mining Tech","Palmerston North, NZ",,,95,NZ-Expansion-V2,new,"2026-04-29 21:20:40",
5538,"NZ-Deep-135-640917 Partners",,"Deep-Sea Mining Tech","Tauranga, NZ",,,96,NZ-Expansion-V2,new,"2026-04-29 21:20:40",
5539,"NZ-Deep-286-640917 Partners",,"Quantum Computing","Palmerston North, NZ",,,92,NZ-Expansion-V2,new,"2026-04-29 21:20:40",
5540,"NZ-Deep-598-640917 Partners",,SpaceTech,"Napier, NZ",,,96,NZ-Expansion-V2,new,"2026-04-29 21:20:40",
5541,"NZ-Deep-441-640917 Partners",,CyberSecurity,"Dunedin, NZ",,,96,NZ-Expansion-V2,new,"2026-04-29 21:20:40",
5542,"NZ-Deep-920-640917 Partners",,"Deep-Sea Mining Tech","Palmerston North, NZ",,,97,NZ-Expansion-V2,new,"2026-04-29 21:20:40",
5543,"NZ-Deep-860-640917 Partners",,CyberSecurity,"Palmerston North, NZ",,,93,NZ-Expansion-V2,new,"2026-04-29 21:20:40",
5544,"NZ-Deep-716-640917 Partners",,"Deep-Sea Mining Tech","Nelson, NZ",,,94,NZ-Expansion-V2,new,"2026-04-29 21:20:40",
5545,"NZ-Deep-464-640917 Partners",,"Deep-Sea Mining Tech","Palmerston North, NZ",,,95,NZ-Expansion-V2,new,"2026-04-29 21:20:40",
5546,"NZ-Deep-470-640917 Partners",,"Deep-Sea Mining Tech","Palmerston North, NZ",,,99,NZ-Expansion-V2,new,"2026-04-29 21:20:40",
5547,"NZ-Deep-515-640917 Partners",,HortiTech,"Napier, NZ",,,95,NZ-Expansion-V2,new,"2026-04-29 21:20:40",
5548,"NZ-Deep-661-640917 Partners",,"Quantum Computing","Palmerston North, NZ",,,95,NZ-Expansion-V2,new,"2026-04-29 21:20:40",
5549,"NZ-Deep-773-640918 Partners",,"Deep-Sea Mining Tech","Tauranga, NZ",,,92,NZ-Expansion-V2,new,"2026-04-29 21:20:40",
5550,"NZ-Deep-256-640918 Partners",,"Deep-Sea Mining Tech","Dunedin, NZ",,,93,NZ-Expansion-V2,new,"2026-04-29 21:20:40",
5551,"NZ-Deep-205-640918 Partners",,SpaceTech,"Nelson, NZ",,,98,NZ-Expansion-V2,new,"2026-04-29 21:20:40",
5552,"NZ-Deep-178-640918 Partners",,"Deep-Sea Mining Tech","Palmerston North, NZ",,,95,NZ-Expansion-V2,new,"2026-04-29 21:20:40",
5553,"NZ-Deep-246-640918 Partners",,"Quantum Computing","Nelson, NZ",,,93,NZ-Expansion-V2,new,"2026-04-29 21:20:40",
5554,"NZ-Deep-528-640918 Partners",,HortiTech,"Nelson, NZ",,,96,NZ-Expansion-V2,new,"2026-04-29 21:20:40",
5555,"NZ-Deep-655-640918 Partners",,SpaceTech,"Palmerston North, NZ",,,99,NZ-Expansion-V2,new,"2026-04-29 21:20:40",
5556,"NZ-Deep-835-640918 Partners",,SpaceTech,"Nelson, NZ",,,94,NZ-Expansion-V2,new,"2026-04-29 21:20:40",
5557,"NZ-Deep-641-640918 Partners",,CyberSecurity,"Dunedin, NZ",,,95,NZ-Expansion-V2,new,"2026-04-29 21:20:40",
5558,"NZ-Deep-601-640918 Partners",,HortiTech,"Palmerston North, NZ",,,95,NZ-Expansion-V2,new,"2026-04-29 21:20:40",
5559,"NZ-Deep-663-640918 Partners",,HortiTech,"Dunedin, NZ",,,94,NZ-Expansion-V2,new,"2026-04-29 21:20:40",
5560,"NZ-Deep-240-640918 Partners",,"Deep-Sea Mining Tech","Napier, NZ",,,98,NZ-Expansion-V2,new,"2026-04-29 21:20:40",
5561,"NZ-Deep-857-640918 Partners",,"Quantum Computing","Napier, NZ",,,96,NZ-Expansion-V2,new,"2026-04-29 21:20:40",
5562,"NZ-Deep-576-640918 Partners",,"Quantum Computing","Napier, NZ",,,96,NZ-Expansion-V2,new,"2026-04-29 21:20:40",
5563,"NZ-Deep-642-640918 Partners",,CyberSecurity,"Nelson, NZ",,,92,NZ-Expansion-V2,new,"2026-04-29 21:20:40",
5564,"NZ-Deep-463-640918 Partners",,SpaceTech,"Palmerston North, NZ",,,98,NZ-Expansion-V2,new,"2026-04-29 21:20:40",
5565,"NZ-Deep-546-640918 Partners",,"Quantum Computing","Dunedin, NZ",,,97,NZ-Expansion-V2,new,"2026-04-29 21:20:40",
5566,"NZ-Deep-427-640919 Partners",,"Deep-Sea Mining Tech","Palmerston North, NZ",,,96,NZ-Expansion-V2,new,"2026-04-29 21:20:40",
5567,"NZ-Deep-981-640919 Partners",,SpaceTech,"Napier, NZ",,,97,NZ-Expansion-V2,new,"2026-04-29 21:20:40",
5568,"NZ-Deep-802-640919 Partners",,SpaceTech,"Palmerston North, NZ",,,93,NZ-Expansion-V2,new,"2026-04-29 21:20:40",
5569,"NZ-Deep-130-640919 Partners",,"Deep-Sea Mining Tech","Palmerston North, NZ",,,98,NZ-Expansion-V2,new,"2026-04-29 21:20:40",
5570,"NZ-Deep-679-640919 Partners",,"Quantum Computing","Dunedin, NZ",,,99,NZ-Expansion-V2,new,"2026-04-29 21:20:40",
5571,"NZ-Deep-752-640919 Partners",,CyberSecurity,"Palmerston North, NZ",,,95,NZ-Expansion-V2,new,"2026-04-29 21:20:40",
5572,"NZ-Deep-777-640919 Partners",,"Quantum Computing","Napier, NZ",,,95,NZ-Expansion-V2,new,"2026-04-29 21:20:40",
5573,"NZ-Deep-135-640919 Partners",,"Deep-Sea Mining Tech","Palmerston North, NZ",,,98,NZ-Expansion-V2,new,"2026-04-29 21:20:40",
5574,"NZ-Deep-310-640919 Partners",,"Quantum Computing","Palmerston North, NZ",,,98,NZ-Expansion-V2,new,"2026-04-29 21:20:40",
5575,"NZ-Deep-682-640919 Partners",,"Deep-Sea Mining Tech","Dunedin, NZ",,,99,NZ-Expansion-V2,new,"2026-04-29 21:20:40",
5576,"NZ-Deep-533-640919 Partners",,HortiTech,"Dunedin, NZ",,,94,NZ-Expansion-V2,new,"2026-04-29 21:20:40",
5577,"NZ-Deep-452-640919 Partners",,HortiTech,"Tauranga, NZ",,,94,NZ-Expansion-V2,new,"2026-04-29 21:20:40",
5578,"NZ-Deep-272-640919 Partners",,SpaceTech,"Palmerston North, NZ",,,95,NZ-Expansion-V2,new,"2026-04-29 21:20:40",
5579,"NZ-Deep-374-640919 Partners",,"Deep-Sea Mining Tech","Palmerston North, NZ",,,92,NZ-Expansion-V2,new,"2026-04-29 21:20:40",
5580,"NZ-Deep-338-640919 Partners",,SpaceTech,"Tauranga, NZ",,,96,NZ-Expansion-V2,new,"2026-04-29 21:20:40",
5581,"NZ-Deep-197-640919 Partners",,CyberSecurity,"Palmerston North, NZ",,,98,NZ-Expansion-V2,new,"2026-04-29 21:20:40",
5582,"NZ-Deep-696-640919 Partners",,CyberSecurity,"Dunedin, NZ",,,96,NZ-Expansion-V2,new,"2026-04-29 21:20:40",
5583,"NZ-Deep-655-640920 Partners",,CyberSecurity,"Tauranga, NZ",,,94,NZ-Expansion-V2,new,"2026-04-29 21:20:40",
5584,"NZ-Deep-735-640920 Partners",,CyberSecurity,"Dunedin, NZ",,,95,NZ-Expansion-V2,new,"2026-04-29 21:20:40",
5585,"NZ-Deep-476-640920 Partners",,CyberSecurity,"Tauranga, NZ",,,95,NZ-Expansion-V2,new,"2026-04-29 21:20:40",
5586,"NZ-Deep-880-640920 Partners",,"Quantum Computing","Dunedin, NZ",,,98,NZ-Expansion-V2,new,"2026-04-29 21:20:40",
5587,"NZ-Deep-276-640920 Partners",,SpaceTech,"Dunedin, NZ",,,93,NZ-Expansion-V2,new,"2026-04-29 21:20:40",
5588,"NZ-Deep-962-640920 Partners",,"Quantum Computing","Dunedin, NZ",,,95,NZ-Expansion-V2,new,"2026-04-29 21:20:40",
5589,"NZ-Deep-917-640920 Partners",,"Deep-Sea Mining Tech","Dunedin, NZ",,,98,NZ-Expansion-V2,new,"2026-04-29 21:20:40",
5590,"NZ-Deep-931-640920 Partners",,"Quantum Computing","Dunedin, NZ",,,97,NZ-Expansion-V2,new,"2026-04-29 21:20:40",
5591,"NZ-Deep-933-640920 Partners",,HortiTech,"Nelson, NZ",,,99,NZ-Expansion-V2,new,"2026-04-29 21:20:40",
5592,"NZ-Deep-235-640920 Partners",,SpaceTech,"Nelson, NZ",,,97,NZ-Expansion-V2,new,"2026-04-29 21:20:40",
5593,"NZ-Deep-520-640920 Partners",,"Quantum Computing","Napier, NZ",,,96,NZ-Expansion-V2,new,"2026-04-29 21:20:40",
5594,"NZ-Deep-306-640920 Partners",,"Quantum Computing","Tauranga, NZ",,,96,NZ-Expansion-V2,new,"2026-04-29 21:20:40",
5595,"NZ-Deep-133-640920 Partners",,HortiTech,"Napier, NZ",,,96,NZ-Expansion-V2,new,"2026-04-29 21:20:40",
5596,"NZ-Deep-573-640920 Partners",,"Deep-Sea Mining Tech","Napier, NZ",,,97,NZ-Expansion-V2,new,"2026-04-29 21:20:40",
5597,"NZ-Deep-729-640920 Partners",,HortiTech,"Palmerston North, NZ",,,97,NZ-Expansion-V2,new,"2026-04-29 21:20:40",
5598,"NZ-Deep-751-640920 Partners",,HortiTech,"Palmerston North, NZ",,,97,NZ-Expansion-V2,new,"2026-04-29 21:20:40",
5599,"NZ-Deep-339-640920 Partners",,SpaceTech,"Dunedin, NZ",,,99,NZ-Expansion-V2,new,"2026-04-29 21:20:40",
5600,"NZ-Deep-219-640920 Partners",,SpaceTech,"Palmerston North, NZ",,,97,NZ-Expansion-V2,new,"2026-04-29 21:20:40",
5601,"NZ-Deep-370-640920 Partners",,HortiTech,"Tauranga, NZ",,,92,NZ-Expansion-V2,new,"2026-04-29 21:20:40",
5602,"NZ-Deep-353-640920 Partners",,CyberSecurity,"Palmerston North, NZ",,,99,NZ-Expansion-V2,new,"2026-04-29 21:20:40",
5603,"NZ-Deep-831-640921 Partners",,HortiTech,"Napier, NZ",,,94,NZ-Expansion-V2,new,"2026-04-29 21:20:40",
5604,"NZ-Deep-858-640921 Partners",,"Deep-Sea Mining Tech","Dunedin, NZ",,,93,NZ-Expansion-V2,new,"2026-04-29 21:20:40",
5605,"NZ-Deep-182-640921 Partners",,"Deep-Sea Mining Tech","Dunedin, NZ",,,93,NZ-Expansion-V2,new,"2026-04-29 21:20:40",
5606,"NZ-Deep-616-640921 Partners",,"Deep-Sea Mining Tech","Nelson, NZ",,,95,NZ-Expansion-V2,new,"2026-04-29 21:20:40",
5607,"NZ-Deep-674-640921 Partners",,SpaceTech,"Palmerston North, NZ",,,97,NZ-Expansion-V2,new,"2026-04-29 21:20:40",
5608,"NZ-Deep-381-640921 Partners",,"Deep-Sea Mining Tech","Tauranga, NZ",,,93,NZ-Expansion-V2,new,"2026-04-29 21:20:40",
5609,"NZ-Deep-796-640921 Partners",,"Quantum Computing","Napier, NZ",,,97,NZ-Expansion-V2,new,"2026-04-29 21:20:40",
5610,"NZ-Deep-463-640921 Partners",,CyberSecurity,"Tauranga, NZ",,,98,NZ-Expansion-V2,new,"2026-04-29 21:20:40",
5611,"NZ-Deep-881-640921 Partners",,HortiTech,"Nelson, NZ",,,92,NZ-Expansion-V2,new,"2026-04-29 21:20:40",
5612,"NZ-Deep-647-640921 Partners",,"Quantum Computing","Palmerston North, NZ",,,95,NZ-Expansion-V2,new,"2026-04-29 21:20:40",
5613,"NZ-Deep-179-640921 Partners",,"Quantum Computing","Dunedin, NZ",,,99,NZ-Expansion-V2,new,"2026-04-29 21:20:40",
5614,"NZ-Deep-727-640921 Partners",,HortiTech,"Palmerston North, NZ",,,97,NZ-Expansion-V2,new,"2026-04-29 21:20:40",
5615,"NZ-Deep-643-640921 Partners",,"Quantum Computing","Nelson, NZ",,,93,NZ-Expansion-V2,new,"2026-04-29 21:20:40",
5616,"NZ-Deep-665-640921 Partners",,"Quantum Computing","Napier, NZ",,,97,NZ-Expansion-V2,new,"2026-04-29 21:20:40",
5617,"NZ-Deep-515-640921 Partners",,"Deep-Sea Mining Tech","Dunedin, NZ",,,98,NZ-Expansion-V2,new,"2026-04-29 21:20:40",
5618,"NZ-Deep-751-640921 Partners",,"Deep-Sea Mining Tech","Nelson, NZ",,,92,NZ-Expansion-V2,new,"2026-04-29 21:20:40",
5619,"NZ-Deep-859-640921 Partners",,"Deep-Sea Mining Tech","Napier, NZ",,,98,NZ-Expansion-V2,new,"2026-04-29 21:20:40",
5620,"NZ-Deep-902-640921 Partners",,HortiTech,"Nelson, NZ",,,92,NZ-Expansion-V2,new,"2026-04-29 21:20:40",
5621,"NZ-Deep-901-640921 Partners",,HortiTech,"Palmerston North, NZ",,,97,NZ-Expansion-V2,new,"2026-04-29 21:20:40",
5622,"NZ-Deep-628-640921 Partners",,"Deep-Sea Mining Tech","Dunedin, NZ",,,99,NZ-Expansion-V2,new,"2026-04-29 21:20:40",
5623,"NZ-Deep-965-640922 Partners",,CyberSecurity,"Dunedin, NZ",,,98,NZ-Expansion-V2,new,"2026-04-29 21:20:40",
5624,"NZ-Deep-805-640922 Partners",,"Deep-Sea Mining Tech","Napier, NZ",,,92,NZ-Expansion-V2,new,"2026-04-29 21:20:40",
5625,"NZ-Deep-951-640922 Partners",,SpaceTech,"Tauranga, NZ",,,95,NZ-Expansion-V2,new,"2026-04-29 21:20:40",
5626,"NZ-Deep-949-640922 Partners",,"Deep-Sea Mining Tech","Tauranga, NZ",,,92,NZ-Expansion-V2,new,"2026-04-29 21:20:40",
5627,"NZ-Deep-423-640922 Partners",,"Deep-Sea Mining Tech","Tauranga, NZ",,,96,NZ-Expansion-V2,new,"2026-04-29 21:20:40",
5628,"NZ-Deep-509-640922 Partners",,"Deep-Sea Mining Tech","Tauranga, NZ",,,96,NZ-Expansion-V2,new,"2026-04-29 21:20:40",
5629,"NZ-Deep-969-640922 Partners",,"Quantum Computing","Dunedin, NZ",,,97,NZ-Expansion-V2,new,"2026-04-29 21:20:40",
5630,"NZ-Deep-357-640922 Partners",,"Quantum Computing","Napier, NZ",,,95,NZ-Expansion-V2,new,"2026-04-29 21:20:40",
5631,"NZ-Deep-588-640922 Partners",,CyberSecurity,"Tauranga, NZ",,,92,NZ-Expansion-V2,new,"2026-04-29 21:20:40",
5632,"NZ-Deep-882-640922 Partners",,SpaceTech,"Napier, NZ",,,97,NZ-Expansion-V2,new,"2026-04-29 21:20:40",
5633,"NZ-Deep-728-640922 Partners",,SpaceTech,"Napier, NZ",,,97,NZ-Expansion-V2,new,"2026-04-29 21:20:40",
5634,"NZ-Deep-409-640922 Partners",,HortiTech,"Napier, NZ",,,98,NZ-Expansion-V2,new,"2026-04-29 21:20:40",
5635,"NZ-Deep-776-640922 Partners",,"Deep-Sea Mining Tech","Tauranga, NZ",,,94,NZ-Expansion-V2,new,"2026-04-29 21:20:40",
5636,"NZ-Deep-713-640922 Partners",,SpaceTech,"Palmerston North, NZ",,,94,NZ-Expansion-V2,new,"2026-04-29 21:20:40",
5637,"NZ-Deep-487-640922 Partners",,HortiTech,"Tauranga, NZ",,,93,NZ-Expansion-V2,new,"2026-04-29 21:20:40",
5638,"NZ-Deep-274-640922 Partners",,HortiTech,"Nelson, NZ",,,92,NZ-Expansion-V2,new,"2026-04-29 21:20:40",
5639,"NZ-Deep-733-640922 Partners",,SpaceTech,"Nelson, NZ",,,94,NZ-Expansion-V2,new,"2026-04-29 21:20:40",
5640,"NZ-Deep-978-640922 Partners",,"Deep-Sea Mining Tech","Dunedin, NZ",,,97,NZ-Expansion-V2,new,"2026-04-29 21:20:40",
5641,"NZ-Deep-700-640922 Partners",,"Quantum Computing","Tauranga, NZ",,,92,NZ-Expansion-V2,new,"2026-04-29 21:20:40",
5642,"NZ-Deep-795-640923 Partners",,"Deep-Sea Mining Tech","Dunedin, NZ",,,97,NZ-Expansion-V2,new,"2026-04-29 21:20:40",
5643,"NZ-Deep-117-640923 Partners",,CyberSecurity,"Palmerston North, NZ",,,97,NZ-Expansion-V2,new,"2026-04-29 21:20:40",
5644,"NZ-Deep-886-640923 Partners",,SpaceTech,"Tauranga, NZ",,,98,NZ-Expansion-V2,new,"2026-04-29 21:20:40",
5645,"NZ-Deep-597-640923 Partners",,HortiTech,"Tauranga, NZ",,,97,NZ-Expansion-V2,new,"2026-04-29 21:20:40",
5646,"NZ-Deep-481-640923 Partners",,CyberSecurity,"Nelson, NZ",,,97,NZ-Expansion-V2,new,"2026-04-29 21:20:40",
5647,"NZ-Deep-248-640923 Partners",,"Quantum Computing","Nelson, NZ",,,95,NZ-Expansion-V2,new,"2026-04-29 21:20:40",
5648,"NZ-Deep-189-640923 Partners",,CyberSecurity,"Nelson, NZ",,,93,NZ-Expansion-V2,new,"2026-04-29 21:20:40",
5649,"NZ-Deep-653-640923 Partners",,"Deep-Sea Mining Tech","Tauranga, NZ",,,94,NZ-Expansion-V2,new,"2026-04-29 21:20:40",
5650,"NZ-Deep-425-640923 Partners",,SpaceTech,"Tauranga, NZ",,,94,NZ-Expansion-V2,new,"2026-04-29 21:20:40",
5651,"NZ-Deep-849-640923 Partners",,CyberSecurity,"Napier, NZ",,,95,NZ-Expansion-V2,new,"2026-04-29 21:20:40",
5652,"NZ-Deep-106-640923 Partners",,CyberSecurity,"Palmerston North, NZ",,,98,NZ-Expansion-V2,new,"2026-04-29 21:20:40",
5653,"NZ-Deep-389-640923 Partners",,"Deep-Sea Mining Tech","Tauranga, NZ",,,92,NZ-Expansion-V2,new,"2026-04-29 21:20:40",
5654,"NZ-Deep-513-640923 Partners",,CyberSecurity,"Napier, NZ",,,93,NZ-Expansion-V2,new,"2026-04-29 21:20:40",
5655,"NZ-Deep-138-640923 Partners",,SpaceTech,"Nelson, NZ",,,97,NZ-Expansion-V2,new,"2026-04-29 21:20:40",
5656,"NZ-Deep-806-640923 Partners",,SpaceTech,"Napier, NZ",,,96,NZ-Expansion-V2,new,"2026-04-29 21:20:40",
5657,"NZ-Deep-749-640923 Partners",,HortiTech,"Nelson, NZ",,,97,NZ-Expansion-V2,new,"2026-04-29 21:20:40",
5658,"NZ-Deep-294-640923 Partners",,SpaceTech,"Nelson, NZ",,,99,NZ-Expansion-V2,new,"2026-04-29 21:20:40",
5659,"NZ-Deep-601-640923 Partners",,CyberSecurity,"Napier, NZ",,,93,NZ-Expansion-V2,new,"2026-04-29 21:20:40",
5660,"NZ-Deep-296-640923 Partners",,SpaceTech,"Palmerston North, NZ",,,93,NZ-Expansion-V2,new,"2026-04-29 21:20:40",
5661,"NZ-Deep-949-640923 Partners",,SpaceTech,"Palmerston North, NZ",,,99,NZ-Expansion-V2,new,"2026-04-29 21:20:40",
5662,"NZ-Deep-458-640924 Partners",,"Quantum Computing","Napier, NZ",,,93,NZ-Expansion-V2,new,"2026-04-29 21:20:40",
5663,"NZ-Deep-223-640924 Partners",,"Quantum Computing","Tauranga, NZ",,,98,NZ-Expansion-V2,new,"2026-04-29 21:20:40",
5664,"NZ-Deep-122-640924 Partners",,HortiTech,"Palmerston North, NZ",,,99,NZ-Expansion-V2,new,"2026-04-29 21:20:40",
5665,"NZ-Deep-296-640924 Partners",,CyberSecurity,"Dunedin, NZ",,,92,NZ-Expansion-V2,new,"2026-04-29 21:20:40",
5666,"NZ-Deep-149-640924 Partners",,SpaceTech,"Dunedin, NZ",,,94,NZ-Expansion-V2,new,"2026-04-29 21:20:40",
5667,"NZ-Deep-169-640924 Partners",,SpaceTech,"Dunedin, NZ",,,98,NZ-Expansion-V2,new,"2026-04-29 21:20:40",
5668,"NZ-Deep-652-640924 Partners",,HortiTech,"Palmerston North, NZ",,,95,NZ-Expansion-V2,new,"2026-04-29 21:20:40",
5669,"NZ-Deep-111-640924 Partners",,CyberSecurity,"Nelson, NZ",,,96,NZ-Expansion-V2,new,"2026-04-29 21:20:40",
5670,"NZ-Deep-381-640924 Partners",,"Deep-Sea Mining Tech","Dunedin, NZ",,,99,NZ-Expansion-V2,new,"2026-04-29 21:20:40",
5671,"NZ-Deep-144-640924 Partners",,"Deep-Sea Mining Tech","Napier, NZ",,,92,NZ-Expansion-V2,new,"2026-04-29 21:20:40",
5672,"NZ-Deep-521-640924 Partners",,HortiTech,"Palmerston North, NZ",,,95,NZ-Expansion-V2,new,"2026-04-29 21:20:40",
5673,"NZ-Deep-181-640924 Partners",,"Quantum Computing","Dunedin, NZ",,,99,NZ-Expansion-V2,new,"2026-04-29 21:20:40",
5674,"NZ-Deep-798-640924 Partners",,CyberSecurity,"Napier, NZ",,,98,NZ-Expansion-V2,new,"2026-04-29 21:20:40",
5675,"NZ-Deep-272-640924 Partners",,HortiTech,"Nelson, NZ",,,92,NZ-Expansion-V2,new,"2026-04-29 21:20:40",
5676,"NZ-Deep-226-640924 Partners",,"Quantum Computing","Nelson, NZ",,,98,NZ-Expansion-V2,new,"2026-04-29 21:20:40",
5677,"NZ-Deep-836-640924 Partners",,SpaceTech,"Dunedin, NZ",,,96,NZ-Expansion-V2,new,"2026-04-29 21:20:40",
5678,"NZ-Deep-174-640924 Partners",,CyberSecurity,"Palmerston North, NZ",,,95,NZ-Expansion-V2,new,"2026-04-29 21:20:40",
5679,"NZ-Deep-580-640924 Partners",,SpaceTech,"Palmerston North, NZ",,,97,NZ-Expansion-V2,new,"2026-04-29 21:20:40",
5680,"NZ-Deep-340-640924 Partners",,"Quantum Computing","Nelson, NZ",,,96,NZ-Expansion-V2,new,"2026-04-29 21:20:40",
5681,"NZ-Deep-488-640924 Partners",,CyberSecurity,"Nelson, NZ",,,97,NZ-Expansion-V2,new,"2026-04-29 21:20:40",
5682,"NZ-Deep-759-640925 Partners",,"Quantum Computing","Napier, NZ",,,99,NZ-Expansion-V2,new,"2026-04-29 21:20:40",
5683,"NZ-Deep-987-640925 Partners",,HortiTech,"Tauranga, NZ",,,99,NZ-Expansion-V2,new,"2026-04-29 21:20:40",
5684,"NZ-Deep-671-640925 Partners",,SpaceTech,"Tauranga, NZ",,,98,NZ-Expansion-V2,new,"2026-04-29 21:20:40",
5685,"NZ-Deep-650-640925 Partners",,"Quantum Computing","Dunedin, NZ",,,93,NZ-Expansion-V2,new,"2026-04-29 21:20:40",
5686,"NZ-Deep-985-640925 Partners",,"Quantum Computing","Nelson, NZ",,,95,NZ-Expansion-V2,new,"2026-04-29 21:20:40",
5687,"NZ-Deep-188-640925 Partners",,"Quantum Computing","Nelson, NZ",,,95,NZ-Expansion-V2,new,"2026-04-29 21:20:40",
5688,"NZ-Deep-342-640925 Partners",,"Deep-Sea Mining Tech","Dunedin, NZ",,,92,NZ-Expansion-V2,new,"2026-04-29 21:20:40",
5689,"NZ-Deep-893-640925 Partners",,CyberSecurity,"Napier, NZ",,,99,NZ-Expansion-V2,new,"2026-04-29 21:20:40",
5690,"NZ-Deep-766-640925 Partners",,"Deep-Sea Mining Tech","Nelson, NZ",,,95,NZ-Expansion-V2,new,"2026-04-29 21:20:40",
5691,"NZ-Deep-325-640925 Partners",,"Quantum Computing","Tauranga, NZ",,,93,NZ-Expansion-V2,new,"2026-04-29 21:20:40",
5692,"NZ-Deep-698-640925 Partners",,CyberSecurity,"Napier, NZ",,,95,NZ-Expansion-V2,new,"2026-04-29 21:20:40",
5693,"NZ-Deep-807-640925 Partners",,HortiTech,"Napier, NZ",,,92,NZ-Expansion-V2,new,"2026-04-29 21:20:40",
5694,"NZ-Deep-642-640925 Partners",,CyberSecurity,"Napier, NZ",,,96,NZ-Expansion-V2,new,"2026-04-29 21:20:40",
5695,"NZ-Deep-461-640925 Partners",,"Quantum Computing","Nelson, NZ",,,99,NZ-Expansion-V2,new,"2026-04-29 21:20:40",
5696,"NZ-Deep-447-640925 Partners",,"Quantum Computing","Palmerston North, NZ",,,96,NZ-Expansion-V2,new,"2026-04-29 21:20:40",
5697,"NZ-Deep-541-640925 Partners",,"Quantum Computing","Palmerston North, NZ",,,97,NZ-Expansion-V2,new,"2026-04-29 21:20:40",
5698,"NZ-Deep-159-640925 Partners",,"Quantum Computing","Nelson, NZ",,,99,NZ-Expansion-V2,new,"2026-04-29 21:20:40",
5699,"NZ-Deep-969-640925 Partners",,"Deep-Sea Mining Tech","Dunedin, NZ",,,97,NZ-Expansion-V2,new,"2026-04-29 21:20:40",
5700,"NZ-Deep-513-640925 Partners",,HortiTech,"Tauranga, NZ",,,99,NZ-Expansion-V2,new,"2026-04-29 21:20:40",
5701,"NZ-Deep-720-640925 Partners",,"Quantum Computing","Napier, NZ",,,99,NZ-Expansion-V2,new,"2026-04-29 21:20:40",
5702,"NZ-Deep-226-640925 Partners",,CyberSecurity,"Napier, NZ",,,99,NZ-Expansion-V2,new,"2026-04-29 21:20:40",
5703,"NZ-Deep-779-640926 Partners",,"Quantum Computing","Palmerston North, NZ",,,98,NZ-Expansion-V2,new,"2026-04-29 21:20:40",
5704,"NZ-Deep-830-640926 Partners",,HortiTech,"Nelson, NZ",,,99,NZ-Expansion-V2,new,"2026-04-29 21:20:40",
5705,"NZ-Deep-527-640926 Partners",,SpaceTech,"Dunedin, NZ",,,97,NZ-Expansion-V2,new,"2026-04-29 21:20:40",
5706,"NZ-Deep-685-640926 Partners",,SpaceTech,"Tauranga, NZ",,,98,NZ-Expansion-V2,new,"2026-04-29 21:20:40",
5707,"NZ-Deep-616-640926 Partners",,HortiTech,"Nelson, NZ",,,94,NZ-Expansion-V2,new,"2026-04-29 21:20:40",
5708,"NZ-Deep-662-640926 Partners",,SpaceTech,"Dunedin, NZ",,,99,NZ-Expansion-V2,new,"2026-04-29 21:20:40",
5709,"NZ-Deep-174-640926 Partners",,"Quantum Computing","Tauranga, NZ",,,97,NZ-Expansion-V2,new,"2026-04-29 21:20:40",
5710,"NZ-Deep-841-640926 Partners",,HortiTech,"Palmerston North, NZ",,,95,NZ-Expansion-V2,new,"2026-04-29 21:20:40",
5711,"NZ-Deep-478-640926 Partners",,"Deep-Sea Mining Tech","Palmerston North, NZ",,,95,NZ-Expansion-V2,new,"2026-04-29 21:20:40",
5712,"NZ-Deep-989-640926 Partners",,"Deep-Sea Mining Tech","Tauranga, NZ",,,96,NZ-Expansion-V2,new,"2026-04-29 21:20:40",
5713,"NZ-Deep-133-640926 Partners",,"Deep-Sea Mining Tech","Tauranga, NZ",,,94,NZ-Expansion-V2,new,"2026-04-29 21:20:40",
5714,"NZ-Deep-820-640926 Partners",,CyberSecurity,"Palmerston North, NZ",,,93,NZ-Expansion-V2,new,"2026-04-29 21:20:40",
5715,"NZ-Deep-285-640926 Partners",,CyberSecurity,"Tauranga, NZ",,,95,NZ-Expansion-V2,new,"2026-04-29 21:20:40",
5716,"NZ-Deep-109-640926 Partners",,"Deep-Sea Mining Tech","Palmerston North, NZ",,,94,NZ-Expansion-V2,new,"2026-04-29 21:20:40",
5717,"NZ-Deep-403-640926 Partners",,SpaceTech,"Napier, NZ",,,98,NZ-Expansion-V2,new,"2026-04-29 21:20:40",
5718,"NZ-Deep-261-640926 Partners",,"Deep-Sea Mining Tech","Napier, NZ",,,97,NZ-Expansion-V2,new,"2026-04-29 21:20:40",
5719,"NZ-Deep-567-640926 Partners",,SpaceTech,"Nelson, NZ",,,99,NZ-Expansion-V2,new,"2026-04-29 21:20:40",
5720,"NZ-Deep-116-640926 Partners",,CyberSecurity,"Nelson, NZ",,,97,NZ-Expansion-V2,new,"2026-04-29 21:20:40",
5721,"NZ-Deep-321-640926 Partners",,CyberSecurity,"Nelson, NZ",,,94,NZ-Expansion-V2,new,"2026-04-29 21:20:40",
5722,"NZ-Deep-720-640926 Partners",,HortiTech,"Nelson, NZ",,,97,NZ-Expansion-V2,new,"2026-04-29 21:20:40",
5723,"NZ-Deep-819-640926 Partners",,CyberSecurity,"Tauranga, NZ",,,92,NZ-Expansion-V2,new,"2026-04-29 21:20:40",
5724,"NZ-Deep-664-640927 Partners",,HortiTech,"Palmerston North, NZ",,,99,NZ-Expansion-V2,new,"2026-04-29 21:20:40",
5725,"NZ-Deep-207-640927 Partners",,SpaceTech,"Palmerston North, NZ",,,93,NZ-Expansion-V2,new,"2026-04-29 21:20:40",
5726,"NZ-Deep-974-640927 Partners",,"Deep-Sea Mining Tech","Nelson, NZ",,,97,NZ-Expansion-V2,new,"2026-04-29 21:20:40",
5727,"NZ-Deep-567-640927 Partners",,"Quantum Computing","Napier, NZ",,,93,NZ-Expansion-V2,new,"2026-04-29 21:20:40",
5728,"NZ-Deep-594-640927 Partners",,SpaceTech,"Napier, NZ",,,98,NZ-Expansion-V2,new,"2026-04-29 21:20:40",
5729,"NZ-Deep-668-640927 Partners",,HortiTech,"Palmerston North, NZ",,,96,NZ-Expansion-V2,new,"2026-04-29 21:20:40",
5730,"NZ-Deep-100-640927 Partners",,"Quantum Computing","Napier, NZ",,,92,NZ-Expansion-V2,new,"2026-04-29 21:20:40",
5731,"NZ-Deep-426-640927 Partners",,SpaceTech,"Dunedin, NZ",,,97,NZ-Expansion-V2,new,"2026-04-29 21:20:40",
5732,"NZ-Deep-261-640927 Partners",,"Quantum Computing","Napier, NZ",,,97,NZ-Expansion-V2,new,"2026-04-29 21:20:40",
5733,"NZ-Deep-108-640927 Partners",,CyberSecurity,"Tauranga, NZ",,,94,NZ-Expansion-V2,new,"2026-04-29 21:20:40",
5734,"NZ-Deep-427-640927 Partners",,"Deep-Sea Mining Tech","Palmerston North, NZ",,,93,NZ-Expansion-V2,new,"2026-04-29 21:20:40",
5735,"NZ-Deep-763-640927 Partners",,HortiTech,"Nelson, NZ",,,92,NZ-Expansion-V2,new,"2026-04-29 21:20:40",
5736,"NZ-Deep-167-640927 Partners",,CyberSecurity,"Palmerston North, NZ",,,98,NZ-Expansion-V2,new,"2026-04-29 21:20:40",
5737,"NZ-Deep-196-640927 Partners",,"Deep-Sea Mining Tech","Palmerston North, NZ",,,94,NZ-Expansion-V2,new,"2026-04-29 21:20:40",
5738,"NZ-Deep-797-640927 Partners",,HortiTech,"Nelson, NZ",,,96,NZ-Expansion-V2,new,"2026-04-29 21:20:40",
5739,"NZ-Deep-794-640927 Partners",,"Deep-Sea Mining Tech","Napier, NZ",,,96,NZ-Expansion-V2,new,"2026-04-29 21:20:40",
5740,"NZ-Deep-872-640927 Partners",,CyberSecurity,"Tauranga, NZ",,,98,NZ-Expansion-V2,new,"2026-04-29 21:20:40",
5741,"NZ-Deep-310-640927 Partners",,HortiTech,"Nelson, NZ",,,97,NZ-Expansion-V2,new,"2026-04-29 21:20:40",
5742,"NZ-Deep-319-640927 Partners",,CyberSecurity,"Tauranga, NZ",,,97,NZ-Expansion-V2,new,"2026-04-29 21:20:40",
5743,"NZ-Deep-684-640927 Partners",,SpaceTech,"Napier, NZ",,,96,NZ-Expansion-V2,new,"2026-04-29 21:20:40",
5744,"NZ-Deep-928-640928 Partners",,SpaceTech,"Tauranga, NZ",,,96,NZ-Expansion-V2,new,"2026-04-29 21:20:40",
5745,"NZ-Deep-700-640928 Partners",,"Deep-Sea Mining Tech","Tauranga, NZ",,,98,NZ-Expansion-V2,new,"2026-04-29 21:20:40",
5746,"NZ-Deep-562-640928 Partners",,SpaceTech,"Dunedin, NZ",,,94,NZ-Expansion-V2,new,"2026-04-29 21:20:40",
5747,"NZ-Deep-890-640928 Partners",,SpaceTech,"Palmerston North, NZ",,,99,NZ-Expansion-V2,new,"2026-04-29 21:20:40",
5748,"NZ-Deep-612-640928 Partners",,"Quantum Computing","Dunedin, NZ",,,96,NZ-Expansion-V2,new,"2026-04-29 21:20:40",
5749,"NZ-Deep-217-640928 Partners",,HortiTech,"Tauranga, NZ",,,93,NZ-Expansion-V2,new,"2026-04-29 21:20:40",
5750,"NZ-Deep-514-640928 Partners",,"Deep-Sea Mining Tech","Palmerston North, NZ",,,99,NZ-Expansion-V2,new,"2026-04-29 21:20:40",
5751,"NZ-Deep-799-640928 Partners",,SpaceTech,"Nelson, NZ",,,94,NZ-Expansion-V2,new,"2026-04-29 21:20:40",
5752,"NZ-Deep-729-640928 Partners",,SpaceTech,"Palmerston North, NZ",,,93,NZ-Expansion-V2,new,"2026-04-29 21:20:40",
5753,"NZ-Deep-816-640928 Partners",,SpaceTech,"Palmerston North, NZ",,,99,NZ-Expansion-V2,new,"2026-04-29 21:20:40",
5754,"NZ-Deep-488-640928 Partners",,CyberSecurity,"Tauranga, NZ",,,93,NZ-Expansion-V2,new,"2026-04-29 21:20:40",
5755,"NZ-Deep-568-640928 Partners",,"Deep-Sea Mining Tech","Nelson, NZ",,,99,NZ-Expansion-V2,new,"2026-04-29 21:20:40",
5756,"NZ-Deep-205-640928 Partners",,"Quantum Computing","Nelson, NZ",,,92,NZ-Expansion-V2,new,"2026-04-29 21:20:40",
5757,"NZ-Deep-289-640928 Partners",,CyberSecurity,"Napier, NZ",,,99,NZ-Expansion-V2,new,"2026-04-29 21:20:40",
5758,"NZ-Deep-760-640928 Partners",,HortiTech,"Palmerston North, NZ",,,95,NZ-Expansion-V2,new,"2026-04-29 21:20:40",
5759,"NZ-Deep-216-640928 Partners",,"Quantum Computing","Nelson, NZ",,,98,NZ-Expansion-V2,new,"2026-04-29 21:20:40",
5760,"NZ-Deep-643-640928 Partners",,HortiTech,"Palmerston North, NZ",,,94,NZ-Expansion-V2,new,"2026-04-29 21:20:40",
5761,"NZ-Deep-683-640928 Partners",,SpaceTech,"Tauranga, NZ",,,97,NZ-Expansion-V2,new,"2026-04-29 21:20:40",
5762,"NZ-Deep-671-640928 Partners",,SpaceTech,"Napier, NZ",,,93,NZ-Expansion-V2,new,"2026-04-29 21:20:40",
5763,"NZ-Deep-601-640928 Partners",,HortiTech,"Tauranga, NZ",,,96,NZ-Expansion-V2,new,"2026-04-29 21:20:40",
5764,"NZ-Deep-890-640929 Partners",,"Deep-Sea Mining Tech","Nelson, NZ",,,95,NZ-Expansion-V2,new,"2026-04-29 21:20:40",
5765,"NZ-Deep-489-640929 Partners",,HortiTech,"Nelson, NZ",,,97,NZ-Expansion-V2,new,"2026-04-29 21:20:40",
5766,"NZ-Deep-575-640929 Partners",,CyberSecurity,"Nelson, NZ",,,92,NZ-Expansion-V2,new,"2026-04-29 21:20:40",
5767,"NZ-Deep-200-640929 Partners",,"Deep-Sea Mining Tech","Dunedin, NZ",,,93,NZ-Expansion-V2,new,"2026-04-29 21:20:40",
5768,"NZ-Deep-595-640929 Partners",,SpaceTech,"Palmerston North, NZ",,,96,NZ-Expansion-V2,new,"2026-04-29 21:20:40",
5769,"NZ-Deep-312-640929 Partners",,CyberSecurity,"Napier, NZ",,,99,NZ-Expansion-V2,new,"2026-04-29 21:20:40",
5770,"NZ-Deep-109-640929 Partners",,SpaceTech,"Napier, NZ",,,96,NZ-Expansion-V2,new,"2026-04-29 21:20:40",
5771,"NZ-Deep-164-640929 Partners",,HortiTech,"Palmerston North, NZ",,,97,NZ-Expansion-V2,new,"2026-04-29 21:20:40",
5772,"NZ-Deep-792-640929 Partners",,HortiTech,"Napier, NZ",,,99,NZ-Expansion-V2,new,"2026-04-29 21:20:40",
5773,"NZ-Deep-116-640929 Partners",,CyberSecurity,"Tauranga, NZ",,,95,NZ-Expansion-V2,new,"2026-04-29 21:20:40",
5774,"NZ-Deep-758-640929 Partners",,CyberSecurity,"Dunedin, NZ",,,99,NZ-Expansion-V2,new,"2026-04-29 21:20:40",
5775,"NZ-Deep-244-640929 Partners",,"Quantum Computing","Nelson, NZ",,,97,NZ-Expansion-V2,new,"2026-04-29 21:20:40",
5776,"NZ-Deep-908-640929 Partners",,"Quantum Computing","Palmerston North, NZ",,,97,NZ-Expansion-V2,new,"2026-04-29 21:20:40",
5777,"NZ-Deep-982-640929 Partners",,SpaceTech,"Napier, NZ",,,98,NZ-Expansion-V2,new,"2026-04-29 21:20:40",
5778,"NZ-Deep-340-640929 Partners",,SpaceTech,"Napier, NZ",,,97,NZ-Expansion-V2,new,"2026-04-29 21:20:40",
5779,"NZ-Deep-321-640929 Partners",,"Quantum Computing","Nelson, NZ",,,96,NZ-Expansion-V2,new,"2026-04-29 21:20:40",
5780,"NZ-Deep-730-640929 Partners",,CyberSecurity,"Nelson, NZ",,,98,NZ-Expansion-V2,new,"2026-04-29 21:20:40",
5781,"NZ-Deep-475-640929 Partners",,"Deep-Sea Mining Tech","Tauranga, NZ",,,94,NZ-Expansion-V2,new,"2026-04-29 21:20:40",
5782,"NZ-Deep-997-640929 Partners",,CyberSecurity,"Palmerston North, NZ",,,95,NZ-Expansion-V2,new,"2026-04-29 21:20:40",
5783,"NZ-Deep-785-640929 Partners",,"Quantum Computing","Nelson, NZ",,,94,NZ-Expansion-V2,new,"2026-04-29 21:20:40",
5784,"NZ-Deep-272-640929 Partners",,SpaceTech,"Nelson, NZ",,,99,NZ-Expansion-V2,new,"2026-04-29 21:20:40",
5785,"NZ-Deep-923-640930 Partners",,"Quantum Computing","Tauranga, NZ",,,95,NZ-Expansion-V2,new,"2026-04-29 21:20:40",
5786,"NZ-Deep-507-640930 Partners",,HortiTech,"Napier, NZ",,,94,NZ-Expansion-V2,new,"2026-04-29 21:20:40",
5787,"NZ-Deep-998-640930 Partners",,CyberSecurity,"Dunedin, NZ",,,95,NZ-Expansion-V2,new,"2026-04-29 21:20:40",
5788,"NZ-Deep-454-640930 Partners",,CyberSecurity,"Tauranga, NZ",,,98,NZ-Expansion-V2,new,"2026-04-29 21:20:40",
5789,"NZ-Deep-655-640930 Partners",,SpaceTech,"Nelson, NZ",,,98,NZ-Expansion-V2,new,"2026-04-29 21:20:40",
5790,"NZ-Deep-333-640930 Partners",,"Quantum Computing","Palmerston North, NZ",,,92,NZ-Expansion-V2,new,"2026-04-29 21:20:40",
5791,"NZ-Deep-753-640930 Partners",,"Quantum Computing","Napier, NZ",,,94,NZ-Expansion-V2,new,"2026-04-29 21:20:40",
5792,"NZ-Deep-249-640930 Partners",,HortiTech,"Dunedin, NZ",,,99,NZ-Expansion-V2,new,"2026-04-29 21:20:40",
5793,"NZ-Deep-722-640930 Partners",,HortiTech,"Napier, NZ",,,92,NZ-Expansion-V2,new,"2026-04-29 21:20:40",
5794,"NZ-Deep-486-640930 Partners",,HortiTech,"Dunedin, NZ",,,96,NZ-Expansion-V2,new,"2026-04-29 21:20:40",
5795,"NZ-Deep-827-640930 Partners",,"Deep-Sea Mining Tech","Tauranga, NZ",,,96,NZ-Expansion-V2,new,"2026-04-29 21:20:40",
5796,"NZ-Deep-503-640930 Partners",,SpaceTech,"Nelson, NZ",,,93,NZ-Expansion-V2,new,"2026-04-29 21:20:40",
5797,"NZ-Deep-336-640930 Partners",,HortiTech,"Tauranga, NZ",,,97,NZ-Expansion-V2,new,"2026-04-29 21:20:40",
5798,"NZ-Deep-925-640930 Partners",,CyberSecurity,"Napier, NZ",,,99,NZ-Expansion-V2,new,"2026-04-29 21:20:40",
5799,"NZ-Deep-731-640930 Partners",,"Deep-Sea Mining Tech","Dunedin, NZ",,,96,NZ-Expansion-V2,new,"2026-04-29 21:20:40",
5800,"NZ-Deep-678-640930 Partners",,"Deep-Sea Mining Tech","Tauranga, NZ",,,93,NZ-Expansion-V2,new,"2026-04-29 21:20:40",
5801,"NZ-Deep-340-640930 Partners",,CyberSecurity,"Tauranga, NZ",,,97,NZ-Expansion-V2,new,"2026-04-29 21:20:40",
5802,"NZ-Deep-584-640930 Partners",,CyberSecurity,"Nelson, NZ",,,95,NZ-Expansion-V2,new,"2026-04-29 21:20:40",
5803,"NZ-Deep-517-640930 Partners",,"Quantum Computing","Napier, NZ",,,94,NZ-Expansion-V2,new,"2026-04-29 21:20:40",
5804,"NZ-Deep-912-640930 Partners",,"Quantum Computing","Palmerston North, NZ",,,96,NZ-Expansion-V2,new,"2026-04-29 21:20:40",
5805,"NZ-Deep-727-640930 Partners",,SpaceTech,"Napier, NZ",,,95,NZ-Expansion-V2,new,"2026-04-29 21:20:40",
5806,"NZ-Deep-137-640931 Partners",,CyberSecurity,"Tauranga, NZ",,,95,NZ-Expansion-V2,new,"2026-04-29 21:20:40",
5807,"NZ-Deep-569-640931 Partners",,HortiTech,"Nelson, NZ",,,97,NZ-Expansion-V2,new,"2026-04-29 21:20:40",
5808,"NZ-Deep-332-640931 Partners",,SpaceTech,"Tauranga, NZ",,,99,NZ-Expansion-V2,new,"2026-04-29 21:20:40",
5809,"NZ-Deep-451-640931 Partners",,"Deep-Sea Mining Tech","Nelson, NZ",,,99,NZ-Expansion-V2,new,"2026-04-29 21:20:40",
5810,"NZ-Deep-182-640931 Partners",,SpaceTech,"Napier, NZ",,,99,NZ-Expansion-V2,new,"2026-04-29 21:20:40",
5811,"NZ-Deep-425-640931 Partners",,HortiTech,"Tauranga, NZ",,,98,NZ-Expansion-V2,new,"2026-04-29 21:20:40",
5812,"NZ-Deep-933-640931 Partners",,"Deep-Sea Mining Tech","Palmerston North, NZ",,,98,NZ-Expansion-V2,new,"2026-04-29 21:20:40",
5813,"NZ-Deep-737-640931 Partners",,HortiTech,"Nelson, NZ",,,99,NZ-Expansion-V2,new,"2026-04-29 21:20:40",
5814,"NZ-Deep-510-640931 Partners",,"Deep-Sea Mining Tech","Nelson, NZ",,,95,NZ-Expansion-V2,new,"2026-04-29 21:20:40",
5815,"NZ-Deep-486-640931 Partners",,CyberSecurity,"Dunedin, NZ",,,95,NZ-Expansion-V2,new,"2026-04-29 21:20:40",
5816,"NZ-Deep-109-640931 Partners",,"Quantum Computing","Palmerston North, NZ",,,98,NZ-Expansion-V2,new,"2026-04-29 21:20:40",
5817,"NZ-Deep-471-640931 Partners",,SpaceTech,"Palmerston North, NZ",,,93,NZ-Expansion-V2,new,"2026-04-29 21:20:40",
5818,"NZ-Deep-111-640931 Partners",,"Deep-Sea Mining Tech","Dunedin, NZ",,,96,NZ-Expansion-V2,new,"2026-04-29 21:20:40",
5819,"NZ-Deep-691-640931 Partners",,HortiTech,"Nelson, NZ",,,96,NZ-Expansion-V2,new,"2026-04-29 21:20:40",
5820,"NZ-Deep-384-640931 Partners",,HortiTech,"Dunedin, NZ",,,94,NZ-Expansion-V2,new,"2026-04-29 21:20:40",
5821,"NZ-Deep-229-640931 Partners",,CyberSecurity,"Tauranga, NZ",,,99,NZ-Expansion-V2,new,"2026-04-29 21:20:40",
5822,"NZ-Deep-372-640931 Partners",,CyberSecurity,"Nelson, NZ",,,97,NZ-Expansion-V2,new,"2026-04-29 21:20:40",
5823,"NZ-Deep-697-640931 Partners",,"Quantum Computing","Palmerston North, NZ",,,97,NZ-Expansion-V2,new,"2026-04-29 21:20:40",
5824,"NZ-Deep-128-640931 Partners",,"Quantum Computing","Tauranga, NZ",,,92,NZ-Expansion-V2,new,"2026-04-29 21:20:40",
5825,"NZ-Deep-877-640932 Partners",,"Quantum Computing","Dunedin, NZ",,,98,NZ-Expansion-V2,new,"2026-04-29 21:20:40",
5826,"NZ-Deep-338-640932 Partners",,SpaceTech,"Napier, NZ",,,99,NZ-Expansion-V2,new,"2026-04-29 21:20:40",
5827,"NZ-Deep-611-640932 Partners",,CyberSecurity,"Napier, NZ",,,97,NZ-Expansion-V2,new,"2026-04-29 21:20:40",
5828,"NZ-Deep-997-640932 Partners",,SpaceTech,"Tauranga, NZ",,,93,NZ-Expansion-V2,new,"2026-04-29 21:20:40",
5829,"NZ-Deep-474-640932 Partners",,SpaceTech,"Dunedin, NZ",,,93,NZ-Expansion-V2,new,"2026-04-29 21:20:40",
5830,"NZ-Deep-283-640932 Partners",,HortiTech,"Palmerston North, NZ",,,95,NZ-Expansion-V2,new,"2026-04-29 21:20:40",
5831,"NZ-Deep-383-640932 Partners",,HortiTech,"Nelson, NZ",,,92,NZ-Expansion-V2,new,"2026-04-29 21:20:40",
5832,"NZ-Deep-475-640932 Partners",,"Quantum Computing","Tauranga, NZ",,,94,NZ-Expansion-V2,new,"2026-04-29 21:20:40",
5833,"NZ-Deep-875-640932 Partners",,CyberSecurity,"Nelson, NZ",,,95,NZ-Expansion-V2,new,"2026-04-29 21:20:40",
5834,"NZ-Deep-203-640932 Partners",,CyberSecurity,"Dunedin, NZ",,,98,NZ-Expansion-V2,new,"2026-04-29 21:20:40",
5835,"NZ-Deep-607-640932 Partners",,CyberSecurity,"Tauranga, NZ",,,99,NZ-Expansion-V2,new,"2026-04-29 21:20:40",
5836,"NZ-Deep-551-640932 Partners",,SpaceTech,"Dunedin, NZ",,,94,NZ-Expansion-V2,new,"2026-04-29 21:20:40",
5837,"NZ-Deep-252-640932 Partners",,"Quantum Computing","Nelson, NZ",,,92,NZ-Expansion-V2,new,"2026-04-29 21:20:40",
5838,"NZ-Deep-765-640932 Partners",,HortiTech,"Palmerston North, NZ",,,98,NZ-Expansion-V2,new,"2026-04-29 21:20:40",
5839,"NZ-Deep-100-640932 Partners",,"Quantum Computing","Palmerston North, NZ",,,99,NZ-Expansion-V2,new,"2026-04-29 21:20:40",
5840,"NZ-Deep-627-640932 Partners",,"Deep-Sea Mining Tech","Palmerston North, NZ",,,92,NZ-Expansion-V2,new,"2026-04-29 21:20:40",
5841,"NZ-Deep-865-640932 Partners",,HortiTech,"Napier, NZ",,,96,NZ-Expansion-V2,new,"2026-04-29 21:20:40",
5842,"NZ-Deep-809-640932 Partners",,"Deep-Sea Mining Tech","Dunedin, NZ",,,95,NZ-Expansion-V2,new,"2026-04-29 21:20:40",
5843,"NZ-Deep-753-640932 Partners",,"Quantum Computing","Palmerston North, NZ",,,92,NZ-Expansion-V2,new,"2026-04-29 21:20:40",
5844,"NZ-Deep-719-640932 Partners",,CyberSecurity,"Tauranga, NZ",,,92,NZ-Expansion-V2,new,"2026-04-29 21:20:40",
5845,"NZ-Deep-537-640932 Partners",,"Deep-Sea Mining Tech","Napier, NZ",,,94,NZ-Expansion-V2,new,"2026-04-29 21:20:40",
5846,"NZ-Deep-223-640932 Partners",,HortiTech,"Tauranga, NZ",,,93,NZ-Expansion-V2,new,"2026-04-29 21:20:40",
5847,"NZ-Deep-381-640933 Partners",,SpaceTech,"Dunedin, NZ",,,94,NZ-Expansion-V2,new,"2026-04-29 21:20:40",
5848,"NZ-Deep-320-640933 Partners",,HortiTech,"Palmerston North, NZ",,,93,NZ-Expansion-V2,new,"2026-04-29 21:20:40",
5849,"NZ-Deep-390-640933 Partners",,"Deep-Sea Mining Tech","Dunedin, NZ",,,93,NZ-Expansion-V2,new,"2026-04-29 21:20:40",
5850,"NZ-Deep-111-640933 Partners",,HortiTech,"Palmerston North, NZ",,,92,NZ-Expansion-V2,new,"2026-04-29 21:20:40",
5851,"NZ-Deep-446-640933 Partners",,HortiTech,"Napier, NZ",,,95,NZ-Expansion-V2,new,"2026-04-29 21:20:40",
5852,"NZ-Deep-544-640933 Partners",,CyberSecurity,"Palmerston North, NZ",,,92,NZ-Expansion-V2,new,"2026-04-29 21:20:40",
5853,"NZ-Deep-730-640933 Partners",,SpaceTech,"Palmerston North, NZ",,,94,NZ-Expansion-V2,new,"2026-04-29 21:20:40",
5854,"NZ-Deep-776-640933 Partners",,"Quantum Computing","Napier, NZ",,,98,NZ-Expansion-V2,new,"2026-04-29 21:20:40",
5855,"NZ-Deep-472-640933 Partners",,"Quantum Computing","Tauranga, NZ",,,95,NZ-Expansion-V2,new,"2026-04-29 21:20:40",
5856,"NZ-Deep-745-640933 Partners",,HortiTech,"Dunedin, NZ",,,99,NZ-Expansion-V2,new,"2026-04-29 21:20:40",
5857,"NZ-Deep-987-640933 Partners",,"Quantum Computing","Napier, NZ",,,97,NZ-Expansion-V2,new,"2026-04-29 21:20:40",
5858,"NZ-Deep-913-640933 Partners",,"Deep-Sea Mining Tech","Dunedin, NZ",,,98,NZ-Expansion-V2,new,"2026-04-29 21:20:40",
5859,"NZ-Deep-528-640933 Partners",,"Deep-Sea Mining Tech","Nelson, NZ",,,93,NZ-Expansion-V2,new,"2026-04-29 21:20:40",
5860,"NZ-Deep-956-640933 Partners",,CyberSecurity,"Dunedin, NZ",,,97,NZ-Expansion-V2,new,"2026-04-29 21:20:40",
5861,"NZ-Deep-486-640933 Partners",,CyberSecurity,"Napier, NZ",,,93,NZ-Expansion-V2,new,"2026-04-29 21:20:40",
5862,"NZ-Deep-190-640933 Partners",,SpaceTech,"Napier, NZ",,,98,NZ-Expansion-V2,new,"2026-04-29 21:20:40",
5863,"NZ-Deep-276-640933 Partners",,"Quantum Computing","Dunedin, NZ",,,98,NZ-Expansion-V2,new,"2026-04-29 21:20:40",
5864,"NZ-Deep-507-640933 Partners",,CyberSecurity,"Napier, NZ",,,99,NZ-Expansion-V2,new,"2026-04-29 21:20:40",
5865,"NZ-Deep-400-640933 Partners",,HortiTech,"Dunedin, NZ",,,98,NZ-Expansion-V2,new,"2026-04-29 21:20:40",
5866,"NZ-Deep-181-640933 Partners",,HortiTech,"Nelson, NZ",,,96,NZ-Expansion-V2,new,"2026-04-29 21:20:40",
5867,"NZ-Deep-282-640933 Partners",,"Deep-Sea Mining Tech","Nelson, NZ",,,98,NZ-Expansion-V2,new,"2026-04-29 21:20:40",
5868,"NZ-Deep-957-640934 Partners",,"Quantum Computing","Tauranga, NZ",,,98,NZ-Expansion-V2,new,"2026-04-29 21:20:40",
5869,"NZ-Deep-635-640934 Partners",,"Quantum Computing","Nelson, NZ",,,96,NZ-Expansion-V2,new,"2026-04-29 21:20:40",
5870,"NZ-Deep-551-640934 Partners",,SpaceTech,"Napier, NZ",,,99,NZ-Expansion-V2,new,"2026-04-29 21:20:40",
5871,"NZ-Deep-314-640934 Partners",,HortiTech,"Palmerston North, NZ",,,99,NZ-Expansion-V2,new,"2026-04-29 21:20:40",
5872,"NZ-Deep-615-640934 Partners",,"Quantum Computing","Tauranga, NZ",,,95,NZ-Expansion-V2,new,"2026-04-29 21:20:40",
5873,"NZ-Deep-370-640934 Partners",,"Quantum Computing","Dunedin, NZ",,,97,NZ-Expansion-V2,new,"2026-04-29 21:20:40",
5874,"NZ-Deep-391-640934 Partners",,SpaceTech,"Nelson, NZ",,,98,NZ-Expansion-V2,new,"2026-04-29 21:20:40",
5875,"NZ-Deep-118-640934 Partners",,"Deep-Sea Mining Tech","Tauranga, NZ",,,96,NZ-Expansion-V2,new,"2026-04-29 21:20:40",
5876,"NZ-Deep-678-640934 Partners",,"Deep-Sea Mining Tech","Nelson, NZ",,,97,NZ-Expansion-V2,new,"2026-04-29 21:20:40",
5877,"NZ-Deep-783-640934 Partners",,SpaceTech,"Nelson, NZ",,,99,NZ-Expansion-V2,new,"2026-04-29 21:20:40",
5878,"NZ-Deep-325-640934 Partners",,"Quantum Computing","Tauranga, NZ",,,95,NZ-Expansion-V2,new,"2026-04-29 21:20:40",
5879,"NZ-Deep-102-640934 Partners",,"Deep-Sea Mining Tech","Nelson, NZ",,,98,NZ-Expansion-V2,new,"2026-04-29 21:20:40",
5880,"NZ-Deep-926-640934 Partners",,HortiTech,"Palmerston North, NZ",,,94,NZ-Expansion-V2,new,"2026-04-29 21:20:40",
5881,"NZ-Deep-672-640934 Partners",,SpaceTech,"Tauranga, NZ",,,94,NZ-Expansion-V2,new,"2026-04-29 21:20:40",
5882,"NZ-Deep-835-640934 Partners",,"Deep-Sea Mining Tech","Dunedin, NZ",,,95,NZ-Expansion-V2,new,"2026-04-29 21:20:40",
5883,"NZ-Deep-717-640934 Partners",,"Quantum Computing","Nelson, NZ",,,97,NZ-Expansion-V2,new,"2026-04-29 21:20:40",
5884,"NZ-Deep-660-640934 Partners",,SpaceTech,"Nelson, NZ",,,95,NZ-Expansion-V2,new,"2026-04-29 21:20:40",
5885,"NZ-Deep-565-640935 Partners",,"Quantum Computing","Nelson, NZ",,,98,NZ-Expansion-V2,new,"2026-04-29 21:20:40",
5886,"NZ-Deep-650-640935 Partners",,CyberSecurity,"Dunedin, NZ",,,94,NZ-Expansion-V2,new,"2026-04-29 21:20:40",
5887,"NZ-Deep-407-640935 Partners",,"Deep-Sea Mining Tech","Nelson, NZ",,,92,NZ-Expansion-V2,new,"2026-04-29 21:20:40",
5888,"NZ-Deep-352-640935 Partners",,SpaceTech,"Palmerston North, NZ",,,93,NZ-Expansion-V2,new,"2026-04-29 21:20:40",
5889,"NZ-Deep-427-640935 Partners",,CyberSecurity,"Tauranga, NZ",,,99,NZ-Expansion-V2,new,"2026-04-29 21:20:40",
5890,"NZ-Deep-378-640935 Partners",,HortiTech,"Tauranga, NZ",,,94,NZ-Expansion-V2,new,"2026-04-29 21:20:40",
5891,"NZ-Deep-704-640935 Partners",,SpaceTech,"Palmerston North, NZ",,,93,NZ-Expansion-V2,new,"2026-04-29 21:20:40",
5892,"NZ-Deep-366-640935 Partners",,"Deep-Sea Mining Tech","Dunedin, NZ",,,94,NZ-Expansion-V2,new,"2026-04-29 21:20:40",
5893,"NZ-Deep-431-640935 Partners",,SpaceTech,"Tauranga, NZ",,,96,NZ-Expansion-V2,new,"2026-04-29 21:20:40",
5894,"NZ-Deep-757-640935 Partners",,CyberSecurity,"Dunedin, NZ",,,92,NZ-Expansion-V2,new,"2026-04-29 21:20:40",
5895,"NZ-Deep-931-640935 Partners",,"Deep-Sea Mining Tech","Dunedin, NZ",,,95,NZ-Expansion-V2,new,"2026-04-29 21:20:40",
5896,"NZ-Deep-121-640935 Partners",,SpaceTech,"Dunedin, NZ",,,96,NZ-Expansion-V2,new,"2026-04-29 21:20:40",
5897,"NZ-Deep-605-640935 Partners",,"Quantum Computing","Napier, NZ",,,94,NZ-Expansion-V2,new,"2026-04-29 21:20:40",
5898,"NZ-Deep-420-640935 Partners",,SpaceTech,"Dunedin, NZ",,,98,NZ-Expansion-V2,new,"2026-04-29 21:20:40",
5899,"NZ-Deep-979-640935 Partners",,"Quantum Computing","Nelson, NZ",,,96,NZ-Expansion-V2,new,"2026-04-29 21:20:40",
5900,"NZ-Deep-202-640935 Partners",,SpaceTech,"Palmerston North, NZ",,,93,NZ-Expansion-V2,new,"2026-04-29 21:20:40",
5901,"NZ-Deep-528-640935 Partners",,SpaceTech,"Palmerston North, NZ",,,95,NZ-Expansion-V2,new,"2026-04-29 21:20:40",
5902,"NZ-Deep-263-640935 Partners",,"Quantum Computing","Napier, NZ",,,96,NZ-Expansion-V2,new,"2026-04-29 21:20:40",
5903,"NZ-Deep-967-640935 Partners",,SpaceTech,"Dunedin, NZ",,,96,NZ-Expansion-V2,new,"2026-04-29 21:20:40",
5904,"NZ-Deep-337-640936 Partners",,"Quantum Computing","Nelson, NZ",,,98,NZ-Expansion-V2,new,"2026-04-29 21:20:40",
5905,"NZ-Deep-478-640936 Partners",,"Deep-Sea Mining Tech","Dunedin, NZ",,,96,NZ-Expansion-V2,new,"2026-04-29 21:20:40",
5906,"NZ-Deep-907-640936 Partners",,HortiTech,"Nelson, NZ",,,95,NZ-Expansion-V2,new,"2026-04-29 21:20:40",
5907,"NZ-Deep-116-640936 Partners",,CyberSecurity,"Nelson, NZ",,,93,NZ-Expansion-V2,new,"2026-04-29 21:20:40",
5908,"NZ-Deep-199-640936 Partners",,CyberSecurity,"Palmerston North, NZ",,,92,NZ-Expansion-V2,new,"2026-04-29 21:20:40",
5909,"NZ-Deep-921-640936 Partners",,CyberSecurity,"Nelson, NZ",,,94,NZ-Expansion-V2,new,"2026-04-29 21:20:40",
5910,"NZ-Deep-647-640936 Partners",,"Quantum Computing","Napier, NZ",,,96,NZ-Expansion-V2,new,"2026-04-29 21:20:40",
5911,"NZ-Deep-388-640936 Partners",,SpaceTech,"Dunedin, NZ",,,95,NZ-Expansion-V2,new,"2026-04-29 21:20:40",
5912,"NZ-Deep-162-640936 Partners",,"Deep-Sea Mining Tech","Napier, NZ",,,96,NZ-Expansion-V2,new,"2026-04-29 21:20:40",
5913,"NZ-Deep-677-640936 Partners",,"Deep-Sea Mining Tech","Dunedin, NZ",,,99,NZ-Expansion-V2,new,"2026-04-29 21:20:40",
5914,"NZ-Deep-743-640936 Partners",,CyberSecurity,"Palmerston North, NZ",,,94,NZ-Expansion-V2,new,"2026-04-29 21:20:40",
5915,"NZ-Deep-112-640936 Partners",,CyberSecurity,"Palmerston North, NZ",,,99,NZ-Expansion-V2,new,"2026-04-29 21:20:40",
5916,"NZ-Deep-839-640936 Partners",,"Deep-Sea Mining Tech","Tauranga, NZ",,,96,NZ-Expansion-V2,new,"2026-04-29 21:20:40",
5917,"NZ-Deep-141-640936 Partners",,"Quantum Computing","Napier, NZ",,,96,NZ-Expansion-V2,new,"2026-04-29 21:20:40",
5918,"NZ-Deep-359-640936 Partners",,"Deep-Sea Mining Tech","Tauranga, NZ",,,92,NZ-Expansion-V2,new,"2026-04-29 21:20:40",
5919,"NZ-Deep-304-640936 Partners",,"Quantum Computing","Dunedin, NZ",,,97,NZ-Expansion-V2,new,"2026-04-29 21:20:40",
5920,"NZ-Deep-756-640936 Partners",,"Quantum Computing","Palmerston North, NZ",,,96,NZ-Expansion-V2,new,"2026-04-29 21:20:40",
5921,"NZ-Deep-472-640936 Partners",,HortiTech,"Nelson, NZ",,,96,NZ-Expansion-V2,new,"2026-04-29 21:20:40",
5922,"NZ-Deep-299-640936 Partners",,"Quantum Computing","Nelson, NZ",,,95,NZ-Expansion-V2,new,"2026-04-29 21:20:40",
5923,"NZ-Deep-930-640936 Partners",,CyberSecurity,"Dunedin, NZ",,,93,NZ-Expansion-V2,new,"2026-04-29 21:20:40",
5924,"NZ-Deep-489-640937 Partners",,CyberSecurity,"Palmerston North, NZ",,,94,NZ-Expansion-V2,new,"2026-04-29 21:20:40",
5925,"NZ-Deep-100-640937 Partners",,"Quantum Computing","Nelson, NZ",,,95,NZ-Expansion-V2,new,"2026-04-29 21:20:40",
5926,"NZ-Deep-423-640937 Partners",,SpaceTech,"Tauranga, NZ",,,92,NZ-Expansion-V2,new,"2026-04-29 21:20:40",
5927,"NZ-Deep-252-640937 Partners",,CyberSecurity,"Palmerston North, NZ",,,94,NZ-Expansion-V2,new,"2026-04-29 21:20:40",
5928,"NZ-Deep-548-640937 Partners",,SpaceTech,"Tauranga, NZ",,,93,NZ-Expansion-V2,new,"2026-04-29 21:20:40",
5929,"NZ-Deep-659-640937 Partners",,"Quantum Computing","Dunedin, NZ",,,92,NZ-Expansion-V2,new,"2026-04-29 21:20:40",
5930,"István Teszt",,,,,,,,SENT,"2026-04-29 21:36:22",istvanmajsai70@gmail.com
5931,"Logistics Switzerland Group 1",,Logistics,Switzerland,,,,,SENT,"2026-04-29 21:41:26",office@logistics-switzerland-1.ch
5932,"Finance Switzerland Group 2",,Finance,Switzerland,,,,,new,"2026-04-29 21:41:26",contact@finance-switzerland-2.ch
5933,"Consulting Switzerland Group 3",,Consulting,Switzerland,,,,,new,"2026-04-29 21:41:26",sales@consulting-switzerland-3.ch
5934,"Trading Switzerland Group 4",,Trading,Switzerland,,,,,new,"2026-04-29 21:41:26",admin@trading-switzerland-4.ch
5935,"Manufacturing Switzerland Group 5",,Manufacturing,Switzerland,,,,,new,"2026-04-29 21:41:26",hello@manufacturing-switzerland-5.ch
5936,"RealEstate Switzerland Group 6",,RealEstate,Switzerland,,,,,new,"2026-04-29 21:41:26",support@realestate-switzerland-6.ch
5937,"Tech Switzerland Group 7",,Tech,Switzerland,,,,,new,"2026-04-29 21:41:26",business@tech-switzerland-7.ch
5938,"IT Switzerland Group 8",,IT,Switzerland,,,,,new,"2026-04-29 21:41:26",mail@it-switzerland-8.ch
5939,"Logistics Switzerland Group 9",,Logistics,Switzerland,,,,,new,"2026-04-29 21:41:26",partner@logistics-switzerland-9.ch
5940,"Finance Switzerland Group 10",,Finance,Switzerland,,,,,new,"2026-04-29 21:41:26",info@finance-switzerland-10.ch
5941,"Consulting Switzerland Group 11",,Consulting,Switzerland,,,,,new,"2026-04-29 21:41:26",office@consulting-switzerland-11.ch
5942,"Trading Switzerland Group 12",,Trading,Switzerland,,,,,new,"2026-04-29 21:41:26",contact@trading-switzerland-12.ch
5943,"Manufacturing Switzerland Group 13",,Manufacturing,Switzerland,,,,,new,"2026-04-29 21:41:26",sales@manufacturing-switzerland-13.ch
5944,"RealEstate Switzerland Group 14",,RealEstate,Switzerland,,,,,new,"2026-04-29 21:41:26",admin@realestate-switzerland-14.ch
5945,"Tech Switzerland Group 15",,Tech,Switzerland,,,,,new,"2026-04-29 21:41:26",hello@tech-switzerland-15.ch
5946,"IT Switzerland Group 16",,IT,Switzerland,,,,,new,"2026-04-29 21:41:26",support@it-switzerland-16.ch
5947,"Logistics Switzerland Group 17",,Logistics,Switzerland,,,,,new,"2026-04-29 21:41:26",business@logistics-switzerland-17.ch
5948,"Finance Switzerland Group 18",,Finance,Switzerland,,,,,new,"2026-04-29 21:41:26",mail@finance-switzerland-18.ch
5949,"Consulting Switzerland Group 19",,Consulting,Switzerland,,,,,new,"2026-04-29 21:41:26",partner@consulting-switzerland-19.ch
5950,"Trading Switzerland Group 20",,Trading,Switzerland,,,,,new,"2026-04-29 21:41:26",info@trading-switzerland-20.ch
5951,"Manufacturing Switzerland Group 21",,Manufacturing,Switzerland,,,,,new,"2026-04-29 21:41:26",office@manufacturing-switzerland-21.ch
5952,"RealEstate Switzerland Group 22",,RealEstate,Switzerland,,,,,new,"2026-04-29 21:41:26",contact@realestate-switzerland-22.ch
5953,"Tech Switzerland Group 23",,Tech,Switzerland,,,,,new,"2026-04-29 21:41:26",sales@tech-switzerland-23.ch
5954,"IT Switzerland Group 24",,IT,Switzerland,,,,,new,"2026-04-29 21:41:26",admin@it-switzerland-24.ch
5955,"Logistics Switzerland Group 25",,Logistics,Switzerland,,,,,new,"2026-04-29 21:41:26",hello@logistics-switzerland-25.ch
5956,"Finance Switzerland Group 26",,Finance,Switzerland,,,,,new,"2026-04-29 21:41:26",support@finance-switzerland-26.ch
5957,"Consulting Switzerland Group 27",,Consulting,Switzerland,,,,,new,"2026-04-29 21:41:26",business@consulting-switzerland-27.ch
5958,"Trading Switzerland Group 28",,Trading,Switzerland,,,,,new,"2026-04-29 21:41:26",mail@trading-switzerland-28.ch
5959,"Manufacturing Switzerland Group 29",,Manufacturing,Switzerland,,,,,new,"2026-04-29 21:41:26",partner@manufacturing-switzerland-29.ch
5960,"RealEstate Switzerland Group 30",,RealEstate,Switzerland,,,,,new,"2026-04-29 21:41:26",info@realestate-switzerland-30.ch
5961,"Tech Switzerland Group 31",,Tech,Switzerland,,,,,new,"2026-04-29 21:41:26",office@tech-switzerland-31.ch
5962,"IT Switzerland Group 32",,IT,Switzerland,,,,,new,"2026-04-29 21:41:26",contact@it-switzerland-32.ch
5963,"Logistics Switzerland Group 33",,Logistics,Switzerland,,,,,new,"2026-04-29 21:41:26",sales@logistics-switzerland-33.ch
5964,"Finance Switzerland Group 34",,Finance,Switzerland,,,,,new,"2026-04-29 21:41:26",admin@finance-switzerland-34.ch
5965,"Consulting Switzerland Group 35",,Consulting,Switzerland,,,,,new,"2026-04-29 21:41:26",hello@consulting-switzerland-35.ch
5966,"Trading Switzerland Group 36",,Trading,Switzerland,,,,,new,"2026-04-29 21:41:26",support@trading-switzerland-36.ch
5967,"Manufacturing Switzerland Group 37",,Manufacturing,Switzerland,,,,,new,"2026-04-29 21:41:26",business@manufacturing-switzerland-37.ch
5968,"RealEstate Switzerland Group 38",,RealEstate,Switzerland,,,,,new,"2026-04-29 21:41:26",mail@realestate-switzerland-38.ch
5969,"Tech Switzerland Group 39",,Tech,Switzerland,,,,,new,"2026-04-29 21:41:26",partner@tech-switzerland-39.ch
5970,"IT Switzerland Group 40",,IT,Switzerland,,,,,new,"2026-04-29 21:41:26",info@it-switzerland-40.ch
5971,"Logistics Switzerland Group 41",,Logistics,Switzerland,,,,,new,"2026-04-29 21:41:26",office@logistics-switzerland-41.ch
5972,"Finance Switzerland Group 42",,Finance,Switzerland,,,,,new,"2026-04-29 21:41:26",contact@finance-switzerland-42.ch
5973,"Consulting Switzerland Group 43",,Consulting,Switzerland,,,,,new,"2026-04-29 21:41:26",sales@consulting-switzerland-43.ch
5974,"Trading Switzerland Group 44",,Trading,Switzerland,,,,,new,"2026-04-29 21:41:26",admin@trading-switzerland-44.ch
5975,"Manufacturing Switzerland Group 45",,Manufacturing,Switzerland,,,,,new,"2026-04-29 21:41:26",hello@manufacturing-switzerland-45.ch
5976,"RealEstate Switzerland Group 46",,RealEstate,Switzerland,,,,,new,"2026-04-29 21:41:26",support@realestate-switzerland-46.ch
5977,"Tech Switzerland Group 47",,Tech,Switzerland,,,,,new,"2026-04-29 21:41:26",business@tech-switzerland-47.ch
5978,"IT Switzerland Group 48",,IT,Switzerland,,,,,new,"2026-04-29 21:41:26",mail@it-switzerland-48.ch
5979,"Logistics Switzerland Group 49",,Logistics,Switzerland,,,,,new,"2026-04-29 21:41:26",partner@logistics-switzerland-49.ch
5980,"Finance Switzerland Group 50",,Finance,Switzerland,,,,,new,"2026-04-29 21:41:26",info@finance-switzerland-50.ch
5981,"Consulting Switzerland Group 51",,Consulting,Switzerland,,,,,new,"2026-04-29 21:41:26",office@consulting-switzerland-51.ch
5982,"Trading Switzerland Group 52",,Trading,Switzerland,,,,,new,"2026-04-29 21:41:26",contact@trading-switzerland-52.ch
5983,"Manufacturing Switzerland Group 53",,Manufacturing,Switzerland,,,,,new,"2026-04-29 21:41:26",sales@manufacturing-switzerland-53.ch
5984,"RealEstate Switzerland Group 54",,RealEstate,Switzerland,,,,,new,"2026-04-29 21:41:26",admin@realestate-switzerland-54.ch
5985,"Tech Switzerland Group 55",,Tech,Switzerland,,,,,new,"2026-04-29 21:41:26",hello@tech-switzerland-55.ch
5986,"IT Switzerland Group 56",,IT,Switzerland,,,,,new,"2026-04-29 21:41:26",support@it-switzerland-56.ch
5987,"Logistics Switzerland Group 57",,Logistics,Switzerland,,,,,new,"2026-04-29 21:41:26",business@logistics-switzerland-57.ch
5988,"Finance Switzerland Group 58",,Finance,Switzerland,,,,,new,"2026-04-29 21:41:26",mail@finance-switzerland-58.ch
5989,"Consulting Switzerland Group 59",,Consulting,Switzerland,,,,,new,"2026-04-29 21:41:26",partner@consulting-switzerland-59.ch
5990,"Trading Switzerland Group 60",,Trading,Switzerland,,,,,new,"2026-04-29 21:41:26",info@trading-switzerland-60.ch
5991,"Manufacturing Switzerland Group 61",,Manufacturing,Switzerland,,,,,new,"2026-04-29 21:41:26",office@manufacturing-switzerland-61.ch
5992,"RealEstate Switzerland Group 62",,RealEstate,Switzerland,,,,,new,"2026-04-29 21:41:26",contact@realestate-switzerland-62.ch
5993,"Tech Switzerland Group 63",,Tech,Switzerland,,,,,new,"2026-04-29 21:41:26",sales@tech-switzerland-63.ch
5994,"IT Switzerland Group 64",,IT,Switzerland,,,,,new,"2026-04-29 21:41:26",admin@it-switzerland-64.ch
5995,"Logistics Switzerland Group 65",,Logistics,Switzerland,,,,,new,"2026-04-29 21:41:26",hello@logistics-switzerland-65.ch
5996,"Finance Switzerland Group 66",,Finance,Switzerland,,,,,new,"2026-04-29 21:41:26",support@finance-switzerland-66.ch
5997,"Consulting Switzerland Group 67",,Consulting,Switzerland,,,,,new,"2026-04-29 21:41:26",business@consulting-switzerland-67.ch
5998,"Trading Switzerland Group 68",,Trading,Switzerland,,,,,new,"2026-04-29 21:41:26",mail@trading-switzerland-68.ch
5999,"Manufacturing Switzerland Group 69",,Manufacturing,Switzerland,,,,,new,"2026-04-29 21:41:26",partner@manufacturing-switzerland-69.ch
6000,"RealEstate Switzerland Group 70",,RealEstate,Switzerland,,,,,new,"2026-04-29 21:41:26",info@realestate-switzerland-70.ch
6001,"Tech Switzerland Group 71",,Tech,Switzerland,,,,,new,"2026-04-29 21:41:26",office@tech-switzerland-71.ch
6002,"IT Switzerland Group 72",,IT,Switzerland,,,,,new,"2026-04-29 21:41:26",contact@it-switzerland-72.ch
6003,"Logistics Switzerland Group 73",,Logistics,Switzerland,,,,,new,"2026-04-29 21:41:26",sales@logistics-switzerland-73.ch
6004,"Finance Switzerland Group 74",,Finance,Switzerland,,,,,new,"2026-04-29 21:41:26",admin@finance-switzerland-74.ch
6005,"Consulting Switzerland Group 75",,Consulting,Switzerland,,,,,new,"2026-04-29 21:41:26",hello@consulting-switzerland-75.ch
6006,"Trading Switzerland Group 76",,Trading,Switzerland,,,,,new,"2026-04-29 21:41:26",support@trading-switzerland-76.ch
6007,"Manufacturing Switzerland Group 77",,Manufacturing,Switzerland,,,,,new,"2026-04-29 21:41:26",business@manufacturing-switzerland-77.ch
6008,"RealEstate Switzerland Group 78",,RealEstate,Switzerland,,,,,new,"2026-04-29 21:41:26",mail@realestate-switzerland-78.ch
6009,"Tech Switzerland Group 79",,Tech,Switzerland,,,,,new,"2026-04-29 21:41:26",partner@tech-switzerland-79.ch
6010,"IT Switzerland Group 80",,IT,Switzerland,,,,,new,"2026-04-29 21:41:26",info@it-switzerland-80.ch
6011,"Logistics Switzerland Group 81",,Logistics,Switzerland,,,,,new,"2026-04-29 21:41:26",office@logistics-switzerland-81.ch
6012,"Finance Switzerland Group 82",,Finance,Switzerland,,,,,new,"2026-04-29 21:41:26",contact@finance-switzerland-82.ch
6013,"Consulting Switzerland Group 83",,Consulting,Switzerland,,,,,new,"2026-04-29 21:41:26",sales@consulting-switzerland-83.ch
6014,"Trading Switzerland Group 84",,Trading,Switzerland,,,,,new,"2026-04-29 21:41:26",admin@trading-switzerland-84.ch
6015,"Manufacturing Switzerland Group 85",,Manufacturing,Switzerland,,,,,new,"2026-04-29 21:41:26",hello@manufacturing-switzerland-85.ch
6016,"RealEstate Switzerland Group 86",,RealEstate,Switzerland,,,,,new,"2026-04-29 21:41:26",support@realestate-switzerland-86.ch
6017,"Tech Switzerland Group 87",,Tech,Switzerland,,,,,new,"2026-04-29 21:41:26",business@tech-switzerland-87.ch
6018,"IT Switzerland Group 88",,IT,Switzerland,,,,,new,"2026-04-29 21:41:26",mail@it-switzerland-88.ch
6019,"Logistics Switzerland Group 89",,Logistics,Switzerland,,,,,new,"2026-04-29 21:41:26",partner@logistics-switzerland-89.ch
6020,"Finance Switzerland Group 90",,Finance,Switzerland,,,,,new,"2026-04-29 21:41:26",info@finance-switzerland-90.ch
6021,"Consulting Switzerland Group 91",,Consulting,Switzerland,,,,,new,"2026-04-29 21:41:26",office@consulting-switzerland-91.ch
6022,"Trading Switzerland Group 92",,Trading,Switzerland,,,,,new,"2026-04-29 21:41:26",contact@trading-switzerland-92.ch
6023,"Manufacturing Switzerland Group 93",,Manufacturing,Switzerland,,,,,new,"2026-04-29 21:41:26",sales@manufacturing-switzerland-93.ch
6024,"RealEstate Switzerland Group 94",,RealEstate,Switzerland,,,,,new,"2026-04-29 21:41:26",admin@realestate-switzerland-94.ch
6025,"Tech Switzerland Group 95",,Tech,Switzerland,,,,,new,"2026-04-29 21:41:26",hello@tech-switzerland-95.ch
6026,"IT Switzerland Group 96",,IT,Switzerland,,,,,new,"2026-04-29 21:41:26",support@it-switzerland-96.ch
6027,"Logistics Switzerland Group 97",,Logistics,Switzerland,,,,,new,"2026-04-29 21:41:26",business@logistics-switzerland-97.ch
6028,"Finance Switzerland Group 98",,Finance,Switzerland,,,,,new,"2026-04-29 21:41:26",mail@finance-switzerland-98.ch
6029,"Consulting Switzerland Group 99",,Consulting,Switzerland,,,,,new,"2026-04-29 21:41:26",partner@consulting-switzerland-99.ch
6030,"Trading Switzerland Group 100",,Trading,Switzerland,,,,,new,"2026-04-29 21:41:26",info@trading-switzerland-100.ch
6031,"Manufacturing Switzerland Group 101",,Manufacturing,Switzerland,,,,,new,"2026-04-29 21:41:26",office@manufacturing-switzerland-101.ch
6032,"RealEstate Switzerland Group 102",,RealEstate,Switzerland,,,,,new,"2026-04-29 21:41:26",contact@realestate-switzerland-102.ch
6033,"Tech Switzerland Group 103",,Tech,Switzerland,,,,,new,"2026-04-29 21:41:26",sales@tech-switzerland-103.ch
6034,"IT Switzerland Group 104",,IT,Switzerland,,,,,new,"2026-04-29 21:41:26",admin@it-switzerland-104.ch
6035,"Logistics Switzerland Group 105",,Logistics,Switzerland,,,,,new,"2026-04-29 21:41:26",hello@logistics-switzerland-105.ch
6036,"Finance Switzerland Group 106",,Finance,Switzerland,,,,,new,"2026-04-29 21:41:26",support@finance-switzerland-106.ch
6037,"Consulting Switzerland Group 107",,Consulting,Switzerland,,,,,new,"2026-04-29 21:41:26",business@consulting-switzerland-107.ch
6038,"Trading Switzerland Group 108",,Trading,Switzerland,,,,,new,"2026-04-29 21:41:26",mail@trading-switzerland-108.ch
6039,"Manufacturing Switzerland Group 109",,Manufacturing,Switzerland,,,,,new,"2026-04-29 21:41:26",partner@manufacturing-switzerland-109.ch
6040,"RealEstate Switzerland Group 110",,RealEstate,Switzerland,,,,,new,"2026-04-29 21:41:26",info@realestate-switzerland-110.ch
6041,"Tech Switzerland Group 111",,Tech,Switzerland,,,,,new,"2026-04-29 21:41:26",office@tech-switzerland-111.ch
6042,"IT Switzerland Group 112",,IT,Switzerland,,,,,new,"2026-04-29 21:41:26",contact@it-switzerland-112.ch
6043,"Logistics Switzerland Group 113",,Logistics,Switzerland,,,,,new,"2026-04-29 21:41:26",sales@logistics-switzerland-113.ch
6044,"Finance Switzerland Group 114",,Finance,Switzerland,,,,,new,"2026-04-29 21:41:26",admin@finance-switzerland-114.ch
6045,"Consulting Switzerland Group 115",,Consulting,Switzerland,,,,,new,"2026-04-29 21:41:26",hello@consulting-switzerland-115.ch
6046,"Trading Switzerland Group 116",,Trading,Switzerland,,,,,new,"2026-04-29 21:41:26",support@trading-switzerland-116.ch
6047,"Manufacturing Switzerland Group 117",,Manufacturing,Switzerland,,,,,new,"2026-04-29 21:41:26",business@manufacturing-switzerland-117.ch
6048,"RealEstate Switzerland Group 118",,RealEstate,Switzerland,,,,,new,"2026-04-29 21:41:26",mail@realestate-switzerland-118.ch
6049,"Tech Switzerland Group 119",,Tech,Switzerland,,,,,new,"2026-04-29 21:41:26",partner@tech-switzerland-119.ch
6050,"IT Switzerland Group 120",,IT,Switzerland,,,,,new,"2026-04-29 21:41:26",info@it-switzerland-120.ch
6051,"Logistics Switzerland Group 121",,Logistics,Switzerland,,,,,new,"2026-04-29 21:41:26",office@logistics-switzerland-121.ch
6052,"Finance Switzerland Group 122",,Finance,Switzerland,,,,,new,"2026-04-29 21:41:26",contact@finance-switzerland-122.ch
6053,"Consulting Switzerland Group 123",,Consulting,Switzerland,,,,,new,"2026-04-29 21:41:26",sales@consulting-switzerland-123.ch
6054,"Trading Switzerland Group 124",,Trading,Switzerland,,,,,new,"2026-04-29 21:41:26",admin@trading-switzerland-124.ch
6055,"Manufacturing Switzerland Group 125",,Manufacturing,Switzerland,,,,,new,"2026-04-29 21:41:26",hello@manufacturing-switzerland-125.ch
6056,"RealEstate Switzerland Group 126",,RealEstate,Switzerland,,,,,new,"2026-04-29 21:41:26",support@realestate-switzerland-126.ch
6057,"Tech Switzerland Group 127",,Tech,Switzerland,,,,,new,"2026-04-29 21:41:26",business@tech-switzerland-127.ch
6058,"IT Switzerland Group 128",,IT,Switzerland,,,,,new,"2026-04-29 21:41:26",mail@it-switzerland-128.ch
6059,"Logistics Switzerland Group 129",,Logistics,Switzerland,,,,,new,"2026-04-29 21:41:26",partner@logistics-switzerland-129.ch
6060,"Finance Switzerland Group 130",,Finance,Switzerland,,,,,new,"2026-04-29 21:41:26",info@finance-switzerland-130.ch
6061,"Consulting Switzerland Group 131",,Consulting,Switzerland,,,,,new,"2026-04-29 21:41:26",office@consulting-switzerland-131.ch
6062,"Trading Switzerland Group 132",,Trading,Switzerland,,,,,new,"2026-04-29 21:41:26",contact@trading-switzerland-132.ch
6063,"Manufacturing Switzerland Group 133",,Manufacturing,Switzerland,,,,,new,"2026-04-29 21:41:26",sales@manufacturing-switzerland-133.ch
6064,"RealEstate Switzerland Group 134",,RealEstate,Switzerland,,,,,new,"2026-04-29 21:41:26",admin@realestate-switzerland-134.ch
6065,"Tech Switzerland Group 135",,Tech,Switzerland,,,,,new,"2026-04-29 21:41:26",hello@tech-switzerland-135.ch
6066,"IT Switzerland Group 136",,IT,Switzerland,,,,,new,"2026-04-29 21:41:26",support@it-switzerland-136.ch
6067,"Logistics Switzerland Group 137",,Logistics,Switzerland,,,,,new,"2026-04-29 21:41:26",business@logistics-switzerland-137.ch
6068,"Finance Switzerland Group 138",,Finance,Switzerland,,,,,new,"2026-04-29 21:41:27",mail@finance-switzerland-138.ch
6069,"Consulting Switzerland Group 139",,Consulting,Switzerland,,,,,new,"2026-04-29 21:41:27",partner@consulting-switzerland-139.ch
6070,"Trading Switzerland Group 140",,Trading,Switzerland,,,,,new,"2026-04-29 21:41:27",info@trading-switzerland-140.ch
6071,"Manufacturing Switzerland Group 141",,Manufacturing,Switzerland,,,,,new,"2026-04-29 21:41:27",office@manufacturing-switzerland-141.ch
6072,"RealEstate Switzerland Group 142",,RealEstate,Switzerland,,,,,new,"2026-04-29 21:41:27",contact@realestate-switzerland-142.ch
6073,"Tech Switzerland Group 143",,Tech,Switzerland,,,,,new,"2026-04-29 21:41:27",sales@tech-switzerland-143.ch
6074,"IT Switzerland Group 144",,IT,Switzerland,,,,,new,"2026-04-29 21:41:27",admin@it-switzerland-144.ch
6075,"Logistics Switzerland Group 145",,Logistics,Switzerland,,,,,new,"2026-04-29 21:41:27",hello@logistics-switzerland-145.ch
6076,"Finance Switzerland Group 146",,Finance,Switzerland,,,,,new,"2026-04-29 21:41:27",support@finance-switzerland-146.ch
6077,"Consulting Switzerland Group 147",,Consulting,Switzerland,,,,,new,"2026-04-29 21:41:27",business@consulting-switzerland-147.ch
6078,"Trading Switzerland Group 148",,Trading,Switzerland,,,,,new,"2026-04-29 21:41:27",mail@trading-switzerland-148.ch
6079,"Manufacturing Switzerland Group 149",,Manufacturing,Switzerland,,,,,new,"2026-04-29 21:41:27",partner@manufacturing-switzerland-149.ch
6080,"RealEstate Switzerland Group 150",,RealEstate,Switzerland,,,,,new,"2026-04-29 21:41:27",info@realestate-switzerland-150.ch
6081,"Tech Switzerland Group 151",,Tech,Switzerland,,,,,new,"2026-04-29 21:41:27",office@tech-switzerland-151.ch
6082,"IT Switzerland Group 152",,IT,Switzerland,,,,,new,"2026-04-29 21:41:27",contact@it-switzerland-152.ch
6083,"Logistics Switzerland Group 153",,Logistics,Switzerland,,,,,new,"2026-04-29 21:41:27",sales@logistics-switzerland-153.ch
6084,"Finance Switzerland Group 154",,Finance,Switzerland,,,,,new,"2026-04-29 21:41:27",admin@finance-switzerland-154.ch
6085,"Consulting Switzerland Group 155",,Consulting,Switzerland,,,,,new,"2026-04-29 21:41:27",hello@consulting-switzerland-155.ch
6086,"Trading Switzerland Group 156",,Trading,Switzerland,,,,,new,"2026-04-29 21:41:27",support@trading-switzerland-156.ch
6087,"Manufacturing Switzerland Group 157",,Manufacturing,Switzerland,,,,,new,"2026-04-29 21:41:27",business@manufacturing-switzerland-157.ch
6088,"RealEstate Switzerland Group 158",,RealEstate,Switzerland,,,,,new,"2026-04-29 21:41:27",mail@realestate-switzerland-158.ch
6089,"Tech Switzerland Group 159",,Tech,Switzerland,,,,,new,"2026-04-29 21:41:27",partner@tech-switzerland-159.ch
6090,"IT Switzerland Group 160",,IT,Switzerland,,,,,new,"2026-04-29 21:41:27",info@it-switzerland-160.ch
6091,"Logistics Switzerland Group 161",,Logistics,Switzerland,,,,,new,"2026-04-29 21:41:27",office@logistics-switzerland-161.ch
6092,"Finance Switzerland Group 162",,Finance,Switzerland,,,,,new,"2026-04-29 21:41:27",contact@finance-switzerland-162.ch
6093,"Consulting Switzerland Group 163",,Consulting,Switzerland,,,,,new,"2026-04-29 21:41:27",sales@consulting-switzerland-163.ch
6094,"Trading Switzerland Group 164",,Trading,Switzerland,,,,,new,"2026-04-29 21:41:27",admin@trading-switzerland-164.ch
6095,"Manufacturing Switzerland Group 165",,Manufacturing,Switzerland,,,,,new,"2026-04-29 21:41:27",hello@manufacturing-switzerland-165.ch
6096,"RealEstate Switzerland Group 166",,RealEstate,Switzerland,,,,,new,"2026-04-29 21:41:27",support@realestate-switzerland-166.ch
6097,"Tech Switzerland Group 167",,Tech,Switzerland,,,,,new,"2026-04-29 21:41:27",business@tech-switzerland-167.ch
6098,"IT Switzerland Group 168",,IT,Switzerland,,,,,new,"2026-04-29 21:41:27",mail@it-switzerland-168.ch
6099,"Logistics Switzerland Group 169",,Logistics,Switzerland,,,,,new,"2026-04-29 21:41:27",partner@logistics-switzerland-169.ch
6100,"Finance Switzerland Group 170",,Finance,Switzerland,,,,,new,"2026-04-29 21:41:27",info@finance-switzerland-170.ch
6101,"Consulting Switzerland Group 171",,Consulting,Switzerland,,,,,new,"2026-04-29 21:41:27",office@consulting-switzerland-171.ch
6102,"Trading Switzerland Group 172",,Trading,Switzerland,,,,,new,"2026-04-29 21:41:27",contact@trading-switzerland-172.ch
6103,"Manufacturing Switzerland Group 173",,Manufacturing,Switzerland,,,,,new,"2026-04-29 21:41:27",sales@manufacturing-switzerland-173.ch
6104,"RealEstate Switzerland Group 174",,RealEstate,Switzerland,,,,,new,"2026-04-29 21:41:27",admin@realestate-switzerland-174.ch
6105,"Tech Switzerland Group 175",,Tech,Switzerland,,,,,new,"2026-04-29 21:41:27",hello@tech-switzerland-175.ch
6106,"IT Switzerland Group 176",,IT,Switzerland,,,,,new,"2026-04-29 21:41:27",support@it-switzerland-176.ch
6107,"Logistics Switzerland Group 177",,Logistics,Switzerland,,,,,new,"2026-04-29 21:41:27",business@logistics-switzerland-177.ch
6108,"Finance Switzerland Group 178",,Finance,Switzerland,,,,,new,"2026-04-29 21:41:27",mail@finance-switzerland-178.ch
6109,"Consulting Switzerland Group 179",,Consulting,Switzerland,,,,,new,"2026-04-29 21:41:27",partner@consulting-switzerland-179.ch
6110,"Trading Switzerland Group 180",,Trading,Switzerland,,,,,new,"2026-04-29 21:41:27",info@trading-switzerland-180.ch
6111,"Manufacturing Switzerland Group 181",,Manufacturing,Switzerland,,,,,new,"2026-04-29 21:41:27",office@manufacturing-switzerland-181.ch
6112,"RealEstate Switzerland Group 182",,RealEstate,Switzerland,,,,,new,"2026-04-29 21:41:27",contact@realestate-switzerland-182.ch
6113,"Tech Switzerland Group 183",,Tech,Switzerland,,,,,new,"2026-04-29 21:41:27",sales@tech-switzerland-183.ch
6114,"IT Switzerland Group 184",,IT,Switzerland,,,,,new,"2026-04-29 21:41:27",admin@it-switzerland-184.ch
6115,"Logistics Switzerland Group 185",,Logistics,Switzerland,,,,,new,"2026-04-29 21:41:27",hello@logistics-switzerland-185.ch
6116,"Finance Switzerland Group 186",,Finance,Switzerland,,,,,new,"2026-04-29 21:41:27",support@finance-switzerland-186.ch
6117,"Consulting Switzerland Group 187",,Consulting,Switzerland,,,,,new,"2026-04-29 21:41:27",business@consulting-switzerland-187.ch
6118,"Trading Switzerland Group 188",,Trading,Switzerland,,,,,new,"2026-04-29 21:41:27",mail@trading-switzerland-188.ch
6119,"Manufacturing Switzerland Group 189",,Manufacturing,Switzerland,,,,,new,"2026-04-29 21:41:27",partner@manufacturing-switzerland-189.ch
6120,"RealEstate Switzerland Group 190",,RealEstate,Switzerland,,,,,new,"2026-04-29 21:41:27",info@realestate-switzerland-190.ch
6121,"Tech Switzerland Group 191",,Tech,Switzerland,,,,,new,"2026-04-29 21:41:27",office@tech-switzerland-191.ch
6122,"IT Switzerland Group 192",,IT,Switzerland,,,,,new,"2026-04-29 21:41:27",contact@it-switzerland-192.ch
6123,"Logistics Switzerland Group 193",,Logistics,Switzerland,,,,,new,"2026-04-29 21:41:27",sales@logistics-switzerland-193.ch
6124,"Finance Switzerland Group 194",,Finance,Switzerland,,,,,new,"2026-04-29 21:41:27",admin@finance-switzerland-194.ch
6125,"Consulting Switzerland Group 195",,Consulting,Switzerland,,,,,new,"2026-04-29 21:41:27",hello@consulting-switzerland-195.ch
6126,"Trading Switzerland Group 196",,Trading,Switzerland,,,,,new,"2026-04-29 21:41:27",support@trading-switzerland-196.ch
6127,"Manufacturing Switzerland Group 197",,Manufacturing,Switzerland,,,,,new,"2026-04-29 21:41:27",business@manufacturing-switzerland-197.ch
6128,"RealEstate Switzerland Group 198",,RealEstate,Switzerland,,,,,new,"2026-04-29 21:41:27",mail@realestate-switzerland-198.ch
6129,"Tech Switzerland Group 199",,Tech,Switzerland,,,,,new,"2026-04-29 21:41:27",partner@tech-switzerland-199.ch
6130,"IT Switzerland Group 200",,IT,Switzerland,,,,,new,"2026-04-29 21:41:27",info@it-switzerland-200.ch
6131,"Logistics Switzerland Group 201",,Logistics,Switzerland,,,,,new,"2026-04-29 21:41:27",office@logistics-switzerland-201.ch
6132,"Finance Switzerland Group 202",,Finance,Switzerland,,,,,new,"2026-04-29 21:41:27",contact@finance-switzerland-202.ch
6133,"Consulting Switzerland Group 203",,Consulting,Switzerland,,,,,new,"2026-04-29 21:41:27",sales@consulting-switzerland-203.ch
6134,"Trading Switzerland Group 204",,Trading,Switzerland,,,,,new,"2026-04-29 21:41:27",admin@trading-switzerland-204.ch
6135,"Manufacturing Switzerland Group 205",,Manufacturing,Switzerland,,,,,new,"2026-04-29 21:41:27",hello@manufacturing-switzerland-205.ch
6136,"RealEstate Switzerland Group 206",,RealEstate,Switzerland,,,,,new,"2026-04-29 21:41:27",support@realestate-switzerland-206.ch
6137,"Tech Switzerland Group 207",,Tech,Switzerland,,,,,new,"2026-04-29 21:41:27",business@tech-switzerland-207.ch
6138,"IT Switzerland Group 208",,IT,Switzerland,,,,,new,"2026-04-29 21:41:27",mail@it-switzerland-208.ch
6139,"Logistics Switzerland Group 209",,Logistics,Switzerland,,,,,new,"2026-04-29 21:41:27",partner@logistics-switzerland-209.ch
6140,"Finance Switzerland Group 210",,Finance,Switzerland,,,,,new,"2026-04-29 21:41:27",info@finance-switzerland-210.ch
6141,"Consulting Switzerland Group 211",,Consulting,Switzerland,,,,,new,"2026-04-29 21:41:27",office@consulting-switzerland-211.ch
6142,"Trading Switzerland Group 212",,Trading,Switzerland,,,,,new,"2026-04-29 21:41:27",contact@trading-switzerland-212.ch
6143,"Manufacturing Switzerland Group 213",,Manufacturing,Switzerland,,,,,new,"2026-04-29 21:41:27",sales@manufacturing-switzerland-213.ch
6144,"RealEstate Switzerland Group 214",,RealEstate,Switzerland,,,,,new,"2026-04-29 21:41:27",admin@realestate-switzerland-214.ch
6145,"Tech Switzerland Group 215",,Tech,Switzerland,,,,,new,"2026-04-29 21:41:27",hello@tech-switzerland-215.ch
6146,"IT Switzerland Group 216",,IT,Switzerland,,,,,new,"2026-04-29 21:41:27",support@it-switzerland-216.ch
6147,"Logistics Switzerland Group 217",,Logistics,Switzerland,,,,,new,"2026-04-29 21:41:27",business@logistics-switzerland-217.ch
6148,"Finance Switzerland Group 218",,Finance,Switzerland,,,,,new,"2026-04-29 21:41:27",mail@finance-switzerland-218.ch
6149,"Consulting Switzerland Group 219",,Consulting,Switzerland,,,,,new,"2026-04-29 21:41:27",partner@consulting-switzerland-219.ch
6150,"Trading Switzerland Group 220",,Trading,Switzerland,,,,,new,"2026-04-29 21:41:27",info@trading-switzerland-220.ch
6151,"Manufacturing Switzerland Group 221",,Manufacturing,Switzerland,,,,,new,"2026-04-29 21:41:27",office@manufacturing-switzerland-221.ch
6152,"RealEstate Switzerland Group 222",,RealEstate,Switzerland,,,,,new,"2026-04-29 21:41:27",contact@realestate-switzerland-222.ch
6153,"Tech Switzerland Group 223",,Tech,Switzerland,,,,,new,"2026-04-29 21:41:27",sales@tech-switzerland-223.ch
6154,"IT Switzerland Group 224",,IT,Switzerland,,,,,new,"2026-04-29 21:41:27",admin@it-switzerland-224.ch
6155,"Logistics Switzerland Group 225",,Logistics,Switzerland,,,,,new,"2026-04-29 21:41:27",hello@logistics-switzerland-225.ch
6156,"Finance Switzerland Group 226",,Finance,Switzerland,,,,,new,"2026-04-29 21:41:27",support@finance-switzerland-226.ch
6157,"Consulting Switzerland Group 227",,Consulting,Switzerland,,,,,new,"2026-04-29 21:41:27",business@consulting-switzerland-227.ch
6158,"Trading Switzerland Group 228",,Trading,Switzerland,,,,,new,"2026-04-29 21:41:27",mail@trading-switzerland-228.ch
6159,"Manufacturing Switzerland Group 229",,Manufacturing,Switzerland,,,,,new,"2026-04-29 21:41:27",partner@manufacturing-switzerland-229.ch
6160,"RealEstate Switzerland Group 230",,RealEstate,Switzerland,,,,,new,"2026-04-29 21:41:27",info@realestate-switzerland-230.ch
6161,"Tech Switzerland Group 231",,Tech,Switzerland,,,,,new,"2026-04-29 21:41:27",office@tech-switzerland-231.ch
6162,"IT Switzerland Group 232",,IT,Switzerland,,,,,new,"2026-04-29 21:41:27",contact@it-switzerland-232.ch
6163,"Logistics Switzerland Group 233",,Logistics,Switzerland,,,,,new,"2026-04-29 21:41:27",sales@logistics-switzerland-233.ch
6164,"Finance Switzerland Group 234",,Finance,Switzerland,,,,,new,"2026-04-29 21:41:27",admin@finance-switzerland-234.ch
6165,"Consulting Switzerland Group 235",,Consulting,Switzerland,,,,,new,"2026-04-29 21:41:27",hello@consulting-switzerland-235.ch
6166,"Trading Switzerland Group 236",,Trading,Switzerland,,,,,new,"2026-04-29 21:41:27",support@trading-switzerland-236.ch
6167,"Manufacturing Switzerland Group 237",,Manufacturing,Switzerland,,,,,new,"2026-04-29 21:41:27",business@manufacturing-switzerland-237.ch
6168,"RealEstate Switzerland Group 238",,RealEstate,Switzerland,,,,,new,"2026-04-29 21:41:27",mail@realestate-switzerland-238.ch
6169,"Tech Switzerland Group 239",,Tech,Switzerland,,,,,new,"2026-04-29 21:41:27",partner@tech-switzerland-239.ch
6170,"IT Switzerland Group 240",,IT,Switzerland,,,,,new,"2026-04-29 21:41:27",info@it-switzerland-240.ch
6171,"Logistics Switzerland Group 241",,Logistics,Switzerland,,,,,new,"2026-04-29 21:41:27",office@logistics-switzerland-241.ch
6172,"Finance Switzerland Group 242",,Finance,Switzerland,,,,,new,"2026-04-29 21:41:27",contact@finance-switzerland-242.ch
6173,"Consulting Switzerland Group 243",,Consulting,Switzerland,,,,,new,"2026-04-29 21:41:27",sales@consulting-switzerland-243.ch
6174,"Trading Switzerland Group 244",,Trading,Switzerland,,,,,new,"2026-04-29 21:41:27",admin@trading-switzerland-244.ch
6175,"Manufacturing Switzerland Group 245",,Manufacturing,Switzerland,,,,,new,"2026-04-29 21:41:27",hello@manufacturing-switzerland-245.ch
6176,"RealEstate Switzerland Group 246",,RealEstate,Switzerland,,,,,new,"2026-04-29 21:41:27",support@realestate-switzerland-246.ch
6177,"Tech Switzerland Group 247",,Tech,Switzerland,,,,,new,"2026-04-29 21:41:27",business@tech-switzerland-247.ch
6178,"IT Switzerland Group 248",,IT,Switzerland,,,,,new,"2026-04-29 21:41:27",mail@it-switzerland-248.ch
6179,"Logistics Switzerland Group 249",,Logistics,Switzerland,,,,,new,"2026-04-29 21:41:27",partner@logistics-switzerland-249.ch
6180,"Finance Switzerland Group 250",,Finance,Switzerland,,,,,new,"2026-04-29 21:41:27",info@finance-switzerland-250.ch
6181,"Consulting Switzerland Group 251",,Consulting,Switzerland,,,,,new,"2026-04-29 21:41:27",office@consulting-switzerland-251.ch
6182,"Trading Switzerland Group 252",,Trading,Switzerland,,,,,new,"2026-04-29 21:41:27",contact@trading-switzerland-252.ch
6183,"Manufacturing Switzerland Group 253",,Manufacturing,Switzerland,,,,,new,"2026-04-29 21:41:27",sales@manufacturing-switzerland-253.ch
6184,"RealEstate Switzerland Group 254",,RealEstate,Switzerland,,,,,new,"2026-04-29 21:41:27",admin@realestate-switzerland-254.ch
6185,"Tech Switzerland Group 255",,Tech,Switzerland,,,,,new,"2026-04-29 21:41:27",hello@tech-switzerland-255.ch
6186,"IT Switzerland Group 256",,IT,Switzerland,,,,,new,"2026-04-29 21:41:27",support@it-switzerland-256.ch
6187,"Logistics Switzerland Group 257",,Logistics,Switzerland,,,,,new,"2026-04-29 21:41:27",business@logistics-switzerland-257.ch
6188,"Finance Switzerland Group 258",,Finance,Switzerland,,,,,new,"2026-04-29 21:41:27",mail@finance-switzerland-258.ch
6189,"Consulting Switzerland Group 259",,Consulting,Switzerland,,,,,new,"2026-04-29 21:41:27",partner@consulting-switzerland-259.ch
6190,"Trading Switzerland Group 260",,Trading,Switzerland,,,,,new,"2026-04-29 21:41:27",info@trading-switzerland-260.ch
6191,"Manufacturing Switzerland Group 261",,Manufacturing,Switzerland,,,,,new,"2026-04-29 21:41:27",office@manufacturing-switzerland-261.ch
6192,"RealEstate Switzerland Group 262",,RealEstate,Switzerland,,,,,new,"2026-04-29 21:41:27",contact@realestate-switzerland-262.ch
6193,"Tech Switzerland Group 263",,Tech,Switzerland,,,,,new,"2026-04-29 21:41:27",sales@tech-switzerland-263.ch
6194,"IT Switzerland Group 264",,IT,Switzerland,,,,,new,"2026-04-29 21:41:27",admin@it-switzerland-264.ch
6195,"Logistics Switzerland Group 265",,Logistics,Switzerland,,,,,new,"2026-04-29 21:41:27",hello@logistics-switzerland-265.ch
6196,"Finance Switzerland Group 266",,Finance,Switzerland,,,,,new,"2026-04-29 21:41:27",support@finance-switzerland-266.ch
6197,"Consulting Switzerland Group 267",,Consulting,Switzerland,,,,,new,"2026-04-29 21:41:27",business@consulting-switzerland-267.ch
6198,"Trading Switzerland Group 268",,Trading,Switzerland,,,,,new,"2026-04-29 21:41:27",mail@trading-switzerland-268.ch
6199,"Manufacturing Switzerland Group 269",,Manufacturing,Switzerland,,,,,new,"2026-04-29 21:41:27",partner@manufacturing-switzerland-269.ch
6200,"RealEstate Switzerland Group 270",,RealEstate,Switzerland,,,,,new,"2026-04-29 21:41:27",info@realestate-switzerland-270.ch
6201,"Tech Switzerland Group 271",,Tech,Switzerland,,,,,new,"2026-04-29 21:41:27",office@tech-switzerland-271.ch
6202,"IT Switzerland Group 272",,IT,Switzerland,,,,,new,"2026-04-29 21:41:27",contact@it-switzerland-272.ch
6203,"Logistics Switzerland Group 273",,Logistics,Switzerland,,,,,new,"2026-04-29 21:41:27",sales@logistics-switzerland-273.ch
6204,"Finance Switzerland Group 274",,Finance,Switzerland,,,,,new,"2026-04-29 21:41:27",admin@finance-switzerland-274.ch
6205,"Consulting Switzerland Group 275",,Consulting,Switzerland,,,,,new,"2026-04-29 21:41:27",hello@consulting-switzerland-275.ch
6206,"Trading Switzerland Group 276",,Trading,Switzerland,,,,,new,"2026-04-29 21:41:27",support@trading-switzerland-276.ch
6207,"Manufacturing Switzerland Group 277",,Manufacturing,Switzerland,,,,,new,"2026-04-29 21:41:27",business@manufacturing-switzerland-277.ch
6208,"RealEstate Switzerland Group 278",,RealEstate,Switzerland,,,,,new,"2026-04-29 21:41:27",mail@realestate-switzerland-278.ch
6209,"Tech Switzerland Group 279",,Tech,Switzerland,,,,,new,"2026-04-29 21:41:27",partner@tech-switzerland-279.ch
6210,"IT Switzerland Group 280",,IT,Switzerland,,,,,new,"2026-04-29 21:41:27",info@it-switzerland-280.ch
6211,"Logistics Switzerland Group 281",,Logistics,Switzerland,,,,,new,"2026-04-29 21:41:27",office@logistics-switzerland-281.ch
6212,"Finance Switzerland Group 282",,Finance,Switzerland,,,,,new,"2026-04-29 21:41:27",contact@finance-switzerland-282.ch
6213,"Consulting Switzerland Group 283",,Consulting,Switzerland,,,,,new,"2026-04-29 21:41:27",sales@consulting-switzerland-283.ch
6214,"Trading Switzerland Group 284",,Trading,Switzerland,,,,,new,"2026-04-29 21:41:27",admin@trading-switzerland-284.ch
6215,"Manufacturing Switzerland Group 285",,Manufacturing,Switzerland,,,,,new,"2026-04-29 21:41:27",hello@manufacturing-switzerland-285.ch
6216,"RealEstate Switzerland Group 286",,RealEstate,Switzerland,,,,,new,"2026-04-29 21:41:27",support@realestate-switzerland-286.ch
6217,"Tech Switzerland Group 287",,Tech,Switzerland,,,,,new,"2026-04-29 21:41:27",business@tech-switzerland-287.ch
6218,"IT Switzerland Group 288",,IT,Switzerland,,,,,new,"2026-04-29 21:41:27",mail@it-switzerland-288.ch
6219,"Logistics Switzerland Group 289",,Logistics,Switzerland,,,,,new,"2026-04-29 21:41:27",partner@logistics-switzerland-289.ch
6220,"Finance Switzerland Group 290",,Finance,Switzerland,,,,,new,"2026-04-29 21:41:27",info@finance-switzerland-290.ch
6221,"Consulting Switzerland Group 291",,Consulting,Switzerland,,,,,new,"2026-04-29 21:41:27",office@consulting-switzerland-291.ch
6222,"Trading Switzerland Group 292",,Trading,Switzerland,,,,,new,"2026-04-29 21:41:27",contact@trading-switzerland-292.ch
6223,"Manufacturing Switzerland Group 293",,Manufacturing,Switzerland,,,,,new,"2026-04-29 21:41:27",sales@manufacturing-switzerland-293.ch
6224,"RealEstate Switzerland Group 294",,RealEstate,Switzerland,,,,,new,"2026-04-29 21:41:27",admin@realestate-switzerland-294.ch
6225,"Tech Switzerland Group 295",,Tech,Switzerland,,,,,new,"2026-04-29 21:41:27",hello@tech-switzerland-295.ch
6226,"IT Switzerland Group 296",,IT,Switzerland,,,,,new,"2026-04-29 21:41:27",support@it-switzerland-296.ch
6227,"Logistics Switzerland Group 297",,Logistics,Switzerland,,,,,new,"2026-04-29 21:41:27",business@logistics-switzerland-297.ch
6228,"Finance Switzerland Group 298",,Finance,Switzerland,,,,,new,"2026-04-29 21:41:27",mail@finance-switzerland-298.ch
6229,"Consulting Switzerland Group 299",,Consulting,Switzerland,,,,,new,"2026-04-29 21:41:27",partner@consulting-switzerland-299.ch
6230,"Trading Switzerland Group 300",,Trading,Switzerland,,,,,new,"2026-04-29 21:41:27",info@trading-switzerland-300.ch
6231,"Manufacturing Switzerland Group 301",,Manufacturing,Switzerland,,,,,new,"2026-04-29 21:41:27",office@manufacturing-switzerland-301.ch
6232,"RealEstate Switzerland Group 302",,RealEstate,Switzerland,,,,,new,"2026-04-29 21:41:27",contact@realestate-switzerland-302.ch
6233,"Tech Switzerland Group 303",,Tech,Switzerland,,,,,new,"2026-04-29 21:41:27",sales@tech-switzerland-303.ch
6234,"IT Switzerland Group 304",,IT,Switzerland,,,,,new,"2026-04-29 21:41:27",admin@it-switzerland-304.ch
6235,"Logistics Switzerland Group 305",,Logistics,Switzerland,,,,,new,"2026-04-29 21:41:27",hello@logistics-switzerland-305.ch
6236,"Finance Switzerland Group 306",,Finance,Switzerland,,,,,new,"2026-04-29 21:41:27",support@finance-switzerland-306.ch
6237,"Consulting Switzerland Group 307",,Consulting,Switzerland,,,,,new,"2026-04-29 21:41:27",business@consulting-switzerland-307.ch
6238,"Trading Switzerland Group 308",,Trading,Switzerland,,,,,new,"2026-04-29 21:41:27",mail@trading-switzerland-308.ch
6239,"Manufacturing Switzerland Group 309",,Manufacturing,Switzerland,,,,,new,"2026-04-29 21:41:27",partner@manufacturing-switzerland-309.ch
6240,"RealEstate Switzerland Group 310",,RealEstate,Switzerland,,,,,new,"2026-04-29 21:41:27",info@realestate-switzerland-310.ch
6241,"Tech Switzerland Group 311",,Tech,Switzerland,,,,,new,"2026-04-29 21:41:27",office@tech-switzerland-311.ch
6242,"IT Switzerland Group 312",,IT,Switzerland,,,,,new,"2026-04-29 21:41:27",contact@it-switzerland-312.ch
6243,"Logistics Switzerland Group 313",,Logistics,Switzerland,,,,,new,"2026-04-29 21:41:27",sales@logistics-switzerland-313.ch
6244,"Finance Switzerland Group 314",,Finance,Switzerland,,,,,new,"2026-04-29 21:41:27",admin@finance-switzerland-314.ch
6245,"Consulting Switzerland Group 315",,Consulting,Switzerland,,,,,new,"2026-04-29 21:41:27",hello@consulting-switzerland-315.ch
6246,"Trading Switzerland Group 316",,Trading,Switzerland,,,,,new,"2026-04-29 21:41:27",support@trading-switzerland-316.ch
6247,"Manufacturing Switzerland Group 317",,Manufacturing,Switzerland,,,,,new,"2026-04-29 21:41:27",business@manufacturing-switzerland-317.ch
6248,"RealEstate Switzerland Group 318",,RealEstate,Switzerland,,,,,new,"2026-04-29 21:41:27",mail@realestate-switzerland-318.ch
6249,"Tech Switzerland Group 319",,Tech,Switzerland,,,,,new,"2026-04-29 21:41:27",partner@tech-switzerland-319.ch
6250,"IT Switzerland Group 320",,IT,Switzerland,,,,,new,"2026-04-29 21:41:27",info@it-switzerland-320.ch
6251,"Logistics Switzerland Group 321",,Logistics,Switzerland,,,,,new,"2026-04-29 21:41:27",office@logistics-switzerland-321.ch
6252,"Finance Switzerland Group 322",,Finance,Switzerland,,,,,new,"2026-04-29 21:41:27",contact@finance-switzerland-322.ch
6253,"Consulting Switzerland Group 323",,Consulting,Switzerland,,,,,new,"2026-04-29 21:41:27",sales@consulting-switzerland-323.ch
6254,"Trading Switzerland Group 324",,Trading,Switzerland,,,,,new,"2026-04-29 21:41:27",admin@trading-switzerland-324.ch
6255,"Manufacturing Switzerland Group 325",,Manufacturing,Switzerland,,,,,new,"2026-04-29 21:41:27",hello@manufacturing-switzerland-325.ch
6256,"RealEstate Switzerland Group 326",,RealEstate,Switzerland,,,,,new,"2026-04-29 21:41:27",support@realestate-switzerland-326.ch
6257,"Tech Switzerland Group 327",,Tech,Switzerland,,,,,new,"2026-04-29 21:41:27",business@tech-switzerland-327.ch
6258,"IT Switzerland Group 328",,IT,Switzerland,,,,,new,"2026-04-29 21:41:27",mail@it-switzerland-328.ch
6259,"Logistics Switzerland Group 329",,Logistics,Switzerland,,,,,new,"2026-04-29 21:41:27",partner@logistics-switzerland-329.ch
6260,"Finance Switzerland Group 330",,Finance,Switzerland,,,,,new,"2026-04-29 21:41:27",info@finance-switzerland-330.ch
6261,"Consulting Switzerland Group 331",,Consulting,Switzerland,,,,,new,"2026-04-29 21:41:27",office@consulting-switzerland-331.ch
6262,"Trading Switzerland Group 332",,Trading,Switzerland,,,,,new,"2026-04-29 21:41:27",contact@trading-switzerland-332.ch
6263,"Manufacturing Switzerland Group 333",,Manufacturing,Switzerland,,,,,new,"2026-04-29 21:41:27",sales@manufacturing-switzerland-333.ch
6264,"RealEstate Switzerland Group 334",,RealEstate,Switzerland,,,,,new,"2026-04-29 21:41:27",admin@realestate-switzerland-334.ch
6265,"Tech Switzerland Group 335",,Tech,Switzerland,,,,,new,"2026-04-29 21:41:27",hello@tech-switzerland-335.ch
6266,"IT Switzerland Group 336",,IT,Switzerland,,,,,new,"2026-04-29 21:41:27",support@it-switzerland-336.ch
6267,"Logistics Switzerland Group 337",,Logistics,Switzerland,,,,,new,"2026-04-29 21:41:27",business@logistics-switzerland-337.ch
6268,"Finance Switzerland Group 338",,Finance,Switzerland,,,,,new,"2026-04-29 21:41:27",mail@finance-switzerland-338.ch
6269,"Consulting Switzerland Group 339",,Consulting,Switzerland,,,,,new,"2026-04-29 21:41:27",partner@consulting-switzerland-339.ch
6270,"Trading Switzerland Group 340",,Trading,Switzerland,,,,,new,"2026-04-29 21:41:27",info@trading-switzerland-340.ch
6271,"Manufacturing Switzerland Group 341",,Manufacturing,Switzerland,,,,,new,"2026-04-29 21:41:27",office@manufacturing-switzerland-341.ch
6272,"RealEstate Switzerland Group 342",,RealEstate,Switzerland,,,,,new,"2026-04-29 21:41:27",contact@realestate-switzerland-342.ch
6273,"Tech Switzerland Group 343",,Tech,Switzerland,,,,,new,"2026-04-29 21:41:27",sales@tech-switzerland-343.ch
6274,"IT Switzerland Group 344",,IT,Switzerland,,,,,new,"2026-04-29 21:41:27",admin@it-switzerland-344.ch
6275,"Logistics Switzerland Group 345",,Logistics,Switzerland,,,,,new,"2026-04-29 21:41:27",hello@logistics-switzerland-345.ch
6276,"Finance Switzerland Group 346",,Finance,Switzerland,,,,,new,"2026-04-29 21:41:27",support@finance-switzerland-346.ch
6277,"Consulting Switzerland Group 347",,Consulting,Switzerland,,,,,new,"2026-04-29 21:41:27",business@consulting-switzerland-347.ch
6278,"Trading Switzerland Group 348",,Trading,Switzerland,,,,,new,"2026-04-29 21:41:27",mail@trading-switzerland-348.ch
6279,"Manufacturing Switzerland Group 349",,Manufacturing,Switzerland,,,,,new,"2026-04-29 21:41:27",partner@manufacturing-switzerland-349.ch
6280,"RealEstate Switzerland Group 350",,RealEstate,Switzerland,,,,,new,"2026-04-29 21:41:27",info@realestate-switzerland-350.ch
6281,"Tech Switzerland Group 351",,Tech,Switzerland,,,,,new,"2026-04-29 21:41:27",office@tech-switzerland-351.ch
6282,"IT Switzerland Group 352",,IT,Switzerland,,,,,new,"2026-04-29 21:41:27",contact@it-switzerland-352.ch
6283,"Logistics Switzerland Group 353",,Logistics,Switzerland,,,,,new,"2026-04-29 21:41:27",sales@logistics-switzerland-353.ch
6284,"Finance Switzerland Group 354",,Finance,Switzerland,,,,,new,"2026-04-29 21:41:27",admin@finance-switzerland-354.ch
6285,"Consulting Switzerland Group 355",,Consulting,Switzerland,,,,,new,"2026-04-29 21:41:27",hello@consulting-switzerland-355.ch
6286,"Trading Switzerland Group 356",,Trading,Switzerland,,,,,new,"2026-04-29 21:41:27",support@trading-switzerland-356.ch
6287,"Manufacturing Switzerland Group 357",,Manufacturing,Switzerland,,,,,new,"2026-04-29 21:41:27",business@manufacturing-switzerland-357.ch
6288,"RealEstate Switzerland Group 358",,RealEstate,Switzerland,,,,,new,"2026-04-29 21:41:27",mail@realestate-switzerland-358.ch
6289,"Tech Switzerland Group 359",,Tech,Switzerland,,,,,new,"2026-04-29 21:41:27",partner@tech-switzerland-359.ch
6290,"IT Switzerland Group 360",,IT,Switzerland,,,,,new,"2026-04-29 21:41:27",info@it-switzerland-360.ch
6291,"Logistics Switzerland Group 361",,Logistics,Switzerland,,,,,new,"2026-04-29 21:41:27",office@logistics-switzerland-361.ch
6292,"Finance Switzerland Group 362",,Finance,Switzerland,,,,,new,"2026-04-29 21:41:27",contact@finance-switzerland-362.ch
6293,"Consulting Switzerland Group 363",,Consulting,Switzerland,,,,,new,"2026-04-29 21:41:27",sales@consulting-switzerland-363.ch
6294,"Trading Switzerland Group 364",,Trading,Switzerland,,,,,new,"2026-04-29 21:41:27",admin@trading-switzerland-364.ch
6295,"Manufacturing Switzerland Group 365",,Manufacturing,Switzerland,,,,,new,"2026-04-29 21:41:27",hello@manufacturing-switzerland-365.ch
6296,"RealEstate Switzerland Group 366",,RealEstate,Switzerland,,,,,new,"2026-04-29 21:41:27",support@realestate-switzerland-366.ch
6297,"Tech Switzerland Group 367",,Tech,Switzerland,,,,,new,"2026-04-29 21:41:27",business@tech-switzerland-367.ch
6298,"IT Switzerland Group 368",,IT,Switzerland,,,,,new,"2026-04-29 21:41:27",mail@it-switzerland-368.ch
6299,"Logistics Switzerland Group 369",,Logistics,Switzerland,,,,,new,"2026-04-29 21:41:27",partner@logistics-switzerland-369.ch
6300,"Finance Switzerland Group 370",,Finance,Switzerland,,,,,new,"2026-04-29 21:41:27",info@finance-switzerland-370.ch
6301,"Consulting Switzerland Group 371",,Consulting,Switzerland,,,,,new,"2026-04-29 21:41:27",office@consulting-switzerland-371.ch
6302,"Trading Switzerland Group 372",,Trading,Switzerland,,,,,new,"2026-04-29 21:41:27",contact@trading-switzerland-372.ch
6303,"Manufacturing Switzerland Group 373",,Manufacturing,Switzerland,,,,,new,"2026-04-29 21:41:27",sales@manufacturing-switzerland-373.ch
6304,"RealEstate Switzerland Group 374",,RealEstate,Switzerland,,,,,new,"2026-04-29 21:41:27",admin@realestate-switzerland-374.ch
6305,"Tech Switzerland Group 375",,Tech,Switzerland,,,,,new,"2026-04-29 21:41:27",hello@tech-switzerland-375.ch
6306,"IT Switzerland Group 376",,IT,Switzerland,,,,,new,"2026-04-29 21:41:27",support@it-switzerland-376.ch
6307,"Logistics Switzerland Group 377",,Logistics,Switzerland,,,,,new,"2026-04-29 21:41:27",business@logistics-switzerland-377.ch
6308,"Finance Switzerland Group 378",,Finance,Switzerland,,,,,new,"2026-04-29 21:41:27",mail@finance-switzerland-378.ch
6309,"Consulting Switzerland Group 379",,Consulting,Switzerland,,,,,new,"2026-04-29 21:41:27",partner@consulting-switzerland-379.ch
6310,"Trading Switzerland Group 380",,Trading,Switzerland,,,,,new,"2026-04-29 21:41:27",info@trading-switzerland-380.ch
6311,"Manufacturing Switzerland Group 381",,Manufacturing,Switzerland,,,,,new,"2026-04-29 21:41:27",office@manufacturing-switzerland-381.ch
6312,"RealEstate Switzerland Group 382",,RealEstate,Switzerland,,,,,new,"2026-04-29 21:41:27",contact@realestate-switzerland-382.ch
6313,"Tech Switzerland Group 383",,Tech,Switzerland,,,,,new,"2026-04-29 21:41:27",sales@tech-switzerland-383.ch
6314,"IT Switzerland Group 384",,IT,Switzerland,,,,,new,"2026-04-29 21:41:27",admin@it-switzerland-384.ch
6315,"Logistics Switzerland Group 385",,Logistics,Switzerland,,,,,new,"2026-04-29 21:41:27",hello@logistics-switzerland-385.ch
6316,"Finance Switzerland Group 386",,Finance,Switzerland,,,,,new,"2026-04-29 21:41:27",support@finance-switzerland-386.ch
6317,"Consulting Switzerland Group 387",,Consulting,Switzerland,,,,,new,"2026-04-29 21:41:27",business@consulting-switzerland-387.ch
6318,"Trading Switzerland Group 388",,Trading,Switzerland,,,,,new,"2026-04-29 21:41:27",mail@trading-switzerland-388.ch
6319,"Manufacturing Switzerland Group 389",,Manufacturing,Switzerland,,,,,new,"2026-04-29 21:41:27",partner@manufacturing-switzerland-389.ch
6320,"RealEstate Switzerland Group 390",,RealEstate,Switzerland,,,,,new,"2026-04-29 21:41:27",info@realestate-switzerland-390.ch
6321,"Tech Switzerland Group 391",,Tech,Switzerland,,,,,new,"2026-04-29 21:41:27",office@tech-switzerland-391.ch
6322,"IT Switzerland Group 392",,IT,Switzerland,,,,,new,"2026-04-29 21:41:27",contact@it-switzerland-392.ch
6323,"Logistics Switzerland Group 393",,Logistics,Switzerland,,,,,new,"2026-04-29 21:41:27",sales@logistics-switzerland-393.ch
6324,"Finance Switzerland Group 394",,Finance,Switzerland,,,,,new,"2026-04-29 21:41:27",admin@finance-switzerland-394.ch
6325,"Consulting Switzerland Group 395",,Consulting,Switzerland,,,,,new,"2026-04-29 21:41:27",hello@consulting-switzerland-395.ch
6326,"Trading Switzerland Group 396",,Trading,Switzerland,,,,,new,"2026-04-29 21:41:27",support@trading-switzerland-396.ch
6327,"Manufacturing Switzerland Group 397",,Manufacturing,Switzerland,,,,,new,"2026-04-29 21:41:27",business@manufacturing-switzerland-397.ch
6328,"RealEstate Switzerland Group 398",,RealEstate,Switzerland,,,,,new,"2026-04-29 21:41:27",mail@realestate-switzerland-398.ch
6329,"Tech Switzerland Group 399",,Tech,Switzerland,,,,,new,"2026-04-29 21:41:27",partner@tech-switzerland-399.ch
6330,"IT Switzerland Group 400",,IT,Switzerland,,,,,new,"2026-04-29 21:41:27",info@it-switzerland-400.ch
6331,"Logistics Switzerland Group 401",,Logistics,Switzerland,,,,,new,"2026-04-29 21:41:27",office@logistics-switzerland-401.ch
6332,"Finance Switzerland Group 402",,Finance,Switzerland,,,,,new,"2026-04-29 21:41:27",contact@finance-switzerland-402.ch
6333,"Consulting Switzerland Group 403",,Consulting,Switzerland,,,,,new,"2026-04-29 21:41:27",sales@consulting-switzerland-403.ch
6334,"Trading Switzerland Group 404",,Trading,Switzerland,,,,,new,"2026-04-29 21:41:27",admin@trading-switzerland-404.ch
6335,"Manufacturing Switzerland Group 405",,Manufacturing,Switzerland,,,,,new,"2026-04-29 21:41:27",hello@manufacturing-switzerland-405.ch
6336,"RealEstate Switzerland Group 406",,RealEstate,Switzerland,,,,,new,"2026-04-29 21:41:27",support@realestate-switzerland-406.ch
6337,"Tech Switzerland Group 407",,Tech,Switzerland,,,,,new,"2026-04-29 21:41:27",business@tech-switzerland-407.ch
6338,"IT Switzerland Group 408",,IT,Switzerland,,,,,new,"2026-04-29 21:41:27",mail@it-switzerland-408.ch
6339,"Logistics Switzerland Group 409",,Logistics,Switzerland,,,,,new,"2026-04-29 21:41:27",partner@logistics-switzerland-409.ch
6340,"Finance Switzerland Group 410",,Finance,Switzerland,,,,,new,"2026-04-29 21:41:27",info@finance-switzerland-410.ch
6341,"Consulting Switzerland Group 411",,Consulting,Switzerland,,,,,new,"2026-04-29 21:41:27",office@consulting-switzerland-411.ch
6342,"Trading Switzerland Group 412",,Trading,Switzerland,,,,,new,"2026-04-29 21:41:27",contact@trading-switzerland-412.ch
6343,"Manufacturing Switzerland Group 413",,Manufacturing,Switzerland,,,,,new,"2026-04-29 21:41:27",sales@manufacturing-switzerland-413.ch
6344,"RealEstate Switzerland Group 414",,RealEstate,Switzerland,,,,,new,"2026-04-29 21:41:27",admin@realestate-switzerland-414.ch
6345,"Tech Switzerland Group 415",,Tech,Switzerland,,,,,new,"2026-04-29 21:41:27",hello@tech-switzerland-415.ch
6346,"IT Switzerland Group 416",,IT,Switzerland,,,,,new,"2026-04-29 21:41:27",support@it-switzerland-416.ch
6347,"Logistics Switzerland Group 417",,Logistics,Switzerland,,,,,new,"2026-04-29 21:41:27",business@logistics-switzerland-417.ch
6348,"Finance Switzerland Group 418",,Finance,Switzerland,,,,,new,"2026-04-29 21:41:27",mail@finance-switzerland-418.ch
6349,"Consulting Switzerland Group 419",,Consulting,Switzerland,,,,,new,"2026-04-29 21:41:27",partner@consulting-switzerland-419.ch
6350,"Trading Switzerland Group 420",,Trading,Switzerland,,,,,new,"2026-04-29 21:41:27",info@trading-switzerland-420.ch
6351,"Manufacturing Switzerland Group 421",,Manufacturing,Switzerland,,,,,new,"2026-04-29 21:41:27",office@manufacturing-switzerland-421.ch
6352,"RealEstate Switzerland Group 422",,RealEstate,Switzerland,,,,,new,"2026-04-29 21:41:27",contact@realestate-switzerland-422.ch
6353,"Tech Switzerland Group 423",,Tech,Switzerland,,,,,new,"2026-04-29 21:41:27",sales@tech-switzerland-423.ch
6354,"IT Switzerland Group 424",,IT,Switzerland,,,,,new,"2026-04-29 21:41:27",admin@it-switzerland-424.ch
6355,"Logistics Switzerland Group 425",,Logistics,Switzerland,,,,,new,"2026-04-29 21:41:27",hello@logistics-switzerland-425.ch
6356,"Finance Switzerland Group 426",,Finance,Switzerland,,,,,new,"2026-04-29 21:41:27",support@finance-switzerland-426.ch
6357,"Consulting Switzerland Group 427",,Consulting,Switzerland,,,,,new,"2026-04-29 21:41:27",business@consulting-switzerland-427.ch
6358,"Trading Switzerland Group 428",,Trading,Switzerland,,,,,new,"2026-04-29 21:41:27",mail@trading-switzerland-428.ch
6359,"Manufacturing Switzerland Group 429",,Manufacturing,Switzerland,,,,,new,"2026-04-29 21:41:27",partner@manufacturing-switzerland-429.ch
6360,"RealEstate Switzerland Group 430",,RealEstate,Switzerland,,,,,new,"2026-04-29 21:41:27",info@realestate-switzerland-430.ch
6361,"Tech Switzerland Group 431",,Tech,Switzerland,,,,,new,"2026-04-29 21:41:27",office@tech-switzerland-431.ch
6362,"IT Switzerland Group 432",,IT,Switzerland,,,,,new,"2026-04-29 21:41:27",contact@it-switzerland-432.ch
6363,"Logistics Switzerland Group 433",,Logistics,Switzerland,,,,,new,"2026-04-29 21:41:27",sales@logistics-switzerland-433.ch
6364,"Finance Switzerland Group 434",,Finance,Switzerland,,,,,new,"2026-04-29 21:41:27",admin@finance-switzerland-434.ch
6365,"Consulting Switzerland Group 435",,Consulting,Switzerland,,,,,new,"2026-04-29 21:41:27",hello@consulting-switzerland-435.ch
6366,"Trading Switzerland Group 436",,Trading,Switzerland,,,,,new,"2026-04-29 21:41:27",support@trading-switzerland-436.ch
6367,"Manufacturing Switzerland Group 437",,Manufacturing,Switzerland,,,,,new,"2026-04-29 21:41:27",business@manufacturing-switzerland-437.ch
6368,"RealEstate Switzerland Group 438",,RealEstate,Switzerland,,,,,new,"2026-04-29 21:41:27",mail@realestate-switzerland-438.ch
6369,"Tech Switzerland Group 439",,Tech,Switzerland,,,,,new,"2026-04-29 21:41:27",partner@tech-switzerland-439.ch
6370,"IT Switzerland Group 440",,IT,Switzerland,,,,,new,"2026-04-29 21:41:27",info@it-switzerland-440.ch
6371,"Logistics Switzerland Group 441",,Logistics,Switzerland,,,,,new,"2026-04-29 21:41:27",office@logistics-switzerland-441.ch
6372,"Finance Switzerland Group 442",,Finance,Switzerland,,,,,new,"2026-04-29 21:41:27",contact@finance-switzerland-442.ch
6373,"Consulting Switzerland Group 443",,Consulting,Switzerland,,,,,new,"2026-04-29 21:41:27",sales@consulting-switzerland-443.ch
6374,"Trading Switzerland Group 444",,Trading,Switzerland,,,,,new,"2026-04-29 21:41:27",admin@trading-switzerland-444.ch
6375,"Manufacturing Switzerland Group 445",,Manufacturing,Switzerland,,,,,new,"2026-04-29 21:41:27",hello@manufacturing-switzerland-445.ch
6376,"RealEstate Switzerland Group 446",,RealEstate,Switzerland,,,,,new,"2026-04-29 21:41:27",support@realestate-switzerland-446.ch
6377,"Tech Switzerland Group 447",,Tech,Switzerland,,,,,new,"2026-04-29 21:41:27",business@tech-switzerland-447.ch
6378,"IT Switzerland Group 448",,IT,Switzerland,,,,,new,"2026-04-29 21:41:27",mail@it-switzerland-448.ch
6379,"Logistics Switzerland Group 449",,Logistics,Switzerland,,,,,new,"2026-04-29 21:41:27",partner@logistics-switzerland-449.ch
6380,"Finance Switzerland Group 450",,Finance,Switzerland,,,,,new,"2026-04-29 21:41:27",info@finance-switzerland-450.ch
6381,"Consulting Switzerland Group 451",,Consulting,Switzerland,,,,,new,"2026-04-29 21:41:27",office@consulting-switzerland-451.ch
6382,"Trading Switzerland Group 452",,Trading,Switzerland,,,,,new,"2026-04-29 21:41:27",contact@trading-switzerland-452.ch
6383,"Manufacturing Switzerland Group 453",,Manufacturing,Switzerland,,,,,new,"2026-04-29 21:41:27",sales@manufacturing-switzerland-453.ch
6384,"RealEstate Switzerland Group 454",,RealEstate,Switzerland,,,,,new,"2026-04-29 21:41:27",admin@realestate-switzerland-454.ch
6385,"Tech Switzerland Group 455",,Tech,Switzerland,,,,,new,"2026-04-29 21:41:27",hello@tech-switzerland-455.ch
6386,"IT Switzerland Group 456",,IT,Switzerland,,,,,new,"2026-04-29 21:41:27",support@it-switzerland-456.ch
6387,"Logistics Switzerland Group 457",,Logistics,Switzerland,,,,,new,"2026-04-29 21:41:27",business@logistics-switzerland-457.ch
6388,"Finance Switzerland Group 458",,Finance,Switzerland,,,,,new,"2026-04-29 21:41:27",mail@finance-switzerland-458.ch
6389,"Consulting Switzerland Group 459",,Consulting,Switzerland,,,,,new,"2026-04-29 21:41:27",partner@consulting-switzerland-459.ch
6390,"Trading Switzerland Group 460",,Trading,Switzerland,,,,,new,"2026-04-29 21:41:27",info@trading-switzerland-460.ch
6391,"Manufacturing Switzerland Group 461",,Manufacturing,Switzerland,,,,,new,"2026-04-29 21:41:27",office@manufacturing-switzerland-461.ch
6392,"RealEstate Switzerland Group 462",,RealEstate,Switzerland,,,,,new,"2026-04-29 21:41:27",contact@realestate-switzerland-462.ch
6393,"Tech Switzerland Group 463",,Tech,Switzerland,,,,,new,"2026-04-29 21:41:27",sales@tech-switzerland-463.ch
6394,"IT Switzerland Group 464",,IT,Switzerland,,,,,new,"2026-04-29 21:41:27",admin@it-switzerland-464.ch
6395,"Logistics Switzerland Group 465",,Logistics,Switzerland,,,,,new,"2026-04-29 21:41:27",hello@logistics-switzerland-465.ch
6396,"Finance Switzerland Group 466",,Finance,Switzerland,,,,,new,"2026-04-29 21:41:27",support@finance-switzerland-466.ch
6397,"Consulting Switzerland Group 467",,Consulting,Switzerland,,,,,new,"2026-04-29 21:41:27",business@consulting-switzerland-467.ch
6398,"Trading Switzerland Group 468",,Trading,Switzerland,,,,,new,"2026-04-29 21:41:27",mail@trading-switzerland-468.ch
6399,"Manufacturing Switzerland Group 469",,Manufacturing,Switzerland,,,,,new,"2026-04-29 21:41:27",partner@manufacturing-switzerland-469.ch
6400,"RealEstate Switzerland Group 470",,RealEstate,Switzerland,,,,,new,"2026-04-29 21:41:27",info@realestate-switzerland-470.ch
6401,"Tech Switzerland Group 471",,Tech,Switzerland,,,,,new,"2026-04-29 21:41:27",office@tech-switzerland-471.ch
6402,"IT Switzerland Group 472",,IT,Switzerland,,,,,new,"2026-04-29 21:41:27",contact@it-switzerland-472.ch
6403,"Logistics Switzerland Group 473",,Logistics,Switzerland,,,,,new,"2026-04-29 21:41:27",sales@logistics-switzerland-473.ch
6404,"Finance Switzerland Group 474",,Finance,Switzerland,,,,,new,"2026-04-29 21:41:27",admin@finance-switzerland-474.ch
6405,"Consulting Switzerland Group 475",,Consulting,Switzerland,,,,,new,"2026-04-29 21:41:27",hello@consulting-switzerland-475.ch
6406,"Trading Switzerland Group 476",,Trading,Switzerland,,,,,new,"2026-04-29 21:41:27",support@trading-switzerland-476.ch
6407,"Manufacturing Switzerland Group 477",,Manufacturing,Switzerland,,,,,new,"2026-04-29 21:41:27",business@manufacturing-switzerland-477.ch
6408,"RealEstate Switzerland Group 478",,RealEstate,Switzerland,,,,,new,"2026-04-29 21:41:27",mail@realestate-switzerland-478.ch
6409,"Tech Switzerland Group 479",,Tech,Switzerland,,,,,new,"2026-04-29 21:41:27",partner@tech-switzerland-479.ch
6410,"IT Switzerland Group 480",,IT,Switzerland,,,,,new,"2026-04-29 21:41:27",info@it-switzerland-480.ch
6411,"Logistics Switzerland Group 481",,Logistics,Switzerland,,,,,new,"2026-04-29 21:41:27",office@logistics-switzerland-481.ch
6412,"Finance Switzerland Group 482",,Finance,Switzerland,,,,,new,"2026-04-29 21:41:27",contact@finance-switzerland-482.ch
6413,"Consulting Switzerland Group 483",,Consulting,Switzerland,,,,,new,"2026-04-29 21:41:27",sales@consulting-switzerland-483.ch
6414,"Trading Switzerland Group 484",,Trading,Switzerland,,,,,new,"2026-04-29 21:41:27",admin@trading-switzerland-484.ch
6415,"Manufacturing Switzerland Group 485",,Manufacturing,Switzerland,,,,,new,"2026-04-29 21:41:27",hello@manufacturing-switzerland-485.ch
6416,"RealEstate Switzerland Group 486",,RealEstate,Switzerland,,,,,new,"2026-04-29 21:41:27",support@realestate-switzerland-486.ch
6417,"Tech Switzerland Group 487",,Tech,Switzerland,,,,,new,"2026-04-29 21:41:27",business@tech-switzerland-487.ch
6418,"IT Switzerland Group 488",,IT,Switzerland,,,,,new,"2026-04-29 21:41:27",mail@it-switzerland-488.ch
6419,"Logistics Switzerland Group 489",,Logistics,Switzerland,,,,,new,"2026-04-29 21:41:27",partner@logistics-switzerland-489.ch
6420,"Finance Switzerland Group 490",,Finance,Switzerland,,,,,new,"2026-04-29 21:41:27",info@finance-switzerland-490.ch
6421,"Consulting Switzerland Group 491",,Consulting,Switzerland,,,,,new,"2026-04-29 21:41:27",office@consulting-switzerland-491.ch
6422,"Trading Switzerland Group 492",,Trading,Switzerland,,,,,new,"2026-04-29 21:41:27",contact@trading-switzerland-492.ch
6423,"Manufacturing Switzerland Group 493",,Manufacturing,Switzerland,,,,,new,"2026-04-29 21:41:27",sales@manufacturing-switzerland-493.ch
6424,"RealEstate Switzerland Group 494",,RealEstate,Switzerland,,,,,new,"2026-04-29 21:41:27",admin@realestate-switzerland-494.ch
6425,"Tech Switzerland Group 495",,Tech,Switzerland,,,,,new,"2026-04-29 21:41:27",hello@tech-switzerland-495.ch
6426,"IT Switzerland Group 496",,IT,Switzerland,,,,,new,"2026-04-29 21:41:27",support@it-switzerland-496.ch
6427,"Logistics Switzerland Group 497",,Logistics,Switzerland,,,,,new,"2026-04-29 21:41:27",business@logistics-switzerland-497.ch
6428,"Finance Switzerland Group 498",,Finance,Switzerland,,,,,new,"2026-04-29 21:41:27",mail@finance-switzerland-498.ch
6429,"Consulting Switzerland Group 499",,Consulting,Switzerland,,,,,new,"2026-04-29 21:41:27",partner@consulting-switzerland-499.ch
6430,"Trading Switzerland Group 500",,Trading,Switzerland,,,,,new,"2026-04-29 21:41:27",info@trading-switzerland-500.ch
6431,"Logistics USA Group 1",,Logistics,USA,,,,,new,"2026-04-29 21:41:27",office@logistics-usa-1.com
6432,"Finance USA Group 2",,Finance,USA,,,,,new,"2026-04-29 21:41:27",contact@finance-usa-2.com
6433,"Consulting USA Group 3",,Consulting,USA,,,,,new,"2026-04-29 21:41:27",sales@consulting-usa-3.com
6434,"Trading USA Group 4",,Trading,USA,,,,,new,"2026-04-29 21:41:27",admin@trading-usa-4.com
6435,"Manufacturing USA Group 5",,Manufacturing,USA,,,,,new,"2026-04-29 21:41:27",hello@manufacturing-usa-5.com
6436,"RealEstate USA Group 6",,RealEstate,USA,,,,,new,"2026-04-29 21:41:27",support@realestate-usa-6.com
6437,"Tech USA Group 7",,Tech,USA,,,,,new,"2026-04-29 21:41:27",business@tech-usa-7.com
6438,"IT USA Group 8",,IT,USA,,,,,new,"2026-04-29 21:41:27",mail@it-usa-8.com
6439,"Logistics USA Group 9",,Logistics,USA,,,,,new,"2026-04-29 21:41:27",partner@logistics-usa-9.com
6440,"Finance USA Group 10",,Finance,USA,,,,,new,"2026-04-29 21:41:27",info@finance-usa-10.com
6441,"Consulting USA Group 11",,Consulting,USA,,,,,new,"2026-04-29 21:41:27",office@consulting-usa-11.com
6442,"Trading USA Group 12",,Trading,USA,,,,,new,"2026-04-29 21:41:27",contact@trading-usa-12.com
6443,"Manufacturing USA Group 13",,Manufacturing,USA,,,,,new,"2026-04-29 21:41:27",sales@manufacturing-usa-13.com
6444,"RealEstate USA Group 14",,RealEstate,USA,,,,,new,"2026-04-29 21:41:27",admin@realestate-usa-14.com
6445,"Tech USA Group 15",,Tech,USA,,,,,new,"2026-04-29 21:41:27",hello@tech-usa-15.com
6446,"IT USA Group 16",,IT,USA,,,,,new,"2026-04-29 21:41:27",support@it-usa-16.com
6447,"Logistics USA Group 17",,Logistics,USA,,,,,new,"2026-04-29 21:41:27",business@logistics-usa-17.com
6448,"Finance USA Group 18",,Finance,USA,,,,,new,"2026-04-29 21:41:27",mail@finance-usa-18.com
6449,"Consulting USA Group 19",,Consulting,USA,,,,,new,"2026-04-29 21:41:27",partner@consulting-usa-19.com
6450,"Trading USA Group 20",,Trading,USA,,,,,new,"2026-04-29 21:41:27",info@trading-usa-20.com
6451,"Manufacturing USA Group 21",,Manufacturing,USA,,,,,new,"2026-04-29 21:41:27",office@manufacturing-usa-21.com
6452,"RealEstate USA Group 22",,RealEstate,USA,,,,,new,"2026-04-29 21:41:27",contact@realestate-usa-22.com
6453,"Tech USA Group 23",,Tech,USA,,,,,new,"2026-04-29 21:41:27",sales@tech-usa-23.com
6454,"IT USA Group 24",,IT,USA,,,,,new,"2026-04-29 21:41:27",admin@it-usa-24.com
6455,"Logistics USA Group 25",,Logistics,USA,,,,,new,"2026-04-29 21:41:27",hello@logistics-usa-25.com
6456,"Finance USA Group 26",,Finance,USA,,,,,new,"2026-04-29 21:41:27",support@finance-usa-26.com
6457,"Consulting USA Group 27",,Consulting,USA,,,,,new,"2026-04-29 21:41:27",business@consulting-usa-27.com
6458,"Trading USA Group 28",,Trading,USA,,,,,new,"2026-04-29 21:41:27",mail@trading-usa-28.com
6459,"Manufacturing USA Group 29",,Manufacturing,USA,,,,,new,"2026-04-29 21:41:27",partner@manufacturing-usa-29.com
6460,"RealEstate USA Group 30",,RealEstate,USA,,,,,new,"2026-04-29 21:41:27",info@realestate-usa-30.com
6461,"Tech USA Group 31",,Tech,USA,,,,,new,"2026-04-29 21:41:27",office@tech-usa-31.com
6462,"IT USA Group 32",,IT,USA,,,,,new,"2026-04-29 21:41:27",contact@it-usa-32.com
6463,"Logistics USA Group 33",,Logistics,USA,,,,,new,"2026-04-29 21:41:27",sales@logistics-usa-33.com
6464,"Finance USA Group 34",,Finance,USA,,,,,new,"2026-04-29 21:41:27",admin@finance-usa-34.com
6465,"Consulting USA Group 35",,Consulting,USA,,,,,new,"2026-04-29 21:41:27",hello@consulting-usa-35.com
6466,"Trading USA Group 36",,Trading,USA,,,,,new,"2026-04-29 21:41:27",support@trading-usa-36.com
6467,"Manufacturing USA Group 37",,Manufacturing,USA,,,,,new,"2026-04-29 21:41:27",business@manufacturing-usa-37.com
6468,"RealEstate USA Group 38",,RealEstate,USA,,,,,new,"2026-04-29 21:41:27",mail@realestate-usa-38.com
6469,"Tech USA Group 39",,Tech,USA,,,,,new,"2026-04-29 21:41:27",partner@tech-usa-39.com
6470,"IT USA Group 40",,IT,USA,,,,,new,"2026-04-29 21:41:27",info@it-usa-40.com
6471,"Logistics USA Group 41",,Logistics,USA,,,,,new,"2026-04-29 21:41:27",office@logistics-usa-41.com
6472,"Finance USA Group 42",,Finance,USA,,,,,new,"2026-04-29 21:41:27",contact@finance-usa-42.com
6473,"Consulting USA Group 43",,Consulting,USA,,,,,new,"2026-04-29 21:41:27",sales@consulting-usa-43.com
6474,"Trading USA Group 44",,Trading,USA,,,,,new,"2026-04-29 21:41:27",admin@trading-usa-44.com
6475,"Manufacturing USA Group 45",,Manufacturing,USA,,,,,new,"2026-04-29 21:41:27",hello@manufacturing-usa-45.com
6476,"RealEstate USA Group 46",,RealEstate,USA,,,,,new,"2026-04-29 21:41:27",support@realestate-usa-46.com
6477,"Tech USA Group 47",,Tech,USA,,,,,new,"2026-04-29 21:41:27",business@tech-usa-47.com
6478,"IT USA Group 48",,IT,USA,,,,,new,"2026-04-29 21:41:27",mail@it-usa-48.com
6479,"Logistics USA Group 49",,Logistics,USA,,,,,new,"2026-04-29 21:41:27",partner@logistics-usa-49.com
6480,"Finance USA Group 50",,Finance,USA,,,,,new,"2026-04-29 21:41:27",info@finance-usa-50.com
6481,"Consulting USA Group 51",,Consulting,USA,,,,,new,"2026-04-29 21:41:27",office@consulting-usa-51.com
6482,"Trading USA Group 52",,Trading,USA,,,,,new,"2026-04-29 21:41:27",contact@trading-usa-52.com
6483,"Manufacturing USA Group 53",,Manufacturing,USA,,,,,new,"2026-04-29 21:41:27",sales@manufacturing-usa-53.com
6484,"RealEstate USA Group 54",,RealEstate,USA,,,,,new,"2026-04-29 21:41:27",admin@realestate-usa-54.com
6485,"Tech USA Group 55",,Tech,USA,,,,,new,"2026-04-29 21:41:27",hello@tech-usa-55.com
6486,"IT USA Group 56",,IT,USA,,,,,new,"2026-04-29 21:41:27",support@it-usa-56.com
6487,"Logistics USA Group 57",,Logistics,USA,,,,,new,"2026-04-29 21:41:27",business@logistics-usa-57.com
6488,"Finance USA Group 58",,Finance,USA,,,,,new,"2026-04-29 21:41:27",mail@finance-usa-58.com
6489,"Consulting USA Group 59",,Consulting,USA,,,,,new,"2026-04-29 21:41:27",partner@consulting-usa-59.com
6490,"Trading USA Group 60",,Trading,USA,,,,,new,"2026-04-29 21:41:27",info@trading-usa-60.com
6491,"Manufacturing USA Group 61",,Manufacturing,USA,,,,,new,"2026-04-29 21:41:27",office@manufacturing-usa-61.com
6492,"RealEstate USA Group 62",,RealEstate,USA,,,,,new,"2026-04-29 21:41:27",contact@realestate-usa-62.com
6493,"Tech USA Group 63",,Tech,USA,,,,,new,"2026-04-29 21:41:27",sales@tech-usa-63.com
6494,"IT USA Group 64",,IT,USA,,,,,new,"2026-04-29 21:41:27",admin@it-usa-64.com
6495,"Logistics USA Group 65",,Logistics,USA,,,,,new,"2026-04-29 21:41:27",hello@logistics-usa-65.com
6496,"Finance USA Group 66",,Finance,USA,,,,,new,"2026-04-29 21:41:27",support@finance-usa-66.com
6497,"Consulting USA Group 67",,Consulting,USA,,,,,new,"2026-04-29 21:41:27",business@consulting-usa-67.com
6498,"Trading USA Group 68",,Trading,USA,,,,,new,"2026-04-29 21:41:27",mail@trading-usa-68.com
6499,"Manufacturing USA Group 69",,Manufacturing,USA,,,,,new,"2026-04-29 21:41:27",partner@manufacturing-usa-69.com
6500,"RealEstate USA Group 70",,RealEstate,USA,,,,,new,"2026-04-29 21:41:27",info@realestate-usa-70.com
6501,"Tech USA Group 71",,Tech,USA,,,,,new,"2026-04-29 21:41:27",office@tech-usa-71.com
6502,"IT USA Group 72",,IT,USA,,,,,new,"2026-04-29 21:41:27",contact@it-usa-72.com
6503,"Logistics USA Group 73",,Logistics,USA,,,,,new,"2026-04-29 21:41:27",sales@logistics-usa-73.com
6504,"Finance USA Group 74",,Finance,USA,,,,,new,"2026-04-29 21:41:27",admin@finance-usa-74.com
6505,"Consulting USA Group 75",,Consulting,USA,,,,,new,"2026-04-29 21:41:27",hello@consulting-usa-75.com
6506,"Trading USA Group 76",,Trading,USA,,,,,new,"2026-04-29 21:41:27",support@trading-usa-76.com
6507,"Manufacturing USA Group 77",,Manufacturing,USA,,,,,new,"2026-04-29 21:41:27",business@manufacturing-usa-77.com
6508,"RealEstate USA Group 78",,RealEstate,USA,,,,,new,"2026-04-29 21:41:27",mail@realestate-usa-78.com
6509,"Tech USA Group 79",,Tech,USA,,,,,new,"2026-04-29 21:41:27",partner@tech-usa-79.com
6510,"IT USA Group 80",,IT,USA,,,,,new,"2026-04-29 21:41:27",info@it-usa-80.com
6511,"Logistics USA Group 81",,Logistics,USA,,,,,new,"2026-04-29 21:41:27",office@logistics-usa-81.com
6512,"Finance USA Group 82",,Finance,USA,,,,,new,"2026-04-29 21:41:27",contact@finance-usa-82.com
6513,"Consulting USA Group 83",,Consulting,USA,,,,,new,"2026-04-29 21:41:27",sales@consulting-usa-83.com
6514,"Trading USA Group 84",,Trading,USA,,,,,new,"2026-04-29 21:41:27",admin@trading-usa-84.com
6515,"Manufacturing USA Group 85",,Manufacturing,USA,,,,,new,"2026-04-29 21:41:27",hello@manufacturing-usa-85.com
6516,"RealEstate USA Group 86",,RealEstate,USA,,,,,new,"2026-04-29 21:41:27",support@realestate-usa-86.com
6517,"Tech USA Group 87",,Tech,USA,,,,,new,"2026-04-29 21:41:27",business@tech-usa-87.com
6518,"IT USA Group 88",,IT,USA,,,,,new,"2026-04-29 21:41:27",mail@it-usa-88.com
6519,"Logistics USA Group 89",,Logistics,USA,,,,,new,"2026-04-29 21:41:27",partner@logistics-usa-89.com
6520,"Finance USA Group 90",,Finance,USA,,,,,new,"2026-04-29 21:41:27",info@finance-usa-90.com
6521,"Consulting USA Group 91",,Consulting,USA,,,,,new,"2026-04-29 21:41:27",office@consulting-usa-91.com
6522,"Trading USA Group 92",,Trading,USA,,,,,new,"2026-04-29 21:41:27",contact@trading-usa-92.com
6523,"Manufacturing USA Group 93",,Manufacturing,USA,,,,,new,"2026-04-29 21:41:27",sales@manufacturing-usa-93.com
6524,"RealEstate USA Group 94",,RealEstate,USA,,,,,new,"2026-04-29 21:41:27",admin@realestate-usa-94.com
6525,"Tech USA Group 95",,Tech,USA,,,,,new,"2026-04-29 21:41:27",hello@tech-usa-95.com
6526,"IT USA Group 96",,IT,USA,,,,,new,"2026-04-29 21:41:27",support@it-usa-96.com
6527,"Logistics USA Group 97",,Logistics,USA,,,,,new,"2026-04-29 21:41:27",business@logistics-usa-97.com
6528,"Finance USA Group 98",,Finance,USA,,,,,new,"2026-04-29 21:41:27",mail@finance-usa-98.com
6529,"Consulting USA Group 99",,Consulting,USA,,,,,new,"2026-04-29 21:41:27",partner@consulting-usa-99.com
6530,"Trading USA Group 100",,Trading,USA,,,,,new,"2026-04-29 21:41:27",info@trading-usa-100.com
6531,"Manufacturing USA Group 101",,Manufacturing,USA,,,,,new,"2026-04-29 21:41:27",office@manufacturing-usa-101.com
6532,"RealEstate USA Group 102",,RealEstate,USA,,,,,new,"2026-04-29 21:41:27",contact@realestate-usa-102.com
6533,"Tech USA Group 103",,Tech,USA,,,,,new,"2026-04-29 21:41:27",sales@tech-usa-103.com
6534,"IT USA Group 104",,IT,USA,,,,,new,"2026-04-29 21:41:27",admin@it-usa-104.com
6535,"Logistics USA Group 105",,Logistics,USA,,,,,new,"2026-04-29 21:41:27",hello@logistics-usa-105.com
6536,"Finance USA Group 106",,Finance,USA,,,,,new,"2026-04-29 21:41:27",support@finance-usa-106.com
6537,"Consulting USA Group 107",,Consulting,USA,,,,,new,"2026-04-29 21:41:27",business@consulting-usa-107.com
6538,"Trading USA Group 108",,Trading,USA,,,,,new,"2026-04-29 21:41:27",mail@trading-usa-108.com
6539,"Manufacturing USA Group 109",,Manufacturing,USA,,,,,new,"2026-04-29 21:41:27",partner@manufacturing-usa-109.com
6540,"RealEstate USA Group 110",,RealEstate,USA,,,,,new,"2026-04-29 21:41:27",info@realestate-usa-110.com
6541,"Tech USA Group 111",,Tech,USA,,,,,new,"2026-04-29 21:41:27",office@tech-usa-111.com
6542,"IT USA Group 112",,IT,USA,,,,,new,"2026-04-29 21:41:27",contact@it-usa-112.com
6543,"Logistics USA Group 113",,Logistics,USA,,,,,new,"2026-04-29 21:41:27",sales@logistics-usa-113.com
6544,"Finance USA Group 114",,Finance,USA,,,,,new,"2026-04-29 21:41:27",admin@finance-usa-114.com
6545,"Consulting USA Group 115",,Consulting,USA,,,,,new,"2026-04-29 21:41:27",hello@consulting-usa-115.com
6546,"Trading USA Group 116",,Trading,USA,,,,,new,"2026-04-29 21:41:27",support@trading-usa-116.com
6547,"Manufacturing USA Group 117",,Manufacturing,USA,,,,,new,"2026-04-29 21:41:27",business@manufacturing-usa-117.com
6548,"RealEstate USA Group 118",,RealEstate,USA,,,,,new,"2026-04-29 21:41:27",mail@realestate-usa-118.com
6549,"Tech USA Group 119",,Tech,USA,,,,,new,"2026-04-29 21:41:27",partner@tech-usa-119.com
6550,"IT USA Group 120",,IT,USA,,,,,new,"2026-04-29 21:41:27",info@it-usa-120.com
6551,"Logistics USA Group 121",,Logistics,USA,,,,,new,"2026-04-29 21:41:27",office@logistics-usa-121.com
6552,"Finance USA Group 122",,Finance,USA,,,,,new,"2026-04-29 21:41:27",contact@finance-usa-122.com
6553,"Consulting USA Group 123",,Consulting,USA,,,,,new,"2026-04-29 21:41:27",sales@consulting-usa-123.com
6554,"Trading USA Group 124",,Trading,USA,,,,,new,"2026-04-29 21:41:27",admin@trading-usa-124.com
6555,"Manufacturing USA Group 125",,Manufacturing,USA,,,,,new,"2026-04-29 21:41:27",hello@manufacturing-usa-125.com
6556,"RealEstate USA Group 126",,RealEstate,USA,,,,,new,"2026-04-29 21:41:27",support@realestate-usa-126.com
6557,"Tech USA Group 127",,Tech,USA,,,,,new,"2026-04-29 21:41:27",business@tech-usa-127.com
6558,"IT USA Group 128",,IT,USA,,,,,new,"2026-04-29 21:41:27",mail@it-usa-128.com
6559,"Logistics USA Group 129",,Logistics,USA,,,,,new,"2026-04-29 21:41:27",partner@logistics-usa-129.com
6560,"Finance USA Group 130",,Finance,USA,,,,,new,"2026-04-29 21:41:27",info@finance-usa-130.com
6561,"Consulting USA Group 131",,Consulting,USA,,,,,new,"2026-04-29 21:41:27",office@consulting-usa-131.com
6562,"Trading USA Group 132",,Trading,USA,,,,,new,"2026-04-29 21:41:27",contact@trading-usa-132.com
6563,"Manufacturing USA Group 133",,Manufacturing,USA,,,,,new,"2026-04-29 21:41:27",sales@manufacturing-usa-133.com
6564,"RealEstate USA Group 134",,RealEstate,USA,,,,,new,"2026-04-29 21:41:27",admin@realestate-usa-134.com
6565,"Tech USA Group 135",,Tech,USA,,,,,new,"2026-04-29 21:41:27",hello@tech-usa-135.com
6566,"IT USA Group 136",,IT,USA,,,,,new,"2026-04-29 21:41:27",support@it-usa-136.com
6567,"Logistics USA Group 137",,Logistics,USA,,,,,new,"2026-04-29 21:41:27",business@logistics-usa-137.com
6568,"Finance USA Group 138",,Finance,USA,,,,,new,"2026-04-29 21:41:27",mail@finance-usa-138.com
6569,"Consulting USA Group 139",,Consulting,USA,,,,,new,"2026-04-29 21:41:27",partner@consulting-usa-139.com
6570,"Trading USA Group 140",,Trading,USA,,,,,new,"2026-04-29 21:41:27",info@trading-usa-140.com
6571,"Manufacturing USA Group 141",,Manufacturing,USA,,,,,new,"2026-04-29 21:41:27",office@manufacturing-usa-141.com
6572,"RealEstate USA Group 142",,RealEstate,USA,,,,,new,"2026-04-29 21:41:27",contact@realestate-usa-142.com
6573,"Tech USA Group 143",,Tech,USA,,,,,new,"2026-04-29 21:41:27",sales@tech-usa-143.com
6574,"IT USA Group 144",,IT,USA,,,,,new,"2026-04-29 21:41:27",admin@it-usa-144.com
6575,"Logistics USA Group 145",,Logistics,USA,,,,,new,"2026-04-29 21:41:27",hello@logistics-usa-145.com
6576,"Finance USA Group 146",,Finance,USA,,,,,new,"2026-04-29 21:41:27",support@finance-usa-146.com
6577,"Consulting USA Group 147",,Consulting,USA,,,,,new,"2026-04-29 21:41:27",business@consulting-usa-147.com
6578,"Trading USA Group 148",,Trading,USA,,,,,new,"2026-04-29 21:41:27",mail@trading-usa-148.com
6579,"Manufacturing USA Group 149",,Manufacturing,USA,,,,,new,"2026-04-29 21:41:27",partner@manufacturing-usa-149.com
6580,"RealEstate USA Group 150",,RealEstate,USA,,,,,new,"2026-04-29 21:41:27",info@realestate-usa-150.com
6581,"Tech USA Group 151",,Tech,USA,,,,,new,"2026-04-29 21:41:27",office@tech-usa-151.com
6582,"IT USA Group 152",,IT,USA,,,,,new,"2026-04-29 21:41:27",contact@it-usa-152.com
6583,"Logistics USA Group 153",,Logistics,USA,,,,,new,"2026-04-29 21:41:27",sales@logistics-usa-153.com
6584,"Finance USA Group 154",,Finance,USA,,,,,new,"2026-04-29 21:41:27",admin@finance-usa-154.com
6585,"Consulting USA Group 155",,Consulting,USA,,,,,new,"2026-04-29 21:41:27",hello@consulting-usa-155.com
6586,"Trading USA Group 156",,Trading,USA,,,,,new,"2026-04-29 21:41:27",support@trading-usa-156.com
6587,"Manufacturing USA Group 157",,Manufacturing,USA,,,,,new,"2026-04-29 21:41:27",business@manufacturing-usa-157.com
6588,"RealEstate USA Group 158",,RealEstate,USA,,,,,new,"2026-04-29 21:41:27",mail@realestate-usa-158.com
6589,"Tech USA Group 159",,Tech,USA,,,,,new,"2026-04-29 21:41:27",partner@tech-usa-159.com
6590,"IT USA Group 160",,IT,USA,,,,,new,"2026-04-29 21:41:27",info@it-usa-160.com
6591,"Logistics USA Group 161",,Logistics,USA,,,,,new,"2026-04-29 21:41:27",office@logistics-usa-161.com
6592,"Finance USA Group 162",,Finance,USA,,,,,new,"2026-04-29 21:41:27",contact@finance-usa-162.com
6593,"Consulting USA Group 163",,Consulting,USA,,,,,new,"2026-04-29 21:41:27",sales@consulting-usa-163.com
6594,"Trading USA Group 164",,Trading,USA,,,,,new,"2026-04-29 21:41:27",admin@trading-usa-164.com
6595,"Manufacturing USA Group 165",,Manufacturing,USA,,,,,new,"2026-04-29 21:41:27",hello@manufacturing-usa-165.com
6596,"RealEstate USA Group 166",,RealEstate,USA,,,,,new,"2026-04-29 21:41:27",support@realestate-usa-166.com
6597,"Tech USA Group 167",,Tech,USA,,,,,new,"2026-04-29 21:41:27",business@tech-usa-167.com
6598,"IT USA Group 168",,IT,USA,,,,,new,"2026-04-29 21:41:27",mail@it-usa-168.com
6599,"Logistics USA Group 169",,Logistics,USA,,,,,new,"2026-04-29 21:41:27",partner@logistics-usa-169.com
6600,"Finance USA Group 170",,Finance,USA,,,,,new,"2026-04-29 21:41:27",info@finance-usa-170.com
6601,"Consulting USA Group 171",,Consulting,USA,,,,,new,"2026-04-29 21:41:27",office@consulting-usa-171.com
6602,"Trading USA Group 172",,Trading,USA,,,,,new,"2026-04-29 21:41:27",contact@trading-usa-172.com
6603,"Manufacturing USA Group 173",,Manufacturing,USA,,,,,new,"2026-04-29 21:41:27",sales@manufacturing-usa-173.com
6604,"RealEstate USA Group 174",,RealEstate,USA,,,,,new,"2026-04-29 21:41:27",admin@realestate-usa-174.com
6605,"Tech USA Group 175",,Tech,USA,,,,,new,"2026-04-29 21:41:27",hello@tech-usa-175.com
6606,"IT USA Group 176",,IT,USA,,,,,new,"2026-04-29 21:41:27",support@it-usa-176.com
6607,"Logistics USA Group 177",,Logistics,USA,,,,,new,"2026-04-29 21:41:27",business@logistics-usa-177.com
6608,"Finance USA Group 178",,Finance,USA,,,,,new,"2026-04-29 21:41:27",mail@finance-usa-178.com
6609,"Consulting USA Group 179",,Consulting,USA,,,,,new,"2026-04-29 21:41:27",partner@consulting-usa-179.com
6610,"Trading USA Group 180",,Trading,USA,,,,,new,"2026-04-29 21:41:27",info@trading-usa-180.com
6611,"Manufacturing USA Group 181",,Manufacturing,USA,,,,,new,"2026-04-29 21:41:27",office@manufacturing-usa-181.com
6612,"RealEstate USA Group 182",,RealEstate,USA,,,,,new,"2026-04-29 21:41:27",contact@realestate-usa-182.com
6613,"Tech USA Group 183",,Tech,USA,,,,,new,"2026-04-29 21:41:27",sales@tech-usa-183.com
6614,"IT USA Group 184",,IT,USA,,,,,new,"2026-04-29 21:41:27",admin@it-usa-184.com
6615,"Logistics USA Group 185",,Logistics,USA,,,,,new,"2026-04-29 21:41:27",hello@logistics-usa-185.com
6616,"Finance USA Group 186",,Finance,USA,,,,,new,"2026-04-29 21:41:27",support@finance-usa-186.com
6617,"Consulting USA Group 187",,Consulting,USA,,,,,new,"2026-04-29 21:41:27",business@consulting-usa-187.com
6618,"Trading USA Group 188",,Trading,USA,,,,,new,"2026-04-29 21:41:27",mail@trading-usa-188.com
6619,"Manufacturing USA Group 189",,Manufacturing,USA,,,,,new,"2026-04-29 21:41:27",partner@manufacturing-usa-189.com
6620,"RealEstate USA Group 190",,RealEstate,USA,,,,,new,"2026-04-29 21:41:27",info@realestate-usa-190.com
6621,"Tech USA Group 191",,Tech,USA,,,,,new,"2026-04-29 21:41:27",office@tech-usa-191.com
6622,"IT USA Group 192",,IT,USA,,,,,new,"2026-04-29 21:41:27",contact@it-usa-192.com
6623,"Logistics USA Group 193",,Logistics,USA,,,,,new,"2026-04-29 21:41:27",sales@logistics-usa-193.com
6624,"Finance USA Group 194",,Finance,USA,,,,,new,"2026-04-29 21:41:27",admin@finance-usa-194.com
6625,"Consulting USA Group 195",,Consulting,USA,,,,,new,"2026-04-29 21:41:27",hello@consulting-usa-195.com
6626,"Trading USA Group 196",,Trading,USA,,,,,new,"2026-04-29 21:41:27",support@trading-usa-196.com
6627,"Manufacturing USA Group 197",,Manufacturing,USA,,,,,new,"2026-04-29 21:41:27",business@manufacturing-usa-197.com
6628,"RealEstate USA Group 198",,RealEstate,USA,,,,,new,"2026-04-29 21:41:27",mail@realestate-usa-198.com
6629,"Tech USA Group 199",,Tech,USA,,,,,new,"2026-04-29 21:41:27",partner@tech-usa-199.com
6630,"IT USA Group 200",,IT,USA,,,,,new,"2026-04-29 21:41:27",info@it-usa-200.com
6631,"Logistics USA Group 201",,Logistics,USA,,,,,new,"2026-04-29 21:41:27",office@logistics-usa-201.com
6632,"Finance USA Group 202",,Finance,USA,,,,,new,"2026-04-29 21:41:27",contact@finance-usa-202.com
6633,"Consulting USA Group 203",,Consulting,USA,,,,,new,"2026-04-29 21:41:27",sales@consulting-usa-203.com
6634,"Trading USA Group 204",,Trading,USA,,,,,new,"2026-04-29 21:41:27",admin@trading-usa-204.com
6635,"Manufacturing USA Group 205",,Manufacturing,USA,,,,,new,"2026-04-29 21:41:27",hello@manufacturing-usa-205.com
6636,"RealEstate USA Group 206",,RealEstate,USA,,,,,new,"2026-04-29 21:41:27",support@realestate-usa-206.com
6637,"Tech USA Group 207",,Tech,USA,,,,,new,"2026-04-29 21:41:27",business@tech-usa-207.com
6638,"IT USA Group 208",,IT,USA,,,,,new,"2026-04-29 21:41:27",mail@it-usa-208.com
6639,"Logistics USA Group 209",,Logistics,USA,,,,,new,"2026-04-29 21:41:27",partner@logistics-usa-209.com
6640,"Finance USA Group 210",,Finance,USA,,,,,new,"2026-04-29 21:41:27",info@finance-usa-210.com
6641,"Consulting USA Group 211",,Consulting,USA,,,,,new,"2026-04-29 21:41:27",office@consulting-usa-211.com
6642,"Trading USA Group 212",,Trading,USA,,,,,new,"2026-04-29 21:41:27",contact@trading-usa-212.com
6643,"Manufacturing USA Group 213",,Manufacturing,USA,,,,,new,"2026-04-29 21:41:27",sales@manufacturing-usa-213.com
6644,"RealEstate USA Group 214",,RealEstate,USA,,,,,new,"2026-04-29 21:41:27",admin@realestate-usa-214.com
6645,"Tech USA Group 215",,Tech,USA,,,,,new,"2026-04-29 21:41:27",hello@tech-usa-215.com
6646,"IT USA Group 216",,IT,USA,,,,,new,"2026-04-29 21:41:27",support@it-usa-216.com
6647,"Logistics USA Group 217",,Logistics,USA,,,,,new,"2026-04-29 21:41:27",business@logistics-usa-217.com
6648,"Finance USA Group 218",,Finance,USA,,,,,new,"2026-04-29 21:41:27",mail@finance-usa-218.com
6649,"Consulting USA Group 219",,Consulting,USA,,,,,new,"2026-04-29 21:41:27",partner@consulting-usa-219.com
6650,"Trading USA Group 220",,Trading,USA,,,,,new,"2026-04-29 21:41:27",info@trading-usa-220.com
6651,"Manufacturing USA Group 221",,Manufacturing,USA,,,,,new,"2026-04-29 21:41:27",office@manufacturing-usa-221.com
6652,"RealEstate USA Group 222",,RealEstate,USA,,,,,new,"2026-04-29 21:41:27",contact@realestate-usa-222.com
6653,"Tech USA Group 223",,Tech,USA,,,,,new,"2026-04-29 21:41:27",sales@tech-usa-223.com
6654,"IT USA Group 224",,IT,USA,,,,,new,"2026-04-29 21:41:27",admin@it-usa-224.com
6655,"Logistics USA Group 225",,Logistics,USA,,,,,new,"2026-04-29 21:41:27",hello@logistics-usa-225.com
6656,"Finance USA Group 226",,Finance,USA,,,,,new,"2026-04-29 21:41:27",support@finance-usa-226.com
6657,"Consulting USA Group 227",,Consulting,USA,,,,,new,"2026-04-29 21:41:27",business@consulting-usa-227.com
6658,"Trading USA Group 228",,Trading,USA,,,,,new,"2026-04-29 21:41:27",mail@trading-usa-228.com
6659,"Manufacturing USA Group 229",,Manufacturing,USA,,,,,new,"2026-04-29 21:41:27",partner@manufacturing-usa-229.com
6660,"RealEstate USA Group 230",,RealEstate,USA,,,,,new,"2026-04-29 21:41:27",info@realestate-usa-230.com
6661,"Tech USA Group 231",,Tech,USA,,,,,new,"2026-04-29 21:41:27",office@tech-usa-231.com
6662,"IT USA Group 232",,IT,USA,,,,,new,"2026-04-29 21:41:27",contact@it-usa-232.com
6663,"Logistics USA Group 233",,Logistics,USA,,,,,new,"2026-04-29 21:41:27",sales@logistics-usa-233.com
6664,"Finance USA Group 234",,Finance,USA,,,,,new,"2026-04-29 21:41:27",admin@finance-usa-234.com
6665,"Consulting USA Group 235",,Consulting,USA,,,,,new,"2026-04-29 21:41:27",hello@consulting-usa-235.com
6666,"Trading USA Group 236",,Trading,USA,,,,,new,"2026-04-29 21:41:27",support@trading-usa-236.com
6667,"Manufacturing USA Group 237",,Manufacturing,USA,,,,,new,"2026-04-29 21:41:27",business@manufacturing-usa-237.com
6668,"RealEstate USA Group 238",,RealEstate,USA,,,,,new,"2026-04-29 21:41:27",mail@realestate-usa-238.com
6669,"Tech USA Group 239",,Tech,USA,,,,,new,"2026-04-29 21:41:27",partner@tech-usa-239.com
6670,"IT USA Group 240",,IT,USA,,,,,new,"2026-04-29 21:41:27",info@it-usa-240.com
6671,"Logistics USA Group 241",,Logistics,USA,,,,,new,"2026-04-29 21:41:27",office@logistics-usa-241.com
6672,"Finance USA Group 242",,Finance,USA,,,,,new,"2026-04-29 21:41:27",contact@finance-usa-242.com
6673,"Consulting USA Group 243",,Consulting,USA,,,,,new,"2026-04-29 21:41:27",sales@consulting-usa-243.com
6674,"Trading USA Group 244",,Trading,USA,,,,,new,"2026-04-29 21:41:27",admin@trading-usa-244.com
6675,"Manufacturing USA Group 245",,Manufacturing,USA,,,,,new,"2026-04-29 21:41:27",hello@manufacturing-usa-245.com
6676,"RealEstate USA Group 246",,RealEstate,USA,,,,,new,"2026-04-29 21:41:27",support@realestate-usa-246.com
6677,"Tech USA Group 247",,Tech,USA,,,,,new,"2026-04-29 21:41:27",business@tech-usa-247.com
6678,"IT USA Group 248",,IT,USA,,,,,new,"2026-04-29 21:41:27",mail@it-usa-248.com
6679,"Logistics USA Group 249",,Logistics,USA,,,,,new,"2026-04-29 21:41:27",partner@logistics-usa-249.com
6680,"Finance USA Group 250",,Finance,USA,,,,,new,"2026-04-29 21:41:27",info@finance-usa-250.com
6681,"Consulting USA Group 251",,Consulting,USA,,,,,new,"2026-04-29 21:41:27",office@consulting-usa-251.com
6682,"Trading USA Group 252",,Trading,USA,,,,,new,"2026-04-29 21:41:27",contact@trading-usa-252.com
6683,"Manufacturing USA Group 253",,Manufacturing,USA,,,,,new,"2026-04-29 21:41:27",sales@manufacturing-usa-253.com
6684,"RealEstate USA Group 254",,RealEstate,USA,,,,,new,"2026-04-29 21:41:27",admin@realestate-usa-254.com
6685,"Tech USA Group 255",,Tech,USA,,,,,new,"2026-04-29 21:41:27",hello@tech-usa-255.com
6686,"IT USA Group 256",,IT,USA,,,,,new,"2026-04-29 21:41:27",support@it-usa-256.com
6687,"Logistics USA Group 257",,Logistics,USA,,,,,new,"2026-04-29 21:41:27",business@logistics-usa-257.com
6688,"Finance USA Group 258",,Finance,USA,,,,,new,"2026-04-29 21:41:27",mail@finance-usa-258.com
6689,"Consulting USA Group 259",,Consulting,USA,,,,,new,"2026-04-29 21:41:27",partner@consulting-usa-259.com
6690,"Trading USA Group 260",,Trading,USA,,,,,new,"2026-04-29 21:41:27",info@trading-usa-260.com
6691,"Manufacturing USA Group 261",,Manufacturing,USA,,,,,new,"2026-04-29 21:41:27",office@manufacturing-usa-261.com
6692,"RealEstate USA Group 262",,RealEstate,USA,,,,,new,"2026-04-29 21:41:27",contact@realestate-usa-262.com
6693,"Tech USA Group 263",,Tech,USA,,,,,new,"2026-04-29 21:41:27",sales@tech-usa-263.com
6694,"IT USA Group 264",,IT,USA,,,,,new,"2026-04-29 21:41:27",admin@it-usa-264.com
6695,"Logistics USA Group 265",,Logistics,USA,,,,,new,"2026-04-29 21:41:27",hello@logistics-usa-265.com
6696,"Finance USA Group 266",,Finance,USA,,,,,new,"2026-04-29 21:41:27",support@finance-usa-266.com
6697,"Consulting USA Group 267",,Consulting,USA,,,,,new,"2026-04-29 21:41:27",business@consulting-usa-267.com
6698,"Trading USA Group 268",,Trading,USA,,,,,new,"2026-04-29 21:41:27",mail@trading-usa-268.com
6699,"Manufacturing USA Group 269",,Manufacturing,USA,,,,,new,"2026-04-29 21:41:27",partner@manufacturing-usa-269.com
6700,"RealEstate USA Group 270",,RealEstate,USA,,,,,new,"2026-04-29 21:41:27",info@realestate-usa-270.com
6701,"Tech USA Group 271",,Tech,USA,,,,,new,"2026-04-29 21:41:27",office@tech-usa-271.com
6702,"IT USA Group 272",,IT,USA,,,,,new,"2026-04-29 21:41:27",contact@it-usa-272.com
6703,"Logistics USA Group 273",,Logistics,USA,,,,,new,"2026-04-29 21:41:27",sales@logistics-usa-273.com
6704,"Finance USA Group 274",,Finance,USA,,,,,new,"2026-04-29 21:41:27",admin@finance-usa-274.com
6705,"Consulting USA Group 275",,Consulting,USA,,,,,new,"2026-04-29 21:41:27",hello@consulting-usa-275.com
6706,"Trading USA Group 276",,Trading,USA,,,,,new,"2026-04-29 21:41:27",support@trading-usa-276.com
6707,"Manufacturing USA Group 277",,Manufacturing,USA,,,,,new,"2026-04-29 21:41:27",business@manufacturing-usa-277.com
6708,"RealEstate USA Group 278",,RealEstate,USA,,,,,new,"2026-04-29 21:41:27",mail@realestate-usa-278.com
6709,"Tech USA Group 279",,Tech,USA,,,,,new,"2026-04-29 21:41:27",partner@tech-usa-279.com
6710,"IT USA Group 280",,IT,USA,,,,,new,"2026-04-29 21:41:27",info@it-usa-280.com
6711,"Logistics USA Group 281",,Logistics,USA,,,,,new,"2026-04-29 21:41:27",office@logistics-usa-281.com
6712,"Finance USA Group 282",,Finance,USA,,,,,new,"2026-04-29 21:41:27",contact@finance-usa-282.com
6713,"Consulting USA Group 283",,Consulting,USA,,,,,new,"2026-04-29 21:41:27",sales@consulting-usa-283.com
6714,"Trading USA Group 284",,Trading,USA,,,,,new,"2026-04-29 21:41:27",admin@trading-usa-284.com
6715,"Manufacturing USA Group 285",,Manufacturing,USA,,,,,new,"2026-04-29 21:41:27",hello@manufacturing-usa-285.com
6716,"RealEstate USA Group 286",,RealEstate,USA,,,,,new,"2026-04-29 21:41:27",support@realestate-usa-286.com
6717,"Tech USA Group 287",,Tech,USA,,,,,new,"2026-04-29 21:41:27",business@tech-usa-287.com
6718,"IT USA Group 288",,IT,USA,,,,,new,"2026-04-29 21:41:27",mail@it-usa-288.com
6719,"Logistics USA Group 289",,Logistics,USA,,,,,new,"2026-04-29 21:41:27",partner@logistics-usa-289.com
6720,"Finance USA Group 290",,Finance,USA,,,,,new,"2026-04-29 21:41:27",info@finance-usa-290.com
6721,"Consulting USA Group 291",,Consulting,USA,,,,,new,"2026-04-29 21:41:27",office@consulting-usa-291.com
6722,"Trading USA Group 292",,Trading,USA,,,,,new,"2026-04-29 21:41:27",contact@trading-usa-292.com
6723,"Manufacturing USA Group 293",,Manufacturing,USA,,,,,new,"2026-04-29 21:41:27",sales@manufacturing-usa-293.com
6724,"RealEstate USA Group 294",,RealEstate,USA,,,,,new,"2026-04-29 21:41:27",admin@realestate-usa-294.com
6725,"Tech USA Group 295",,Tech,USA,,,,,new,"2026-04-29 21:41:27",hello@tech-usa-295.com
6726,"IT USA Group 296",,IT,USA,,,,,new,"2026-04-29 21:41:27",support@it-usa-296.com
6727,"Logistics USA Group 297",,Logistics,USA,,,,,new,"2026-04-29 21:41:27",business@logistics-usa-297.com
6728,"Finance USA Group 298",,Finance,USA,,,,,new,"2026-04-29 21:41:27",mail@finance-usa-298.com
6729,"Consulting USA Group 299",,Consulting,USA,,,,,new,"2026-04-29 21:41:27",partner@consulting-usa-299.com
6730,"Trading USA Group 300",,Trading,USA,,,,,new,"2026-04-29 21:41:27",info@trading-usa-300.com
6731,"Manufacturing USA Group 301",,Manufacturing,USA,,,,,new,"2026-04-29 21:41:27",office@manufacturing-usa-301.com
6732,"RealEstate USA Group 302",,RealEstate,USA,,,,,new,"2026-04-29 21:41:27",contact@realestate-usa-302.com
6733,"Tech USA Group 303",,Tech,USA,,,,,new,"2026-04-29 21:41:27",sales@tech-usa-303.com
6734,"IT USA Group 304",,IT,USA,,,,,new,"2026-04-29 21:41:27",admin@it-usa-304.com
6735,"Logistics USA Group 305",,Logistics,USA,,,,,new,"2026-04-29 21:41:27",hello@logistics-usa-305.com
6736,"Finance USA Group 306",,Finance,USA,,,,,new,"2026-04-29 21:41:27",support@finance-usa-306.com
6737,"Consulting USA Group 307",,Consulting,USA,,,,,new,"2026-04-29 21:41:27",business@consulting-usa-307.com
6738,"Trading USA Group 308",,Trading,USA,,,,,new,"2026-04-29 21:41:27",mail@trading-usa-308.com
6739,"Manufacturing USA Group 309",,Manufacturing,USA,,,,,new,"2026-04-29 21:41:27",partner@manufacturing-usa-309.com
6740,"RealEstate USA Group 310",,RealEstate,USA,,,,,new,"2026-04-29 21:41:27",info@realestate-usa-310.com
6741,"Tech USA Group 311",,Tech,USA,,,,,new,"2026-04-29 21:41:27",office@tech-usa-311.com
6742,"IT USA Group 312",,IT,USA,,,,,new,"2026-04-29 21:41:27",contact@it-usa-312.com
6743,"Logistics USA Group 313",,Logistics,USA,,,,,new,"2026-04-29 21:41:27",sales@logistics-usa-313.com
6744,"Finance USA Group 314",,Finance,USA,,,,,new,"2026-04-29 21:41:27",admin@finance-usa-314.com
6745,"Consulting USA Group 315",,Consulting,USA,,,,,new,"2026-04-29 21:41:27",hello@consulting-usa-315.com
6746,"Trading USA Group 316",,Trading,USA,,,,,new,"2026-04-29 21:41:27",support@trading-usa-316.com
6747,"Manufacturing USA Group 317",,Manufacturing,USA,,,,,new,"2026-04-29 21:41:27",business@manufacturing-usa-317.com
6748,"RealEstate USA Group 318",,RealEstate,USA,,,,,new,"2026-04-29 21:41:27",mail@realestate-usa-318.com
6749,"Tech USA Group 319",,Tech,USA,,,,,new,"2026-04-29 21:41:27",partner@tech-usa-319.com
6750,"IT USA Group 320",,IT,USA,,,,,new,"2026-04-29 21:41:27",info@it-usa-320.com
6751,"Logistics USA Group 321",,Logistics,USA,,,,,new,"2026-04-29 21:41:27",office@logistics-usa-321.com
6752,"Finance USA Group 322",,Finance,USA,,,,,new,"2026-04-29 21:41:27",contact@finance-usa-322.com
6753,"Consulting USA Group 323",,Consulting,USA,,,,,new,"2026-04-29 21:41:27",sales@consulting-usa-323.com
6754,"Trading USA Group 324",,Trading,USA,,,,,new,"2026-04-29 21:41:27",admin@trading-usa-324.com
6755,"Manufacturing USA Group 325",,Manufacturing,USA,,,,,new,"2026-04-29 21:41:27",hello@manufacturing-usa-325.com
6756,"RealEstate USA Group 326",,RealEstate,USA,,,,,new,"2026-04-29 21:41:27",support@realestate-usa-326.com
6757,"Tech USA Group 327",,Tech,USA,,,,,new,"2026-04-29 21:41:27",business@tech-usa-327.com
6758,"IT USA Group 328",,IT,USA,,,,,new,"2026-04-29 21:41:27",mail@it-usa-328.com
6759,"Logistics USA Group 329",,Logistics,USA,,,,,new,"2026-04-29 21:41:27",partner@logistics-usa-329.com
6760,"Finance USA Group 330",,Finance,USA,,,,,new,"2026-04-29 21:41:27",info@finance-usa-330.com
6761,"Consulting USA Group 331",,Consulting,USA,,,,,new,"2026-04-29 21:41:27",office@consulting-usa-331.com
6762,"Trading USA Group 332",,Trading,USA,,,,,new,"2026-04-29 21:41:27",contact@trading-usa-332.com
6763,"Manufacturing USA Group 333",,Manufacturing,USA,,,,,new,"2026-04-29 21:41:27",sales@manufacturing-usa-333.com
6764,"RealEstate USA Group 334",,RealEstate,USA,,,,,new,"2026-04-29 21:41:27",admin@realestate-usa-334.com
6765,"Tech USA Group 335",,Tech,USA,,,,,new,"2026-04-29 21:41:27",hello@tech-usa-335.com
6766,"IT USA Group 336",,IT,USA,,,,,new,"2026-04-29 21:41:27",support@it-usa-336.com
6767,"Logistics USA Group 337",,Logistics,USA,,,,,new,"2026-04-29 21:41:27",business@logistics-usa-337.com
6768,"Finance USA Group 338",,Finance,USA,,,,,new,"2026-04-29 21:41:27",mail@finance-usa-338.com
6769,"Consulting USA Group 339",,Consulting,USA,,,,,new,"2026-04-29 21:41:27",partner@consulting-usa-339.com
6770,"Trading USA Group 340",,Trading,USA,,,,,new,"2026-04-29 21:41:27",info@trading-usa-340.com
6771,"Manufacturing USA Group 341",,Manufacturing,USA,,,,,new,"2026-04-29 21:41:27",office@manufacturing-usa-341.com
6772,"RealEstate USA Group 342",,RealEstate,USA,,,,,new,"2026-04-29 21:41:27",contact@realestate-usa-342.com
6773,"Tech USA Group 343",,Tech,USA,,,,,new,"2026-04-29 21:41:27",sales@tech-usa-343.com
6774,"IT USA Group 344",,IT,USA,,,,,new,"2026-04-29 21:41:27",admin@it-usa-344.com
6775,"Logistics USA Group 345",,Logistics,USA,,,,,new,"2026-04-29 21:41:27",hello@logistics-usa-345.com
6776,"Finance USA Group 346",,Finance,USA,,,,,new,"2026-04-29 21:41:27",support@finance-usa-346.com
6777,"Consulting USA Group 347",,Consulting,USA,,,,,new,"2026-04-29 21:41:27",business@consulting-usa-347.com
6778,"Trading USA Group 348",,Trading,USA,,,,,new,"2026-04-29 21:41:27",mail@trading-usa-348.com
6779,"Manufacturing USA Group 349",,Manufacturing,USA,,,,,new,"2026-04-29 21:41:27",partner@manufacturing-usa-349.com
6780,"RealEstate USA Group 350",,RealEstate,USA,,,,,new,"2026-04-29 21:41:27",info@realestate-usa-350.com
6781,"Tech USA Group 351",,Tech,USA,,,,,new,"2026-04-29 21:41:27",office@tech-usa-351.com
6782,"IT USA Group 352",,IT,USA,,,,,new,"2026-04-29 21:41:27",contact@it-usa-352.com
6783,"Logistics USA Group 353",,Logistics,USA,,,,,new,"2026-04-29 21:41:27",sales@logistics-usa-353.com
6784,"Finance USA Group 354",,Finance,USA,,,,,new,"2026-04-29 21:41:27",admin@finance-usa-354.com
6785,"Consulting USA Group 355",,Consulting,USA,,,,,new,"2026-04-29 21:41:27",hello@consulting-usa-355.com
6786,"Trading USA Group 356",,Trading,USA,,,,,new,"2026-04-29 21:41:27",support@trading-usa-356.com
6787,"Manufacturing USA Group 357",,Manufacturing,USA,,,,,new,"2026-04-29 21:41:27",business@manufacturing-usa-357.com
6788,"RealEstate USA Group 358",,RealEstate,USA,,,,,new,"2026-04-29 21:41:27",mail@realestate-usa-358.com
6789,"Tech USA Group 359",,Tech,USA,,,,,new,"2026-04-29 21:41:27",partner@tech-usa-359.com
6790,"IT USA Group 360",,IT,USA,,,,,new,"2026-04-29 21:41:27",info@it-usa-360.com
6791,"Logistics USA Group 361",,Logistics,USA,,,,,new,"2026-04-29 21:41:27",office@logistics-usa-361.com
6792,"Finance USA Group 362",,Finance,USA,,,,,new,"2026-04-29 21:41:27",contact@finance-usa-362.com
6793,"Consulting USA Group 363",,Consulting,USA,,,,,new,"2026-04-29 21:41:27",sales@consulting-usa-363.com
6794,"Trading USA Group 364",,Trading,USA,,,,,new,"2026-04-29 21:41:27",admin@trading-usa-364.com
6795,"Manufacturing USA Group 365",,Manufacturing,USA,,,,,new,"2026-04-29 21:41:27",hello@manufacturing-usa-365.com
6796,"RealEstate USA Group 366",,RealEstate,USA,,,,,new,"2026-04-29 21:41:27",support@realestate-usa-366.com
6797,"Tech USA Group 367",,Tech,USA,,,,,new,"2026-04-29 21:41:27",business@tech-usa-367.com
6798,"IT USA Group 368",,IT,USA,,,,,new,"2026-04-29 21:41:27",mail@it-usa-368.com
6799,"Logistics USA Group 369",,Logistics,USA,,,,,new,"2026-04-29 21:41:27",partner@logistics-usa-369.com
6800,"Finance USA Group 370",,Finance,USA,,,,,new,"2026-04-29 21:41:27",info@finance-usa-370.com
6801,"Consulting USA Group 371",,Consulting,USA,,,,,new,"2026-04-29 21:41:27",office@consulting-usa-371.com
6802,"Trading USA Group 372",,Trading,USA,,,,,new,"2026-04-29 21:41:27",contact@trading-usa-372.com
6803,"Manufacturing USA Group 373",,Manufacturing,USA,,,,,new,"2026-04-29 21:41:27",sales@manufacturing-usa-373.com
6804,"RealEstate USA Group 374",,RealEstate,USA,,,,,new,"2026-04-29 21:41:27",admin@realestate-usa-374.com
6805,"Tech USA Group 375",,Tech,USA,,,,,new,"2026-04-29 21:41:27",hello@tech-usa-375.com
6806,"IT USA Group 376",,IT,USA,,,,,new,"2026-04-29 21:41:27",support@it-usa-376.com
6807,"Logistics USA Group 377",,Logistics,USA,,,,,new,"2026-04-29 21:41:27",business@logistics-usa-377.com
6808,"Finance USA Group 378",,Finance,USA,,,,,new,"2026-04-29 21:41:27",mail@finance-usa-378.com
6809,"Consulting USA Group 379",,Consulting,USA,,,,,new,"2026-04-29 21:41:27",partner@consulting-usa-379.com
6810,"Trading USA Group 380",,Trading,USA,,,,,new,"2026-04-29 21:41:27",info@trading-usa-380.com
6811,"Manufacturing USA Group 381",,Manufacturing,USA,,,,,new,"2026-04-29 21:41:27",office@manufacturing-usa-381.com
6812,"RealEstate USA Group 382",,RealEstate,USA,,,,,new,"2026-04-29 21:41:27",contact@realestate-usa-382.com
6813,"Tech USA Group 383",,Tech,USA,,,,,new,"2026-04-29 21:41:27",sales@tech-usa-383.com
6814,"IT USA Group 384",,IT,USA,,,,,new,"2026-04-29 21:41:27",admin@it-usa-384.com
6815,"Logistics USA Group 385",,Logistics,USA,,,,,new,"2026-04-29 21:41:27",hello@logistics-usa-385.com
6816,"Finance USA Group 386",,Finance,USA,,,,,new,"2026-04-29 21:41:27",support@finance-usa-386.com
6817,"Consulting USA Group 387",,Consulting,USA,,,,,new,"2026-04-29 21:41:27",business@consulting-usa-387.com
6818,"Trading USA Group 388",,Trading,USA,,,,,new,"2026-04-29 21:41:27",mail@trading-usa-388.com
6819,"Manufacturing USA Group 389",,Manufacturing,USA,,,,,new,"2026-04-29 21:41:27",partner@manufacturing-usa-389.com
6820,"RealEstate USA Group 390",,RealEstate,USA,,,,,new,"2026-04-29 21:41:27",info@realestate-usa-390.com
6821,"Tech USA Group 391",,Tech,USA,,,,,new,"2026-04-29 21:41:27",office@tech-usa-391.com
6822,"IT USA Group 392",,IT,USA,,,,,new,"2026-04-29 21:41:27",contact@it-usa-392.com
6823,"Logistics USA Group 393",,Logistics,USA,,,,,new,"2026-04-29 21:41:27",sales@logistics-usa-393.com
6824,"Finance USA Group 394",,Finance,USA,,,,,new,"2026-04-29 21:41:27",admin@finance-usa-394.com
6825,"Consulting USA Group 395",,Consulting,USA,,,,,new,"2026-04-29 21:41:27",hello@consulting-usa-395.com
6826,"Trading USA Group 396",,Trading,USA,,,,,new,"2026-04-29 21:41:27",support@trading-usa-396.com
6827,"Manufacturing USA Group 397",,Manufacturing,USA,,,,,new,"2026-04-29 21:41:27",business@manufacturing-usa-397.com
6828,"RealEstate USA Group 398",,RealEstate,USA,,,,,new,"2026-04-29 21:41:27",mail@realestate-usa-398.com
6829,"Tech USA Group 399",,Tech,USA,,,,,new,"2026-04-29 21:41:27",partner@tech-usa-399.com
6830,"IT USA Group 400",,IT,USA,,,,,new,"2026-04-29 21:41:27",info@it-usa-400.com
6831,"Logistics USA Group 401",,Logistics,USA,,,,,new,"2026-04-29 21:41:27",office@logistics-usa-401.com
6832,"Finance USA Group 402",,Finance,USA,,,,,new,"2026-04-29 21:41:27",contact@finance-usa-402.com
6833,"Consulting USA Group 403",,Consulting,USA,,,,,new,"2026-04-29 21:41:27",sales@consulting-usa-403.com
6834,"Trading USA Group 404",,Trading,USA,,,,,new,"2026-04-29 21:41:27",admin@trading-usa-404.com
6835,"Manufacturing USA Group 405",,Manufacturing,USA,,,,,new,"2026-04-29 21:41:27",hello@manufacturing-usa-405.com
6836,"RealEstate USA Group 406",,RealEstate,USA,,,,,new,"2026-04-29 21:41:27",support@realestate-usa-406.com
6837,"Tech USA Group 407",,Tech,USA,,,,,new,"2026-04-29 21:41:27",business@tech-usa-407.com
6838,"IT USA Group 408",,IT,USA,,,,,new,"2026-04-29 21:41:27",mail@it-usa-408.com
6839,"Logistics USA Group 409",,Logistics,USA,,,,,new,"2026-04-29 21:41:27",partner@logistics-usa-409.com
6840,"Finance USA Group 410",,Finance,USA,,,,,new,"2026-04-29 21:41:27",info@finance-usa-410.com
6841,"Consulting USA Group 411",,Consulting,USA,,,,,new,"2026-04-29 21:41:27",office@consulting-usa-411.com
6842,"Trading USA Group 412",,Trading,USA,,,,,new,"2026-04-29 21:41:27",contact@trading-usa-412.com
6843,"Manufacturing USA Group 413",,Manufacturing,USA,,,,,new,"2026-04-29 21:41:27",sales@manufacturing-usa-413.com
6844,"RealEstate USA Group 414",,RealEstate,USA,,,,,new,"2026-04-29 21:41:27",admin@realestate-usa-414.com
6845,"Tech USA Group 415",,Tech,USA,,,,,new,"2026-04-29 21:41:27",hello@tech-usa-415.com
6846,"IT USA Group 416",,IT,USA,,,,,new,"2026-04-29 21:41:27",support@it-usa-416.com
6847,"Logistics USA Group 417",,Logistics,USA,,,,,new,"2026-04-29 21:41:27",business@logistics-usa-417.com
6848,"Finance USA Group 418",,Finance,USA,,,,,new,"2026-04-29 21:41:27",mail@finance-usa-418.com
6849,"Consulting USA Group 419",,Consulting,USA,,,,,new,"2026-04-29 21:41:27",partner@consulting-usa-419.com
6850,"Trading USA Group 420",,Trading,USA,,,,,new,"2026-04-29 21:41:27",info@trading-usa-420.com
6851,"Manufacturing USA Group 421",,Manufacturing,USA,,,,,new,"2026-04-29 21:41:27",office@manufacturing-usa-421.com
6852,"RealEstate USA Group 422",,RealEstate,USA,,,,,new,"2026-04-29 21:41:27",contact@realestate-usa-422.com
6853,"Tech USA Group 423",,Tech,USA,,,,,new,"2026-04-29 21:41:27",sales@tech-usa-423.com
6854,"IT USA Group 424",,IT,USA,,,,,new,"2026-04-29 21:41:27",admin@it-usa-424.com
6855,"Logistics USA Group 425",,Logistics,USA,,,,,new,"2026-04-29 21:41:27",hello@logistics-usa-425.com
6856,"Finance USA Group 426",,Finance,USA,,,,,new,"2026-04-29 21:41:27",support@finance-usa-426.com
6857,"Consulting USA Group 427",,Consulting,USA,,,,,new,"2026-04-29 21:41:27",business@consulting-usa-427.com
6858,"Trading USA Group 428",,Trading,USA,,,,,new,"2026-04-29 21:41:27",mail@trading-usa-428.com
6859,"Manufacturing USA Group 429",,Manufacturing,USA,,,,,new,"2026-04-29 21:41:27",partner@manufacturing-usa-429.com
6860,"RealEstate USA Group 430",,RealEstate,USA,,,,,new,"2026-04-29 21:41:27",info@realestate-usa-430.com
6861,"Tech USA Group 431",,Tech,USA,,,,,new,"2026-04-29 21:41:27",office@tech-usa-431.com
6862,"IT USA Group 432",,IT,USA,,,,,new,"2026-04-29 21:41:27",contact@it-usa-432.com
6863,"Logistics USA Group 433",,Logistics,USA,,,,,new,"2026-04-29 21:41:27",sales@logistics-usa-433.com
6864,"Finance USA Group 434",,Finance,USA,,,,,new,"2026-04-29 21:41:27",admin@finance-usa-434.com
6865,"Consulting USA Group 435",,Consulting,USA,,,,,new,"2026-04-29 21:41:27",hello@consulting-usa-435.com
6866,"Trading USA Group 436",,Trading,USA,,,,,new,"2026-04-29 21:41:27",support@trading-usa-436.com
6867,"Manufacturing USA Group 437",,Manufacturing,USA,,,,,new,"2026-04-29 21:41:27",business@manufacturing-usa-437.com
6868,"RealEstate USA Group 438",,RealEstate,USA,,,,,new,"2026-04-29 21:41:27",mail@realestate-usa-438.com
6869,"Tech USA Group 439",,Tech,USA,,,,,new,"2026-04-29 21:41:27",partner@tech-usa-439.com
6870,"IT USA Group 440",,IT,USA,,,,,new,"2026-04-29 21:41:27",info@it-usa-440.com
6871,"Logistics USA Group 441",,Logistics,USA,,,,,new,"2026-04-29 21:41:27",office@logistics-usa-441.com
6872,"Finance USA Group 442",,Finance,USA,,,,,new,"2026-04-29 21:41:27",contact@finance-usa-442.com
6873,"Consulting USA Group 443",,Consulting,USA,,,,,new,"2026-04-29 21:41:27",sales@consulting-usa-443.com
6874,"Trading USA Group 444",,Trading,USA,,,,,new,"2026-04-29 21:41:27",admin@trading-usa-444.com
6875,"Manufacturing USA Group 445",,Manufacturing,USA,,,,,new,"2026-04-29 21:41:27",hello@manufacturing-usa-445.com
6876,"RealEstate USA Group 446",,RealEstate,USA,,,,,new,"2026-04-29 21:41:27",support@realestate-usa-446.com
6877,"Tech USA Group 447",,Tech,USA,,,,,new,"2026-04-29 21:41:27",business@tech-usa-447.com
6878,"IT USA Group 448",,IT,USA,,,,,new,"2026-04-29 21:41:27",mail@it-usa-448.com
6879,"Logistics USA Group 449",,Logistics,USA,,,,,new,"2026-04-29 21:41:27",partner@logistics-usa-449.com
6880,"Finance USA Group 450",,Finance,USA,,,,,new,"2026-04-29 21:41:27",info@finance-usa-450.com
6881,"Consulting USA Group 451",,Consulting,USA,,,,,new,"2026-04-29 21:41:27",office@consulting-usa-451.com
6882,"Trading USA Group 452",,Trading,USA,,,,,new,"2026-04-29 21:41:27",contact@trading-usa-452.com
6883,"Manufacturing USA Group 453",,Manufacturing,USA,,,,,new,"2026-04-29 21:41:27",sales@manufacturing-usa-453.com
6884,"RealEstate USA Group 454",,RealEstate,USA,,,,,new,"2026-04-29 21:41:27",admin@realestate-usa-454.com
6885,"Tech USA Group 455",,Tech,USA,,,,,new,"2026-04-29 21:41:27",hello@tech-usa-455.com
6886,"IT USA Group 456",,IT,USA,,,,,new,"2026-04-29 21:41:27",support@it-usa-456.com
6887,"Logistics USA Group 457",,Logistics,USA,,,,,new,"2026-04-29 21:41:27",business@logistics-usa-457.com
6888,"Finance USA Group 458",,Finance,USA,,,,,new,"2026-04-29 21:41:27",mail@finance-usa-458.com
6889,"Consulting USA Group 459",,Consulting,USA,,,,,new,"2026-04-29 21:41:27",partner@consulting-usa-459.com
6890,"Trading USA Group 460",,Trading,USA,,,,,new,"2026-04-29 21:41:27",info@trading-usa-460.com
6891,"Manufacturing USA Group 461",,Manufacturing,USA,,,,,new,"2026-04-29 21:41:27",office@manufacturing-usa-461.com
6892,"RealEstate USA Group 462",,RealEstate,USA,,,,,new,"2026-04-29 21:41:27",contact@realestate-usa-462.com
6893,"Tech USA Group 463",,Tech,USA,,,,,new,"2026-04-29 21:41:27",sales@tech-usa-463.com
6894,"IT USA Group 464",,IT,USA,,,,,new,"2026-04-29 21:41:27",admin@it-usa-464.com
6895,"Logistics USA Group 465",,Logistics,USA,,,,,new,"2026-04-29 21:41:27",hello@logistics-usa-465.com
6896,"Finance USA Group 466",,Finance,USA,,,,,new,"2026-04-29 21:41:27",support@finance-usa-466.com
6897,"Consulting USA Group 467",,Consulting,USA,,,,,new,"2026-04-29 21:41:27",business@consulting-usa-467.com
6898,"Trading USA Group 468",,Trading,USA,,,,,new,"2026-04-29 21:41:27",mail@trading-usa-468.com
6899,"Manufacturing USA Group 469",,Manufacturing,USA,,,,,new,"2026-04-29 21:41:27",partner@manufacturing-usa-469.com
6900,"RealEstate USA Group 470",,RealEstate,USA,,,,,new,"2026-04-29 21:41:27",info@realestate-usa-470.com
6901,"Tech USA Group 471",,Tech,USA,,,,,new,"2026-04-29 21:41:27",office@tech-usa-471.com
6902,"IT USA Group 472",,IT,USA,,,,,new,"2026-04-29 21:41:27",contact@it-usa-472.com
6903,"Logistics USA Group 473",,Logistics,USA,,,,,new,"2026-04-29 21:41:27",sales@logistics-usa-473.com
6904,"Finance USA Group 474",,Finance,USA,,,,,new,"2026-04-29 21:41:27",admin@finance-usa-474.com
6905,"Consulting USA Group 475",,Consulting,USA,,,,,new,"2026-04-29 21:41:27",hello@consulting-usa-475.com
6906,"Trading USA Group 476",,Trading,USA,,,,,new,"2026-04-29 21:41:27",support@trading-usa-476.com
6907,"Manufacturing USA Group 477",,Manufacturing,USA,,,,,new,"2026-04-29 21:41:27",business@manufacturing-usa-477.com
6908,"RealEstate USA Group 478",,RealEstate,USA,,,,,new,"2026-04-29 21:41:27",mail@realestate-usa-478.com
6909,"Tech USA Group 479",,Tech,USA,,,,,new,"2026-04-29 21:41:27",partner@tech-usa-479.com
6910,"IT USA Group 480",,IT,USA,,,,,new,"2026-04-29 21:41:27",info@it-usa-480.com
6911,"Logistics USA Group 481",,Logistics,USA,,,,,new,"2026-04-29 21:41:27",office@logistics-usa-481.com
6912,"Finance USA Group 482",,Finance,USA,,,,,new,"2026-04-29 21:41:27",contact@finance-usa-482.com
6913,"Consulting USA Group 483",,Consulting,USA,,,,,new,"2026-04-29 21:41:27",sales@consulting-usa-483.com
6914,"Trading USA Group 484",,Trading,USA,,,,,new,"2026-04-29 21:41:27",admin@trading-usa-484.com
6915,"Manufacturing USA Group 485",,Manufacturing,USA,,,,,new,"2026-04-29 21:41:27",hello@manufacturing-usa-485.com
6916,"RealEstate USA Group 486",,RealEstate,USA,,,,,new,"2026-04-29 21:41:27",support@realestate-usa-486.com
6917,"Tech USA Group 487",,Tech,USA,,,,,new,"2026-04-29 21:41:27",business@tech-usa-487.com
6918,"IT USA Group 488",,IT,USA,,,,,new,"2026-04-29 21:41:27",mail@it-usa-488.com
6919,"Logistics USA Group 489",,Logistics,USA,,,,,new,"2026-04-29 21:41:27",partner@logistics-usa-489.com
6920,"Finance USA Group 490",,Finance,USA,,,,,new,"2026-04-29 21:41:27",info@finance-usa-490.com
6921,"Consulting USA Group 491",,Consulting,USA,,,,,new,"2026-04-29 21:41:27",office@consulting-usa-491.com
6922,"Trading USA Group 492",,Trading,USA,,,,,new,"2026-04-29 21:41:27",contact@trading-usa-492.com
6923,"Manufacturing USA Group 493",,Manufacturing,USA,,,,,new,"2026-04-29 21:41:27",sales@manufacturing-usa-493.com
6924,"RealEstate USA Group 494",,RealEstate,USA,,,,,new,"2026-04-29 21:41:27",admin@realestate-usa-494.com
6925,"Tech USA Group 495",,Tech,USA,,,,,new,"2026-04-29 21:41:27",hello@tech-usa-495.com
6926,"IT USA Group 496",,IT,USA,,,,,new,"2026-04-29 21:41:27",support@it-usa-496.com
6927,"Logistics USA Group 497",,Logistics,USA,,,,,new,"2026-04-29 21:41:27",business@logistics-usa-497.com
6928,"Finance USA Group 498",,Finance,USA,,,,,new,"2026-04-29 21:41:27",mail@finance-usa-498.com
6929,"Consulting USA Group 499",,Consulting,USA,,,,,new,"2026-04-29 21:41:27",partner@consulting-usa-499.com
6930,"Trading USA Group 500",,Trading,USA,,,,,new,"2026-04-29 21:41:27",info@trading-usa-500.com
6931,"Logistics India Group 1",,Logistics,India,,,,,new,"2026-04-29 21:41:27",office@logistics-india-1.in
6932,"Finance India Group 2",,Finance,India,,,,,new,"2026-04-29 21:41:27",contact@finance-india-2.in
6933,"Consulting India Group 3",,Consulting,India,,,,,new,"2026-04-29 21:41:27",sales@consulting-india-3.in
6934,"Trading India Group 4",,Trading,India,,,,,new,"2026-04-29 21:41:27",admin@trading-india-4.in
6935,"Manufacturing India Group 5",,Manufacturing,India,,,,,new,"2026-04-29 21:41:27",hello@manufacturing-india-5.in
6936,"RealEstate India Group 6",,RealEstate,India,,,,,new,"2026-04-29 21:41:27",support@realestate-india-6.in
6937,"Tech India Group 7",,Tech,India,,,,,new,"2026-04-29 21:41:27",business@tech-india-7.in
6938,"IT India Group 8",,IT,India,,,,,new,"2026-04-29 21:41:27",mail@it-india-8.in
6939,"Logistics India Group 9",,Logistics,India,,,,,new,"2026-04-29 21:41:27",partner@logistics-india-9.in
6940,"Finance India Group 10",,Finance,India,,,,,new,"2026-04-29 21:41:27",info@finance-india-10.in
6941,"Consulting India Group 11",,Consulting,India,,,,,new,"2026-04-29 21:41:27",office@consulting-india-11.in
6942,"Trading India Group 12",,Trading,India,,,,,new,"2026-04-29 21:41:27",contact@trading-india-12.in
6943,"Manufacturing India Group 13",,Manufacturing,India,,,,,new,"2026-04-29 21:41:27",sales@manufacturing-india-13.in
6944,"RealEstate India Group 14",,RealEstate,India,,,,,new,"2026-04-29 21:41:27",admin@realestate-india-14.in
6945,"Tech India Group 15",,Tech,India,,,,,new,"2026-04-29 21:41:27",hello@tech-india-15.in
6946,"IT India Group 16",,IT,India,,,,,new,"2026-04-29 21:41:27",support@it-india-16.in
6947,"Logistics India Group 17",,Logistics,India,,,,,new,"2026-04-29 21:41:27",business@logistics-india-17.in
6948,"Finance India Group 18",,Finance,India,,,,,new,"2026-04-29 21:41:27",mail@finance-india-18.in
6949,"Consulting India Group 19",,Consulting,India,,,,,new,"2026-04-29 21:41:27",partner@consulting-india-19.in
6950,"Trading India Group 20",,Trading,India,,,,,new,"2026-04-29 21:41:27",info@trading-india-20.in
6951,"Manufacturing India Group 21",,Manufacturing,India,,,,,new,"2026-04-29 21:41:27",office@manufacturing-india-21.in
6952,"RealEstate India Group 22",,RealEstate,India,,,,,new,"2026-04-29 21:41:27",contact@realestate-india-22.in
6953,"Tech India Group 23",,Tech,India,,,,,new,"2026-04-29 21:41:27",sales@tech-india-23.in
6954,"IT India Group 24",,IT,India,,,,,new,"2026-04-29 21:41:27",admin@it-india-24.in
6955,"Logistics India Group 25",,Logistics,India,,,,,new,"2026-04-29 21:41:27",hello@logistics-india-25.in
6956,"Finance India Group 26",,Finance,India,,,,,new,"2026-04-29 21:41:27",support@finance-india-26.in
6957,"Consulting India Group 27",,Consulting,India,,,,,new,"2026-04-29 21:41:27",business@consulting-india-27.in
6958,"Trading India Group 28",,Trading,India,,,,,new,"2026-04-29 21:41:27",mail@trading-india-28.in
6959,"Manufacturing India Group 29",,Manufacturing,India,,,,,new,"2026-04-29 21:41:27",partner@manufacturing-india-29.in
6960,"RealEstate India Group 30",,RealEstate,India,,,,,new,"2026-04-29 21:41:27",info@realestate-india-30.in
6961,"Tech India Group 31",,Tech,India,,,,,new,"2026-04-29 21:41:27",office@tech-india-31.in
6962,"IT India Group 32",,IT,India,,,,,new,"2026-04-29 21:41:27",contact@it-india-32.in
6963,"Logistics India Group 33",,Logistics,India,,,,,new,"2026-04-29 21:41:27",sales@logistics-india-33.in
6964,"Finance India Group 34",,Finance,India,,,,,new,"2026-04-29 21:41:27",admin@finance-india-34.in
6965,"Consulting India Group 35",,Consulting,India,,,,,new,"2026-04-29 21:41:27",hello@consulting-india-35.in
6966,"Trading India Group 36",,Trading,India,,,,,new,"2026-04-29 21:41:27",support@trading-india-36.in
6967,"Manufacturing India Group 37",,Manufacturing,India,,,,,new,"2026-04-29 21:41:27",business@manufacturing-india-37.in
6968,"RealEstate India Group 38",,RealEstate,India,,,,,new,"2026-04-29 21:41:27",mail@realestate-india-38.in
6969,"Tech India Group 39",,Tech,India,,,,,new,"2026-04-29 21:41:27",partner@tech-india-39.in
6970,"IT India Group 40",,IT,India,,,,,new,"2026-04-29 21:41:27",info@it-india-40.in
6971,"Logistics India Group 41",,Logistics,India,,,,,new,"2026-04-29 21:41:27",office@logistics-india-41.in
6972,"Finance India Group 42",,Finance,India,,,,,new,"2026-04-29 21:41:27",contact@finance-india-42.in
6973,"Consulting India Group 43",,Consulting,India,,,,,new,"2026-04-29 21:41:27",sales@consulting-india-43.in
6974,"Trading India Group 44",,Trading,India,,,,,new,"2026-04-29 21:41:27",admin@trading-india-44.in
6975,"Manufacturing India Group 45",,Manufacturing,India,,,,,new,"2026-04-29 21:41:27",hello@manufacturing-india-45.in
6976,"RealEstate India Group 46",,RealEstate,India,,,,,new,"2026-04-29 21:41:27",support@realestate-india-46.in
6977,"Tech India Group 47",,Tech,India,,,,,new,"2026-04-29 21:41:27",business@tech-india-47.in
6978,"IT India Group 48",,IT,India,,,,,new,"2026-04-29 21:41:27",mail@it-india-48.in
6979,"Logistics India Group 49",,Logistics,India,,,,,new,"2026-04-29 21:41:27",partner@logistics-india-49.in
6980,"Finance India Group 50",,Finance,India,,,,,new,"2026-04-29 21:41:27",info@finance-india-50.in
6981,"Consulting India Group 51",,Consulting,India,,,,,new,"2026-04-29 21:41:27",office@consulting-india-51.in
6982,"Trading India Group 52",,Trading,India,,,,,new,"2026-04-29 21:41:27",contact@trading-india-52.in
6983,"Manufacturing India Group 53",,Manufacturing,India,,,,,new,"2026-04-29 21:41:27",sales@manufacturing-india-53.in
6984,"RealEstate India Group 54",,RealEstate,India,,,,,new,"2026-04-29 21:41:27",admin@realestate-india-54.in
6985,"Tech India Group 55",,Tech,India,,,,,new,"2026-04-29 21:41:27",hello@tech-india-55.in
6986,"IT India Group 56",,IT,India,,,,,new,"2026-04-29 21:41:27",support@it-india-56.in
6987,"Logistics India Group 57",,Logistics,India,,,,,new,"2026-04-29 21:41:27",business@logistics-india-57.in
6988,"Finance India Group 58",,Finance,India,,,,,new,"2026-04-29 21:41:27",mail@finance-india-58.in
6989,"Consulting India Group 59",,Consulting,India,,,,,new,"2026-04-29 21:41:27",partner@consulting-india-59.in
6990,"Trading India Group 60",,Trading,India,,,,,new,"2026-04-29 21:41:27",info@trading-india-60.in
6991,"Manufacturing India Group 61",,Manufacturing,India,,,,,new,"2026-04-29 21:41:27",office@manufacturing-india-61.in
6992,"RealEstate India Group 62",,RealEstate,India,,,,,new,"2026-04-29 21:41:27",contact@realestate-india-62.in
6993,"Tech India Group 63",,Tech,India,,,,,new,"2026-04-29 21:41:27",sales@tech-india-63.in
6994,"IT India Group 64",,IT,India,,,,,new,"2026-04-29 21:41:27",admin@it-india-64.in
6995,"Logistics India Group 65",,Logistics,India,,,,,new,"2026-04-29 21:41:27",hello@logistics-india-65.in
6996,"Finance India Group 66",,Finance,India,,,,,new,"2026-04-29 21:41:27",support@finance-india-66.in
6997,"Consulting India Group 67",,Consulting,India,,,,,new,"2026-04-29 21:41:27",business@consulting-india-67.in
6998,"Trading India Group 68",,Trading,India,,,,,new,"2026-04-29 21:41:27",mail@trading-india-68.in
6999,"Manufacturing India Group 69",,Manufacturing,India,,,,,new,"2026-04-29 21:41:27",partner@manufacturing-india-69.in
7000,"RealEstate India Group 70",,RealEstate,India,,,,,new,"2026-04-29 21:41:27",info@realestate-india-70.in
7001,"Tech India Group 71",,Tech,India,,,,,new,"2026-04-29 21:41:27",office@tech-india-71.in
7002,"IT India Group 72",,IT,India,,,,,new,"2026-04-29 21:41:27",contact@it-india-72.in
7003,"Logistics India Group 73",,Logistics,India,,,,,new,"2026-04-29 21:41:27",sales@logistics-india-73.in
7004,"Finance India Group 74",,Finance,India,,,,,new,"2026-04-29 21:41:27",admin@finance-india-74.in
7005,"Consulting India Group 75",,Consulting,India,,,,,new,"2026-04-29 21:41:27",hello@consulting-india-75.in
7006,"Trading India Group 76",,Trading,India,,,,,new,"2026-04-29 21:41:27",support@trading-india-76.in
7007,"Manufacturing India Group 77",,Manufacturing,India,,,,,new,"2026-04-29 21:41:27",business@manufacturing-india-77.in
7008,"RealEstate India Group 78",,RealEstate,India,,,,,new,"2026-04-29 21:41:27",mail@realestate-india-78.in
7009,"Tech India Group 79",,Tech,India,,,,,new,"2026-04-29 21:41:27",partner@tech-india-79.in
7010,"IT India Group 80",,IT,India,,,,,new,"2026-04-29 21:41:27",info@it-india-80.in
7011,"Logistics India Group 81",,Logistics,India,,,,,new,"2026-04-29 21:41:27",office@logistics-india-81.in
7012,"Finance India Group 82",,Finance,India,,,,,new,"2026-04-29 21:41:27",contact@finance-india-82.in
7013,"Consulting India Group 83",,Consulting,India,,,,,new,"2026-04-29 21:41:27",sales@consulting-india-83.in
7014,"Trading India Group 84",,Trading,India,,,,,new,"2026-04-29 21:41:27",admin@trading-india-84.in
7015,"Manufacturing India Group 85",,Manufacturing,India,,,,,new,"2026-04-29 21:41:27",hello@manufacturing-india-85.in
7016,"RealEstate India Group 86",,RealEstate,India,,,,,new,"2026-04-29 21:41:27",support@realestate-india-86.in
7017,"Tech India Group 87",,Tech,India,,,,,new,"2026-04-29 21:41:27",business@tech-india-87.in
7018,"IT India Group 88",,IT,India,,,,,new,"2026-04-29 21:41:27",mail@it-india-88.in
7019,"Logistics India Group 89",,Logistics,India,,,,,new,"2026-04-29 21:41:27",partner@logistics-india-89.in
7020,"Finance India Group 90",,Finance,India,,,,,new,"2026-04-29 21:41:27",info@finance-india-90.in
7021,"Consulting India Group 91",,Consulting,India,,,,,new,"2026-04-29 21:41:27",office@consulting-india-91.in
7022,"Trading India Group 92",,Trading,India,,,,,new,"2026-04-29 21:41:27",contact@trading-india-92.in
7023,"Manufacturing India Group 93",,Manufacturing,India,,,,,new,"2026-04-29 21:41:27",sales@manufacturing-india-93.in
7024,"RealEstate India Group 94",,RealEstate,India,,,,,new,"2026-04-29 21:41:27",admin@realestate-india-94.in
7025,"Tech India Group 95",,Tech,India,,,,,new,"2026-04-29 21:41:27",hello@tech-india-95.in
7026,"IT India Group 96",,IT,India,,,,,new,"2026-04-29 21:41:27",support@it-india-96.in
7027,"Logistics India Group 97",,Logistics,India,,,,,new,"2026-04-29 21:41:27",business@logistics-india-97.in
7028,"Finance India Group 98",,Finance,India,,,,,new,"2026-04-29 21:41:27",mail@finance-india-98.in
7029,"Consulting India Group 99",,Consulting,India,,,,,new,"2026-04-29 21:41:27",partner@consulting-india-99.in
7030,"Trading India Group 100",,Trading,India,,,,,new,"2026-04-29 21:41:27",info@trading-india-100.in
7031,"Manufacturing India Group 101",,Manufacturing,India,,,,,new,"2026-04-29 21:41:27",office@manufacturing-india-101.in
7032,"RealEstate India Group 102",,RealEstate,India,,,,,new,"2026-04-29 21:41:27",contact@realestate-india-102.in
7033,"Tech India Group 103",,Tech,India,,,,,new,"2026-04-29 21:41:27",sales@tech-india-103.in
7034,"IT India Group 104",,IT,India,,,,,new,"2026-04-29 21:41:27",admin@it-india-104.in
7035,"Logistics India Group 105",,Logistics,India,,,,,new,"2026-04-29 21:41:27",hello@logistics-india-105.in
7036,"Finance India Group 106",,Finance,India,,,,,new,"2026-04-29 21:41:27",support@finance-india-106.in
7037,"Consulting India Group 107",,Consulting,India,,,,,new,"2026-04-29 21:41:27",business@consulting-india-107.in
7038,"Trading India Group 108",,Trading,India,,,,,new,"2026-04-29 21:41:27",mail@trading-india-108.in
7039,"Manufacturing India Group 109",,Manufacturing,India,,,,,new,"2026-04-29 21:41:27",partner@manufacturing-india-109.in
7040,"RealEstate India Group 110",,RealEstate,India,,,,,new,"2026-04-29 21:41:27",info@realestate-india-110.in
7041,"Tech India Group 111",,Tech,India,,,,,new,"2026-04-29 21:41:27",office@tech-india-111.in
7042,"IT India Group 112",,IT,India,,,,,new,"2026-04-29 21:41:27",contact@it-india-112.in
7043,"Logistics India Group 113",,Logistics,India,,,,,new,"2026-04-29 21:41:27",sales@logistics-india-113.in
7044,"Finance India Group 114",,Finance,India,,,,,new,"2026-04-29 21:41:27",admin@finance-india-114.in
7045,"Consulting India Group 115",,Consulting,India,,,,,new,"2026-04-29 21:41:27",hello@consulting-india-115.in
7046,"Trading India Group 116",,Trading,India,,,,,new,"2026-04-29 21:41:27",support@trading-india-116.in
7047,"Manufacturing India Group 117",,Manufacturing,India,,,,,new,"2026-04-29 21:41:27",business@manufacturing-india-117.in
7048,"RealEstate India Group 118",,RealEstate,India,,,,,new,"2026-04-29 21:41:27",mail@realestate-india-118.in
7049,"Tech India Group 119",,Tech,India,,,,,new,"2026-04-29 21:41:27",partner@tech-india-119.in
7050,"IT India Group 120",,IT,India,,,,,new,"2026-04-29 21:41:27",info@it-india-120.in
7051,"Logistics India Group 121",,Logistics,India,,,,,new,"2026-04-29 21:41:27",office@logistics-india-121.in
7052,"Finance India Group 122",,Finance,India,,,,,new,"2026-04-29 21:41:27",contact@finance-india-122.in
7053,"Consulting India Group 123",,Consulting,India,,,,,new,"2026-04-29 21:41:27",sales@consulting-india-123.in
7054,"Trading India Group 124",,Trading,India,,,,,new,"2026-04-29 21:41:27",admin@trading-india-124.in
7055,"Manufacturing India Group 125",,Manufacturing,India,,,,,new,"2026-04-29 21:41:27",hello@manufacturing-india-125.in
7056,"RealEstate India Group 126",,RealEstate,India,,,,,new,"2026-04-29 21:41:27",support@realestate-india-126.in
7057,"Tech India Group 127",,Tech,India,,,,,new,"2026-04-29 21:41:27",business@tech-india-127.in
7058,"IT India Group 128",,IT,India,,,,,new,"2026-04-29 21:41:27",mail@it-india-128.in
7059,"Logistics India Group 129",,Logistics,India,,,,,new,"2026-04-29 21:41:27",partner@logistics-india-129.in
7060,"Finance India Group 130",,Finance,India,,,,,new,"2026-04-29 21:41:27",info@finance-india-130.in
7061,"Consulting India Group 131",,Consulting,India,,,,,new,"2026-04-29 21:41:27",office@consulting-india-131.in
7062,"Trading India Group 132",,Trading,India,,,,,new,"2026-04-29 21:41:27",contact@trading-india-132.in
7063,"Manufacturing India Group 133",,Manufacturing,India,,,,,new,"2026-04-29 21:41:27",sales@manufacturing-india-133.in
7064,"RealEstate India Group 134",,RealEstate,India,,,,,new,"2026-04-29 21:41:27",admin@realestate-india-134.in
7065,"Tech India Group 135",,Tech,India,,,,,new,"2026-04-29 21:41:27",hello@tech-india-135.in
7066,"IT India Group 136",,IT,India,,,,,new,"2026-04-29 21:41:27",support@it-india-136.in
7067,"Logistics India Group 137",,Logistics,India,,,,,new,"2026-04-29 21:41:27",business@logistics-india-137.in
7068,"Finance India Group 138",,Finance,India,,,,,new,"2026-04-29 21:41:27",mail@finance-india-138.in
7069,"Consulting India Group 139",,Consulting,India,,,,,new,"2026-04-29 21:41:27",partner@consulting-india-139.in
7070,"Trading India Group 140",,Trading,India,,,,,new,"2026-04-29 21:41:27",info@trading-india-140.in
7071,"Manufacturing India Group 141",,Manufacturing,India,,,,,new,"2026-04-29 21:41:27",office@manufacturing-india-141.in
7072,"RealEstate India Group 142",,RealEstate,India,,,,,new,"2026-04-29 21:41:27",contact@realestate-india-142.in
7073,"Tech India Group 143",,Tech,India,,,,,new,"2026-04-29 21:41:27",sales@tech-india-143.in
7074,"IT India Group 144",,IT,India,,,,,new,"2026-04-29 21:41:27",admin@it-india-144.in
7075,"Logistics India Group 145",,Logistics,India,,,,,new,"2026-04-29 21:41:27",hello@logistics-india-145.in
7076,"Finance India Group 146",,Finance,India,,,,,new,"2026-04-29 21:41:27",support@finance-india-146.in
7077,"Consulting India Group 147",,Consulting,India,,,,,new,"2026-04-29 21:41:27",business@consulting-india-147.in
7078,"Trading India Group 148",,Trading,India,,,,,new,"2026-04-29 21:41:27",mail@trading-india-148.in
7079,"Manufacturing India Group 149",,Manufacturing,India,,,,,new,"2026-04-29 21:41:27",partner@manufacturing-india-149.in
7080,"RealEstate India Group 150",,RealEstate,India,,,,,new,"2026-04-29 21:41:27",info@realestate-india-150.in
7081,"Tech India Group 151",,Tech,India,,,,,new,"2026-04-29 21:41:27",office@tech-india-151.in
7082,"IT India Group 152",,IT,India,,,,,new,"2026-04-29 21:41:27",contact@it-india-152.in
7083,"Logistics India Group 153",,Logistics,India,,,,,new,"2026-04-29 21:41:27",sales@logistics-india-153.in
7084,"Finance India Group 154",,Finance,India,,,,,new,"2026-04-29 21:41:27",admin@finance-india-154.in
7085,"Consulting India Group 155",,Consulting,India,,,,,new,"2026-04-29 21:41:27",hello@consulting-india-155.in
7086,"Trading India Group 156",,Trading,India,,,,,new,"2026-04-29 21:41:27",support@trading-india-156.in
7087,"Manufacturing India Group 157",,Manufacturing,India,,,,,new,"2026-04-29 21:41:27",business@manufacturing-india-157.in
7088,"RealEstate India Group 158",,RealEstate,India,,,,,new,"2026-04-29 21:41:27",mail@realestate-india-158.in
7089,"Tech India Group 159",,Tech,India,,,,,new,"2026-04-29 21:41:27",partner@tech-india-159.in
7090,"IT India Group 160",,IT,India,,,,,new,"2026-04-29 21:41:27",info@it-india-160.in
7091,"Logistics India Group 161",,Logistics,India,,,,,new,"2026-04-29 21:41:27",office@logistics-india-161.in
7092,"Finance India Group 162",,Finance,India,,,,,new,"2026-04-29 21:41:27",contact@finance-india-162.in
7093,"Consulting India Group 163",,Consulting,India,,,,,new,"2026-04-29 21:41:27",sales@consulting-india-163.in
7094,"Trading India Group 164",,Trading,India,,,,,new,"2026-04-29 21:41:27",admin@trading-india-164.in
7095,"Manufacturing India Group 165",,Manufacturing,India,,,,,new,"2026-04-29 21:41:27",hello@manufacturing-india-165.in
7096,"RealEstate India Group 166",,RealEstate,India,,,,,new,"2026-04-29 21:41:27",support@realestate-india-166.in
7097,"Tech India Group 167",,Tech,India,,,,,new,"2026-04-29 21:41:27",business@tech-india-167.in
7098,"IT India Group 168",,IT,India,,,,,new,"2026-04-29 21:41:27",mail@it-india-168.in
7099,"Logistics India Group 169",,Logistics,India,,,,,new,"2026-04-29 21:41:27",partner@logistics-india-169.in
7100,"Finance India Group 170",,Finance,India,,,,,new,"2026-04-29 21:41:27",info@finance-india-170.in
7101,"Consulting India Group 171",,Consulting,India,,,,,new,"2026-04-29 21:41:27",office@consulting-india-171.in
7102,"Trading India Group 172",,Trading,India,,,,,new,"2026-04-29 21:41:27",contact@trading-india-172.in
7103,"Manufacturing India Group 173",,Manufacturing,India,,,,,new,"2026-04-29 21:41:27",sales@manufacturing-india-173.in
7104,"RealEstate India Group 174",,RealEstate,India,,,,,new,"2026-04-29 21:41:27",admin@realestate-india-174.in
7105,"Tech India Group 175",,Tech,India,,,,,new,"2026-04-29 21:41:27",hello@tech-india-175.in
7106,"IT India Group 176",,IT,India,,,,,new,"2026-04-29 21:41:27",support@it-india-176.in
7107,"Logistics India Group 177",,Logistics,India,,,,,new,"2026-04-29 21:41:27",business@logistics-india-177.in
7108,"Finance India Group 178",,Finance,India,,,,,new,"2026-04-29 21:41:27",mail@finance-india-178.in
7109,"Consulting India Group 179",,Consulting,India,,,,,new,"2026-04-29 21:41:27",partner@consulting-india-179.in
7110,"Trading India Group 180",,Trading,India,,,,,new,"2026-04-29 21:41:27",info@trading-india-180.in
7111,"Manufacturing India Group 181",,Manufacturing,India,,,,,new,"2026-04-29 21:41:27",office@manufacturing-india-181.in
7112,"RealEstate India Group 182",,RealEstate,India,,,,,new,"2026-04-29 21:41:27",contact@realestate-india-182.in
7113,"Tech India Group 183",,Tech,India,,,,,new,"2026-04-29 21:41:27",sales@tech-india-183.in
7114,"IT India Group 184",,IT,India,,,,,new,"2026-04-29 21:41:27",admin@it-india-184.in
7115,"Logistics India Group 185",,Logistics,India,,,,,new,"2026-04-29 21:41:27",hello@logistics-india-185.in
7116,"Finance India Group 186",,Finance,India,,,,,new,"2026-04-29 21:41:27",support@finance-india-186.in
7117,"Consulting India Group 187",,Consulting,India,,,,,new,"2026-04-29 21:41:27",business@consulting-india-187.in
7118,"Trading India Group 188",,Trading,India,,,,,new,"2026-04-29 21:41:27",mail@trading-india-188.in
7119,"Manufacturing India Group 189",,Manufacturing,India,,,,,new,"2026-04-29 21:41:27",partner@manufacturing-india-189.in
7120,"RealEstate India Group 190",,RealEstate,India,,,,,new,"2026-04-29 21:41:27",info@realestate-india-190.in
7121,"Tech India Group 191",,Tech,India,,,,,new,"2026-04-29 21:41:27",office@tech-india-191.in
7122,"IT India Group 192",,IT,India,,,,,new,"2026-04-29 21:41:27",contact@it-india-192.in
7123,"Logistics India Group 193",,Logistics,India,,,,,new,"2026-04-29 21:41:27",sales@logistics-india-193.in
7124,"Finance India Group 194",,Finance,India,,,,,new,"2026-04-29 21:41:27",admin@finance-india-194.in
7125,"Consulting India Group 195",,Consulting,India,,,,,new,"2026-04-29 21:41:27",hello@consulting-india-195.in
7126,"Trading India Group 196",,Trading,India,,,,,new,"2026-04-29 21:41:27",support@trading-india-196.in
7127,"Manufacturing India Group 197",,Manufacturing,India,,,,,new,"2026-04-29 21:41:27",business@manufacturing-india-197.in
7128,"RealEstate India Group 198",,RealEstate,India,,,,,new,"2026-04-29 21:41:27",mail@realestate-india-198.in
7129,"Tech India Group 199",,Tech,India,,,,,new,"2026-04-29 21:41:27",partner@tech-india-199.in
7130,"IT India Group 200",,IT,India,,,,,new,"2026-04-29 21:41:27",info@it-india-200.in
7131,"Logistics India Group 201",,Logistics,India,,,,,new,"2026-04-29 21:41:27",office@logistics-india-201.in
7132,"Finance India Group 202",,Finance,India,,,,,new,"2026-04-29 21:41:27",contact@finance-india-202.in
7133,"Consulting India Group 203",,Consulting,India,,,,,new,"2026-04-29 21:41:27",sales@consulting-india-203.in
7134,"Trading India Group 204",,Trading,India,,,,,new,"2026-04-29 21:41:27",admin@trading-india-204.in
7135,"Manufacturing India Group 205",,Manufacturing,India,,,,,new,"2026-04-29 21:41:27",hello@manufacturing-india-205.in
7136,"RealEstate India Group 206",,RealEstate,India,,,,,new,"2026-04-29 21:41:27",support@realestate-india-206.in
7137,"Tech India Group 207",,Tech,India,,,,,new,"2026-04-29 21:41:27",business@tech-india-207.in
7138,"IT India Group 208",,IT,India,,,,,new,"2026-04-29 21:41:27",mail@it-india-208.in
7139,"Logistics India Group 209",,Logistics,India,,,,,new,"2026-04-29 21:41:27",partner@logistics-india-209.in
7140,"Finance India Group 210",,Finance,India,,,,,new,"2026-04-29 21:41:27",info@finance-india-210.in
7141,"Consulting India Group 211",,Consulting,India,,,,,new,"2026-04-29 21:41:27",office@consulting-india-211.in
7142,"Trading India Group 212",,Trading,India,,,,,new,"2026-04-29 21:41:27",contact@trading-india-212.in
7143,"Manufacturing India Group 213",,Manufacturing,India,,,,,new,"2026-04-29 21:41:27",sales@manufacturing-india-213.in
7144,"RealEstate India Group 214",,RealEstate,India,,,,,new,"2026-04-29 21:41:27",admin@realestate-india-214.in
7145,"Tech India Group 215",,Tech,India,,,,,new,"2026-04-29 21:41:27",hello@tech-india-215.in
7146,"IT India Group 216",,IT,India,,,,,new,"2026-04-29 21:41:27",support@it-india-216.in
7147,"Logistics India Group 217",,Logistics,India,,,,,new,"2026-04-29 21:41:27",business@logistics-india-217.in
7148,"Finance India Group 218",,Finance,India,,,,,new,"2026-04-29 21:41:27",mail@finance-india-218.in
7149,"Consulting India Group 219",,Consulting,India,,,,,new,"2026-04-29 21:41:27",partner@consulting-india-219.in
7150,"Trading India Group 220",,Trading,India,,,,,new,"2026-04-29 21:41:27",info@trading-india-220.in
7151,"Manufacturing India Group 221",,Manufacturing,India,,,,,new,"2026-04-29 21:41:27",office@manufacturing-india-221.in
7152,"RealEstate India Group 222",,RealEstate,India,,,,,new,"2026-04-29 21:41:27",contact@realestate-india-222.in
7153,"Tech India Group 223",,Tech,India,,,,,new,"2026-04-29 21:41:27",sales@tech-india-223.in
7154,"IT India Group 224",,IT,India,,,,,new,"2026-04-29 21:41:27",admin@it-india-224.in
7155,"Logistics India Group 225",,Logistics,India,,,,,new,"2026-04-29 21:41:27",hello@logistics-india-225.in
7156,"Finance India Group 226",,Finance,India,,,,,new,"2026-04-29 21:41:27",support@finance-india-226.in
7157,"Consulting India Group 227",,Consulting,India,,,,,new,"2026-04-29 21:41:27",business@consulting-india-227.in
7158,"Trading India Group 228",,Trading,India,,,,,new,"2026-04-29 21:41:27",mail@trading-india-228.in
7159,"Manufacturing India Group 229",,Manufacturing,India,,,,,new,"2026-04-29 21:41:27",partner@manufacturing-india-229.in
7160,"RealEstate India Group 230",,RealEstate,India,,,,,new,"2026-04-29 21:41:27",info@realestate-india-230.in
7161,"Tech India Group 231",,Tech,India,,,,,new,"2026-04-29 21:41:27",office@tech-india-231.in
7162,"IT India Group 232",,IT,India,,,,,new,"2026-04-29 21:41:27",contact@it-india-232.in
7163,"Logistics India Group 233",,Logistics,India,,,,,new,"2026-04-29 21:41:27",sales@logistics-india-233.in
7164,"Finance India Group 234",,Finance,India,,,,,new,"2026-04-29 21:41:27",admin@finance-india-234.in
7165,"Consulting India Group 235",,Consulting,India,,,,,new,"2026-04-29 21:41:27",hello@consulting-india-235.in
7166,"Trading India Group 236",,Trading,India,,,,,new,"2026-04-29 21:41:27",support@trading-india-236.in
7167,"Manufacturing India Group 237",,Manufacturing,India,,,,,new,"2026-04-29 21:41:27",business@manufacturing-india-237.in
7168,"RealEstate India Group 238",,RealEstate,India,,,,,new,"2026-04-29 21:41:27",mail@realestate-india-238.in
7169,"Tech India Group 239",,Tech,India,,,,,new,"2026-04-29 21:41:27",partner@tech-india-239.in
7170,"IT India Group 240",,IT,India,,,,,new,"2026-04-29 21:41:27",info@it-india-240.in
7171,"Logistics India Group 241",,Logistics,India,,,,,new,"2026-04-29 21:41:27",office@logistics-india-241.in
7172,"Finance India Group 242",,Finance,India,,,,,new,"2026-04-29 21:41:27",contact@finance-india-242.in
7173,"Consulting India Group 243",,Consulting,India,,,,,new,"2026-04-29 21:41:27",sales@consulting-india-243.in
7174,"Trading India Group 244",,Trading,India,,,,,new,"2026-04-29 21:41:27",admin@trading-india-244.in
7175,"Manufacturing India Group 245",,Manufacturing,India,,,,,new,"2026-04-29 21:41:27",hello@manufacturing-india-245.in
7176,"RealEstate India Group 246",,RealEstate,India,,,,,new,"2026-04-29 21:41:27",support@realestate-india-246.in
7177,"Tech India Group 247",,Tech,India,,,,,new,"2026-04-29 21:41:27",business@tech-india-247.in
7178,"IT India Group 248",,IT,India,,,,,new,"2026-04-29 21:41:27",mail@it-india-248.in
7179,"Logistics India Group 249",,Logistics,India,,,,,new,"2026-04-29 21:41:27",partner@logistics-india-249.in
7180,"Finance India Group 250",,Finance,India,,,,,new,"2026-04-29 21:41:27",info@finance-india-250.in
7181,"Consulting India Group 251",,Consulting,India,,,,,new,"2026-04-29 21:41:27",office@consulting-india-251.in
7182,"Trading India Group 252",,Trading,India,,,,,new,"2026-04-29 21:41:27",contact@trading-india-252.in
7183,"Manufacturing India Group 253",,Manufacturing,India,,,,,new,"2026-04-29 21:41:27",sales@manufacturing-india-253.in
7184,"RealEstate India Group 254",,RealEstate,India,,,,,new,"2026-04-29 21:41:27",admin@realestate-india-254.in
7185,"Tech India Group 255",,Tech,India,,,,,new,"2026-04-29 21:41:27",hello@tech-india-255.in
7186,"IT India Group 256",,IT,India,,,,,new,"2026-04-29 21:41:27",support@it-india-256.in
7187,"Logistics India Group 257",,Logistics,India,,,,,new,"2026-04-29 21:41:27",business@logistics-india-257.in
7188,"Finance India Group 258",,Finance,India,,,,,new,"2026-04-29 21:41:27",mail@finance-india-258.in
7189,"Consulting India Group 259",,Consulting,India,,,,,new,"2026-04-29 21:41:27",partner@consulting-india-259.in
7190,"Trading India Group 260",,Trading,India,,,,,new,"2026-04-29 21:41:27",info@trading-india-260.in
7191,"Manufacturing India Group 261",,Manufacturing,India,,,,,new,"2026-04-29 21:41:27",office@manufacturing-india-261.in
7192,"RealEstate India Group 262",,RealEstate,India,,,,,new,"2026-04-29 21:41:27",contact@realestate-india-262.in
7193,"Tech India Group 263",,Tech,India,,,,,new,"2026-04-29 21:41:27",sales@tech-india-263.in
7194,"IT India Group 264",,IT,India,,,,,new,"2026-04-29 21:41:27",admin@it-india-264.in
7195,"Logistics India Group 265",,Logistics,India,,,,,new,"2026-04-29 21:41:27",hello@logistics-india-265.in
7196,"Finance India Group 266",,Finance,India,,,,,new,"2026-04-29 21:41:27",support@finance-india-266.in
7197,"Consulting India Group 267",,Consulting,India,,,,,new,"2026-04-29 21:41:27",business@consulting-india-267.in
7198,"Trading India Group 268",,Trading,India,,,,,new,"2026-04-29 21:41:27",mail@trading-india-268.in
7199,"Manufacturing India Group 269",,Manufacturing,India,,,,,new,"2026-04-29 21:41:27",partner@manufacturing-india-269.in
7200,"RealEstate India Group 270",,RealEstate,India,,,,,new,"2026-04-29 21:41:27",info@realestate-india-270.in
7201,"Tech India Group 271",,Tech,India,,,,,new,"2026-04-29 21:41:27",office@tech-india-271.in
7202,"IT India Group 272",,IT,India,,,,,new,"2026-04-29 21:41:27",contact@it-india-272.in
7203,"Logistics India Group 273",,Logistics,India,,,,,new,"2026-04-29 21:41:27",sales@logistics-india-273.in
7204,"Finance India Group 274",,Finance,India,,,,,new,"2026-04-29 21:41:27",admin@finance-india-274.in
7205,"Consulting India Group 275",,Consulting,India,,,,,new,"2026-04-29 21:41:27",hello@consulting-india-275.in
7206,"Trading India Group 276",,Trading,India,,,,,new,"2026-04-29 21:41:27",support@trading-india-276.in
7207,"Manufacturing India Group 277",,Manufacturing,India,,,,,new,"2026-04-29 21:41:27",business@manufacturing-india-277.in
7208,"RealEstate India Group 278",,RealEstate,India,,,,,new,"2026-04-29 21:41:27",mail@realestate-india-278.in
7209,"Tech India Group 279",,Tech,India,,,,,new,"2026-04-29 21:41:27",partner@tech-india-279.in
7210,"IT India Group 280",,IT,India,,,,,new,"2026-04-29 21:41:27",info@it-india-280.in
7211,"Logistics India Group 281",,Logistics,India,,,,,new,"2026-04-29 21:41:27",office@logistics-india-281.in
7212,"Finance India Group 282",,Finance,India,,,,,new,"2026-04-29 21:41:27",contact@finance-india-282.in
7213,"Consulting India Group 283",,Consulting,India,,,,,new,"2026-04-29 21:41:27",sales@consulting-india-283.in
7214,"Trading India Group 284",,Trading,India,,,,,new,"2026-04-29 21:41:27",admin@trading-india-284.in
7215,"Manufacturing India Group 285",,Manufacturing,India,,,,,new,"2026-04-29 21:41:27",hello@manufacturing-india-285.in
7216,"RealEstate India Group 286",,RealEstate,India,,,,,new,"2026-04-29 21:41:27",support@realestate-india-286.in
7217,"Tech India Group 287",,Tech,India,,,,,new,"2026-04-29 21:41:27",business@tech-india-287.in
7218,"IT India Group 288",,IT,India,,,,,new,"2026-04-29 21:41:27",mail@it-india-288.in
7219,"Logistics India Group 289",,Logistics,India,,,,,new,"2026-04-29 21:41:27",partner@logistics-india-289.in
7220,"Finance India Group 290",,Finance,India,,,,,new,"2026-04-29 21:41:27",info@finance-india-290.in
7221,"Consulting India Group 291",,Consulting,India,,,,,new,"2026-04-29 21:41:27",office@consulting-india-291.in
7222,"Trading India Group 292",,Trading,India,,,,,new,"2026-04-29 21:41:27",contact@trading-india-292.in
7223,"Manufacturing India Group 293",,Manufacturing,India,,,,,new,"2026-04-29 21:41:27",sales@manufacturing-india-293.in
7224,"RealEstate India Group 294",,RealEstate,India,,,,,new,"2026-04-29 21:41:27",admin@realestate-india-294.in
7225,"Tech India Group 295",,Tech,India,,,,,new,"2026-04-29 21:41:27",hello@tech-india-295.in
7226,"IT India Group 296",,IT,India,,,,,new,"2026-04-29 21:41:27",support@it-india-296.in
7227,"Logistics India Group 297",,Logistics,India,,,,,new,"2026-04-29 21:41:27",business@logistics-india-297.in
7228,"Finance India Group 298",,Finance,India,,,,,new,"2026-04-29 21:41:27",mail@finance-india-298.in
7229,"Consulting India Group 299",,Consulting,India,,,,,new,"2026-04-29 21:41:27",partner@consulting-india-299.in
7230,"Trading India Group 300",,Trading,India,,,,,new,"2026-04-29 21:41:27",info@trading-india-300.in
7231,"Manufacturing India Group 301",,Manufacturing,India,,,,,new,"2026-04-29 21:41:27",office@manufacturing-india-301.in
7232,"RealEstate India Group 302",,RealEstate,India,,,,,new,"2026-04-29 21:41:27",contact@realestate-india-302.in
7233,"Tech India Group 303",,Tech,India,,,,,new,"2026-04-29 21:41:27",sales@tech-india-303.in
7234,"IT India Group 304",,IT,India,,,,,new,"2026-04-29 21:41:27",admin@it-india-304.in
7235,"Logistics India Group 305",,Logistics,India,,,,,new,"2026-04-29 21:41:27",hello@logistics-india-305.in
7236,"Finance India Group 306",,Finance,India,,,,,new,"2026-04-29 21:41:27",support@finance-india-306.in
7237,"Consulting India Group 307",,Consulting,India,,,,,new,"2026-04-29 21:41:27",business@consulting-india-307.in
7238,"Trading India Group 308",,Trading,India,,,,,new,"2026-04-29 21:41:27",mail@trading-india-308.in
7239,"Manufacturing India Group 309",,Manufacturing,India,,,,,new,"2026-04-29 21:41:27",partner@manufacturing-india-309.in
7240,"RealEstate India Group 310",,RealEstate,India,,,,,new,"2026-04-29 21:41:27",info@realestate-india-310.in
7241,"Tech India Group 311",,Tech,India,,,,,new,"2026-04-29 21:41:27",office@tech-india-311.in
7242,"IT India Group 312",,IT,India,,,,,new,"2026-04-29 21:41:27",contact@it-india-312.in
7243,"Logistics India Group 313",,Logistics,India,,,,,new,"2026-04-29 21:41:27",sales@logistics-india-313.in
7244,"Finance India Group 314",,Finance,India,,,,,new,"2026-04-29 21:41:27",admin@finance-india-314.in
7245,"Consulting India Group 315",,Consulting,India,,,,,new,"2026-04-29 21:41:27",hello@consulting-india-315.in
7246,"Trading India Group 316",,Trading,India,,,,,new,"2026-04-29 21:41:27",support@trading-india-316.in
7247,"Manufacturing India Group 317",,Manufacturing,India,,,,,new,"2026-04-29 21:41:27",business@manufacturing-india-317.in
7248,"RealEstate India Group 318",,RealEstate,India,,,,,new,"2026-04-29 21:41:27",mail@realestate-india-318.in
7249,"Tech India Group 319",,Tech,India,,,,,new,"2026-04-29 21:41:27",partner@tech-india-319.in
7250,"IT India Group 320",,IT,India,,,,,new,"2026-04-29 21:41:27",info@it-india-320.in
7251,"Logistics India Group 321",,Logistics,India,,,,,new,"2026-04-29 21:41:27",office@logistics-india-321.in
7252,"Finance India Group 322",,Finance,India,,,,,new,"2026-04-29 21:41:27",contact@finance-india-322.in
7253,"Consulting India Group 323",,Consulting,India,,,,,new,"2026-04-29 21:41:27",sales@consulting-india-323.in
7254,"Trading India Group 324",,Trading,India,,,,,new,"2026-04-29 21:41:27",admin@trading-india-324.in
7255,"Manufacturing India Group 325",,Manufacturing,India,,,,,new,"2026-04-29 21:41:27",hello@manufacturing-india-325.in
7256,"RealEstate India Group 326",,RealEstate,India,,,,,new,"2026-04-29 21:41:27",support@realestate-india-326.in
7257,"Tech India Group 327",,Tech,India,,,,,new,"2026-04-29 21:41:27",business@tech-india-327.in
7258,"IT India Group 328",,IT,India,,,,,new,"2026-04-29 21:41:27",mail@it-india-328.in
7259,"Logistics India Group 329",,Logistics,India,,,,,new,"2026-04-29 21:41:27",partner@logistics-india-329.in
7260,"Finance India Group 330",,Finance,India,,,,,new,"2026-04-29 21:41:27",info@finance-india-330.in
7261,"Consulting India Group 331",,Consulting,India,,,,,new,"2026-04-29 21:41:27",office@consulting-india-331.in
7262,"Trading India Group 332",,Trading,India,,,,,new,"2026-04-29 21:41:27",contact@trading-india-332.in
7263,"Manufacturing India Group 333",,Manufacturing,India,,,,,new,"2026-04-29 21:41:27",sales@manufacturing-india-333.in
7264,"RealEstate India Group 334",,RealEstate,India,,,,,new,"2026-04-29 21:41:27",admin@realestate-india-334.in
7265,"Tech India Group 335",,Tech,India,,,,,new,"2026-04-29 21:41:27",hello@tech-india-335.in
7266,"IT India Group 336",,IT,India,,,,,new,"2026-04-29 21:41:27",support@it-india-336.in
7267,"Logistics India Group 337",,Logistics,India,,,,,new,"2026-04-29 21:41:27",business@logistics-india-337.in
7268,"Finance India Group 338",,Finance,India,,,,,new,"2026-04-29 21:41:27",mail@finance-india-338.in
7269,"Consulting India Group 339",,Consulting,India,,,,,new,"2026-04-29 21:41:27",partner@consulting-india-339.in
7270,"Trading India Group 340",,Trading,India,,,,,new,"2026-04-29 21:41:27",info@trading-india-340.in
7271,"Manufacturing India Group 341",,Manufacturing,India,,,,,new,"2026-04-29 21:41:27",office@manufacturing-india-341.in
7272,"RealEstate India Group 342",,RealEstate,India,,,,,new,"2026-04-29 21:41:27",contact@realestate-india-342.in
7273,"Tech India Group 343",,Tech,India,,,,,new,"2026-04-29 21:41:27",sales@tech-india-343.in
7274,"IT India Group 344",,IT,India,,,,,new,"2026-04-29 21:41:27",admin@it-india-344.in
7275,"Logistics India Group 345",,Logistics,India,,,,,new,"2026-04-29 21:41:27",hello@logistics-india-345.in
7276,"Finance India Group 346",,Finance,India,,,,,new,"2026-04-29 21:41:27",support@finance-india-346.in
7277,"Consulting India Group 347",,Consulting,India,,,,,new,"2026-04-29 21:41:27",business@consulting-india-347.in
7278,"Trading India Group 348",,Trading,India,,,,,new,"2026-04-29 21:41:27",mail@trading-india-348.in
7279,"Manufacturing India Group 349",,Manufacturing,India,,,,,new,"2026-04-29 21:41:27",partner@manufacturing-india-349.in
7280,"RealEstate India Group 350",,RealEstate,India,,,,,new,"2026-04-29 21:41:27",info@realestate-india-350.in
7281,"Tech India Group 351",,Tech,India,,,,,new,"2026-04-29 21:41:27",office@tech-india-351.in
7282,"IT India Group 352",,IT,India,,,,,new,"2026-04-29 21:41:27",contact@it-india-352.in
7283,"Logistics India Group 353",,Logistics,India,,,,,new,"2026-04-29 21:41:27",sales@logistics-india-353.in
7284,"Finance India Group 354",,Finance,India,,,,,new,"2026-04-29 21:41:27",admin@finance-india-354.in
7285,"Consulting India Group 355",,Consulting,India,,,,,new,"2026-04-29 21:41:27",hello@consulting-india-355.in
7286,"Trading India Group 356",,Trading,India,,,,,new,"2026-04-29 21:41:27",support@trading-india-356.in
7287,"Manufacturing India Group 357",,Manufacturing,India,,,,,new,"2026-04-29 21:41:27",business@manufacturing-india-357.in
7288,"RealEstate India Group 358",,RealEstate,India,,,,,new,"2026-04-29 21:41:27",mail@realestate-india-358.in
7289,"Tech India Group 359",,Tech,India,,,,,new,"2026-04-29 21:41:27",partner@tech-india-359.in
7290,"IT India Group 360",,IT,India,,,,,new,"2026-04-29 21:41:27",info@it-india-360.in
7291,"Logistics India Group 361",,Logistics,India,,,,,new,"2026-04-29 21:41:27",office@logistics-india-361.in
7292,"Finance India Group 362",,Finance,India,,,,,new,"2026-04-29 21:41:27",contact@finance-india-362.in
7293,"Consulting India Group 363",,Consulting,India,,,,,new,"2026-04-29 21:41:27",sales@consulting-india-363.in
7294,"Trading India Group 364",,Trading,India,,,,,new,"2026-04-29 21:41:27",admin@trading-india-364.in
7295,"Manufacturing India Group 365",,Manufacturing,India,,,,,new,"2026-04-29 21:41:27",hello@manufacturing-india-365.in
7296,"RealEstate India Group 366",,RealEstate,India,,,,,new,"2026-04-29 21:41:27",support@realestate-india-366.in
7297,"Tech India Group 367",,Tech,India,,,,,new,"2026-04-29 21:41:27",business@tech-india-367.in
7298,"IT India Group 368",,IT,India,,,,,new,"2026-04-29 21:41:27",mail@it-india-368.in
7299,"Logistics India Group 369",,Logistics,India,,,,,new,"2026-04-29 21:41:27",partner@logistics-india-369.in
7300,"Finance India Group 370",,Finance,India,,,,,new,"2026-04-29 21:41:27",info@finance-india-370.in
7301,"Consulting India Group 371",,Consulting,India,,,,,new,"2026-04-29 21:41:27",office@consulting-india-371.in
7302,"Trading India Group 372",,Trading,India,,,,,new,"2026-04-29 21:41:27",contact@trading-india-372.in
7303,"Manufacturing India Group 373",,Manufacturing,India,,,,,new,"2026-04-29 21:41:27",sales@manufacturing-india-373.in
7304,"RealEstate India Group 374",,RealEstate,India,,,,,new,"2026-04-29 21:41:27",admin@realestate-india-374.in
7305,"Tech India Group 375",,Tech,India,,,,,new,"2026-04-29 21:41:27",hello@tech-india-375.in
7306,"IT India Group 376",,IT,India,,,,,new,"2026-04-29 21:41:27",support@it-india-376.in
7307,"Logistics India Group 377",,Logistics,India,,,,,new,"2026-04-29 21:41:27",business@logistics-india-377.in
7308,"Finance India Group 378",,Finance,India,,,,,new,"2026-04-29 21:41:27",mail@finance-india-378.in
7309,"Consulting India Group 379",,Consulting,India,,,,,new,"2026-04-29 21:41:27",partner@consulting-india-379.in
7310,"Trading India Group 380",,Trading,India,,,,,new,"2026-04-29 21:41:27",info@trading-india-380.in
7311,"Manufacturing India Group 381",,Manufacturing,India,,,,,new,"2026-04-29 21:41:27",office@manufacturing-india-381.in
7312,"RealEstate India Group 382",,RealEstate,India,,,,,new,"2026-04-29 21:41:27",contact@realestate-india-382.in
7313,"Tech India Group 383",,Tech,India,,,,,new,"2026-04-29 21:41:27",sales@tech-india-383.in
7314,"IT India Group 384",,IT,India,,,,,new,"2026-04-29 21:41:27",admin@it-india-384.in
7315,"Logistics India Group 385",,Logistics,India,,,,,new,"2026-04-29 21:41:27",hello@logistics-india-385.in
7316,"Finance India Group 386",,Finance,India,,,,,new,"2026-04-29 21:41:27",support@finance-india-386.in
7317,"Consulting India Group 387",,Consulting,India,,,,,new,"2026-04-29 21:41:27",business@consulting-india-387.in
7318,"Trading India Group 388",,Trading,India,,,,,new,"2026-04-29 21:41:27",mail@trading-india-388.in
7319,"Manufacturing India Group 389",,Manufacturing,India,,,,,new,"2026-04-29 21:41:27",partner@manufacturing-india-389.in
7320,"RealEstate India Group 390",,RealEstate,India,,,,,new,"2026-04-29 21:41:27",info@realestate-india-390.in
7321,"Tech India Group 391",,Tech,India,,,,,new,"2026-04-29 21:41:27",office@tech-india-391.in
7322,"IT India Group 392",,IT,India,,,,,new,"2026-04-29 21:41:27",contact@it-india-392.in
7323,"Logistics India Group 393",,Logistics,India,,,,,new,"2026-04-29 21:41:27",sales@logistics-india-393.in
7324,"Finance India Group 394",,Finance,India,,,,,new,"2026-04-29 21:41:27",admin@finance-india-394.in
7325,"Consulting India Group 395",,Consulting,India,,,,,new,"2026-04-29 21:41:27",hello@consulting-india-395.in
7326,"Trading India Group 396",,Trading,India,,,,,new,"2026-04-29 21:41:27",support@trading-india-396.in
7327,"Manufacturing India Group 397",,Manufacturing,India,,,,,new,"2026-04-29 21:41:27",business@manufacturing-india-397.in
7328,"RealEstate India Group 398",,RealEstate,India,,,,,new,"2026-04-29 21:41:27",mail@realestate-india-398.in
7329,"Tech India Group 399",,Tech,India,,,,,new,"2026-04-29 21:41:27",partner@tech-india-399.in
7330,"IT India Group 400",,IT,India,,,,,new,"2026-04-29 21:41:27",info@it-india-400.in
7331,"Logistics India Group 401",,Logistics,India,,,,,new,"2026-04-29 21:41:27",office@logistics-india-401.in
7332,"Finance India Group 402",,Finance,India,,,,,new,"2026-04-29 21:41:27",contact@finance-india-402.in
7333,"Consulting India Group 403",,Consulting,India,,,,,new,"2026-04-29 21:41:27",sales@consulting-india-403.in
7334,"Trading India Group 404",,Trading,India,,,,,new,"2026-04-29 21:41:27",admin@trading-india-404.in
7335,"Manufacturing India Group 405",,Manufacturing,India,,,,,new,"2026-04-29 21:41:27",hello@manufacturing-india-405.in
7336,"RealEstate India Group 406",,RealEstate,India,,,,,new,"2026-04-29 21:41:27",support@realestate-india-406.in
7337,"Tech India Group 407",,Tech,India,,,,,new,"2026-04-29 21:41:27",business@tech-india-407.in
7338,"IT India Group 408",,IT,India,,,,,new,"2026-04-29 21:41:27",mail@it-india-408.in
7339,"Logistics India Group 409",,Logistics,India,,,,,new,"2026-04-29 21:41:27",partner@logistics-india-409.in
7340,"Finance India Group 410",,Finance,India,,,,,new,"2026-04-29 21:41:27",info@finance-india-410.in
7341,"Consulting India Group 411",,Consulting,India,,,,,new,"2026-04-29 21:41:27",office@consulting-india-411.in
7342,"Trading India Group 412",,Trading,India,,,,,new,"2026-04-29 21:41:27",contact@trading-india-412.in
7343,"Manufacturing India Group 413",,Manufacturing,India,,,,,new,"2026-04-29 21:41:27",sales@manufacturing-india-413.in
7344,"RealEstate India Group 414",,RealEstate,India,,,,,new,"2026-04-29 21:41:27",admin@realestate-india-414.in
7345,"Tech India Group 415",,Tech,India,,,,,new,"2026-04-29 21:41:27",hello@tech-india-415.in
7346,"IT India Group 416",,IT,India,,,,,new,"2026-04-29 21:41:27",support@it-india-416.in
7347,"Logistics India Group 417",,Logistics,India,,,,,new,"2026-04-29 21:41:27",business@logistics-india-417.in
7348,"Finance India Group 418",,Finance,India,,,,,new,"2026-04-29 21:41:27",mail@finance-india-418.in
7349,"Consulting India Group 419",,Consulting,India,,,,,new,"2026-04-29 21:41:27",partner@consulting-india-419.in
7350,"Trading India Group 420",,Trading,India,,,,,new,"2026-04-29 21:41:27",info@trading-india-420.in
7351,"Manufacturing India Group 421",,Manufacturing,India,,,,,new,"2026-04-29 21:41:27",office@manufacturing-india-421.in
7352,"RealEstate India Group 422",,RealEstate,India,,,,,new,"2026-04-29 21:41:27",contact@realestate-india-422.in
7353,"Tech India Group 423",,Tech,India,,,,,new,"2026-04-29 21:41:27",sales@tech-india-423.in
7354,"IT India Group 424",,IT,India,,,,,new,"2026-04-29 21:41:27",admin@it-india-424.in
7355,"Logistics India Group 425",,Logistics,India,,,,,new,"2026-04-29 21:41:27",hello@logistics-india-425.in
7356,"Finance India Group 426",,Finance,India,,,,,new,"2026-04-29 21:41:27",support@finance-india-426.in
7357,"Consulting India Group 427",,Consulting,India,,,,,new,"2026-04-29 21:41:27",business@consulting-india-427.in
7358,"Trading India Group 428",,Trading,India,,,,,new,"2026-04-29 21:41:27",mail@trading-india-428.in
7359,"Manufacturing India Group 429",,Manufacturing,India,,,,,new,"2026-04-29 21:41:27",partner@manufacturing-india-429.in
7360,"RealEstate India Group 430",,RealEstate,India,,,,,new,"2026-04-29 21:41:27",info@realestate-india-430.in
7361,"Tech India Group 431",,Tech,India,,,,,new,"2026-04-29 21:41:27",office@tech-india-431.in
7362,"IT India Group 432",,IT,India,,,,,new,"2026-04-29 21:41:27",contact@it-india-432.in
7363,"Logistics India Group 433",,Logistics,India,,,,,new,"2026-04-29 21:41:27",sales@logistics-india-433.in
7364,"Finance India Group 434",,Finance,India,,,,,new,"2026-04-29 21:41:27",admin@finance-india-434.in
7365,"Consulting India Group 435",,Consulting,India,,,,,new,"2026-04-29 21:41:27",hello@consulting-india-435.in
7366,"Trading India Group 436",,Trading,India,,,,,new,"2026-04-29 21:41:27",support@trading-india-436.in
7367,"Manufacturing India Group 437",,Manufacturing,India,,,,,new,"2026-04-29 21:41:27",business@manufacturing-india-437.in
7368,"RealEstate India Group 438",,RealEstate,India,,,,,new,"2026-04-29 21:41:27",mail@realestate-india-438.in
7369,"Tech India Group 439",,Tech,India,,,,,new,"2026-04-29 21:41:27",partner@tech-india-439.in
7370,"IT India Group 440",,IT,India,,,,,new,"2026-04-29 21:41:27",info@it-india-440.in
7371,"Logistics India Group 441",,Logistics,India,,,,,new,"2026-04-29 21:41:27",office@logistics-india-441.in
7372,"Finance India Group 442",,Finance,India,,,,,new,"2026-04-29 21:41:27",contact@finance-india-442.in
7373,"Consulting India Group 443",,Consulting,India,,,,,new,"2026-04-29 21:41:27",sales@consulting-india-443.in
7374,"Trading India Group 444",,Trading,India,,,,,new,"2026-04-29 21:41:27",admin@trading-india-444.in
7375,"Manufacturing India Group 445",,Manufacturing,India,,,,,new,"2026-04-29 21:41:27",hello@manufacturing-india-445.in
7376,"RealEstate India Group 446",,RealEstate,India,,,,,new,"2026-04-29 21:41:27",support@realestate-india-446.in
7377,"Tech India Group 447",,Tech,India,,,,,new,"2026-04-29 21:41:27",business@tech-india-447.in
7378,"IT India Group 448",,IT,India,,,,,new,"2026-04-29 21:41:27",mail@it-india-448.in
7379,"Logistics India Group 449",,Logistics,India,,,,,new,"2026-04-29 21:41:27",partner@logistics-india-449.in
7380,"Finance India Group 450",,Finance,India,,,,,new,"2026-04-29 21:41:27",info@finance-india-450.in
7381,"Consulting India Group 451",,Consulting,India,,,,,new,"2026-04-29 21:41:27",office@consulting-india-451.in
7382,"Trading India Group 452",,Trading,India,,,,,new,"2026-04-29 21:41:27",contact@trading-india-452.in
7383,"Manufacturing India Group 453",,Manufacturing,India,,,,,new,"2026-04-29 21:41:27",sales@manufacturing-india-453.in
7384,"RealEstate India Group 454",,RealEstate,India,,,,,new,"2026-04-29 21:41:27",admin@realestate-india-454.in
7385,"Tech India Group 455",,Tech,India,,,,,new,"2026-04-29 21:41:27",hello@tech-india-455.in
7386,"IT India Group 456",,IT,India,,,,,new,"2026-04-29 21:41:27",support@it-india-456.in
7387,"Logistics India Group 457",,Logistics,India,,,,,new,"2026-04-29 21:41:27",business@logistics-india-457.in
7388,"Finance India Group 458",,Finance,India,,,,,new,"2026-04-29 21:41:27",mail@finance-india-458.in
7389,"Consulting India Group 459",,Consulting,India,,,,,new,"2026-04-29 21:41:27",partner@consulting-india-459.in
7390,"Trading India Group 460",,Trading,India,,,,,new,"2026-04-29 21:41:27",info@trading-india-460.in
7391,"Manufacturing India Group 461",,Manufacturing,India,,,,,new,"2026-04-29 21:41:27",office@manufacturing-india-461.in
7392,"RealEstate India Group 462",,RealEstate,India,,,,,new,"2026-04-29 21:41:27",contact@realestate-india-462.in
7393,"Tech India Group 463",,Tech,India,,,,,new,"2026-04-29 21:41:27",sales@tech-india-463.in
7394,"IT India Group 464",,IT,India,,,,,new,"2026-04-29 21:41:27",admin@it-india-464.in
7395,"Logistics India Group 465",,Logistics,India,,,,,new,"2026-04-29 21:41:27",hello@logistics-india-465.in
7396,"Finance India Group 466",,Finance,India,,,,,new,"2026-04-29 21:41:27",support@finance-india-466.in
7397,"Consulting India Group 467",,Consulting,India,,,,,new,"2026-04-29 21:41:27",business@consulting-india-467.in
7398,"Trading India Group 468",,Trading,India,,,,,new,"2026-04-29 21:41:27",mail@trading-india-468.in
7399,"Manufacturing India Group 469",,Manufacturing,India,,,,,new,"2026-04-29 21:41:27",partner@manufacturing-india-469.in
7400,"RealEstate India Group 470",,RealEstate,India,,,,,new,"2026-04-29 21:41:27",info@realestate-india-470.in
7401,"Tech India Group 471",,Tech,India,,,,,new,"2026-04-29 21:41:27",office@tech-india-471.in
7402,"IT India Group 472",,IT,India,,,,,new,"2026-04-29 21:41:27",contact@it-india-472.in
7403,"Logistics India Group 473",,Logistics,India,,,,,new,"2026-04-29 21:41:27",sales@logistics-india-473.in
7404,"Finance India Group 474",,Finance,India,,,,,new,"2026-04-29 21:41:27",admin@finance-india-474.in
7405,"Consulting India Group 475",,Consulting,India,,,,,new,"2026-04-29 21:41:27",hello@consulting-india-475.in
7406,"Trading India Group 476",,Trading,India,,,,,new,"2026-04-29 21:41:27",support@trading-india-476.in
7407,"Manufacturing India Group 477",,Manufacturing,India,,,,,new,"2026-04-29 21:41:27",business@manufacturing-india-477.in
7408,"RealEstate India Group 478",,RealEstate,India,,,,,new,"2026-04-29 21:41:27",mail@realestate-india-478.in
7409,"Tech India Group 479",,Tech,India,,,,,new,"2026-04-29 21:41:27",partner@tech-india-479.in
7410,"IT India Group 480",,IT,India,,,,,new,"2026-04-29 21:41:27",info@it-india-480.in
7411,"Logistics India Group 481",,Logistics,India,,,,,new,"2026-04-29 21:41:27",office@logistics-india-481.in
7412,"Finance India Group 482",,Finance,India,,,,,new,"2026-04-29 21:41:27",contact@finance-india-482.in
7413,"Consulting India Group 483",,Consulting,India,,,,,new,"2026-04-29 21:41:27",sales@consulting-india-483.in
7414,"Trading India Group 484",,Trading,India,,,,,new,"2026-04-29 21:41:27",admin@trading-india-484.in
7415,"Manufacturing India Group 485",,Manufacturing,India,,,,,new,"2026-04-29 21:41:27",hello@manufacturing-india-485.in
7416,"RealEstate India Group 486",,RealEstate,India,,,,,new,"2026-04-29 21:41:27",support@realestate-india-486.in
7417,"Tech India Group 487",,Tech,India,,,,,new,"2026-04-29 21:41:27",business@tech-india-487.in
7418,"IT India Group 488",,IT,India,,,,,new,"2026-04-29 21:41:27",mail@it-india-488.in
7419,"Logistics India Group 489",,Logistics,India,,,,,new,"2026-04-29 21:41:27",partner@logistics-india-489.in
7420,"Finance India Group 490",,Finance,India,,,,,new,"2026-04-29 21:41:27",info@finance-india-490.in
7421,"Consulting India Group 491",,Consulting,India,,,,,new,"2026-04-29 21:41:27",office@consulting-india-491.in
7422,"Trading India Group 492",,Trading,India,,,,,new,"2026-04-29 21:41:27",contact@trading-india-492.in
7423,"Manufacturing India Group 493",,Manufacturing,India,,,,,new,"2026-04-29 21:41:27",sales@manufacturing-india-493.in
7424,"RealEstate India Group 494",,RealEstate,India,,,,,new,"2026-04-29 21:41:27",admin@realestate-india-494.in
7425,"Tech India Group 495",,Tech,India,,,,,new,"2026-04-29 21:41:27",hello@tech-india-495.in
7426,"IT India Group 496",,IT,India,,,,,new,"2026-04-29 21:41:27",support@it-india-496.in
7427,"Logistics India Group 497",,Logistics,India,,,,,new,"2026-04-29 21:41:27",business@logistics-india-497.in
7428,"Finance India Group 498",,Finance,India,,,,,new,"2026-04-29 21:41:27",mail@finance-india-498.in
7429,"Consulting India Group 499",,Consulting,India,,,,,new,"2026-04-29 21:41:27",partner@consulting-india-499.in
7430,"Trading India Group 500",,Trading,India,,,,,new,"2026-04-29 21:41:27",info@trading-india-500.in
7431,"Logistics New Zealand Group 1",,Logistics,"New Zealand",,,,,new,"2026-04-29 21:41:27",office@logistics-newzealand-1.nz
7432,"Finance New Zealand Group 2",,Finance,"New Zealand",,,,,new,"2026-04-29 21:41:27",contact@finance-newzealand-2.nz
7433,"Consulting New Zealand Group 3",,Consulting,"New Zealand",,,,,new,"2026-04-29 21:41:27",sales@consulting-newzealand-3.nz
7434,"Trading New Zealand Group 4",,Trading,"New Zealand",,,,,new,"2026-04-29 21:41:27",admin@trading-newzealand-4.nz
7435,"Manufacturing New Zealand Group 5",,Manufacturing,"New Zealand",,,,,new,"2026-04-29 21:41:27",hello@manufacturing-newzealand-5.nz
7436,"RealEstate New Zealand Group 6",,RealEstate,"New Zealand",,,,,new,"2026-04-29 21:41:27",support@realestate-newzealand-6.nz
7437,"Tech New Zealand Group 7",,Tech,"New Zealand",,,,,new,"2026-04-29 21:41:27",business@tech-newzealand-7.nz
7438,"IT New Zealand Group 8",,IT,"New Zealand",,,,,new,"2026-04-29 21:41:27",mail@it-newzealand-8.nz
7439,"Logistics New Zealand Group 9",,Logistics,"New Zealand",,,,,new,"2026-04-29 21:41:27",partner@logistics-newzealand-9.nz
7440,"Finance New Zealand Group 10",,Finance,"New Zealand",,,,,new,"2026-04-29 21:41:27",info@finance-newzealand-10.nz
7441,"Consulting New Zealand Group 11",,Consulting,"New Zealand",,,,,new,"2026-04-29 21:41:27",office@consulting-newzealand-11.nz
7442,"Trading New Zealand Group 12",,Trading,"New Zealand",,,,,new,"2026-04-29 21:41:27",contact@trading-newzealand-12.nz
7443,"Manufacturing New Zealand Group 13",,Manufacturing,"New Zealand",,,,,new,"2026-04-29 21:41:27",sales@manufacturing-newzealand-13.nz
7444,"RealEstate New Zealand Group 14",,RealEstate,"New Zealand",,,,,new,"2026-04-29 21:41:27",admin@realestate-newzealand-14.nz
7445,"Tech New Zealand Group 15",,Tech,"New Zealand",,,,,new,"2026-04-29 21:41:27",hello@tech-newzealand-15.nz
7446,"IT New Zealand Group 16",,IT,"New Zealand",,,,,new,"2026-04-29 21:41:27",support@it-newzealand-16.nz
7447,"Logistics New Zealand Group 17",,Logistics,"New Zealand",,,,,new,"2026-04-29 21:41:27",business@logistics-newzealand-17.nz
7448,"Finance New Zealand Group 18",,Finance,"New Zealand",,,,,new,"2026-04-29 21:41:27",mail@finance-newzealand-18.nz
7449,"Consulting New Zealand Group 19",,Consulting,"New Zealand",,,,,new,"2026-04-29 21:41:27",partner@consulting-newzealand-19.nz
7450,"Trading New Zealand Group 20",,Trading,"New Zealand",,,,,new,"2026-04-29 21:41:27",info@trading-newzealand-20.nz
7451,"Manufacturing New Zealand Group 21",,Manufacturing,"New Zealand",,,,,new,"2026-04-29 21:41:27",office@manufacturing-newzealand-21.nz
7452,"RealEstate New Zealand Group 22",,RealEstate,"New Zealand",,,,,new,"2026-04-29 21:41:27",contact@realestate-newzealand-22.nz
7453,"Tech New Zealand Group 23",,Tech,"New Zealand",,,,,new,"2026-04-29 21:41:27",sales@tech-newzealand-23.nz
7454,"IT New Zealand Group 24",,IT,"New Zealand",,,,,new,"2026-04-29 21:41:27",admin@it-newzealand-24.nz
7455,"Logistics New Zealand Group 25",,Logistics,"New Zealand",,,,,new,"2026-04-29 21:41:27",hello@logistics-newzealand-25.nz
7456,"Finance New Zealand Group 26",,Finance,"New Zealand",,,,,new,"2026-04-29 21:41:27",support@finance-newzealand-26.nz
7457,"Consulting New Zealand Group 27",,Consulting,"New Zealand",,,,,new,"2026-04-29 21:41:27",business@consulting-newzealand-27.nz
7458,"Trading New Zealand Group 28",,Trading,"New Zealand",,,,,new,"2026-04-29 21:41:27",mail@trading-newzealand-28.nz
7459,"Manufacturing New Zealand Group 29",,Manufacturing,"New Zealand",,,,,new,"2026-04-29 21:41:27",partner@manufacturing-newzealand-29.nz
7460,"RealEstate New Zealand Group 30",,RealEstate,"New Zealand",,,,,new,"2026-04-29 21:41:27",info@realestate-newzealand-30.nz
7461,"Tech New Zealand Group 31",,Tech,"New Zealand",,,,,new,"2026-04-29 21:41:27",office@tech-newzealand-31.nz
7462,"IT New Zealand Group 32",,IT,"New Zealand",,,,,new,"2026-04-29 21:41:27",contact@it-newzealand-32.nz
7463,"Logistics New Zealand Group 33",,Logistics,"New Zealand",,,,,new,"2026-04-29 21:41:27",sales@logistics-newzealand-33.nz
7464,"Finance New Zealand Group 34",,Finance,"New Zealand",,,,,new,"2026-04-29 21:41:27",admin@finance-newzealand-34.nz
7465,"Consulting New Zealand Group 35",,Consulting,"New Zealand",,,,,new,"2026-04-29 21:41:27",hello@consulting-newzealand-35.nz
7466,"Trading New Zealand Group 36",,Trading,"New Zealand",,,,,new,"2026-04-29 21:41:27",support@trading-newzealand-36.nz
7467,"Manufacturing New Zealand Group 37",,Manufacturing,"New Zealand",,,,,new,"2026-04-29 21:41:27",business@manufacturing-newzealand-37.nz
7468,"RealEstate New Zealand Group 38",,RealEstate,"New Zealand",,,,,new,"2026-04-29 21:41:27",mail@realestate-newzealand-38.nz
7469,"Tech New Zealand Group 39",,Tech,"New Zealand",,,,,new,"2026-04-29 21:41:27",partner@tech-newzealand-39.nz
7470,"IT New Zealand Group 40",,IT,"New Zealand",,,,,new,"2026-04-29 21:41:27",info@it-newzealand-40.nz
7471,"Logistics New Zealand Group 41",,Logistics,"New Zealand",,,,,new,"2026-04-29 21:41:27",office@logistics-newzealand-41.nz
7472,"Finance New Zealand Group 42",,Finance,"New Zealand",,,,,new,"2026-04-29 21:41:27",contact@finance-newzealand-42.nz
7473,"Consulting New Zealand Group 43",,Consulting,"New Zealand",,,,,new,"2026-04-29 21:41:27",sales@consulting-newzealand-43.nz
7474,"Trading New Zealand Group 44",,Trading,"New Zealand",,,,,new,"2026-04-29 21:41:27",admin@trading-newzealand-44.nz
7475,"Manufacturing New Zealand Group 45",,Manufacturing,"New Zealand",,,,,new,"2026-04-29 21:41:27",hello@manufacturing-newzealand-45.nz
7476,"RealEstate New Zealand Group 46",,RealEstate,"New Zealand",,,,,new,"2026-04-29 21:41:27",support@realestate-newzealand-46.nz
7477,"Tech New Zealand Group 47",,Tech,"New Zealand",,,,,new,"2026-04-29 21:41:27",business@tech-newzealand-47.nz
7478,"IT New Zealand Group 48",,IT,"New Zealand",,,,,new,"2026-04-29 21:41:27",mail@it-newzealand-48.nz
7479,"Logistics New Zealand Group 49",,Logistics,"New Zealand",,,,,new,"2026-04-29 21:41:27",partner@logistics-newzealand-49.nz
7480,"Finance New Zealand Group 50",,Finance,"New Zealand",,,,,new,"2026-04-29 21:41:27",info@finance-newzealand-50.nz
7481,"Consulting New Zealand Group 51",,Consulting,"New Zealand",,,,,new,"2026-04-29 21:41:27",office@consulting-newzealand-51.nz
7482,"Trading New Zealand Group 52",,Trading,"New Zealand",,,,,new,"2026-04-29 21:41:27",contact@trading-newzealand-52.nz
7483,"Manufacturing New Zealand Group 53",,Manufacturing,"New Zealand",,,,,new,"2026-04-29 21:41:27",sales@manufacturing-newzealand-53.nz
7484,"RealEstate New Zealand Group 54",,RealEstate,"New Zealand",,,,,new,"2026-04-29 21:41:27",admin@realestate-newzealand-54.nz
7485,"Tech New Zealand Group 55",,Tech,"New Zealand",,,,,new,"2026-04-29 21:41:27",hello@tech-newzealand-55.nz
7486,"IT New Zealand Group 56",,IT,"New Zealand",,,,,new,"2026-04-29 21:41:27",support@it-newzealand-56.nz
7487,"Logistics New Zealand Group 57",,Logistics,"New Zealand",,,,,new,"2026-04-29 21:41:27",business@logistics-newzealand-57.nz
7488,"Finance New Zealand Group 58",,Finance,"New Zealand",,,,,new,"2026-04-29 21:41:27",mail@finance-newzealand-58.nz
7489,"Consulting New Zealand Group 59",,Consulting,"New Zealand",,,,,new,"2026-04-29 21:41:27",partner@consulting-newzealand-59.nz
7490,"Trading New Zealand Group 60",,Trading,"New Zealand",,,,,new,"2026-04-29 21:41:27",info@trading-newzealand-60.nz
7491,"Manufacturing New Zealand Group 61",,Manufacturing,"New Zealand",,,,,new,"2026-04-29 21:41:27",office@manufacturing-newzealand-61.nz
7492,"RealEstate New Zealand Group 62",,RealEstate,"New Zealand",,,,,new,"2026-04-29 21:41:27",contact@realestate-newzealand-62.nz
7493,"Tech New Zealand Group 63",,Tech,"New Zealand",,,,,new,"2026-04-29 21:41:27",sales@tech-newzealand-63.nz
7494,"IT New Zealand Group 64",,IT,"New Zealand",,,,,new,"2026-04-29 21:41:27",admin@it-newzealand-64.nz
7495,"Logistics New Zealand Group 65",,Logistics,"New Zealand",,,,,new,"2026-04-29 21:41:27",hello@logistics-newzealand-65.nz
7496,"Finance New Zealand Group 66",,Finance,"New Zealand",,,,,new,"2026-04-29 21:41:27",support@finance-newzealand-66.nz
7497,"Consulting New Zealand Group 67",,Consulting,"New Zealand",,,,,new,"2026-04-29 21:41:27",business@consulting-newzealand-67.nz
7498,"Trading New Zealand Group 68",,Trading,"New Zealand",,,,,new,"2026-04-29 21:41:27",mail@trading-newzealand-68.nz
7499,"Manufacturing New Zealand Group 69",,Manufacturing,"New Zealand",,,,,new,"2026-04-29 21:41:27",partner@manufacturing-newzealand-69.nz
7500,"RealEstate New Zealand Group 70",,RealEstate,"New Zealand",,,,,new,"2026-04-29 21:41:27",info@realestate-newzealand-70.nz
7501,"Tech New Zealand Group 71",,Tech,"New Zealand",,,,,new,"2026-04-29 21:41:27",office@tech-newzealand-71.nz
7502,"IT New Zealand Group 72",,IT,"New Zealand",,,,,new,"2026-04-29 21:41:27",contact@it-newzealand-72.nz
7503,"Logistics New Zealand Group 73",,Logistics,"New Zealand",,,,,new,"2026-04-29 21:41:27",sales@logistics-newzealand-73.nz
7504,"Finance New Zealand Group 74",,Finance,"New Zealand",,,,,new,"2026-04-29 21:41:27",admin@finance-newzealand-74.nz
7505,"Consulting New Zealand Group 75",,Consulting,"New Zealand",,,,,new,"2026-04-29 21:41:27",hello@consulting-newzealand-75.nz
7506,"Trading New Zealand Group 76",,Trading,"New Zealand",,,,,new,"2026-04-29 21:41:27",support@trading-newzealand-76.nz
7507,"Manufacturing New Zealand Group 77",,Manufacturing,"New Zealand",,,,,new,"2026-04-29 21:41:27",business@manufacturing-newzealand-77.nz
7508,"RealEstate New Zealand Group 78",,RealEstate,"New Zealand",,,,,new,"2026-04-29 21:41:27",mail@realestate-newzealand-78.nz
7509,"Tech New Zealand Group 79",,Tech,"New Zealand",,,,,new,"2026-04-29 21:41:27",partner@tech-newzealand-79.nz
7510,"IT New Zealand Group 80",,IT,"New Zealand",,,,,new,"2026-04-29 21:41:27",info@it-newzealand-80.nz
7511,"Logistics New Zealand Group 81",,Logistics,"New Zealand",,,,,new,"2026-04-29 21:41:27",office@logistics-newzealand-81.nz
7512,"Finance New Zealand Group 82",,Finance,"New Zealand",,,,,new,"2026-04-29 21:41:27",contact@finance-newzealand-82.nz
7513,"Consulting New Zealand Group 83",,Consulting,"New Zealand",,,,,new,"2026-04-29 21:41:27",sales@consulting-newzealand-83.nz
7514,"Trading New Zealand Group 84",,Trading,"New Zealand",,,,,new,"2026-04-29 21:41:27",admin@trading-newzealand-84.nz
7515,"Manufacturing New Zealand Group 85",,Manufacturing,"New Zealand",,,,,new,"2026-04-29 21:41:27",hello@manufacturing-newzealand-85.nz
7516,"RealEstate New Zealand Group 86",,RealEstate,"New Zealand",,,,,new,"2026-04-29 21:41:27",support@realestate-newzealand-86.nz
7517,"Tech New Zealand Group 87",,Tech,"New Zealand",,,,,new,"2026-04-29 21:41:27",business@tech-newzealand-87.nz
7518,"IT New Zealand Group 88",,IT,"New Zealand",,,,,new,"2026-04-29 21:41:27",mail@it-newzealand-88.nz
7519,"Logistics New Zealand Group 89",,Logistics,"New Zealand",,,,,new,"2026-04-29 21:41:27",partner@logistics-newzealand-89.nz
7520,"Finance New Zealand Group 90",,Finance,"New Zealand",,,,,new,"2026-04-29 21:41:27",info@finance-newzealand-90.nz
7521,"Consulting New Zealand Group 91",,Consulting,"New Zealand",,,,,new,"2026-04-29 21:41:27",office@consulting-newzealand-91.nz
7522,"Trading New Zealand Group 92",,Trading,"New Zealand",,,,,new,"2026-04-29 21:41:27",contact@trading-newzealand-92.nz
7523,"Manufacturing New Zealand Group 93",,Manufacturing,"New Zealand",,,,,new,"2026-04-29 21:41:27",sales@manufacturing-newzealand-93.nz
7524,"RealEstate New Zealand Group 94",,RealEstate,"New Zealand",,,,,new,"2026-04-29 21:41:27",admin@realestate-newzealand-94.nz
7525,"Tech New Zealand Group 95",,Tech,"New Zealand",,,,,new,"2026-04-29 21:41:27",hello@tech-newzealand-95.nz
7526,"IT New Zealand Group 96",,IT,"New Zealand",,,,,new,"2026-04-29 21:41:27",support@it-newzealand-96.nz
7527,"Logistics New Zealand Group 97",,Logistics,"New Zealand",,,,,new,"2026-04-29 21:41:27",business@logistics-newzealand-97.nz
7528,"Finance New Zealand Group 98",,Finance,"New Zealand",,,,,new,"2026-04-29 21:41:27",mail@finance-newzealand-98.nz
7529,"Consulting New Zealand Group 99",,Consulting,"New Zealand",,,,,new,"2026-04-29 21:41:27",partner@consulting-newzealand-99.nz
7530,"Trading New Zealand Group 100",,Trading,"New Zealand",,,,,new,"2026-04-29 21:41:27",info@trading-newzealand-100.nz
7531,"Manufacturing New Zealand Group 101",,Manufacturing,"New Zealand",,,,,new,"2026-04-29 21:41:27",office@manufacturing-newzealand-101.nz
7532,"RealEstate New Zealand Group 102",,RealEstate,"New Zealand",,,,,new,"2026-04-29 21:41:27",contact@realestate-newzealand-102.nz
7533,"Tech New Zealand Group 103",,Tech,"New Zealand",,,,,new,"2026-04-29 21:41:27",sales@tech-newzealand-103.nz
7534,"IT New Zealand Group 104",,IT,"New Zealand",,,,,new,"2026-04-29 21:41:27",admin@it-newzealand-104.nz
7535,"Logistics New Zealand Group 105",,Logistics,"New Zealand",,,,,new,"2026-04-29 21:41:27",hello@logistics-newzealand-105.nz
7536,"Finance New Zealand Group 106",,Finance,"New Zealand",,,,,new,"2026-04-29 21:41:27",support@finance-newzealand-106.nz
7537,"Consulting New Zealand Group 107",,Consulting,"New Zealand",,,,,new,"2026-04-29 21:41:27",business@consulting-newzealand-107.nz
7538,"Trading New Zealand Group 108",,Trading,"New Zealand",,,,,new,"2026-04-29 21:41:27",mail@trading-newzealand-108.nz
7539,"Manufacturing New Zealand Group 109",,Manufacturing,"New Zealand",,,,,new,"2026-04-29 21:41:27",partner@manufacturing-newzealand-109.nz
7540,"RealEstate New Zealand Group 110",,RealEstate,"New Zealand",,,,,new,"2026-04-29 21:41:27",info@realestate-newzealand-110.nz
7541,"Tech New Zealand Group 111",,Tech,"New Zealand",,,,,new,"2026-04-29 21:41:27",office@tech-newzealand-111.nz
7542,"IT New Zealand Group 112",,IT,"New Zealand",,,,,new,"2026-04-29 21:41:27",contact@it-newzealand-112.nz
7543,"Logistics New Zealand Group 113",,Logistics,"New Zealand",,,,,new,"2026-04-29 21:41:27",sales@logistics-newzealand-113.nz
7544,"Finance New Zealand Group 114",,Finance,"New Zealand",,,,,new,"2026-04-29 21:41:27",admin@finance-newzealand-114.nz
7545,"Consulting New Zealand Group 115",,Consulting,"New Zealand",,,,,new,"2026-04-29 21:41:27",hello@consulting-newzealand-115.nz
7546,"Trading New Zealand Group 116",,Trading,"New Zealand",,,,,new,"2026-04-29 21:41:27",support@trading-newzealand-116.nz
7547,"Manufacturing New Zealand Group 117",,Manufacturing,"New Zealand",,,,,new,"2026-04-29 21:41:27",business@manufacturing-newzealand-117.nz
7548,"RealEstate New Zealand Group 118",,RealEstate,"New Zealand",,,,,new,"2026-04-29 21:41:27",mail@realestate-newzealand-118.nz
7549,"Tech New Zealand Group 119",,Tech,"New Zealand",,,,,new,"2026-04-29 21:41:27",partner@tech-newzealand-119.nz
7550,"IT New Zealand Group 120",,IT,"New Zealand",,,,,new,"2026-04-29 21:41:27",info@it-newzealand-120.nz
7551,"Logistics New Zealand Group 121",,Logistics,"New Zealand",,,,,new,"2026-04-29 21:41:27",office@logistics-newzealand-121.nz
7552,"Finance New Zealand Group 122",,Finance,"New Zealand",,,,,new,"2026-04-29 21:41:27",contact@finance-newzealand-122.nz
7553,"Consulting New Zealand Group 123",,Consulting,"New Zealand",,,,,new,"2026-04-29 21:41:27",sales@consulting-newzealand-123.nz
7554,"Trading New Zealand Group 124",,Trading,"New Zealand",,,,,new,"2026-04-29 21:41:27",admin@trading-newzealand-124.nz
7555,"Manufacturing New Zealand Group 125",,Manufacturing,"New Zealand",,,,,new,"2026-04-29 21:41:27",hello@manufacturing-newzealand-125.nz
7556,"RealEstate New Zealand Group 126",,RealEstate,"New Zealand",,,,,new,"2026-04-29 21:41:27",support@realestate-newzealand-126.nz
7557,"Tech New Zealand Group 127",,Tech,"New Zealand",,,,,new,"2026-04-29 21:41:27",business@tech-newzealand-127.nz
7558,"IT New Zealand Group 128",,IT,"New Zealand",,,,,new,"2026-04-29 21:41:27",mail@it-newzealand-128.nz
7559,"Logistics New Zealand Group 129",,Logistics,"New Zealand",,,,,new,"2026-04-29 21:41:27",partner@logistics-newzealand-129.nz
7560,"Finance New Zealand Group 130",,Finance,"New Zealand",,,,,new,"2026-04-29 21:41:27",info@finance-newzealand-130.nz
7561,"Consulting New Zealand Group 131",,Consulting,"New Zealand",,,,,new,"2026-04-29 21:41:27",office@consulting-newzealand-131.nz
7562,"Trading New Zealand Group 132",,Trading,"New Zealand",,,,,new,"2026-04-29 21:41:27",contact@trading-newzealand-132.nz
7563,"Manufacturing New Zealand Group 133",,Manufacturing,"New Zealand",,,,,new,"2026-04-29 21:41:27",sales@manufacturing-newzealand-133.nz
7564,"RealEstate New Zealand Group 134",,RealEstate,"New Zealand",,,,,new,"2026-04-29 21:41:27",admin@realestate-newzealand-134.nz
7565,"Tech New Zealand Group 135",,Tech,"New Zealand",,,,,new,"2026-04-29 21:41:27",hello@tech-newzealand-135.nz
7566,"IT New Zealand Group 136",,IT,"New Zealand",,,,,new,"2026-04-29 21:41:27",support@it-newzealand-136.nz
7567,"Logistics New Zealand Group 137",,Logistics,"New Zealand",,,,,new,"2026-04-29 21:41:27",business@logistics-newzealand-137.nz
7568,"Finance New Zealand Group 138",,Finance,"New Zealand",,,,,new,"2026-04-29 21:41:27",mail@finance-newzealand-138.nz
7569,"Consulting New Zealand Group 139",,Consulting,"New Zealand",,,,,new,"2026-04-29 21:41:27",partner@consulting-newzealand-139.nz
7570,"Trading New Zealand Group 140",,Trading,"New Zealand",,,,,new,"2026-04-29 21:41:27",info@trading-newzealand-140.nz
7571,"Manufacturing New Zealand Group 141",,Manufacturing,"New Zealand",,,,,new,"2026-04-29 21:41:27",office@manufacturing-newzealand-141.nz
7572,"RealEstate New Zealand Group 142",,RealEstate,"New Zealand",,,,,new,"2026-04-29 21:41:27",contact@realestate-newzealand-142.nz
7573,"Tech New Zealand Group 143",,Tech,"New Zealand",,,,,new,"2026-04-29 21:41:27",sales@tech-newzealand-143.nz
7574,"IT New Zealand Group 144",,IT,"New Zealand",,,,,new,"2026-04-29 21:41:27",admin@it-newzealand-144.nz
7575,"Logistics New Zealand Group 145",,Logistics,"New Zealand",,,,,new,"2026-04-29 21:41:27",hello@logistics-newzealand-145.nz
7576,"Finance New Zealand Group 146",,Finance,"New Zealand",,,,,new,"2026-04-29 21:41:27",support@finance-newzealand-146.nz
7577,"Consulting New Zealand Group 147",,Consulting,"New Zealand",,,,,new,"2026-04-29 21:41:27",business@consulting-newzealand-147.nz
7578,"Trading New Zealand Group 148",,Trading,"New Zealand",,,,,new,"2026-04-29 21:41:27",mail@trading-newzealand-148.nz
7579,"Manufacturing New Zealand Group 149",,Manufacturing,"New Zealand",,,,,new,"2026-04-29 21:41:27",partner@manufacturing-newzealand-149.nz
7580,"RealEstate New Zealand Group 150",,RealEstate,"New Zealand",,,,,new,"2026-04-29 21:41:27",info@realestate-newzealand-150.nz
7581,"Tech New Zealand Group 151",,Tech,"New Zealand",,,,,new,"2026-04-29 21:41:27",office@tech-newzealand-151.nz
7582,"IT New Zealand Group 152",,IT,"New Zealand",,,,,new,"2026-04-29 21:41:27",contact@it-newzealand-152.nz
7583,"Logistics New Zealand Group 153",,Logistics,"New Zealand",,,,,new,"2026-04-29 21:41:27",sales@logistics-newzealand-153.nz
7584,"Finance New Zealand Group 154",,Finance,"New Zealand",,,,,new,"2026-04-29 21:41:27",admin@finance-newzealand-154.nz
7585,"Consulting New Zealand Group 155",,Consulting,"New Zealand",,,,,new,"2026-04-29 21:41:27",hello@consulting-newzealand-155.nz
7586,"Trading New Zealand Group 156",,Trading,"New Zealand",,,,,new,"2026-04-29 21:41:27",support@trading-newzealand-156.nz
7587,"Manufacturing New Zealand Group 157",,Manufacturing,"New Zealand",,,,,new,"2026-04-29 21:41:27",business@manufacturing-newzealand-157.nz
7588,"RealEstate New Zealand Group 158",,RealEstate,"New Zealand",,,,,new,"2026-04-29 21:41:27",mail@realestate-newzealand-158.nz
7589,"Tech New Zealand Group 159",,Tech,"New Zealand",,,,,new,"2026-04-29 21:41:27",partner@tech-newzealand-159.nz
7590,"IT New Zealand Group 160",,IT,"New Zealand",,,,,new,"2026-04-29 21:41:27",info@it-newzealand-160.nz
7591,"Logistics New Zealand Group 161",,Logistics,"New Zealand",,,,,new,"2026-04-29 21:41:27",office@logistics-newzealand-161.nz
7592,"Finance New Zealand Group 162",,Finance,"New Zealand",,,,,new,"2026-04-29 21:41:27",contact@finance-newzealand-162.nz
7593,"Consulting New Zealand Group 163",,Consulting,"New Zealand",,,,,new,"2026-04-29 21:41:27",sales@consulting-newzealand-163.nz
7594,"Trading New Zealand Group 164",,Trading,"New Zealand",,,,,new,"2026-04-29 21:41:27",admin@trading-newzealand-164.nz
7595,"Manufacturing New Zealand Group 165",,Manufacturing,"New Zealand",,,,,new,"2026-04-29 21:41:27",hello@manufacturing-newzealand-165.nz
7596,"RealEstate New Zealand Group 166",,RealEstate,"New Zealand",,,,,new,"2026-04-29 21:41:27",support@realestate-newzealand-166.nz
7597,"Tech New Zealand Group 167",,Tech,"New Zealand",,,,,new,"2026-04-29 21:41:27",business@tech-newzealand-167.nz
7598,"IT New Zealand Group 168",,IT,"New Zealand",,,,,new,"2026-04-29 21:41:27",mail@it-newzealand-168.nz
7599,"Logistics New Zealand Group 169",,Logistics,"New Zealand",,,,,new,"2026-04-29 21:41:27",partner@logistics-newzealand-169.nz
7600,"Finance New Zealand Group 170",,Finance,"New Zealand",,,,,new,"2026-04-29 21:41:27",info@finance-newzealand-170.nz
7601,"Consulting New Zealand Group 171",,Consulting,"New Zealand",,,,,new,"2026-04-29 21:41:27",office@consulting-newzealand-171.nz
7602,"Trading New Zealand Group 172",,Trading,"New Zealand",,,,,new,"2026-04-29 21:41:27",contact@trading-newzealand-172.nz
7603,"Manufacturing New Zealand Group 173",,Manufacturing,"New Zealand",,,,,new,"2026-04-29 21:41:27",sales@manufacturing-newzealand-173.nz
7604,"RealEstate New Zealand Group 174",,RealEstate,"New Zealand",,,,,new,"2026-04-29 21:41:27",admin@realestate-newzealand-174.nz
7605,"Tech New Zealand Group 175",,Tech,"New Zealand",,,,,new,"2026-04-29 21:41:27",hello@tech-newzealand-175.nz
7606,"IT New Zealand Group 176",,IT,"New Zealand",,,,,new,"2026-04-29 21:41:27",support@it-newzealand-176.nz
7607,"Logistics New Zealand Group 177",,Logistics,"New Zealand",,,,,new,"2026-04-29 21:41:27",business@logistics-newzealand-177.nz
7608,"Finance New Zealand Group 178",,Finance,"New Zealand",,,,,new,"2026-04-29 21:41:27",mail@finance-newzealand-178.nz
7609,"Consulting New Zealand Group 179",,Consulting,"New Zealand",,,,,new,"2026-04-29 21:41:27",partner@consulting-newzealand-179.nz
7610,"Trading New Zealand Group 180",,Trading,"New Zealand",,,,,new,"2026-04-29 21:41:27",info@trading-newzealand-180.nz
7611,"Manufacturing New Zealand Group 181",,Manufacturing,"New Zealand",,,,,new,"2026-04-29 21:41:27",office@manufacturing-newzealand-181.nz
7612,"RealEstate New Zealand Group 182",,RealEstate,"New Zealand",,,,,new,"2026-04-29 21:41:27",contact@realestate-newzealand-182.nz
7613,"Tech New Zealand Group 183",,Tech,"New Zealand",,,,,new,"2026-04-29 21:41:27",sales@tech-newzealand-183.nz
7614,"IT New Zealand Group 184",,IT,"New Zealand",,,,,new,"2026-04-29 21:41:27",admin@it-newzealand-184.nz
7615,"Logistics New Zealand Group 185",,Logistics,"New Zealand",,,,,new,"2026-04-29 21:41:27",hello@logistics-newzealand-185.nz
7616,"Finance New Zealand Group 186",,Finance,"New Zealand",,,,,new,"2026-04-29 21:41:27",support@finance-newzealand-186.nz
7617,"Consulting New Zealand Group 187",,Consulting,"New Zealand",,,,,new,"2026-04-29 21:41:27",business@consulting-newzealand-187.nz
7618,"Trading New Zealand Group 188",,Trading,"New Zealand",,,,,new,"2026-04-29 21:41:27",mail@trading-newzealand-188.nz
7619,"Manufacturing New Zealand Group 189",,Manufacturing,"New Zealand",,,,,new,"2026-04-29 21:41:27",partner@manufacturing-newzealand-189.nz
7620,"RealEstate New Zealand Group 190",,RealEstate,"New Zealand",,,,,new,"2026-04-29 21:41:27",info@realestate-newzealand-190.nz
7621,"Tech New Zealand Group 191",,Tech,"New Zealand",,,,,new,"2026-04-29 21:41:27",office@tech-newzealand-191.nz
7622,"IT New Zealand Group 192",,IT,"New Zealand",,,,,new,"2026-04-29 21:41:27",contact@it-newzealand-192.nz
7623,"Logistics New Zealand Group 193",,Logistics,"New Zealand",,,,,new,"2026-04-29 21:41:27",sales@logistics-newzealand-193.nz
7624,"Finance New Zealand Group 194",,Finance,"New Zealand",,,,,new,"2026-04-29 21:41:27",admin@finance-newzealand-194.nz
7625,"Consulting New Zealand Group 195",,Consulting,"New Zealand",,,,,new,"2026-04-29 21:41:27",hello@consulting-newzealand-195.nz
7626,"Trading New Zealand Group 196",,Trading,"New Zealand",,,,,new,"2026-04-29 21:41:27",support@trading-newzealand-196.nz
7627,"Manufacturing New Zealand Group 197",,Manufacturing,"New Zealand",,,,,new,"2026-04-29 21:41:27",business@manufacturing-newzealand-197.nz
7628,"RealEstate New Zealand Group 198",,RealEstate,"New Zealand",,,,,new,"2026-04-29 21:41:27",mail@realestate-newzealand-198.nz
7629,"Tech New Zealand Group 199",,Tech,"New Zealand",,,,,new,"2026-04-29 21:41:27",partner@tech-newzealand-199.nz
7630,"IT New Zealand Group 200",,IT,"New Zealand",,,,,new,"2026-04-29 21:41:27",info@it-newzealand-200.nz
7631,"Logistics New Zealand Group 201",,Logistics,"New Zealand",,,,,new,"2026-04-29 21:41:27",office@logistics-newzealand-201.nz
7632,"Finance New Zealand Group 202",,Finance,"New Zealand",,,,,new,"2026-04-29 21:41:27",contact@finance-newzealand-202.nz
7633,"Consulting New Zealand Group 203",,Consulting,"New Zealand",,,,,new,"2026-04-29 21:41:27",sales@consulting-newzealand-203.nz
7634,"Trading New Zealand Group 204",,Trading,"New Zealand",,,,,new,"2026-04-29 21:41:27",admin@trading-newzealand-204.nz
7635,"Manufacturing New Zealand Group 205",,Manufacturing,"New Zealand",,,,,new,"2026-04-29 21:41:27",hello@manufacturing-newzealand-205.nz
7636,"RealEstate New Zealand Group 206",,RealEstate,"New Zealand",,,,,new,"2026-04-29 21:41:27",support@realestate-newzealand-206.nz
7637,"Tech New Zealand Group 207",,Tech,"New Zealand",,,,,new,"2026-04-29 21:41:27",business@tech-newzealand-207.nz
7638,"IT New Zealand Group 208",,IT,"New Zealand",,,,,new,"2026-04-29 21:41:27",mail@it-newzealand-208.nz
7639,"Logistics New Zealand Group 209",,Logistics,"New Zealand",,,,,new,"2026-04-29 21:41:27",partner@logistics-newzealand-209.nz
7640,"Finance New Zealand Group 210",,Finance,"New Zealand",,,,,new,"2026-04-29 21:41:27",info@finance-newzealand-210.nz
7641,"Consulting New Zealand Group 211",,Consulting,"New Zealand",,,,,new,"2026-04-29 21:41:27",office@consulting-newzealand-211.nz
7642,"Trading New Zealand Group 212",,Trading,"New Zealand",,,,,new,"2026-04-29 21:41:27",contact@trading-newzealand-212.nz
7643,"Manufacturing New Zealand Group 213",,Manufacturing,"New Zealand",,,,,new,"2026-04-29 21:41:27",sales@manufacturing-newzealand-213.nz
7644,"RealEstate New Zealand Group 214",,RealEstate,"New Zealand",,,,,new,"2026-04-29 21:41:27",admin@realestate-newzealand-214.nz
7645,"Tech New Zealand Group 215",,Tech,"New Zealand",,,,,new,"2026-04-29 21:41:27",hello@tech-newzealand-215.nz
7646,"IT New Zealand Group 216",,IT,"New Zealand",,,,,new,"2026-04-29 21:41:27",support@it-newzealand-216.nz
7647,"Logistics New Zealand Group 217",,Logistics,"New Zealand",,,,,new,"2026-04-29 21:41:27",business@logistics-newzealand-217.nz
7648,"Finance New Zealand Group 218",,Finance,"New Zealand",,,,,new,"2026-04-29 21:41:27",mail@finance-newzealand-218.nz
7649,"Consulting New Zealand Group 219",,Consulting,"New Zealand",,,,,new,"2026-04-29 21:41:27",partner@consulting-newzealand-219.nz
7650,"Trading New Zealand Group 220",,Trading,"New Zealand",,,,,new,"2026-04-29 21:41:27",info@trading-newzealand-220.nz
7651,"Manufacturing New Zealand Group 221",,Manufacturing,"New Zealand",,,,,new,"2026-04-29 21:41:27",office@manufacturing-newzealand-221.nz
7652,"RealEstate New Zealand Group 222",,RealEstate,"New Zealand",,,,,new,"2026-04-29 21:41:27",contact@realestate-newzealand-222.nz
7653,"Tech New Zealand Group 223",,Tech,"New Zealand",,,,,new,"2026-04-29 21:41:27",sales@tech-newzealand-223.nz
7654,"IT New Zealand Group 224",,IT,"New Zealand",,,,,new,"2026-04-29 21:41:27",admin@it-newzealand-224.nz
7655,"Logistics New Zealand Group 225",,Logistics,"New Zealand",,,,,new,"2026-04-29 21:41:27",hello@logistics-newzealand-225.nz
7656,"Finance New Zealand Group 226",,Finance,"New Zealand",,,,,new,"2026-04-29 21:41:27",support@finance-newzealand-226.nz
7657,"Consulting New Zealand Group 227",,Consulting,"New Zealand",,,,,new,"2026-04-29 21:41:27",business@consulting-newzealand-227.nz
7658,"Trading New Zealand Group 228",,Trading,"New Zealand",,,,,new,"2026-04-29 21:41:27",mail@trading-newzealand-228.nz
7659,"Manufacturing New Zealand Group 229",,Manufacturing,"New Zealand",,,,,new,"2026-04-29 21:41:27",partner@manufacturing-newzealand-229.nz
7660,"RealEstate New Zealand Group 230",,RealEstate,"New Zealand",,,,,new,"2026-04-29 21:41:27",info@realestate-newzealand-230.nz
7661,"Tech New Zealand Group 231",,Tech,"New Zealand",,,,,new,"2026-04-29 21:41:27",office@tech-newzealand-231.nz
7662,"IT New Zealand Group 232",,IT,"New Zealand",,,,,new,"2026-04-29 21:41:27",contact@it-newzealand-232.nz
7663,"Logistics New Zealand Group 233",,Logistics,"New Zealand",,,,,new,"2026-04-29 21:41:27",sales@logistics-newzealand-233.nz
7664,"Finance New Zealand Group 234",,Finance,"New Zealand",,,,,new,"2026-04-29 21:41:27",admin@finance-newzealand-234.nz
7665,"Consulting New Zealand Group 235",,Consulting,"New Zealand",,,,,new,"2026-04-29 21:41:27",hello@consulting-newzealand-235.nz
7666,"Trading New Zealand Group 236",,Trading,"New Zealand",,,,,new,"2026-04-29 21:41:27",support@trading-newzealand-236.nz
7667,"Manufacturing New Zealand Group 237",,Manufacturing,"New Zealand",,,,,new,"2026-04-29 21:41:27",business@manufacturing-newzealand-237.nz
7668,"RealEstate New Zealand Group 238",,RealEstate,"New Zealand",,,,,new,"2026-04-29 21:41:27",mail@realestate-newzealand-238.nz
7669,"Tech New Zealand Group 239",,Tech,"New Zealand",,,,,new,"2026-04-29 21:41:27",partner@tech-newzealand-239.nz
7670,"IT New Zealand Group 240",,IT,"New Zealand",,,,,new,"2026-04-29 21:41:27",info@it-newzealand-240.nz
7671,"Logistics New Zealand Group 241",,Logistics,"New Zealand",,,,,new,"2026-04-29 21:41:27",office@logistics-newzealand-241.nz
7672,"Finance New Zealand Group 242",,Finance,"New Zealand",,,,,new,"2026-04-29 21:41:27",contact@finance-newzealand-242.nz
7673,"Consulting New Zealand Group 243",,Consulting,"New Zealand",,,,,new,"2026-04-29 21:41:27",sales@consulting-newzealand-243.nz
7674,"Trading New Zealand Group 244",,Trading,"New Zealand",,,,,new,"2026-04-29 21:41:27",admin@trading-newzealand-244.nz
7675,"Manufacturing New Zealand Group 245",,Manufacturing,"New Zealand",,,,,new,"2026-04-29 21:41:27",hello@manufacturing-newzealand-245.nz
7676,"RealEstate New Zealand Group 246",,RealEstate,"New Zealand",,,,,new,"2026-04-29 21:41:27",support@realestate-newzealand-246.nz
7677,"Tech New Zealand Group 247",,Tech,"New Zealand",,,,,new,"2026-04-29 21:41:27",business@tech-newzealand-247.nz
7678,"IT New Zealand Group 248",,IT,"New Zealand",,,,,new,"2026-04-29 21:41:27",mail@it-newzealand-248.nz
7679,"Logistics New Zealand Group 249",,Logistics,"New Zealand",,,,,new,"2026-04-29 21:41:27",partner@logistics-newzealand-249.nz
7680,"Finance New Zealand Group 250",,Finance,"New Zealand",,,,,new,"2026-04-29 21:41:27",info@finance-newzealand-250.nz
7681,"Consulting New Zealand Group 251",,Consulting,"New Zealand",,,,,new,"2026-04-29 21:41:27",office@consulting-newzealand-251.nz
7682,"Trading New Zealand Group 252",,Trading,"New Zealand",,,,,new,"2026-04-29 21:41:27",contact@trading-newzealand-252.nz
7683,"Manufacturing New Zealand Group 253",,Manufacturing,"New Zealand",,,,,new,"2026-04-29 21:41:27",sales@manufacturing-newzealand-253.nz
7684,"RealEstate New Zealand Group 254",,RealEstate,"New Zealand",,,,,new,"2026-04-29 21:41:27",admin@realestate-newzealand-254.nz
7685,"Tech New Zealand Group 255",,Tech,"New Zealand",,,,,new,"2026-04-29 21:41:27",hello@tech-newzealand-255.nz
7686,"IT New Zealand Group 256",,IT,"New Zealand",,,,,new,"2026-04-29 21:41:27",support@it-newzealand-256.nz
7687,"Logistics New Zealand Group 257",,Logistics,"New Zealand",,,,,new,"2026-04-29 21:41:27",business@logistics-newzealand-257.nz
7688,"Finance New Zealand Group 258",,Finance,"New Zealand",,,,,new,"2026-04-29 21:41:27",mail@finance-newzealand-258.nz
7689,"Consulting New Zealand Group 259",,Consulting,"New Zealand",,,,,new,"2026-04-29 21:41:27",partner@consulting-newzealand-259.nz
7690,"Trading New Zealand Group 260",,Trading,"New Zealand",,,,,new,"2026-04-29 21:41:27",info@trading-newzealand-260.nz
7691,"Manufacturing New Zealand Group 261",,Manufacturing,"New Zealand",,,,,new,"2026-04-29 21:41:27",office@manufacturing-newzealand-261.nz
7692,"RealEstate New Zealand Group 262",,RealEstate,"New Zealand",,,,,new,"2026-04-29 21:41:27",contact@realestate-newzealand-262.nz
7693,"Tech New Zealand Group 263",,Tech,"New Zealand",,,,,new,"2026-04-29 21:41:27",sales@tech-newzealand-263.nz
7694,"IT New Zealand Group 264",,IT,"New Zealand",,,,,new,"2026-04-29 21:41:27",admin@it-newzealand-264.nz
7695,"Logistics New Zealand Group 265",,Logistics,"New Zealand",,,,,new,"2026-04-29 21:41:27",hello@logistics-newzealand-265.nz
7696,"Finance New Zealand Group 266",,Finance,"New Zealand",,,,,new,"2026-04-29 21:41:27",support@finance-newzealand-266.nz
7697,"Consulting New Zealand Group 267",,Consulting,"New Zealand",,,,,new,"2026-04-29 21:41:27",business@consulting-newzealand-267.nz
7698,"Trading New Zealand Group 268",,Trading,"New Zealand",,,,,new,"2026-04-29 21:41:27",mail@trading-newzealand-268.nz
7699,"Manufacturing New Zealand Group 269",,Manufacturing,"New Zealand",,,,,new,"2026-04-29 21:41:27",partner@manufacturing-newzealand-269.nz
7700,"RealEstate New Zealand Group 270",,RealEstate,"New Zealand",,,,,new,"2026-04-29 21:41:27",info@realestate-newzealand-270.nz
7701,"Tech New Zealand Group 271",,Tech,"New Zealand",,,,,new,"2026-04-29 21:41:27",office@tech-newzealand-271.nz
7702,"IT New Zealand Group 272",,IT,"New Zealand",,,,,new,"2026-04-29 21:41:27",contact@it-newzealand-272.nz
7703,"Logistics New Zealand Group 273",,Logistics,"New Zealand",,,,,new,"2026-04-29 21:41:27",sales@logistics-newzealand-273.nz
7704,"Finance New Zealand Group 274",,Finance,"New Zealand",,,,,new,"2026-04-29 21:41:27",admin@finance-newzealand-274.nz
7705,"Consulting New Zealand Group 275",,Consulting,"New Zealand",,,,,new,"2026-04-29 21:41:27",hello@consulting-newzealand-275.nz
7706,"Trading New Zealand Group 276",,Trading,"New Zealand",,,,,new,"2026-04-29 21:41:27",support@trading-newzealand-276.nz
7707,"Manufacturing New Zealand Group 277",,Manufacturing,"New Zealand",,,,,new,"2026-04-29 21:41:27",business@manufacturing-newzealand-277.nz
7708,"RealEstate New Zealand Group 278",,RealEstate,"New Zealand",,,,,new,"2026-04-29 21:41:27",mail@realestate-newzealand-278.nz
7709,"Tech New Zealand Group 279",,Tech,"New Zealand",,,,,new,"2026-04-29 21:41:27",partner@tech-newzealand-279.nz
7710,"IT New Zealand Group 280",,IT,"New Zealand",,,,,new,"2026-04-29 21:41:27",info@it-newzealand-280.nz
7711,"Logistics New Zealand Group 281",,Logistics,"New Zealand",,,,,new,"2026-04-29 21:41:27",office@logistics-newzealand-281.nz
7712,"Finance New Zealand Group 282",,Finance,"New Zealand",,,,,new,"2026-04-29 21:41:27",contact@finance-newzealand-282.nz
7713,"Consulting New Zealand Group 283",,Consulting,"New Zealand",,,,,new,"2026-04-29 21:41:27",sales@consulting-newzealand-283.nz
7714,"Trading New Zealand Group 284",,Trading,"New Zealand",,,,,new,"2026-04-29 21:41:27",admin@trading-newzealand-284.nz
7715,"Manufacturing New Zealand Group 285",,Manufacturing,"New Zealand",,,,,new,"2026-04-29 21:41:27",hello@manufacturing-newzealand-285.nz
7716,"RealEstate New Zealand Group 286",,RealEstate,"New Zealand",,,,,new,"2026-04-29 21:41:27",support@realestate-newzealand-286.nz
7717,"Tech New Zealand Group 287",,Tech,"New Zealand",,,,,new,"2026-04-29 21:41:27",business@tech-newzealand-287.nz
7718,"IT New Zealand Group 288",,IT,"New Zealand",,,,,new,"2026-04-29 21:41:27",mail@it-newzealand-288.nz
7719,"Logistics New Zealand Group 289",,Logistics,"New Zealand",,,,,new,"2026-04-29 21:41:27",partner@logistics-newzealand-289.nz
7720,"Finance New Zealand Group 290",,Finance,"New Zealand",,,,,new,"2026-04-29 21:41:27",info@finance-newzealand-290.nz
7721,"Consulting New Zealand Group 291",,Consulting,"New Zealand",,,,,new,"2026-04-29 21:41:27",office@consulting-newzealand-291.nz
7722,"Trading New Zealand Group 292",,Trading,"New Zealand",,,,,new,"2026-04-29 21:41:27",contact@trading-newzealand-292.nz
7723,"Manufacturing New Zealand Group 293",,Manufacturing,"New Zealand",,,,,new,"2026-04-29 21:41:27",sales@manufacturing-newzealand-293.nz
7724,"RealEstate New Zealand Group 294",,RealEstate,"New Zealand",,,,,new,"2026-04-29 21:41:27",admin@realestate-newzealand-294.nz
7725,"Tech New Zealand Group 295",,Tech,"New Zealand",,,,,new,"2026-04-29 21:41:27",hello@tech-newzealand-295.nz
7726,"IT New Zealand Group 296",,IT,"New Zealand",,,,,new,"2026-04-29 21:41:27",support@it-newzealand-296.nz
7727,"Logistics New Zealand Group 297",,Logistics,"New Zealand",,,,,new,"2026-04-29 21:41:27",business@logistics-newzealand-297.nz
7728,"Finance New Zealand Group 298",,Finance,"New Zealand",,,,,new,"2026-04-29 21:41:27",mail@finance-newzealand-298.nz
7729,"Consulting New Zealand Group 299",,Consulting,"New Zealand",,,,,new,"2026-04-29 21:41:27",partner@consulting-newzealand-299.nz
7730,"Trading New Zealand Group 300",,Trading,"New Zealand",,,,,new,"2026-04-29 21:41:27",info@trading-newzealand-300.nz
7731,"Manufacturing New Zealand Group 301",,Manufacturing,"New Zealand",,,,,new,"2026-04-29 21:41:27",office@manufacturing-newzealand-301.nz
7732,"RealEstate New Zealand Group 302",,RealEstate,"New Zealand",,,,,new,"2026-04-29 21:41:27",contact@realestate-newzealand-302.nz
7733,"Tech New Zealand Group 303",,Tech,"New Zealand",,,,,new,"2026-04-29 21:41:27",sales@tech-newzealand-303.nz
7734,"IT New Zealand Group 304",,IT,"New Zealand",,,,,new,"2026-04-29 21:41:27",admin@it-newzealand-304.nz
7735,"Logistics New Zealand Group 305",,Logistics,"New Zealand",,,,,new,"2026-04-29 21:41:27",hello@logistics-newzealand-305.nz
7736,"Finance New Zealand Group 306",,Finance,"New Zealand",,,,,new,"2026-04-29 21:41:27",support@finance-newzealand-306.nz
7737,"Consulting New Zealand Group 307",,Consulting,"New Zealand",,,,,new,"2026-04-29 21:41:27",business@consulting-newzealand-307.nz
7738,"Trading New Zealand Group 308",,Trading,"New Zealand",,,,,new,"2026-04-29 21:41:27",mail@trading-newzealand-308.nz
7739,"Manufacturing New Zealand Group 309",,Manufacturing,"New Zealand",,,,,new,"2026-04-29 21:41:27",partner@manufacturing-newzealand-309.nz
7740,"RealEstate New Zealand Group 310",,RealEstate,"New Zealand",,,,,new,"2026-04-29 21:41:27",info@realestate-newzealand-310.nz
7741,"Tech New Zealand Group 311",,Tech,"New Zealand",,,,,new,"2026-04-29 21:41:27",office@tech-newzealand-311.nz
7742,"IT New Zealand Group 312",,IT,"New Zealand",,,,,new,"2026-04-29 21:41:27",contact@it-newzealand-312.nz
7743,"Logistics New Zealand Group 313",,Logistics,"New Zealand",,,,,new,"2026-04-29 21:41:27",sales@logistics-newzealand-313.nz
7744,"Finance New Zealand Group 314",,Finance,"New Zealand",,,,,new,"2026-04-29 21:41:27",admin@finance-newzealand-314.nz
7745,"Consulting New Zealand Group 315",,Consulting,"New Zealand",,,,,new,"2026-04-29 21:41:27",hello@consulting-newzealand-315.nz
7746,"Trading New Zealand Group 316",,Trading,"New Zealand",,,,,new,"2026-04-29 21:41:27",support@trading-newzealand-316.nz
7747,"Manufacturing New Zealand Group 317",,Manufacturing,"New Zealand",,,,,new,"2026-04-29 21:41:27",business@manufacturing-newzealand-317.nz
7748,"RealEstate New Zealand Group 318",,RealEstate,"New Zealand",,,,,new,"2026-04-29 21:41:27",mail@realestate-newzealand-318.nz
7749,"Tech New Zealand Group 319",,Tech,"New Zealand",,,,,new,"2026-04-29 21:41:27",partner@tech-newzealand-319.nz
7750,"IT New Zealand Group 320",,IT,"New Zealand",,,,,new,"2026-04-29 21:41:27",info@it-newzealand-320.nz
7751,"Logistics New Zealand Group 321",,Logistics,"New Zealand",,,,,new,"2026-04-29 21:41:27",office@logistics-newzealand-321.nz
7752,"Finance New Zealand Group 322",,Finance,"New Zealand",,,,,new,"2026-04-29 21:41:27",contact@finance-newzealand-322.nz
7753,"Consulting New Zealand Group 323",,Consulting,"New Zealand",,,,,new,"2026-04-29 21:41:27",sales@consulting-newzealand-323.nz
7754,"Trading New Zealand Group 324",,Trading,"New Zealand",,,,,new,"2026-04-29 21:41:27",admin@trading-newzealand-324.nz
7755,"Manufacturing New Zealand Group 325",,Manufacturing,"New Zealand",,,,,new,"2026-04-29 21:41:27",hello@manufacturing-newzealand-325.nz
7756,"RealEstate New Zealand Group 326",,RealEstate,"New Zealand",,,,,new,"2026-04-29 21:41:27",support@realestate-newzealand-326.nz
7757,"Tech New Zealand Group 327",,Tech,"New Zealand",,,,,new,"2026-04-29 21:41:27",business@tech-newzealand-327.nz
7758,"IT New Zealand Group 328",,IT,"New Zealand",,,,,new,"2026-04-29 21:41:27",mail@it-newzealand-328.nz
7759,"Logistics New Zealand Group 329",,Logistics,"New Zealand",,,,,new,"2026-04-29 21:41:27",partner@logistics-newzealand-329.nz
7760,"Finance New Zealand Group 330",,Finance,"New Zealand",,,,,new,"2026-04-29 21:41:27",info@finance-newzealand-330.nz
7761,"Consulting New Zealand Group 331",,Consulting,"New Zealand",,,,,new,"2026-04-29 21:41:27",office@consulting-newzealand-331.nz
7762,"Trading New Zealand Group 332",,Trading,"New Zealand",,,,,new,"2026-04-29 21:41:27",contact@trading-newzealand-332.nz
7763,"Manufacturing New Zealand Group 333",,Manufacturing,"New Zealand",,,,,new,"2026-04-29 21:41:27",sales@manufacturing-newzealand-333.nz
7764,"RealEstate New Zealand Group 334",,RealEstate,"New Zealand",,,,,new,"2026-04-29 21:41:27",admin@realestate-newzealand-334.nz
7765,"Tech New Zealand Group 335",,Tech,"New Zealand",,,,,new,"2026-04-29 21:41:27",hello@tech-newzealand-335.nz
7766,"IT New Zealand Group 336",,IT,"New Zealand",,,,,new,"2026-04-29 21:41:27",support@it-newzealand-336.nz
7767,"Logistics New Zealand Group 337",,Logistics,"New Zealand",,,,,new,"2026-04-29 21:41:27",business@logistics-newzealand-337.nz
7768,"Finance New Zealand Group 338",,Finance,"New Zealand",,,,,new,"2026-04-29 21:41:27",mail@finance-newzealand-338.nz
7769,"Consulting New Zealand Group 339",,Consulting,"New Zealand",,,,,new,"2026-04-29 21:41:27",partner@consulting-newzealand-339.nz
7770,"Trading New Zealand Group 340",,Trading,"New Zealand",,,,,new,"2026-04-29 21:41:27",info@trading-newzealand-340.nz
7771,"Manufacturing New Zealand Group 341",,Manufacturing,"New Zealand",,,,,new,"2026-04-29 21:41:27",office@manufacturing-newzealand-341.nz
7772,"RealEstate New Zealand Group 342",,RealEstate,"New Zealand",,,,,new,"2026-04-29 21:41:27",contact@realestate-newzealand-342.nz
7773,"Tech New Zealand Group 343",,Tech,"New Zealand",,,,,new,"2026-04-29 21:41:27",sales@tech-newzealand-343.nz
7774,"IT New Zealand Group 344",,IT,"New Zealand",,,,,new,"2026-04-29 21:41:27",admin@it-newzealand-344.nz
7775,"Logistics New Zealand Group 345",,Logistics,"New Zealand",,,,,new,"2026-04-29 21:41:27",hello@logistics-newzealand-345.nz
7776,"Finance New Zealand Group 346",,Finance,"New Zealand",,,,,new,"2026-04-29 21:41:27",support@finance-newzealand-346.nz
7777,"Consulting New Zealand Group 347",,Consulting,"New Zealand",,,,,new,"2026-04-29 21:41:27",business@consulting-newzealand-347.nz
7778,"Trading New Zealand Group 348",,Trading,"New Zealand",,,,,new,"2026-04-29 21:41:27",mail@trading-newzealand-348.nz
7779,"Manufacturing New Zealand Group 349",,Manufacturing,"New Zealand",,,,,new,"2026-04-29 21:41:27",partner@manufacturing-newzealand-349.nz
7780,"RealEstate New Zealand Group 350",,RealEstate,"New Zealand",,,,,new,"2026-04-29 21:41:27",info@realestate-newzealand-350.nz
7781,"Tech New Zealand Group 351",,Tech,"New Zealand",,,,,new,"2026-04-29 21:41:27",office@tech-newzealand-351.nz
7782,"IT New Zealand Group 352",,IT,"New Zealand",,,,,new,"2026-04-29 21:41:27",contact@it-newzealand-352.nz
7783,"Logistics New Zealand Group 353",,Logistics,"New Zealand",,,,,new,"2026-04-29 21:41:27",sales@logistics-newzealand-353.nz
7784,"Finance New Zealand Group 354",,Finance,"New Zealand",,,,,new,"2026-04-29 21:41:27",admin@finance-newzealand-354.nz
7785,"Consulting New Zealand Group 355",,Consulting,"New Zealand",,,,,new,"2026-04-29 21:41:27",hello@consulting-newzealand-355.nz
7786,"Trading New Zealand Group 356",,Trading,"New Zealand",,,,,new,"2026-04-29 21:41:27",support@trading-newzealand-356.nz
7787,"Manufacturing New Zealand Group 357",,Manufacturing,"New Zealand",,,,,new,"2026-04-29 21:41:27",business@manufacturing-newzealand-357.nz
7788,"RealEstate New Zealand Group 358",,RealEstate,"New Zealand",,,,,new,"2026-04-29 21:41:27",mail@realestate-newzealand-358.nz
7789,"Tech New Zealand Group 359",,Tech,"New Zealand",,,,,new,"2026-04-29 21:41:27",partner@tech-newzealand-359.nz
7790,"IT New Zealand Group 360",,IT,"New Zealand",,,,,new,"2026-04-29 21:41:27",info@it-newzealand-360.nz
7791,"Logistics New Zealand Group 361",,Logistics,"New Zealand",,,,,new,"2026-04-29 21:41:27",office@logistics-newzealand-361.nz
7792,"Finance New Zealand Group 362",,Finance,"New Zealand",,,,,new,"2026-04-29 21:41:27",contact@finance-newzealand-362.nz
7793,"Consulting New Zealand Group 363",,Consulting,"New Zealand",,,,,new,"2026-04-29 21:41:27",sales@consulting-newzealand-363.nz
7794,"Trading New Zealand Group 364",,Trading,"New Zealand",,,,,new,"2026-04-29 21:41:27",admin@trading-newzealand-364.nz
7795,"Manufacturing New Zealand Group 365",,Manufacturing,"New Zealand",,,,,new,"2026-04-29 21:41:27",hello@manufacturing-newzealand-365.nz
7796,"RealEstate New Zealand Group 366",,RealEstate,"New Zealand",,,,,new,"2026-04-29 21:41:27",support@realestate-newzealand-366.nz
7797,"Tech New Zealand Group 367",,Tech,"New Zealand",,,,,new,"2026-04-29 21:41:27",business@tech-newzealand-367.nz
7798,"IT New Zealand Group 368",,IT,"New Zealand",,,,,new,"2026-04-29 21:41:27",mail@it-newzealand-368.nz
7799,"Logistics New Zealand Group 369",,Logistics,"New Zealand",,,,,new,"2026-04-29 21:41:27",partner@logistics-newzealand-369.nz
7800,"Finance New Zealand Group 370",,Finance,"New Zealand",,,,,new,"2026-04-29 21:41:27",info@finance-newzealand-370.nz
7801,"Consulting New Zealand Group 371",,Consulting,"New Zealand",,,,,new,"2026-04-29 21:41:27",office@consulting-newzealand-371.nz
7802,"Trading New Zealand Group 372",,Trading,"New Zealand",,,,,new,"2026-04-29 21:41:27",contact@trading-newzealand-372.nz
7803,"Manufacturing New Zealand Group 373",,Manufacturing,"New Zealand",,,,,new,"2026-04-29 21:41:27",sales@manufacturing-newzealand-373.nz
7804,"RealEstate New Zealand Group 374",,RealEstate,"New Zealand",,,,,new,"2026-04-29 21:41:27",admin@realestate-newzealand-374.nz
7805,"Tech New Zealand Group 375",,Tech,"New Zealand",,,,,new,"2026-04-29 21:41:27",hello@tech-newzealand-375.nz
7806,"IT New Zealand Group 376",,IT,"New Zealand",,,,,new,"2026-04-29 21:41:27",support@it-newzealand-376.nz
7807,"Logistics New Zealand Group 377",,Logistics,"New Zealand",,,,,new,"2026-04-29 21:41:27",business@logistics-newzealand-377.nz
7808,"Finance New Zealand Group 378",,Finance,"New Zealand",,,,,new,"2026-04-29 21:41:27",mail@finance-newzealand-378.nz
7809,"Consulting New Zealand Group 379",,Consulting,"New Zealand",,,,,new,"2026-04-29 21:41:27",partner@consulting-newzealand-379.nz
7810,"Trading New Zealand Group 380",,Trading,"New Zealand",,,,,new,"2026-04-29 21:41:27",info@trading-newzealand-380.nz
7811,"Manufacturing New Zealand Group 381",,Manufacturing,"New Zealand",,,,,new,"2026-04-29 21:41:27",office@manufacturing-newzealand-381.nz
7812,"RealEstate New Zealand Group 382",,RealEstate,"New Zealand",,,,,new,"2026-04-29 21:41:27",contact@realestate-newzealand-382.nz
7813,"Tech New Zealand Group 383",,Tech,"New Zealand",,,,,new,"2026-04-29 21:41:27",sales@tech-newzealand-383.nz
7814,"IT New Zealand Group 384",,IT,"New Zealand",,,,,new,"2026-04-29 21:41:27",admin@it-newzealand-384.nz
7815,"Logistics New Zealand Group 385",,Logistics,"New Zealand",,,,,new,"2026-04-29 21:41:27",hello@logistics-newzealand-385.nz
7816,"Finance New Zealand Group 386",,Finance,"New Zealand",,,,,new,"2026-04-29 21:41:27",support@finance-newzealand-386.nz
7817,"Consulting New Zealand Group 387",,Consulting,"New Zealand",,,,,new,"2026-04-29 21:41:27",business@consulting-newzealand-387.nz
7818,"Trading New Zealand Group 388",,Trading,"New Zealand",,,,,new,"2026-04-29 21:41:27",mail@trading-newzealand-388.nz
7819,"Manufacturing New Zealand Group 389",,Manufacturing,"New Zealand",,,,,new,"2026-04-29 21:41:27",partner@manufacturing-newzealand-389.nz
7820,"RealEstate New Zealand Group 390",,RealEstate,"New Zealand",,,,,new,"2026-04-29 21:41:27",info@realestate-newzealand-390.nz
7821,"Tech New Zealand Group 391",,Tech,"New Zealand",,,,,new,"2026-04-29 21:41:27",office@tech-newzealand-391.nz
7822,"IT New Zealand Group 392",,IT,"New Zealand",,,,,new,"2026-04-29 21:41:27",contact@it-newzealand-392.nz
7823,"Logistics New Zealand Group 393",,Logistics,"New Zealand",,,,,new,"2026-04-29 21:41:27",sales@logistics-newzealand-393.nz
7824,"Finance New Zealand Group 394",,Finance,"New Zealand",,,,,new,"2026-04-29 21:41:27",admin@finance-newzealand-394.nz
7825,"Consulting New Zealand Group 395",,Consulting,"New Zealand",,,,,new,"2026-04-29 21:41:27",hello@consulting-newzealand-395.nz
7826,"Trading New Zealand Group 396",,Trading,"New Zealand",,,,,new,"2026-04-29 21:41:27",support@trading-newzealand-396.nz
7827,"Manufacturing New Zealand Group 397",,Manufacturing,"New Zealand",,,,,new,"2026-04-29 21:41:27",business@manufacturing-newzealand-397.nz
7828,"RealEstate New Zealand Group 398",,RealEstate,"New Zealand",,,,,new,"2026-04-29 21:41:27",mail@realestate-newzealand-398.nz
7829,"Tech New Zealand Group 399",,Tech,"New Zealand",,,,,new,"2026-04-29 21:41:27",partner@tech-newzealand-399.nz
7830,"IT New Zealand Group 400",,IT,"New Zealand",,,,,new,"2026-04-29 21:41:27",info@it-newzealand-400.nz
7831,"Logistics New Zealand Group 401",,Logistics,"New Zealand",,,,,new,"2026-04-29 21:41:27",office@logistics-newzealand-401.nz
7832,"Finance New Zealand Group 402",,Finance,"New Zealand",,,,,new,"2026-04-29 21:41:27",contact@finance-newzealand-402.nz
7833,"Consulting New Zealand Group 403",,Consulting,"New Zealand",,,,,new,"2026-04-29 21:41:27",sales@consulting-newzealand-403.nz
7834,"Trading New Zealand Group 404",,Trading,"New Zealand",,,,,new,"2026-04-29 21:41:27",admin@trading-newzealand-404.nz
7835,"Manufacturing New Zealand Group 405",,Manufacturing,"New Zealand",,,,,new,"2026-04-29 21:41:27",hello@manufacturing-newzealand-405.nz
7836,"RealEstate New Zealand Group 406",,RealEstate,"New Zealand",,,,,new,"2026-04-29 21:41:27",support@realestate-newzealand-406.nz
7837,"Tech New Zealand Group 407",,Tech,"New Zealand",,,,,new,"2026-04-29 21:41:27",business@tech-newzealand-407.nz
7838,"IT New Zealand Group 408",,IT,"New Zealand",,,,,new,"2026-04-29 21:41:27",mail@it-newzealand-408.nz
7839,"Logistics New Zealand Group 409",,Logistics,"New Zealand",,,,,new,"2026-04-29 21:41:27",partner@logistics-newzealand-409.nz
7840,"Finance New Zealand Group 410",,Finance,"New Zealand",,,,,new,"2026-04-29 21:41:27",info@finance-newzealand-410.nz
7841,"Consulting New Zealand Group 411",,Consulting,"New Zealand",,,,,new,"2026-04-29 21:41:27",office@consulting-newzealand-411.nz
7842,"Trading New Zealand Group 412",,Trading,"New Zealand",,,,,new,"2026-04-29 21:41:27",contact@trading-newzealand-412.nz
7843,"Manufacturing New Zealand Group 413",,Manufacturing,"New Zealand",,,,,new,"2026-04-29 21:41:27",sales@manufacturing-newzealand-413.nz
7844,"RealEstate New Zealand Group 414",,RealEstate,"New Zealand",,,,,new,"2026-04-29 21:41:27",admin@realestate-newzealand-414.nz
7845,"Tech New Zealand Group 415",,Tech,"New Zealand",,,,,new,"2026-04-29 21:41:27",hello@tech-newzealand-415.nz
7846,"IT New Zealand Group 416",,IT,"New Zealand",,,,,new,"2026-04-29 21:41:27",support@it-newzealand-416.nz
7847,"Logistics New Zealand Group 417",,Logistics,"New Zealand",,,,,new,"2026-04-29 21:41:27",business@logistics-newzealand-417.nz
7848,"Finance New Zealand Group 418",,Finance,"New Zealand",,,,,new,"2026-04-29 21:41:27",mail@finance-newzealand-418.nz
7849,"Consulting New Zealand Group 419",,Consulting,"New Zealand",,,,,new,"2026-04-29 21:41:27",partner@consulting-newzealand-419.nz
7850,"Trading New Zealand Group 420",,Trading,"New Zealand",,,,,new,"2026-04-29 21:41:27",info@trading-newzealand-420.nz
7851,"Manufacturing New Zealand Group 421",,Manufacturing,"New Zealand",,,,,new,"2026-04-29 21:41:27",office@manufacturing-newzealand-421.nz
7852,"RealEstate New Zealand Group 422",,RealEstate,"New Zealand",,,,,new,"2026-04-29 21:41:27",contact@realestate-newzealand-422.nz
7853,"Tech New Zealand Group 423",,Tech,"New Zealand",,,,,new,"2026-04-29 21:41:27",sales@tech-newzealand-423.nz
7854,"IT New Zealand Group 424",,IT,"New Zealand",,,,,new,"2026-04-29 21:41:27",admin@it-newzealand-424.nz
7855,"Logistics New Zealand Group 425",,Logistics,"New Zealand",,,,,new,"2026-04-29 21:41:27",hello@logistics-newzealand-425.nz
7856,"Finance New Zealand Group 426",,Finance,"New Zealand",,,,,new,"2026-04-29 21:41:27",support@finance-newzealand-426.nz
7857,"Consulting New Zealand Group 427",,Consulting,"New Zealand",,,,,new,"2026-04-29 21:41:27",business@consulting-newzealand-427.nz
7858,"Trading New Zealand Group 428",,Trading,"New Zealand",,,,,new,"2026-04-29 21:41:27",mail@trading-newzealand-428.nz
7859,"Manufacturing New Zealand Group 429",,Manufacturing,"New Zealand",,,,,new,"2026-04-29 21:41:27",partner@manufacturing-newzealand-429.nz
7860,"RealEstate New Zealand Group 430",,RealEstate,"New Zealand",,,,,new,"2026-04-29 21:41:27",info@realestate-newzealand-430.nz
7861,"Tech New Zealand Group 431",,Tech,"New Zealand",,,,,new,"2026-04-29 21:41:27",office@tech-newzealand-431.nz
7862,"IT New Zealand Group 432",,IT,"New Zealand",,,,,new,"2026-04-29 21:41:27",contact@it-newzealand-432.nz
7863,"Logistics New Zealand Group 433",,Logistics,"New Zealand",,,,,new,"2026-04-29 21:41:27",sales@logistics-newzealand-433.nz
7864,"Finance New Zealand Group 434",,Finance,"New Zealand",,,,,new,"2026-04-29 21:41:27",admin@finance-newzealand-434.nz
7865,"Consulting New Zealand Group 435",,Consulting,"New Zealand",,,,,new,"2026-04-29 21:41:27",hello@consulting-newzealand-435.nz
7866,"Trading New Zealand Group 436",,Trading,"New Zealand",,,,,new,"2026-04-29 21:41:27",support@trading-newzealand-436.nz
7867,"Manufacturing New Zealand Group 437",,Manufacturing,"New Zealand",,,,,new,"2026-04-29 21:41:27",business@manufacturing-newzealand-437.nz
7868,"RealEstate New Zealand Group 438",,RealEstate,"New Zealand",,,,,new,"2026-04-29 21:41:27",mail@realestate-newzealand-438.nz
7869,"Tech New Zealand Group 439",,Tech,"New Zealand",,,,,new,"2026-04-29 21:41:27",partner@tech-newzealand-439.nz
7870,"IT New Zealand Group 440",,IT,"New Zealand",,,,,new,"2026-04-29 21:41:27",info@it-newzealand-440.nz
7871,"Logistics New Zealand Group 441",,Logistics,"New Zealand",,,,,new,"2026-04-29 21:41:27",office@logistics-newzealand-441.nz
7872,"Finance New Zealand Group 442",,Finance,"New Zealand",,,,,new,"2026-04-29 21:41:27",contact@finance-newzealand-442.nz
7873,"Consulting New Zealand Group 443",,Consulting,"New Zealand",,,,,new,"2026-04-29 21:41:27",sales@consulting-newzealand-443.nz
7874,"Trading New Zealand Group 444",,Trading,"New Zealand",,,,,new,"2026-04-29 21:41:27",admin@trading-newzealand-444.nz
7875,"Manufacturing New Zealand Group 445",,Manufacturing,"New Zealand",,,,,new,"2026-04-29 21:41:27",hello@manufacturing-newzealand-445.nz
7876,"RealEstate New Zealand Group 446",,RealEstate,"New Zealand",,,,,new,"2026-04-29 21:41:27",support@realestate-newzealand-446.nz
7877,"Tech New Zealand Group 447",,Tech,"New Zealand",,,,,new,"2026-04-29 21:41:27",business@tech-newzealand-447.nz
7878,"IT New Zealand Group 448",,IT,"New Zealand",,,,,new,"2026-04-29 21:41:27",mail@it-newzealand-448.nz
7879,"Logistics New Zealand Group 449",,Logistics,"New Zealand",,,,,new,"2026-04-29 21:41:27",partner@logistics-newzealand-449.nz
7880,"Finance New Zealand Group 450",,Finance,"New Zealand",,,,,new,"2026-04-29 21:41:27",info@finance-newzealand-450.nz
7881,"Consulting New Zealand Group 451",,Consulting,"New Zealand",,,,,new,"2026-04-29 21:41:27",office@consulting-newzealand-451.nz
7882,"Trading New Zealand Group 452",,Trading,"New Zealand",,,,,new,"2026-04-29 21:41:27",contact@trading-newzealand-452.nz
7883,"Manufacturing New Zealand Group 453",,Manufacturing,"New Zealand",,,,,new,"2026-04-29 21:41:27",sales@manufacturing-newzealand-453.nz
7884,"RealEstate New Zealand Group 454",,RealEstate,"New Zealand",,,,,new,"2026-04-29 21:41:27",admin@realestate-newzealand-454.nz
7885,"Tech New Zealand Group 455",,Tech,"New Zealand",,,,,new,"2026-04-29 21:41:27",hello@tech-newzealand-455.nz
7886,"IT New Zealand Group 456",,IT,"New Zealand",,,,,new,"2026-04-29 21:41:27",support@it-newzealand-456.nz
7887,"Logistics New Zealand Group 457",,Logistics,"New Zealand",,,,,new,"2026-04-29 21:41:27",business@logistics-newzealand-457.nz
7888,"Finance New Zealand Group 458",,Finance,"New Zealand",,,,,new,"2026-04-29 21:41:27",mail@finance-newzealand-458.nz
7889,"Consulting New Zealand Group 459",,Consulting,"New Zealand",,,,,new,"2026-04-29 21:41:27",partner@consulting-newzealand-459.nz
7890,"Trading New Zealand Group 460",,Trading,"New Zealand",,,,,new,"2026-04-29 21:41:27",info@trading-newzealand-460.nz
7891,"Manufacturing New Zealand Group 461",,Manufacturing,"New Zealand",,,,,new,"2026-04-29 21:41:27",office@manufacturing-newzealand-461.nz
7892,"RealEstate New Zealand Group 462",,RealEstate,"New Zealand",,,,,new,"2026-04-29 21:41:27",contact@realestate-newzealand-462.nz
7893,"Tech New Zealand Group 463",,Tech,"New Zealand",,,,,new,"2026-04-29 21:41:27",sales@tech-newzealand-463.nz
7894,"IT New Zealand Group 464",,IT,"New Zealand",,,,,new,"2026-04-29 21:41:27",admin@it-newzealand-464.nz
7895,"Logistics New Zealand Group 465",,Logistics,"New Zealand",,,,,new,"2026-04-29 21:41:27",hello@logistics-newzealand-465.nz
7896,"Finance New Zealand Group 466",,Finance,"New Zealand",,,,,new,"2026-04-29 21:41:27",support@finance-newzealand-466.nz
7897,"Consulting New Zealand Group 467",,Consulting,"New Zealand",,,,,new,"2026-04-29 21:41:27",business@consulting-newzealand-467.nz
7898,"Trading New Zealand Group 468",,Trading,"New Zealand",,,,,new,"2026-04-29 21:41:27",mail@trading-newzealand-468.nz
7899,"Manufacturing New Zealand Group 469",,Manufacturing,"New Zealand",,,,,new,"2026-04-29 21:41:27",partner@manufacturing-newzealand-469.nz
7900,"RealEstate New Zealand Group 470",,RealEstate,"New Zealand",,,,,new,"2026-04-29 21:41:27",info@realestate-newzealand-470.nz
7901,"Tech New Zealand Group 471",,Tech,"New Zealand",,,,,new,"2026-04-29 21:41:27",office@tech-newzealand-471.nz
7902,"IT New Zealand Group 472",,IT,"New Zealand",,,,,new,"2026-04-29 21:41:27",contact@it-newzealand-472.nz
7903,"Logistics New Zealand Group 473",,Logistics,"New Zealand",,,,,new,"2026-04-29 21:41:27",sales@logistics-newzealand-473.nz
7904,"Finance New Zealand Group 474",,Finance,"New Zealand",,,,,new,"2026-04-29 21:41:27",admin@finance-newzealand-474.nz
7905,"Consulting New Zealand Group 475",,Consulting,"New Zealand",,,,,new,"2026-04-29 21:41:27",hello@consulting-newzealand-475.nz
7906,"Trading New Zealand Group 476",,Trading,"New Zealand",,,,,new,"2026-04-29 21:41:27",support@trading-newzealand-476.nz
7907,"Manufacturing New Zealand Group 477",,Manufacturing,"New Zealand",,,,,new,"2026-04-29 21:41:27",business@manufacturing-newzealand-477.nz
7908,"RealEstate New Zealand Group 478",,RealEstate,"New Zealand",,,,,new,"2026-04-29 21:41:27",mail@realestate-newzealand-478.nz
7909,"Tech New Zealand Group 479",,Tech,"New Zealand",,,,,new,"2026-04-29 21:41:27",partner@tech-newzealand-479.nz
7910,"IT New Zealand Group 480",,IT,"New Zealand",,,,,new,"2026-04-29 21:41:27",info@it-newzealand-480.nz
7911,"Logistics New Zealand Group 481",,Logistics,"New Zealand",,,,,new,"2026-04-29 21:41:27",office@logistics-newzealand-481.nz
7912,"Finance New Zealand Group 482",,Finance,"New Zealand",,,,,new,"2026-04-29 21:41:27",contact@finance-newzealand-482.nz
7913,"Consulting New Zealand Group 483",,Consulting,"New Zealand",,,,,new,"2026-04-29 21:41:27",sales@consulting-newzealand-483.nz
7914,"Trading New Zealand Group 484",,Trading,"New Zealand",,,,,new,"2026-04-29 21:41:27",admin@trading-newzealand-484.nz
7915,"Manufacturing New Zealand Group 485",,Manufacturing,"New Zealand",,,,,new,"2026-04-29 21:41:27",hello@manufacturing-newzealand-485.nz
7916,"RealEstate New Zealand Group 486",,RealEstate,"New Zealand",,,,,new,"2026-04-29 21:41:27",support@realestate-newzealand-486.nz
7917,"Tech New Zealand Group 487",,Tech,"New Zealand",,,,,new,"2026-04-29 21:41:27",business@tech-newzealand-487.nz
7918,"IT New Zealand Group 488",,IT,"New Zealand",,,,,new,"2026-04-29 21:41:27",mail@it-newzealand-488.nz
7919,"Logistics New Zealand Group 489",,Logistics,"New Zealand",,,,,new,"2026-04-29 21:41:27",partner@logistics-newzealand-489.nz
7920,"Finance New Zealand Group 490",,Finance,"New Zealand",,,,,new,"2026-04-29 21:41:27",info@finance-newzealand-490.nz
7921,"Consulting New Zealand Group 491",,Consulting,"New Zealand",,,,,new,"2026-04-29 21:41:27",office@consulting-newzealand-491.nz
7922,"Trading New Zealand Group 492",,Trading,"New Zealand",,,,,new,"2026-04-29 21:41:27",contact@trading-newzealand-492.nz
7923,"Manufacturing New Zealand Group 493",,Manufacturing,"New Zealand",,,,,new,"2026-04-29 21:41:27",sales@manufacturing-newzealand-493.nz
7924,"RealEstate New Zealand Group 494",,RealEstate,"New Zealand",,,,,new,"2026-04-29 21:41:27",admin@realestate-newzealand-494.nz
7925,"Tech New Zealand Group 495",,Tech,"New Zealand",,,,,new,"2026-04-29 21:41:27",hello@tech-newzealand-495.nz
7926,"IT New Zealand Group 496",,IT,"New Zealand",,,,,new,"2026-04-29 21:41:27",support@it-newzealand-496.nz
7927,"Logistics New Zealand Group 497",,Logistics,"New Zealand",,,,,new,"2026-04-29 21:41:27",business@logistics-newzealand-497.nz
7928,"Finance New Zealand Group 498",,Finance,"New Zealand",,,,,new,"2026-04-29 21:41:27",mail@finance-newzealand-498.nz
7929,"Consulting New Zealand Group 499",,Consulting,"New Zealand",,,,,new,"2026-04-29 21:41:27",partner@consulting-newzealand-499.nz
7930,"Trading New Zealand Group 500",,Trading,"New Zealand",,,,,new,"2026-04-29 21:41:27",info@trading-newzealand-500.nz
7931,"Logistics Denmark Group 1",,Logistics,Denmark,,,,,new,"2026-04-29 21:41:27",office@logistics-denmark-1.dk
7932,"Finance Denmark Group 2",,Finance,Denmark,,,,,new,"2026-04-29 21:41:27",contact@finance-denmark-2.dk
7933,"Consulting Denmark Group 3",,Consulting,Denmark,,,,,new,"2026-04-29 21:41:27",sales@consulting-denmark-3.dk
7934,"Trading Denmark Group 4",,Trading,Denmark,,,,,new,"2026-04-29 21:41:27",admin@trading-denmark-4.dk
7935,"Manufacturing Denmark Group 5",,Manufacturing,Denmark,,,,,new,"2026-04-29 21:41:27",hello@manufacturing-denmark-5.dk
7936,"RealEstate Denmark Group 6",,RealEstate,Denmark,,,,,new,"2026-04-29 21:41:27",support@realestate-denmark-6.dk
7937,"Tech Denmark Group 7",,Tech,Denmark,,,,,new,"2026-04-29 21:41:27",business@tech-denmark-7.dk
7938,"IT Denmark Group 8",,IT,Denmark,,,,,new,"2026-04-29 21:41:27",mail@it-denmark-8.dk
7939,"Logistics Denmark Group 9",,Logistics,Denmark,,,,,new,"2026-04-29 21:41:27",partner@logistics-denmark-9.dk
7940,"Finance Denmark Group 10",,Finance,Denmark,,,,,new,"2026-04-29 21:41:27",info@finance-denmark-10.dk
7941,"Consulting Denmark Group 11",,Consulting,Denmark,,,,,new,"2026-04-29 21:41:27",office@consulting-denmark-11.dk
7942,"Trading Denmark Group 12",,Trading,Denmark,,,,,new,"2026-04-29 21:41:27",contact@trading-denmark-12.dk
7943,"Manufacturing Denmark Group 13",,Manufacturing,Denmark,,,,,new,"2026-04-29 21:41:27",sales@manufacturing-denmark-13.dk
7944,"RealEstate Denmark Group 14",,RealEstate,Denmark,,,,,new,"2026-04-29 21:41:27",admin@realestate-denmark-14.dk
7945,"Tech Denmark Group 15",,Tech,Denmark,,,,,new,"2026-04-29 21:41:27",hello@tech-denmark-15.dk
7946,"IT Denmark Group 16",,IT,Denmark,,,,,new,"2026-04-29 21:41:27",support@it-denmark-16.dk
7947,"Logistics Denmark Group 17",,Logistics,Denmark,,,,,new,"2026-04-29 21:41:27",business@logistics-denmark-17.dk
7948,"Finance Denmark Group 18",,Finance,Denmark,,,,,new,"2026-04-29 21:41:27",mail@finance-denmark-18.dk
7949,"Consulting Denmark Group 19",,Consulting,Denmark,,,,,new,"2026-04-29 21:41:27",partner@consulting-denmark-19.dk
7950,"Trading Denmark Group 20",,Trading,Denmark,,,,,new,"2026-04-29 21:41:27",info@trading-denmark-20.dk
7951,"Manufacturing Denmark Group 21",,Manufacturing,Denmark,,,,,new,"2026-04-29 21:41:27",office@manufacturing-denmark-21.dk
7952,"RealEstate Denmark Group 22",,RealEstate,Denmark,,,,,new,"2026-04-29 21:41:27",contact@realestate-denmark-22.dk
7953,"Tech Denmark Group 23",,Tech,Denmark,,,,,new,"2026-04-29 21:41:27",sales@tech-denmark-23.dk
7954,"IT Denmark Group 24",,IT,Denmark,,,,,new,"2026-04-29 21:41:27",admin@it-denmark-24.dk
7955,"Logistics Denmark Group 25",,Logistics,Denmark,,,,,new,"2026-04-29 21:41:27",hello@logistics-denmark-25.dk
7956,"Finance Denmark Group 26",,Finance,Denmark,,,,,new,"2026-04-29 21:41:27",support@finance-denmark-26.dk
7957,"Consulting Denmark Group 27",,Consulting,Denmark,,,,,new,"2026-04-29 21:41:27",business@consulting-denmark-27.dk
7958,"Trading Denmark Group 28",,Trading,Denmark,,,,,new,"2026-04-29 21:41:27",mail@trading-denmark-28.dk
7959,"Manufacturing Denmark Group 29",,Manufacturing,Denmark,,,,,new,"2026-04-29 21:41:27",partner@manufacturing-denmark-29.dk
7960,"RealEstate Denmark Group 30",,RealEstate,Denmark,,,,,new,"2026-04-29 21:41:27",info@realestate-denmark-30.dk
7961,"Tech Denmark Group 31",,Tech,Denmark,,,,,new,"2026-04-29 21:41:27",office@tech-denmark-31.dk
7962,"IT Denmark Group 32",,IT,Denmark,,,,,new,"2026-04-29 21:41:27",contact@it-denmark-32.dk
7963,"Logistics Denmark Group 33",,Logistics,Denmark,,,,,new,"2026-04-29 21:41:27",sales@logistics-denmark-33.dk
7964,"Finance Denmark Group 34",,Finance,Denmark,,,,,new,"2026-04-29 21:41:27",admin@finance-denmark-34.dk
7965,"Consulting Denmark Group 35",,Consulting,Denmark,,,,,new,"2026-04-29 21:41:27",hello@consulting-denmark-35.dk
7966,"Trading Denmark Group 36",,Trading,Denmark,,,,,new,"2026-04-29 21:41:27",support@trading-denmark-36.dk
7967,"Manufacturing Denmark Group 37",,Manufacturing,Denmark,,,,,new,"2026-04-29 21:41:27",business@manufacturing-denmark-37.dk
7968,"RealEstate Denmark Group 38",,RealEstate,Denmark,,,,,new,"2026-04-29 21:41:27",mail@realestate-denmark-38.dk
7969,"Tech Denmark Group 39",,Tech,Denmark,,,,,new,"2026-04-29 21:41:27",partner@tech-denmark-39.dk
7970,"IT Denmark Group 40",,IT,Denmark,,,,,new,"2026-04-29 21:41:27",info@it-denmark-40.dk
7971,"Logistics Denmark Group 41",,Logistics,Denmark,,,,,new,"2026-04-29 21:41:27",office@logistics-denmark-41.dk
7972,"Finance Denmark Group 42",,Finance,Denmark,,,,,new,"2026-04-29 21:41:27",contact@finance-denmark-42.dk
7973,"Consulting Denmark Group 43",,Consulting,Denmark,,,,,new,"2026-04-29 21:41:27",sales@consulting-denmark-43.dk
7974,"Trading Denmark Group 44",,Trading,Denmark,,,,,new,"2026-04-29 21:41:27",admin@trading-denmark-44.dk
7975,"Manufacturing Denmark Group 45",,Manufacturing,Denmark,,,,,new,"2026-04-29 21:41:27",hello@manufacturing-denmark-45.dk
7976,"RealEstate Denmark Group 46",,RealEstate,Denmark,,,,,new,"2026-04-29 21:41:27",support@realestate-denmark-46.dk
7977,"Tech Denmark Group 47",,Tech,Denmark,,,,,new,"2026-04-29 21:41:27",business@tech-denmark-47.dk
7978,"IT Denmark Group 48",,IT,Denmark,,,,,new,"2026-04-29 21:41:27",mail@it-denmark-48.dk
7979,"Logistics Denmark Group 49",,Logistics,Denmark,,,,,new,"2026-04-29 21:41:27",partner@logistics-denmark-49.dk
7980,"Finance Denmark Group 50",,Finance,Denmark,,,,,new,"2026-04-29 21:41:27",info@finance-denmark-50.dk
7981,"Consulting Denmark Group 51",,Consulting,Denmark,,,,,new,"2026-04-29 21:41:27",office@consulting-denmark-51.dk
7982,"Trading Denmark Group 52",,Trading,Denmark,,,,,new,"2026-04-29 21:41:27",contact@trading-denmark-52.dk
7983,"Manufacturing Denmark Group 53",,Manufacturing,Denmark,,,,,new,"2026-04-29 21:41:27",sales@manufacturing-denmark-53.dk
7984,"RealEstate Denmark Group 54",,RealEstate,Denmark,,,,,new,"2026-04-29 21:41:27",admin@realestate-denmark-54.dk
7985,"Tech Denmark Group 55",,Tech,Denmark,,,,,new,"2026-04-29 21:41:27",hello@tech-denmark-55.dk
7986,"IT Denmark Group 56",,IT,Denmark,,,,,new,"2026-04-29 21:41:27",support@it-denmark-56.dk
7987,"Logistics Denmark Group 57",,Logistics,Denmark,,,,,new,"2026-04-29 21:41:27",business@logistics-denmark-57.dk
7988,"Finance Denmark Group 58",,Finance,Denmark,,,,,new,"2026-04-29 21:41:27",mail@finance-denmark-58.dk
7989,"Consulting Denmark Group 59",,Consulting,Denmark,,,,,new,"2026-04-29 21:41:27",partner@consulting-denmark-59.dk
7990,"Trading Denmark Group 60",,Trading,Denmark,,,,,new,"2026-04-29 21:41:27",info@trading-denmark-60.dk
7991,"Manufacturing Denmark Group 61",,Manufacturing,Denmark,,,,,new,"2026-04-29 21:41:27",office@manufacturing-denmark-61.dk
7992,"RealEstate Denmark Group 62",,RealEstate,Denmark,,,,,new,"2026-04-29 21:41:27",contact@realestate-denmark-62.dk
7993,"Tech Denmark Group 63",,Tech,Denmark,,,,,new,"2026-04-29 21:41:27",sales@tech-denmark-63.dk
7994,"IT Denmark Group 64",,IT,Denmark,,,,,new,"2026-04-29 21:41:27",admin@it-denmark-64.dk
7995,"Logistics Denmark Group 65",,Logistics,Denmark,,,,,new,"2026-04-29 21:41:27",hello@logistics-denmark-65.dk
7996,"Finance Denmark Group 66",,Finance,Denmark,,,,,new,"2026-04-29 21:41:27",support@finance-denmark-66.dk
7997,"Consulting Denmark Group 67",,Consulting,Denmark,,,,,new,"2026-04-29 21:41:27",business@consulting-denmark-67.dk
7998,"Trading Denmark Group 68",,Trading,Denmark,,,,,new,"2026-04-29 21:41:27",mail@trading-denmark-68.dk
7999,"Manufacturing Denmark Group 69",,Manufacturing,Denmark,,,,,new,"2026-04-29 21:41:27",partner@manufacturing-denmark-69.dk
8000,"RealEstate Denmark Group 70",,RealEstate,Denmark,,,,,new,"2026-04-29 21:41:27",info@realestate-denmark-70.dk
8001,"Tech Denmark Group 71",,Tech,Denmark,,,,,new,"2026-04-29 21:41:27",office@tech-denmark-71.dk
8002,"IT Denmark Group 72",,IT,Denmark,,,,,new,"2026-04-29 21:41:27",contact@it-denmark-72.dk
8003,"Logistics Denmark Group 73",,Logistics,Denmark,,,,,new,"2026-04-29 21:41:27",sales@logistics-denmark-73.dk
8004,"Finance Denmark Group 74",,Finance,Denmark,,,,,new,"2026-04-29 21:41:27",admin@finance-denmark-74.dk
8005,"Consulting Denmark Group 75",,Consulting,Denmark,,,,,new,"2026-04-29 21:41:27",hello@consulting-denmark-75.dk
8006,"Trading Denmark Group 76",,Trading,Denmark,,,,,new,"2026-04-29 21:41:27",support@trading-denmark-76.dk
8007,"Manufacturing Denmark Group 77",,Manufacturing,Denmark,,,,,new,"2026-04-29 21:41:27",business@manufacturing-denmark-77.dk
8008,"RealEstate Denmark Group 78",,RealEstate,Denmark,,,,,new,"2026-04-29 21:41:27",mail@realestate-denmark-78.dk
8009,"Tech Denmark Group 79",,Tech,Denmark,,,,,new,"2026-04-29 21:41:27",partner@tech-denmark-79.dk
8010,"IT Denmark Group 80",,IT,Denmark,,,,,new,"2026-04-29 21:41:27",info@it-denmark-80.dk
8011,"Logistics Denmark Group 81",,Logistics,Denmark,,,,,new,"2026-04-29 21:41:27",office@logistics-denmark-81.dk
8012,"Finance Denmark Group 82",,Finance,Denmark,,,,,new,"2026-04-29 21:41:27",contact@finance-denmark-82.dk
8013,"Consulting Denmark Group 83",,Consulting,Denmark,,,,,new,"2026-04-29 21:41:27",sales@consulting-denmark-83.dk
8014,"Trading Denmark Group 84",,Trading,Denmark,,,,,new,"2026-04-29 21:41:27",admin@trading-denmark-84.dk
8015,"Manufacturing Denmark Group 85",,Manufacturing,Denmark,,,,,new,"2026-04-29 21:41:27",hello@manufacturing-denmark-85.dk
8016,"RealEstate Denmark Group 86",,RealEstate,Denmark,,,,,new,"2026-04-29 21:41:27",support@realestate-denmark-86.dk
8017,"Tech Denmark Group 87",,Tech,Denmark,,,,,new,"2026-04-29 21:41:27",business@tech-denmark-87.dk
8018,"IT Denmark Group 88",,IT,Denmark,,,,,new,"2026-04-29 21:41:27",mail@it-denmark-88.dk
8019,"Logistics Denmark Group 89",,Logistics,Denmark,,,,,new,"2026-04-29 21:41:27",partner@logistics-denmark-89.dk
8020,"Finance Denmark Group 90",,Finance,Denmark,,,,,new,"2026-04-29 21:41:27",info@finance-denmark-90.dk
8021,"Consulting Denmark Group 91",,Consulting,Denmark,,,,,new,"2026-04-29 21:41:27",office@consulting-denmark-91.dk
8022,"Trading Denmark Group 92",,Trading,Denmark,,,,,new,"2026-04-29 21:41:27",contact@trading-denmark-92.dk
8023,"Manufacturing Denmark Group 93",,Manufacturing,Denmark,,,,,new,"2026-04-29 21:41:27",sales@manufacturing-denmark-93.dk
8024,"RealEstate Denmark Group 94",,RealEstate,Denmark,,,,,new,"2026-04-29 21:41:27",admin@realestate-denmark-94.dk
8025,"Tech Denmark Group 95",,Tech,Denmark,,,,,new,"2026-04-29 21:41:27",hello@tech-denmark-95.dk
8026,"IT Denmark Group 96",,IT,Denmark,,,,,new,"2026-04-29 21:41:27",support@it-denmark-96.dk
8027,"Logistics Denmark Group 97",,Logistics,Denmark,,,,,new,"2026-04-29 21:41:27",business@logistics-denmark-97.dk
8028,"Finance Denmark Group 98",,Finance,Denmark,,,,,new,"2026-04-29 21:41:27",mail@finance-denmark-98.dk
8029,"Consulting Denmark Group 99",,Consulting,Denmark,,,,,new,"2026-04-29 21:41:27",partner@consulting-denmark-99.dk
8030,"Trading Denmark Group 100",,Trading,Denmark,,,,,new,"2026-04-29 21:41:27",info@trading-denmark-100.dk
8031,"Manufacturing Denmark Group 101",,Manufacturing,Denmark,,,,,new,"2026-04-29 21:41:27",office@manufacturing-denmark-101.dk
8032,"RealEstate Denmark Group 102",,RealEstate,Denmark,,,,,new,"2026-04-29 21:41:27",contact@realestate-denmark-102.dk
8033,"Tech Denmark Group 103",,Tech,Denmark,,,,,new,"2026-04-29 21:41:27",sales@tech-denmark-103.dk
8034,"IT Denmark Group 104",,IT,Denmark,,,,,new,"2026-04-29 21:41:27",admin@it-denmark-104.dk
8035,"Logistics Denmark Group 105",,Logistics,Denmark,,,,,new,"2026-04-29 21:41:27",hello@logistics-denmark-105.dk
8036,"Finance Denmark Group 106",,Finance,Denmark,,,,,new,"2026-04-29 21:41:27",support@finance-denmark-106.dk
8037,"Consulting Denmark Group 107",,Consulting,Denmark,,,,,new,"2026-04-29 21:41:27",business@consulting-denmark-107.dk
8038,"Trading Denmark Group 108",,Trading,Denmark,,,,,new,"2026-04-29 21:41:27",mail@trading-denmark-108.dk
8039,"Manufacturing Denmark Group 109",,Manufacturing,Denmark,,,,,new,"2026-04-29 21:41:27",partner@manufacturing-denmark-109.dk
8040,"RealEstate Denmark Group 110",,RealEstate,Denmark,,,,,new,"2026-04-29 21:41:27",info@realestate-denmark-110.dk
8041,"Tech Denmark Group 111",,Tech,Denmark,,,,,new,"2026-04-29 21:41:27",office@tech-denmark-111.dk
8042,"IT Denmark Group 112",,IT,Denmark,,,,,new,"2026-04-29 21:41:27",contact@it-denmark-112.dk
8043,"Logistics Denmark Group 113",,Logistics,Denmark,,,,,new,"2026-04-29 21:41:27",sales@logistics-denmark-113.dk
8044,"Finance Denmark Group 114",,Finance,Denmark,,,,,new,"2026-04-29 21:41:27",admin@finance-denmark-114.dk
8045,"Consulting Denmark Group 115",,Consulting,Denmark,,,,,new,"2026-04-29 21:41:27",hello@consulting-denmark-115.dk
8046,"Trading Denmark Group 116",,Trading,Denmark,,,,,new,"2026-04-29 21:41:27",support@trading-denmark-116.dk
8047,"Manufacturing Denmark Group 117",,Manufacturing,Denmark,,,,,new,"2026-04-29 21:41:27",business@manufacturing-denmark-117.dk
8048,"RealEstate Denmark Group 118",,RealEstate,Denmark,,,,,new,"2026-04-29 21:41:27",mail@realestate-denmark-118.dk
8049,"Tech Denmark Group 119",,Tech,Denmark,,,,,new,"2026-04-29 21:41:27",partner@tech-denmark-119.dk
8050,"IT Denmark Group 120",,IT,Denmark,,,,,new,"2026-04-29 21:41:27",info@it-denmark-120.dk
8051,"Logistics Denmark Group 121",,Logistics,Denmark,,,,,new,"2026-04-29 21:41:27",office@logistics-denmark-121.dk
8052,"Finance Denmark Group 122",,Finance,Denmark,,,,,new,"2026-04-29 21:41:27",contact@finance-denmark-122.dk
8053,"Consulting Denmark Group 123",,Consulting,Denmark,,,,,new,"2026-04-29 21:41:27",sales@consulting-denmark-123.dk
8054,"Trading Denmark Group 124",,Trading,Denmark,,,,,new,"2026-04-29 21:41:27",admin@trading-denmark-124.dk
8055,"Manufacturing Denmark Group 125",,Manufacturing,Denmark,,,,,new,"2026-04-29 21:41:27",hello@manufacturing-denmark-125.dk
8056,"RealEstate Denmark Group 126",,RealEstate,Denmark,,,,,new,"2026-04-29 21:41:27",support@realestate-denmark-126.dk
8057,"Tech Denmark Group 127",,Tech,Denmark,,,,,new,"2026-04-29 21:41:27",business@tech-denmark-127.dk
8058,"IT Denmark Group 128",,IT,Denmark,,,,,new,"2026-04-29 21:41:27",mail@it-denmark-128.dk
8059,"Logistics Denmark Group 129",,Logistics,Denmark,,,,,new,"2026-04-29 21:41:27",partner@logistics-denmark-129.dk
8060,"Finance Denmark Group 130",,Finance,Denmark,,,,,new,"2026-04-29 21:41:27",info@finance-denmark-130.dk
8061,"Consulting Denmark Group 131",,Consulting,Denmark,,,,,new,"2026-04-29 21:41:27",office@consulting-denmark-131.dk
8062,"Trading Denmark Group 132",,Trading,Denmark,,,,,new,"2026-04-29 21:41:27",contact@trading-denmark-132.dk
8063,"Manufacturing Denmark Group 133",,Manufacturing,Denmark,,,,,new,"2026-04-29 21:41:27",sales@manufacturing-denmark-133.dk
8064,"RealEstate Denmark Group 134",,RealEstate,Denmark,,,,,new,"2026-04-29 21:41:27",admin@realestate-denmark-134.dk
8065,"Tech Denmark Group 135",,Tech,Denmark,,,,,new,"2026-04-29 21:41:27",hello@tech-denmark-135.dk
8066,"IT Denmark Group 136",,IT,Denmark,,,,,new,"2026-04-29 21:41:27",support@it-denmark-136.dk
8067,"Logistics Denmark Group 137",,Logistics,Denmark,,,,,new,"2026-04-29 21:41:27",business@logistics-denmark-137.dk
8068,"Finance Denmark Group 138",,Finance,Denmark,,,,,new,"2026-04-29 21:41:27",mail@finance-denmark-138.dk
8069,"Consulting Denmark Group 139",,Consulting,Denmark,,,,,new,"2026-04-29 21:41:27",partner@consulting-denmark-139.dk
8070,"Trading Denmark Group 140",,Trading,Denmark,,,,,new,"2026-04-29 21:41:27",info@trading-denmark-140.dk
8071,"Manufacturing Denmark Group 141",,Manufacturing,Denmark,,,,,new,"2026-04-29 21:41:27",office@manufacturing-denmark-141.dk
8072,"RealEstate Denmark Group 142",,RealEstate,Denmark,,,,,new,"2026-04-29 21:41:27",contact@realestate-denmark-142.dk
8073,"Tech Denmark Group 143",,Tech,Denmark,,,,,new,"2026-04-29 21:41:27",sales@tech-denmark-143.dk
8074,"IT Denmark Group 144",,IT,Denmark,,,,,new,"2026-04-29 21:41:27",admin@it-denmark-144.dk
8075,"Logistics Denmark Group 145",,Logistics,Denmark,,,,,new,"2026-04-29 21:41:27",hello@logistics-denmark-145.dk
8076,"Finance Denmark Group 146",,Finance,Denmark,,,,,new,"2026-04-29 21:41:27",support@finance-denmark-146.dk
8077,"Consulting Denmark Group 147",,Consulting,Denmark,,,,,new,"2026-04-29 21:41:27",business@consulting-denmark-147.dk
8078,"Trading Denmark Group 148",,Trading,Denmark,,,,,new,"2026-04-29 21:41:27",mail@trading-denmark-148.dk
8079,"Manufacturing Denmark Group 149",,Manufacturing,Denmark,,,,,new,"2026-04-29 21:41:27",partner@manufacturing-denmark-149.dk
8080,"RealEstate Denmark Group 150",,RealEstate,Denmark,,,,,new,"2026-04-29 21:41:27",info@realestate-denmark-150.dk
8081,"Tech Denmark Group 151",,Tech,Denmark,,,,,new,"2026-04-29 21:41:27",office@tech-denmark-151.dk
8082,"IT Denmark Group 152",,IT,Denmark,,,,,new,"2026-04-29 21:41:27",contact@it-denmark-152.dk
8083,"Logistics Denmark Group 153",,Logistics,Denmark,,,,,new,"2026-04-29 21:41:27",sales@logistics-denmark-153.dk
8084,"Finance Denmark Group 154",,Finance,Denmark,,,,,new,"2026-04-29 21:41:27",admin@finance-denmark-154.dk
8085,"Consulting Denmark Group 155",,Consulting,Denmark,,,,,new,"2026-04-29 21:41:27",hello@consulting-denmark-155.dk
8086,"Trading Denmark Group 156",,Trading,Denmark,,,,,new,"2026-04-29 21:41:27",support@trading-denmark-156.dk
8087,"Manufacturing Denmark Group 157",,Manufacturing,Denmark,,,,,new,"2026-04-29 21:41:27",business@manufacturing-denmark-157.dk
8088,"RealEstate Denmark Group 158",,RealEstate,Denmark,,,,,new,"2026-04-29 21:41:27",mail@realestate-denmark-158.dk
8089,"Tech Denmark Group 159",,Tech,Denmark,,,,,new,"2026-04-29 21:41:27",partner@tech-denmark-159.dk
8090,"IT Denmark Group 160",,IT,Denmark,,,,,new,"2026-04-29 21:41:27",info@it-denmark-160.dk
8091,"Logistics Denmark Group 161",,Logistics,Denmark,,,,,new,"2026-04-29 21:41:27",office@logistics-denmark-161.dk
8092,"Finance Denmark Group 162",,Finance,Denmark,,,,,new,"2026-04-29 21:41:27",contact@finance-denmark-162.dk
8093,"Consulting Denmark Group 163",,Consulting,Denmark,,,,,new,"2026-04-29 21:41:27",sales@consulting-denmark-163.dk
8094,"Trading Denmark Group 164",,Trading,Denmark,,,,,new,"2026-04-29 21:41:27",admin@trading-denmark-164.dk
8095,"Manufacturing Denmark Group 165",,Manufacturing,Denmark,,,,,new,"2026-04-29 21:41:27",hello@manufacturing-denmark-165.dk
8096,"RealEstate Denmark Group 166",,RealEstate,Denmark,,,,,new,"2026-04-29 21:41:27",support@realestate-denmark-166.dk
8097,"Tech Denmark Group 167",,Tech,Denmark,,,,,new,"2026-04-29 21:41:27",business@tech-denmark-167.dk
8098,"IT Denmark Group 168",,IT,Denmark,,,,,new,"2026-04-29 21:41:27",mail@it-denmark-168.dk
8099,"Logistics Denmark Group 169",,Logistics,Denmark,,,,,new,"2026-04-29 21:41:27",partner@logistics-denmark-169.dk
8100,"Finance Denmark Group 170",,Finance,Denmark,,,,,new,"2026-04-29 21:41:27",info@finance-denmark-170.dk
8101,"Consulting Denmark Group 171",,Consulting,Denmark,,,,,new,"2026-04-29 21:41:27",office@consulting-denmark-171.dk
8102,"Trading Denmark Group 172",,Trading,Denmark,,,,,new,"2026-04-29 21:41:27",contact@trading-denmark-172.dk
8103,"Manufacturing Denmark Group 173",,Manufacturing,Denmark,,,,,new,"2026-04-29 21:41:27",sales@manufacturing-denmark-173.dk
8104,"RealEstate Denmark Group 174",,RealEstate,Denmark,,,,,new,"2026-04-29 21:41:27",admin@realestate-denmark-174.dk
8105,"Tech Denmark Group 175",,Tech,Denmark,,,,,new,"2026-04-29 21:41:27",hello@tech-denmark-175.dk
8106,"IT Denmark Group 176",,IT,Denmark,,,,,new,"2026-04-29 21:41:27",support@it-denmark-176.dk
8107,"Logistics Denmark Group 177",,Logistics,Denmark,,,,,new,"2026-04-29 21:41:27",business@logistics-denmark-177.dk
8108,"Finance Denmark Group 178",,Finance,Denmark,,,,,new,"2026-04-29 21:41:27",mail@finance-denmark-178.dk
8109,"Consulting Denmark Group 179",,Consulting,Denmark,,,,,new,"2026-04-29 21:41:27",partner@consulting-denmark-179.dk
8110,"Trading Denmark Group 180",,Trading,Denmark,,,,,new,"2026-04-29 21:41:27",info@trading-denmark-180.dk
8111,"Manufacturing Denmark Group 181",,Manufacturing,Denmark,,,,,new,"2026-04-29 21:41:27",office@manufacturing-denmark-181.dk
8112,"RealEstate Denmark Group 182",,RealEstate,Denmark,,,,,new,"2026-04-29 21:41:27",contact@realestate-denmark-182.dk
8113,"Tech Denmark Group 183",,Tech,Denmark,,,,,new,"2026-04-29 21:41:27",sales@tech-denmark-183.dk
8114,"IT Denmark Group 184",,IT,Denmark,,,,,new,"2026-04-29 21:41:27",admin@it-denmark-184.dk
8115,"Logistics Denmark Group 185",,Logistics,Denmark,,,,,new,"2026-04-29 21:41:27",hello@logistics-denmark-185.dk
8116,"Finance Denmark Group 186",,Finance,Denmark,,,,,new,"2026-04-29 21:41:27",support@finance-denmark-186.dk
8117,"Consulting Denmark Group 187",,Consulting,Denmark,,,,,new,"2026-04-29 21:41:27",business@consulting-denmark-187.dk
8118,"Trading Denmark Group 188",,Trading,Denmark,,,,,new,"2026-04-29 21:41:27",mail@trading-denmark-188.dk
8119,"Manufacturing Denmark Group 189",,Manufacturing,Denmark,,,,,new,"2026-04-29 21:41:27",partner@manufacturing-denmark-189.dk
8120,"RealEstate Denmark Group 190",,RealEstate,Denmark,,,,,new,"2026-04-29 21:41:27",info@realestate-denmark-190.dk
8121,"Tech Denmark Group 191",,Tech,Denmark,,,,,new,"2026-04-29 21:41:27",office@tech-denmark-191.dk
8122,"IT Denmark Group 192",,IT,Denmark,,,,,new,"2026-04-29 21:41:27",contact@it-denmark-192.dk
8123,"Logistics Denmark Group 193",,Logistics,Denmark,,,,,new,"2026-04-29 21:41:27",sales@logistics-denmark-193.dk
8124,"Finance Denmark Group 194",,Finance,Denmark,,,,,new,"2026-04-29 21:41:27",admin@finance-denmark-194.dk
8125,"Consulting Denmark Group 195",,Consulting,Denmark,,,,,new,"2026-04-29 21:41:27",hello@consulting-denmark-195.dk
8126,"Trading Denmark Group 196",,Trading,Denmark,,,,,new,"2026-04-29 21:41:27",support@trading-denmark-196.dk
8127,"Manufacturing Denmark Group 197",,Manufacturing,Denmark,,,,,new,"2026-04-29 21:41:27",business@manufacturing-denmark-197.dk
8128,"RealEstate Denmark Group 198",,RealEstate,Denmark,,,,,new,"2026-04-29 21:41:27",mail@realestate-denmark-198.dk
8129,"Tech Denmark Group 199",,Tech,Denmark,,,,,new,"2026-04-29 21:41:27",partner@tech-denmark-199.dk
8130,"IT Denmark Group 200",,IT,Denmark,,,,,new,"2026-04-29 21:41:27",info@it-denmark-200.dk
8131,"Logistics Denmark Group 201",,Logistics,Denmark,,,,,new,"2026-04-29 21:41:27",office@logistics-denmark-201.dk
8132,"Finance Denmark Group 202",,Finance,Denmark,,,,,new,"2026-04-29 21:41:27",contact@finance-denmark-202.dk
8133,"Consulting Denmark Group 203",,Consulting,Denmark,,,,,new,"2026-04-29 21:41:27",sales@consulting-denmark-203.dk
8134,"Trading Denmark Group 204",,Trading,Denmark,,,,,new,"2026-04-29 21:41:27",admin@trading-denmark-204.dk
8135,"Manufacturing Denmark Group 205",,Manufacturing,Denmark,,,,,new,"2026-04-29 21:41:27",hello@manufacturing-denmark-205.dk
8136,"RealEstate Denmark Group 206",,RealEstate,Denmark,,,,,new,"2026-04-29 21:41:27",support@realestate-denmark-206.dk
8137,"Tech Denmark Group 207",,Tech,Denmark,,,,,new,"2026-04-29 21:41:27",business@tech-denmark-207.dk
8138,"IT Denmark Group 208",,IT,Denmark,,,,,new,"2026-04-29 21:41:27",mail@it-denmark-208.dk
8139,"Logistics Denmark Group 209",,Logistics,Denmark,,,,,new,"2026-04-29 21:41:27",partner@logistics-denmark-209.dk
8140,"Finance Denmark Group 210",,Finance,Denmark,,,,,new,"2026-04-29 21:41:27",info@finance-denmark-210.dk
8141,"Consulting Denmark Group 211",,Consulting,Denmark,,,,,new,"2026-04-29 21:41:27",office@consulting-denmark-211.dk
8142,"Trading Denmark Group 212",,Trading,Denmark,,,,,new,"2026-04-29 21:41:27",contact@trading-denmark-212.dk
8143,"Manufacturing Denmark Group 213",,Manufacturing,Denmark,,,,,new,"2026-04-29 21:41:27",sales@manufacturing-denmark-213.dk
8144,"RealEstate Denmark Group 214",,RealEstate,Denmark,,,,,new,"2026-04-29 21:41:27",admin@realestate-denmark-214.dk
8145,"Tech Denmark Group 215",,Tech,Denmark,,,,,new,"2026-04-29 21:41:27",hello@tech-denmark-215.dk
8146,"IT Denmark Group 216",,IT,Denmark,,,,,new,"2026-04-29 21:41:27",support@it-denmark-216.dk
8147,"Logistics Denmark Group 217",,Logistics,Denmark,,,,,new,"2026-04-29 21:41:27",business@logistics-denmark-217.dk
8148,"Finance Denmark Group 218",,Finance,Denmark,,,,,new,"2026-04-29 21:41:27",mail@finance-denmark-218.dk
8149,"Consulting Denmark Group 219",,Consulting,Denmark,,,,,new,"2026-04-29 21:41:27",partner@consulting-denmark-219.dk
8150,"Trading Denmark Group 220",,Trading,Denmark,,,,,new,"2026-04-29 21:41:27",info@trading-denmark-220.dk
8151,"Manufacturing Denmark Group 221",,Manufacturing,Denmark,,,,,new,"2026-04-29 21:41:27",office@manufacturing-denmark-221.dk
8152,"RealEstate Denmark Group 222",,RealEstate,Denmark,,,,,new,"2026-04-29 21:41:27",contact@realestate-denmark-222.dk
8153,"Tech Denmark Group 223",,Tech,Denmark,,,,,new,"2026-04-29 21:41:27",sales@tech-denmark-223.dk
8154,"IT Denmark Group 224",,IT,Denmark,,,,,new,"2026-04-29 21:41:27",admin@it-denmark-224.dk
8155,"Logistics Denmark Group 225",,Logistics,Denmark,,,,,new,"2026-04-29 21:41:27",hello@logistics-denmark-225.dk
8156,"Finance Denmark Group 226",,Finance,Denmark,,,,,new,"2026-04-29 21:41:27",support@finance-denmark-226.dk
8157,"Consulting Denmark Group 227",,Consulting,Denmark,,,,,new,"2026-04-29 21:41:27",business@consulting-denmark-227.dk
8158,"Trading Denmark Group 228",,Trading,Denmark,,,,,new,"2026-04-29 21:41:27",mail@trading-denmark-228.dk
8159,"Manufacturing Denmark Group 229",,Manufacturing,Denmark,,,,,new,"2026-04-29 21:41:27",partner@manufacturing-denmark-229.dk
8160,"RealEstate Denmark Group 230",,RealEstate,Denmark,,,,,new,"2026-04-29 21:41:27",info@realestate-denmark-230.dk
8161,"Tech Denmark Group 231",,Tech,Denmark,,,,,new,"2026-04-29 21:41:27",office@tech-denmark-231.dk
8162,"IT Denmark Group 232",,IT,Denmark,,,,,new,"2026-04-29 21:41:27",contact@it-denmark-232.dk
8163,"Logistics Denmark Group 233",,Logistics,Denmark,,,,,new,"2026-04-29 21:41:27",sales@logistics-denmark-233.dk
8164,"Finance Denmark Group 234",,Finance,Denmark,,,,,new,"2026-04-29 21:41:27",admin@finance-denmark-234.dk
8165,"Consulting Denmark Group 235",,Consulting,Denmark,,,,,new,"2026-04-29 21:41:27",hello@consulting-denmark-235.dk
8166,"Trading Denmark Group 236",,Trading,Denmark,,,,,new,"2026-04-29 21:41:27",support@trading-denmark-236.dk
8167,"Manufacturing Denmark Group 237",,Manufacturing,Denmark,,,,,new,"2026-04-29 21:41:27",business@manufacturing-denmark-237.dk
8168,"RealEstate Denmark Group 238",,RealEstate,Denmark,,,,,new,"2026-04-29 21:41:27",mail@realestate-denmark-238.dk
8169,"Tech Denmark Group 239",,Tech,Denmark,,,,,new,"2026-04-29 21:41:27",partner@tech-denmark-239.dk
8170,"IT Denmark Group 240",,IT,Denmark,,,,,new,"2026-04-29 21:41:27",info@it-denmark-240.dk
8171,"Logistics Denmark Group 241",,Logistics,Denmark,,,,,new,"2026-04-29 21:41:27",office@logistics-denmark-241.dk
8172,"Finance Denmark Group 242",,Finance,Denmark,,,,,new,"2026-04-29 21:41:27",contact@finance-denmark-242.dk
8173,"Consulting Denmark Group 243",,Consulting,Denmark,,,,,new,"2026-04-29 21:41:27",sales@consulting-denmark-243.dk
8174,"Trading Denmark Group 244",,Trading,Denmark,,,,,new,"2026-04-29 21:41:27",admin@trading-denmark-244.dk
8175,"Manufacturing Denmark Group 245",,Manufacturing,Denmark,,,,,new,"2026-04-29 21:41:27",hello@manufacturing-denmark-245.dk
8176,"RealEstate Denmark Group 246",,RealEstate,Denmark,,,,,new,"2026-04-29 21:41:27",support@realestate-denmark-246.dk
8177,"Tech Denmark Group 247",,Tech,Denmark,,,,,new,"2026-04-29 21:41:27",business@tech-denmark-247.dk
8178,"IT Denmark Group 248",,IT,Denmark,,,,,new,"2026-04-29 21:41:27",mail@it-denmark-248.dk
8179,"Logistics Denmark Group 249",,Logistics,Denmark,,,,,new,"2026-04-29 21:41:27",partner@logistics-denmark-249.dk
8180,"Finance Denmark Group 250",,Finance,Denmark,,,,,new,"2026-04-29 21:41:27",info@finance-denmark-250.dk
8181,"Consulting Denmark Group 251",,Consulting,Denmark,,,,,new,"2026-04-29 21:41:27",office@consulting-denmark-251.dk
8182,"Trading Denmark Group 252",,Trading,Denmark,,,,,new,"2026-04-29 21:41:27",contact@trading-denmark-252.dk
8183,"Manufacturing Denmark Group 253",,Manufacturing,Denmark,,,,,new,"2026-04-29 21:41:27",sales@manufacturing-denmark-253.dk
8184,"RealEstate Denmark Group 254",,RealEstate,Denmark,,,,,new,"2026-04-29 21:41:27",admin@realestate-denmark-254.dk
8185,"Tech Denmark Group 255",,Tech,Denmark,,,,,new,"2026-04-29 21:41:27",hello@tech-denmark-255.dk
8186,"IT Denmark Group 256",,IT,Denmark,,,,,new,"2026-04-29 21:41:27",support@it-denmark-256.dk
8187,"Logistics Denmark Group 257",,Logistics,Denmark,,,,,new,"2026-04-29 21:41:27",business@logistics-denmark-257.dk
8188,"Finance Denmark Group 258",,Finance,Denmark,,,,,new,"2026-04-29 21:41:27",mail@finance-denmark-258.dk
8189,"Consulting Denmark Group 259",,Consulting,Denmark,,,,,new,"2026-04-29 21:41:27",partner@consulting-denmark-259.dk
8190,"Trading Denmark Group 260",,Trading,Denmark,,,,,new,"2026-04-29 21:41:27",info@trading-denmark-260.dk
8191,"Manufacturing Denmark Group 261",,Manufacturing,Denmark,,,,,new,"2026-04-29 21:41:27",office@manufacturing-denmark-261.dk
8192,"RealEstate Denmark Group 262",,RealEstate,Denmark,,,,,new,"2026-04-29 21:41:27",contact@realestate-denmark-262.dk
8193,"Tech Denmark Group 263",,Tech,Denmark,,,,,new,"2026-04-29 21:41:27",sales@tech-denmark-263.dk
8194,"IT Denmark Group 264",,IT,Denmark,,,,,new,"2026-04-29 21:41:27",admin@it-denmark-264.dk
8195,"Logistics Denmark Group 265",,Logistics,Denmark,,,,,new,"2026-04-29 21:41:27",hello@logistics-denmark-265.dk
8196,"Finance Denmark Group 266",,Finance,Denmark,,,,,new,"2026-04-29 21:41:27",support@finance-denmark-266.dk
8197,"Consulting Denmark Group 267",,Consulting,Denmark,,,,,new,"2026-04-29 21:41:27",business@consulting-denmark-267.dk
8198,"Trading Denmark Group 268",,Trading,Denmark,,,,,new,"2026-04-29 21:41:27",mail@trading-denmark-268.dk
8199,"Manufacturing Denmark Group 269",,Manufacturing,Denmark,,,,,new,"2026-04-29 21:41:27",partner@manufacturing-denmark-269.dk
8200,"RealEstate Denmark Group 270",,RealEstate,Denmark,,,,,new,"2026-04-29 21:41:27",info@realestate-denmark-270.dk
8201,"Tech Denmark Group 271",,Tech,Denmark,,,,,new,"2026-04-29 21:41:27",office@tech-denmark-271.dk
8202,"IT Denmark Group 272",,IT,Denmark,,,,,new,"2026-04-29 21:41:27",contact@it-denmark-272.dk
8203,"Logistics Denmark Group 273",,Logistics,Denmark,,,,,new,"2026-04-29 21:41:27",sales@logistics-denmark-273.dk
8204,"Finance Denmark Group 274",,Finance,Denmark,,,,,new,"2026-04-29 21:41:27",admin@finance-denmark-274.dk
8205,"Consulting Denmark Group 275",,Consulting,Denmark,,,,,new,"2026-04-29 21:41:27",hello@consulting-denmark-275.dk
8206,"Trading Denmark Group 276",,Trading,Denmark,,,,,new,"2026-04-29 21:41:27",support@trading-denmark-276.dk
8207,"Manufacturing Denmark Group 277",,Manufacturing,Denmark,,,,,new,"2026-04-29 21:41:27",business@manufacturing-denmark-277.dk
8208,"RealEstate Denmark Group 278",,RealEstate,Denmark,,,,,new,"2026-04-29 21:41:27",mail@realestate-denmark-278.dk
8209,"Tech Denmark Group 279",,Tech,Denmark,,,,,new,"2026-04-29 21:41:27",partner@tech-denmark-279.dk
8210,"IT Denmark Group 280",,IT,Denmark,,,,,new,"2026-04-29 21:41:27",info@it-denmark-280.dk
8211,"Logistics Denmark Group 281",,Logistics,Denmark,,,,,new,"2026-04-29 21:41:27",office@logistics-denmark-281.dk
8212,"Finance Denmark Group 282",,Finance,Denmark,,,,,new,"2026-04-29 21:41:27",contact@finance-denmark-282.dk
8213,"Consulting Denmark Group 283",,Consulting,Denmark,,,,,new,"2026-04-29 21:41:27",sales@consulting-denmark-283.dk
8214,"Trading Denmark Group 284",,Trading,Denmark,,,,,new,"2026-04-29 21:41:27",admin@trading-denmark-284.dk
8215,"Manufacturing Denmark Group 285",,Manufacturing,Denmark,,,,,new,"2026-04-29 21:41:27",hello@manufacturing-denmark-285.dk
8216,"RealEstate Denmark Group 286",,RealEstate,Denmark,,,,,new,"2026-04-29 21:41:27",support@realestate-denmark-286.dk
8217,"Tech Denmark Group 287",,Tech,Denmark,,,,,new,"2026-04-29 21:41:27",business@tech-denmark-287.dk
8218,"IT Denmark Group 288",,IT,Denmark,,,,,new,"2026-04-29 21:41:27",mail@it-denmark-288.dk
8219,"Logistics Denmark Group 289",,Logistics,Denmark,,,,,new,"2026-04-29 21:41:27",partner@logistics-denmark-289.dk
8220,"Finance Denmark Group 290",,Finance,Denmark,,,,,new,"2026-04-29 21:41:27",info@finance-denmark-290.dk
8221,"Consulting Denmark Group 291",,Consulting,Denmark,,,,,new,"2026-04-29 21:41:27",office@consulting-denmark-291.dk
8222,"Trading Denmark Group 292",,Trading,Denmark,,,,,new,"2026-04-29 21:41:27",contact@trading-denmark-292.dk
8223,"Manufacturing Denmark Group 293",,Manufacturing,Denmark,,,,,new,"2026-04-29 21:41:27",sales@manufacturing-denmark-293.dk
8224,"RealEstate Denmark Group 294",,RealEstate,Denmark,,,,,new,"2026-04-29 21:41:27",admin@realestate-denmark-294.dk
8225,"Tech Denmark Group 295",,Tech,Denmark,,,,,new,"2026-04-29 21:41:27",hello@tech-denmark-295.dk
8226,"IT Denmark Group 296",,IT,Denmark,,,,,new,"2026-04-29 21:41:27",support@it-denmark-296.dk
8227,"Logistics Denmark Group 297",,Logistics,Denmark,,,,,new,"2026-04-29 21:41:27",business@logistics-denmark-297.dk
8228,"Finance Denmark Group 298",,Finance,Denmark,,,,,new,"2026-04-29 21:41:27",mail@finance-denmark-298.dk
8229,"Consulting Denmark Group 299",,Consulting,Denmark,,,,,new,"2026-04-29 21:41:27",partner@consulting-denmark-299.dk
8230,"Trading Denmark Group 300",,Trading,Denmark,,,,,new,"2026-04-29 21:41:27",info@trading-denmark-300.dk
8231,"Manufacturing Denmark Group 301",,Manufacturing,Denmark,,,,,new,"2026-04-29 21:41:27",office@manufacturing-denmark-301.dk
8232,"RealEstate Denmark Group 302",,RealEstate,Denmark,,,,,new,"2026-04-29 21:41:27",contact@realestate-denmark-302.dk
8233,"Tech Denmark Group 303",,Tech,Denmark,,,,,new,"2026-04-29 21:41:27",sales@tech-denmark-303.dk
8234,"IT Denmark Group 304",,IT,Denmark,,,,,new,"2026-04-29 21:41:27",admin@it-denmark-304.dk
8235,"Logistics Denmark Group 305",,Logistics,Denmark,,,,,new,"2026-04-29 21:41:27",hello@logistics-denmark-305.dk
8236,"Finance Denmark Group 306",,Finance,Denmark,,,,,new,"2026-04-29 21:41:27",support@finance-denmark-306.dk
8237,"Consulting Denmark Group 307",,Consulting,Denmark,,,,,new,"2026-04-29 21:41:27",business@consulting-denmark-307.dk
8238,"Trading Denmark Group 308",,Trading,Denmark,,,,,new,"2026-04-29 21:41:27",mail@trading-denmark-308.dk
8239,"Manufacturing Denmark Group 309",,Manufacturing,Denmark,,,,,new,"2026-04-29 21:41:27",partner@manufacturing-denmark-309.dk
8240,"RealEstate Denmark Group 310",,RealEstate,Denmark,,,,,new,"2026-04-29 21:41:27",info@realestate-denmark-310.dk
8241,"Tech Denmark Group 311",,Tech,Denmark,,,,,new,"2026-04-29 21:41:27",office@tech-denmark-311.dk
8242,"IT Denmark Group 312",,IT,Denmark,,,,,new,"2026-04-29 21:41:27",contact@it-denmark-312.dk
8243,"Logistics Denmark Group 313",,Logistics,Denmark,,,,,new,"2026-04-29 21:41:27",sales@logistics-denmark-313.dk
8244,"Finance Denmark Group 314",,Finance,Denmark,,,,,new,"2026-04-29 21:41:27",admin@finance-denmark-314.dk
8245,"Consulting Denmark Group 315",,Consulting,Denmark,,,,,new,"2026-04-29 21:41:27",hello@consulting-denmark-315.dk
8246,"Trading Denmark Group 316",,Trading,Denmark,,,,,new,"2026-04-29 21:41:27",support@trading-denmark-316.dk
8247,"Manufacturing Denmark Group 317",,Manufacturing,Denmark,,,,,new,"2026-04-29 21:41:27",business@manufacturing-denmark-317.dk
8248,"RealEstate Denmark Group 318",,RealEstate,Denmark,,,,,new,"2026-04-29 21:41:27",mail@realestate-denmark-318.dk
8249,"Tech Denmark Group 319",,Tech,Denmark,,,,,new,"2026-04-29 21:41:27",partner@tech-denmark-319.dk
8250,"IT Denmark Group 320",,IT,Denmark,,,,,new,"2026-04-29 21:41:27",info@it-denmark-320.dk
8251,"Logistics Denmark Group 321",,Logistics,Denmark,,,,,new,"2026-04-29 21:41:27",office@logistics-denmark-321.dk
8252,"Finance Denmark Group 322",,Finance,Denmark,,,,,new,"2026-04-29 21:41:27",contact@finance-denmark-322.dk
8253,"Consulting Denmark Group 323",,Consulting,Denmark,,,,,new,"2026-04-29 21:41:27",sales@consulting-denmark-323.dk
8254,"Trading Denmark Group 324",,Trading,Denmark,,,,,new,"2026-04-29 21:41:27",admin@trading-denmark-324.dk
8255,"Manufacturing Denmark Group 325",,Manufacturing,Denmark,,,,,new,"2026-04-29 21:41:27",hello@manufacturing-denmark-325.dk
8256,"RealEstate Denmark Group 326",,RealEstate,Denmark,,,,,new,"2026-04-29 21:41:27",support@realestate-denmark-326.dk
8257,"Tech Denmark Group 327",,Tech,Denmark,,,,,new,"2026-04-29 21:41:27",business@tech-denmark-327.dk
8258,"IT Denmark Group 328",,IT,Denmark,,,,,new,"2026-04-29 21:41:27",mail@it-denmark-328.dk
8259,"Logistics Denmark Group 329",,Logistics,Denmark,,,,,new,"2026-04-29 21:41:27",partner@logistics-denmark-329.dk
8260,"Finance Denmark Group 330",,Finance,Denmark,,,,,new,"2026-04-29 21:41:27",info@finance-denmark-330.dk
8261,"Consulting Denmark Group 331",,Consulting,Denmark,,,,,new,"2026-04-29 21:41:27",office@consulting-denmark-331.dk
8262,"Trading Denmark Group 332",,Trading,Denmark,,,,,new,"2026-04-29 21:41:27",contact@trading-denmark-332.dk
8263,"Manufacturing Denmark Group 333",,Manufacturing,Denmark,,,,,new,"2026-04-29 21:41:27",sales@manufacturing-denmark-333.dk
8264,"RealEstate Denmark Group 334",,RealEstate,Denmark,,,,,new,"2026-04-29 21:41:27",admin@realestate-denmark-334.dk
8265,"Tech Denmark Group 335",,Tech,Denmark,,,,,new,"2026-04-29 21:41:27",hello@tech-denmark-335.dk
8266,"IT Denmark Group 336",,IT,Denmark,,,,,new,"2026-04-29 21:41:27",support@it-denmark-336.dk
8267,"Logistics Denmark Group 337",,Logistics,Denmark,,,,,new,"2026-04-29 21:41:27",business@logistics-denmark-337.dk
8268,"Finance Denmark Group 338",,Finance,Denmark,,,,,new,"2026-04-29 21:41:27",mail@finance-denmark-338.dk
8269,"Consulting Denmark Group 339",,Consulting,Denmark,,,,,new,"2026-04-29 21:41:27",partner@consulting-denmark-339.dk
8270,"Trading Denmark Group 340",,Trading,Denmark,,,,,new,"2026-04-29 21:41:27",info@trading-denmark-340.dk
8271,"Manufacturing Denmark Group 341",,Manufacturing,Denmark,,,,,new,"2026-04-29 21:41:27",office@manufacturing-denmark-341.dk
8272,"RealEstate Denmark Group 342",,RealEstate,Denmark,,,,,new,"2026-04-29 21:41:27",contact@realestate-denmark-342.dk
8273,"Tech Denmark Group 343",,Tech,Denmark,,,,,new,"2026-04-29 21:41:27",sales@tech-denmark-343.dk
8274,"IT Denmark Group 344",,IT,Denmark,,,,,new,"2026-04-29 21:41:27",admin@it-denmark-344.dk
8275,"Logistics Denmark Group 345",,Logistics,Denmark,,,,,new,"2026-04-29 21:41:27",hello@logistics-denmark-345.dk
8276,"Finance Denmark Group 346",,Finance,Denmark,,,,,new,"2026-04-29 21:41:27",support@finance-denmark-346.dk
8277,"Consulting Denmark Group 347",,Consulting,Denmark,,,,,new,"2026-04-29 21:41:27",business@consulting-denmark-347.dk
8278,"Trading Denmark Group 348",,Trading,Denmark,,,,,new,"2026-04-29 21:41:27",mail@trading-denmark-348.dk
8279,"Manufacturing Denmark Group 349",,Manufacturing,Denmark,,,,,new,"2026-04-29 21:41:27",partner@manufacturing-denmark-349.dk
8280,"RealEstate Denmark Group 350",,RealEstate,Denmark,,,,,new,"2026-04-29 21:41:27",info@realestate-denmark-350.dk
8281,"Tech Denmark Group 351",,Tech,Denmark,,,,,new,"2026-04-29 21:41:27",office@tech-denmark-351.dk
8282,"IT Denmark Group 352",,IT,Denmark,,,,,new,"2026-04-29 21:41:27",contact@it-denmark-352.dk
8283,"Logistics Denmark Group 353",,Logistics,Denmark,,,,,new,"2026-04-29 21:41:27",sales@logistics-denmark-353.dk
8284,"Finance Denmark Group 354",,Finance,Denmark,,,,,new,"2026-04-29 21:41:27",admin@finance-denmark-354.dk
8285,"Consulting Denmark Group 355",,Consulting,Denmark,,,,,new,"2026-04-29 21:41:27",hello@consulting-denmark-355.dk
8286,"Trading Denmark Group 356",,Trading,Denmark,,,,,new,"2026-04-29 21:41:27",support@trading-denmark-356.dk
8287,"Manufacturing Denmark Group 357",,Manufacturing,Denmark,,,,,new,"2026-04-29 21:41:27",business@manufacturing-denmark-357.dk
8288,"RealEstate Denmark Group 358",,RealEstate,Denmark,,,,,new,"2026-04-29 21:41:27",mail@realestate-denmark-358.dk
8289,"Tech Denmark Group 359",,Tech,Denmark,,,,,new,"2026-04-29 21:41:27",partner@tech-denmark-359.dk
8290,"IT Denmark Group 360",,IT,Denmark,,,,,new,"2026-04-29 21:41:27",info@it-denmark-360.dk
8291,"Logistics Denmark Group 361",,Logistics,Denmark,,,,,new,"2026-04-29 21:41:27",office@logistics-denmark-361.dk
8292,"Finance Denmark Group 362",,Finance,Denmark,,,,,new,"2026-04-29 21:41:27",contact@finance-denmark-362.dk
8293,"Consulting Denmark Group 363",,Consulting,Denmark,,,,,new,"2026-04-29 21:41:27",sales@consulting-denmark-363.dk
8294,"Trading Denmark Group 364",,Trading,Denmark,,,,,new,"2026-04-29 21:41:27",admin@trading-denmark-364.dk
8295,"Manufacturing Denmark Group 365",,Manufacturing,Denmark,,,,,new,"2026-04-29 21:41:27",hello@manufacturing-denmark-365.dk
8296,"RealEstate Denmark Group 366",,RealEstate,Denmark,,,,,new,"2026-04-29 21:41:27",support@realestate-denmark-366.dk
8297,"Tech Denmark Group 367",,Tech,Denmark,,,,,new,"2026-04-29 21:41:27",business@tech-denmark-367.dk
8298,"IT Denmark Group 368",,IT,Denmark,,,,,new,"2026-04-29 21:41:27",mail@it-denmark-368.dk
8299,"Logistics Denmark Group 369",,Logistics,Denmark,,,,,new,"2026-04-29 21:41:27",partner@logistics-denmark-369.dk
8300,"Finance Denmark Group 370",,Finance,Denmark,,,,,new,"2026-04-29 21:41:27",info@finance-denmark-370.dk
8301,"Consulting Denmark Group 371",,Consulting,Denmark,,,,,new,"2026-04-29 21:41:27",office@consulting-denmark-371.dk
8302,"Trading Denmark Group 372",,Trading,Denmark,,,,,new,"2026-04-29 21:41:27",contact@trading-denmark-372.dk
8303,"Manufacturing Denmark Group 373",,Manufacturing,Denmark,,,,,new,"2026-04-29 21:41:27",sales@manufacturing-denmark-373.dk
8304,"RealEstate Denmark Group 374",,RealEstate,Denmark,,,,,new,"2026-04-29 21:41:27",admin@realestate-denmark-374.dk
8305,"Tech Denmark Group 375",,Tech,Denmark,,,,,new,"2026-04-29 21:41:27",hello@tech-denmark-375.dk
8306,"IT Denmark Group 376",,IT,Denmark,,,,,new,"2026-04-29 21:41:27",support@it-denmark-376.dk
8307,"Logistics Denmark Group 377",,Logistics,Denmark,,,,,new,"2026-04-29 21:41:27",business@logistics-denmark-377.dk
8308,"Finance Denmark Group 378",,Finance,Denmark,,,,,new,"2026-04-29 21:41:27",mail@finance-denmark-378.dk
8309,"Consulting Denmark Group 379",,Consulting,Denmark,,,,,new,"2026-04-29 21:41:27",partner@consulting-denmark-379.dk
8310,"Trading Denmark Group 380",,Trading,Denmark,,,,,new,"2026-04-29 21:41:27",info@trading-denmark-380.dk
8311,"Manufacturing Denmark Group 381",,Manufacturing,Denmark,,,,,new,"2026-04-29 21:41:27",office@manufacturing-denmark-381.dk
8312,"RealEstate Denmark Group 382",,RealEstate,Denmark,,,,,new,"2026-04-29 21:41:27",contact@realestate-denmark-382.dk
8313,"Tech Denmark Group 383",,Tech,Denmark,,,,,new,"2026-04-29 21:41:27",sales@tech-denmark-383.dk
8314,"IT Denmark Group 384",,IT,Denmark,,,,,new,"2026-04-29 21:41:27",admin@it-denmark-384.dk
8315,"Logistics Denmark Group 385",,Logistics,Denmark,,,,,new,"2026-04-29 21:41:27",hello@logistics-denmark-385.dk
8316,"Finance Denmark Group 386",,Finance,Denmark,,,,,new,"2026-04-29 21:41:27",support@finance-denmark-386.dk
8317,"Consulting Denmark Group 387",,Consulting,Denmark,,,,,new,"2026-04-29 21:41:27",business@consulting-denmark-387.dk
8318,"Trading Denmark Group 388",,Trading,Denmark,,,,,new,"2026-04-29 21:41:27",mail@trading-denmark-388.dk
8319,"Manufacturing Denmark Group 389",,Manufacturing,Denmark,,,,,new,"2026-04-29 21:41:27",partner@manufacturing-denmark-389.dk
8320,"RealEstate Denmark Group 390",,RealEstate,Denmark,,,,,new,"2026-04-29 21:41:27",info@realestate-denmark-390.dk
8321,"Tech Denmark Group 391",,Tech,Denmark,,,,,new,"2026-04-29 21:41:27",office@tech-denmark-391.dk
8322,"IT Denmark Group 392",,IT,Denmark,,,,,new,"2026-04-29 21:41:27",contact@it-denmark-392.dk
8323,"Logistics Denmark Group 393",,Logistics,Denmark,,,,,new,"2026-04-29 21:41:27",sales@logistics-denmark-393.dk
8324,"Finance Denmark Group 394",,Finance,Denmark,,,,,new,"2026-04-29 21:41:27",admin@finance-denmark-394.dk
8325,"Consulting Denmark Group 395",,Consulting,Denmark,,,,,new,"2026-04-29 21:41:27",hello@consulting-denmark-395.dk
8326,"Trading Denmark Group 396",,Trading,Denmark,,,,,new,"2026-04-29 21:41:27",support@trading-denmark-396.dk
8327,"Manufacturing Denmark Group 397",,Manufacturing,Denmark,,,,,new,"2026-04-29 21:41:27",business@manufacturing-denmark-397.dk
8328,"RealEstate Denmark Group 398",,RealEstate,Denmark,,,,,new,"2026-04-29 21:41:27",mail@realestate-denmark-398.dk
8329,"Tech Denmark Group 399",,Tech,Denmark,,,,,new,"2026-04-29 21:41:27",partner@tech-denmark-399.dk
8330,"IT Denmark Group 400",,IT,Denmark,,,,,new,"2026-04-29 21:41:27",info@it-denmark-400.dk
8331,"Logistics Denmark Group 401",,Logistics,Denmark,,,,,new,"2026-04-29 21:41:27",office@logistics-denmark-401.dk
8332,"Finance Denmark Group 402",,Finance,Denmark,,,,,new,"2026-04-29 21:41:27",contact@finance-denmark-402.dk
8333,"Consulting Denmark Group 403",,Consulting,Denmark,,,,,new,"2026-04-29 21:41:27",sales@consulting-denmark-403.dk
8334,"Trading Denmark Group 404",,Trading,Denmark,,,,,new,"2026-04-29 21:41:27",admin@trading-denmark-404.dk
8335,"Manufacturing Denmark Group 405",,Manufacturing,Denmark,,,,,new,"2026-04-29 21:41:27",hello@manufacturing-denmark-405.dk
8336,"RealEstate Denmark Group 406",,RealEstate,Denmark,,,,,new,"2026-04-29 21:41:27",support@realestate-denmark-406.dk
8337,"Tech Denmark Group 407",,Tech,Denmark,,,,,new,"2026-04-29 21:41:27",business@tech-denmark-407.dk
8338,"IT Denmark Group 408",,IT,Denmark,,,,,new,"2026-04-29 21:41:27",mail@it-denmark-408.dk
8339,"Logistics Denmark Group 409",,Logistics,Denmark,,,,,new,"2026-04-29 21:41:27",partner@logistics-denmark-409.dk
8340,"Finance Denmark Group 410",,Finance,Denmark,,,,,new,"2026-04-29 21:41:27",info@finance-denmark-410.dk
8341,"Consulting Denmark Group 411",,Consulting,Denmark,,,,,new,"2026-04-29 21:41:27",office@consulting-denmark-411.dk
8342,"Trading Denmark Group 412",,Trading,Denmark,,,,,new,"2026-04-29 21:41:27",contact@trading-denmark-412.dk
8343,"Manufacturing Denmark Group 413",,Manufacturing,Denmark,,,,,new,"2026-04-29 21:41:27",sales@manufacturing-denmark-413.dk
8344,"RealEstate Denmark Group 414",,RealEstate,Denmark,,,,,new,"2026-04-29 21:41:27",admin@realestate-denmark-414.dk
8345,"Tech Denmark Group 415",,Tech,Denmark,,,,,new,"2026-04-29 21:41:27",hello@tech-denmark-415.dk
8346,"IT Denmark Group 416",,IT,Denmark,,,,,new,"2026-04-29 21:41:27",support@it-denmark-416.dk
8347,"Logistics Denmark Group 417",,Logistics,Denmark,,,,,new,"2026-04-29 21:41:27",business@logistics-denmark-417.dk
8348,"Finance Denmark Group 418",,Finance,Denmark,,,,,new,"2026-04-29 21:41:27",mail@finance-denmark-418.dk
8349,"Consulting Denmark Group 419",,Consulting,Denmark,,,,,new,"2026-04-29 21:41:27",partner@consulting-denmark-419.dk
8350,"Trading Denmark Group 420",,Trading,Denmark,,,,,new,"2026-04-29 21:41:27",info@trading-denmark-420.dk
8351,"Manufacturing Denmark Group 421",,Manufacturing,Denmark,,,,,new,"2026-04-29 21:41:27",office@manufacturing-denmark-421.dk
8352,"RealEstate Denmark Group 422",,RealEstate,Denmark,,,,,new,"2026-04-29 21:41:27",contact@realestate-denmark-422.dk
8353,"Tech Denmark Group 423",,Tech,Denmark,,,,,new,"2026-04-29 21:41:27",sales@tech-denmark-423.dk
8354,"IT Denmark Group 424",,IT,Denmark,,,,,new,"2026-04-29 21:41:27",admin@it-denmark-424.dk
8355,"Logistics Denmark Group 425",,Logistics,Denmark,,,,,new,"2026-04-29 21:41:27",hello@logistics-denmark-425.dk
8356,"Finance Denmark Group 426",,Finance,Denmark,,,,,new,"2026-04-29 21:41:27",support@finance-denmark-426.dk
8357,"Consulting Denmark Group 427",,Consulting,Denmark,,,,,new,"2026-04-29 21:41:27",business@consulting-denmark-427.dk
8358,"Trading Denmark Group 428",,Trading,Denmark,,,,,new,"2026-04-29 21:41:27",mail@trading-denmark-428.dk
8359,"Manufacturing Denmark Group 429",,Manufacturing,Denmark,,,,,new,"2026-04-29 21:41:27",partner@manufacturing-denmark-429.dk
8360,"RealEstate Denmark Group 430",,RealEstate,Denmark,,,,,new,"2026-04-29 21:41:27",info@realestate-denmark-430.dk
8361,"Tech Denmark Group 431",,Tech,Denmark,,,,,new,"2026-04-29 21:41:27",office@tech-denmark-431.dk
8362,"IT Denmark Group 432",,IT,Denmark,,,,,new,"2026-04-29 21:41:27",contact@it-denmark-432.dk
8363,"Logistics Denmark Group 433",,Logistics,Denmark,,,,,new,"2026-04-29 21:41:27",sales@logistics-denmark-433.dk
8364,"Finance Denmark Group 434",,Finance,Denmark,,,,,new,"2026-04-29 21:41:27",admin@finance-denmark-434.dk
8365,"Consulting Denmark Group 435",,Consulting,Denmark,,,,,new,"2026-04-29 21:41:27",hello@consulting-denmark-435.dk
8366,"Trading Denmark Group 436",,Trading,Denmark,,,,,new,"2026-04-29 21:41:27",support@trading-denmark-436.dk
8367,"Manufacturing Denmark Group 437",,Manufacturing,Denmark,,,,,new,"2026-04-29 21:41:27",business@manufacturing-denmark-437.dk
8368,"RealEstate Denmark Group 438",,RealEstate,Denmark,,,,,new,"2026-04-29 21:41:27",mail@realestate-denmark-438.dk
8369,"Tech Denmark Group 439",,Tech,Denmark,,,,,new,"2026-04-29 21:41:27",partner@tech-denmark-439.dk
8370,"IT Denmark Group 440",,IT,Denmark,,,,,new,"2026-04-29 21:41:27",info@it-denmark-440.dk
8371,"Logistics Denmark Group 441",,Logistics,Denmark,,,,,new,"2026-04-29 21:41:27",office@logistics-denmark-441.dk
8372,"Finance Denmark Group 442",,Finance,Denmark,,,,,new,"2026-04-29 21:41:27",contact@finance-denmark-442.dk
8373,"Consulting Denmark Group 443",,Consulting,Denmark,,,,,new,"2026-04-29 21:41:27",sales@consulting-denmark-443.dk
8374,"Trading Denmark Group 444",,Trading,Denmark,,,,,new,"2026-04-29 21:41:27",admin@trading-denmark-444.dk
8375,"Manufacturing Denmark Group 445",,Manufacturing,Denmark,,,,,new,"2026-04-29 21:41:27",hello@manufacturing-denmark-445.dk
8376,"RealEstate Denmark Group 446",,RealEstate,Denmark,,,,,new,"2026-04-29 21:41:27",support@realestate-denmark-446.dk
8377,"Tech Denmark Group 447",,Tech,Denmark,,,,,new,"2026-04-29 21:41:27",business@tech-denmark-447.dk
8378,"IT Denmark Group 448",,IT,Denmark,,,,,new,"2026-04-29 21:41:27",mail@it-denmark-448.dk
8379,"Logistics Denmark Group 449",,Logistics,Denmark,,,,,new,"2026-04-29 21:41:27",partner@logistics-denmark-449.dk
8380,"Finance Denmark Group 450",,Finance,Denmark,,,,,new,"2026-04-29 21:41:27",info@finance-denmark-450.dk
8381,"Consulting Denmark Group 451",,Consulting,Denmark,,,,,new,"2026-04-29 21:41:27",office@consulting-denmark-451.dk
8382,"Trading Denmark Group 452",,Trading,Denmark,,,,,new,"2026-04-29 21:41:27",contact@trading-denmark-452.dk
8383,"Manufacturing Denmark Group 453",,Manufacturing,Denmark,,,,,new,"2026-04-29 21:41:27",sales@manufacturing-denmark-453.dk
8384,"RealEstate Denmark Group 454",,RealEstate,Denmark,,,,,new,"2026-04-29 21:41:27",admin@realestate-denmark-454.dk
8385,"Tech Denmark Group 455",,Tech,Denmark,,,,,new,"2026-04-29 21:41:27",hello@tech-denmark-455.dk
8386,"IT Denmark Group 456",,IT,Denmark,,,,,new,"2026-04-29 21:41:27",support@it-denmark-456.dk
8387,"Logistics Denmark Group 457",,Logistics,Denmark,,,,,new,"2026-04-29 21:41:27",business@logistics-denmark-457.dk
8388,"Finance Denmark Group 458",,Finance,Denmark,,,,,new,"2026-04-29 21:41:27",mail@finance-denmark-458.dk
8389,"Consulting Denmark Group 459",,Consulting,Denmark,,,,,new,"2026-04-29 21:41:27",partner@consulting-denmark-459.dk
8390,"Trading Denmark Group 460",,Trading,Denmark,,,,,new,"2026-04-29 21:41:27",info@trading-denmark-460.dk
8391,"Manufacturing Denmark Group 461",,Manufacturing,Denmark,,,,,new,"2026-04-29 21:41:27",office@manufacturing-denmark-461.dk
8392,"RealEstate Denmark Group 462",,RealEstate,Denmark,,,,,new,"2026-04-29 21:41:27",contact@realestate-denmark-462.dk
8393,"Tech Denmark Group 463",,Tech,Denmark,,,,,new,"2026-04-29 21:41:27",sales@tech-denmark-463.dk
8394,"IT Denmark Group 464",,IT,Denmark,,,,,new,"2026-04-29 21:41:27",admin@it-denmark-464.dk
8395,"Logistics Denmark Group 465",,Logistics,Denmark,,,,,new,"2026-04-29 21:41:27",hello@logistics-denmark-465.dk
8396,"Finance Denmark Group 466",,Finance,Denmark,,,,,new,"2026-04-29 21:41:27",support@finance-denmark-466.dk
8397,"Consulting Denmark Group 467",,Consulting,Denmark,,,,,new,"2026-04-29 21:41:27",business@consulting-denmark-467.dk
8398,"Trading Denmark Group 468",,Trading,Denmark,,,,,new,"2026-04-29 21:41:27",mail@trading-denmark-468.dk
8399,"Manufacturing Denmark Group 469",,Manufacturing,Denmark,,,,,new,"2026-04-29 21:41:27",partner@manufacturing-denmark-469.dk
8400,"RealEstate Denmark Group 470",,RealEstate,Denmark,,,,,new,"2026-04-29 21:41:27",info@realestate-denmark-470.dk
8401,"Tech Denmark Group 471",,Tech,Denmark,,,,,new,"2026-04-29 21:41:27",office@tech-denmark-471.dk
8402,"IT Denmark Group 472",,IT,Denmark,,,,,new,"2026-04-29 21:41:27",contact@it-denmark-472.dk
8403,"Logistics Denmark Group 473",,Logistics,Denmark,,,,,new,"2026-04-29 21:41:27",sales@logistics-denmark-473.dk
8404,"Finance Denmark Group 474",,Finance,Denmark,,,,,new,"2026-04-29 21:41:27",admin@finance-denmark-474.dk
8405,"Consulting Denmark Group 475",,Consulting,Denmark,,,,,new,"2026-04-29 21:41:27",hello@consulting-denmark-475.dk
8406,"Trading Denmark Group 476",,Trading,Denmark,,,,,new,"2026-04-29 21:41:27",support@trading-denmark-476.dk
8407,"Manufacturing Denmark Group 477",,Manufacturing,Denmark,,,,,new,"2026-04-29 21:41:27",business@manufacturing-denmark-477.dk
8408,"RealEstate Denmark Group 478",,RealEstate,Denmark,,,,,new,"2026-04-29 21:41:27",mail@realestate-denmark-478.dk
8409,"Tech Denmark Group 479",,Tech,Denmark,,,,,new,"2026-04-29 21:41:27",partner@tech-denmark-479.dk
8410,"IT Denmark Group 480",,IT,Denmark,,,,,new,"2026-04-29 21:41:27",info@it-denmark-480.dk
8411,"Logistics Denmark Group 481",,Logistics,Denmark,,,,,new,"2026-04-29 21:41:27",office@logistics-denmark-481.dk
8412,"Finance Denmark Group 482",,Finance,Denmark,,,,,new,"2026-04-29 21:41:27",contact@finance-denmark-482.dk
8413,"Consulting Denmark Group 483",,Consulting,Denmark,,,,,new,"2026-04-29 21:41:27",sales@consulting-denmark-483.dk
8414,"Trading Denmark Group 484",,Trading,Denmark,,,,,new,"2026-04-29 21:41:27",admin@trading-denmark-484.dk
8415,"Manufacturing Denmark Group 485",,Manufacturing,Denmark,,,,,new,"2026-04-29 21:41:27",hello@manufacturing-denmark-485.dk
8416,"RealEstate Denmark Group 486",,RealEstate,Denmark,,,,,new,"2026-04-29 21:41:27",support@realestate-denmark-486.dk
8417,"Tech Denmark Group 487",,Tech,Denmark,,,,,new,"2026-04-29 21:41:27",business@tech-denmark-487.dk
8418,"IT Denmark Group 488",,IT,Denmark,,,,,new,"2026-04-29 21:41:27",mail@it-denmark-488.dk
8419,"Logistics Denmark Group 489",,Logistics,Denmark,,,,,new,"2026-04-29 21:41:27",partner@logistics-denmark-489.dk
8420,"Finance Denmark Group 490",,Finance,Denmark,,,,,new,"2026-04-29 21:41:27",info@finance-denmark-490.dk
8421,"Consulting Denmark Group 491",,Consulting,Denmark,,,,,new,"2026-04-29 21:41:27",office@consulting-denmark-491.dk
8422,"Trading Denmark Group 492",,Trading,Denmark,,,,,new,"2026-04-29 21:41:27",contact@trading-denmark-492.dk
8423,"Manufacturing Denmark Group 493",,Manufacturing,Denmark,,,,,new,"2026-04-29 21:41:27",sales@manufacturing-denmark-493.dk
8424,"RealEstate Denmark Group 494",,RealEstate,Denmark,,,,,new,"2026-04-29 21:41:27",admin@realestate-denmark-494.dk
8425,"Tech Denmark Group 495",,Tech,Denmark,,,,,new,"2026-04-29 21:41:27",hello@tech-denmark-495.dk
8426,"IT Denmark Group 496",,IT,Denmark,,,,,new,"2026-04-29 21:41:27",support@it-denmark-496.dk
8427,"Logistics Denmark Group 497",,Logistics,Denmark,,,,,new,"2026-04-29 21:41:27",business@logistics-denmark-497.dk
8428,"Finance Denmark Group 498",,Finance,Denmark,,,,,new,"2026-04-29 21:41:27",mail@finance-denmark-498.dk
8429,"Consulting Denmark Group 499",,Consulting,Denmark,,,,,new,"2026-04-29 21:41:27",partner@consulting-denmark-499.dk
8430,"Trading Denmark Group 500",,Trading,Denmark,,,,,new,"2026-04-29 21:41:27",info@trading-denmark-500.dk
